orthogroup,cm_protein,cz_protein
OG0000208,KAF2216363,KAM3422873.1
OG0000213,KAF2215525,KAM3424182.1
OG0000287,KAF2206464,KAM3417460.1
OG0000408,KAF2217035,KAM3424512.1
OG0000488,KAF2210578,KAM3421570.1
OG0000490,KAF2216820,KAM3424736.1
OG0000523,KAF2206333,KAM3418194.1
OG0000552,KAF2215306,KAM3416832.1
OG0000553,KAF2216171,KAM3422519.1
OG0000555,KAF2215756,KAM3425268.1
OG0000558,KAF2215690,KAM3425622.1
OG0000563,KAF2207570,KAM3423966.1
OG0000569,KAF2216695,KAM3424875.1
OG0000577,KAF2215644,KAM3425575.1
OG0000580,KAF2207094,KAM3417108.1
OG0000582,KAF2206429,KAM3414595.1
OG0000591,KAF2212752,KAM3414842.1
OG0000603,KAF2209673,KAM3416959.1
OG0000659,KAF2211021,KAM3421811.1
OG0000677,KAF2213166,KAM3423533.1
OG0000684,KAF2207560,KAM3420073.1
OG0000709,KAF2215836,KAM3425187.1
OG0000713,KAF2213813,KAM3416564.1
OG0000730,KAF2208376,KAM3417918.1
OG0000737,KAF2214997,KAM3418478.1
OG0000741,KAF2207897,KAM3419457.1
OG0000748,KAF2210904,KAM3415571.1
OG0000757,KAF2211356,KAM3414324.1
OG0000761,KAF2214368,KAM3422058.1
OG0000766,KAF2211099,KAM3421881.1
OG0000790,KAF2208160,KAM3421384.1
OG0000808,KAF2210411,KAM3420564.1
OG0000815,KAF2207839,KAM3423708.1
OG0000816,KAF2207838,KAM3423707.1
OG0000818,KAF2215486,KAM3416947.1
OG0000819,KAF2217582,KAM3420170.1
OG0000820,KAF2217610,KAM3420137.1
OG0000840,KAF2216033,KAM3424989.1
OG0000842,KAF2207191,KAM3418121.1
OG0000852,KAF2216803,KAM3424755.1
OG0000853,KAF2216797,KAM3424760.1
OG0000854,KAF2216770,KAM3424791.1
OG0000857,KAF2206821,KAM3417193.1
OG0000877,KAF2206837,KAM3417180.1
OG0000890,KAF2209523,KAM3421239.1
OG0000891,KAF2214631,KAM3418859.1
OG0000901,KAF2211033,KAM3421824.1
OG0000905,KAF2214609,KAM3418881.1
OG0000909,KAF2211491,KAM3419014.1
OG0000913,KAF2211717,KAM3421785.1
OG0000917,KAF2209290,KAM3415289.1
OG0000920,KAF2210812,KAM3415481.1
OG0000924,KAF2210394,KAM3420578.1
OG0000925,KAF2212312,KAM3415860.1
OG0000926,KAF2212335,KAM3415839.1
OG0000937,KAF2214354,KAM3422043.1
OG0000948,KAF2210246,KAM3421498.1
OG0000949,KAF2209541,KAM3421259.1
OG0000952,KAF2209491,KAM3421111.1
OG0000958,KAF2211712,KAM3425347.1
OG0000962,KAF2207319,KAM3425693.1
OG0000965,KAF2216492,KAM3422914.1
OG0000967,KAF2216232,KAM3422732.1
OG0000973,KAF2216609,KAM3423155.1
OG0000977,KAF2207825,KAM3423695.1
OG0000978,KAF2208333,KAM3417869.1
OG0000984,KAF2217421,KAM3420342.1
OG0000986,KAF2217415,KAM3420347.1
OG0000989,KAF2208957,KAM3424064.1
OG0000993,KAF2209101,KAM3420951.1
OG0001008,KAF2211647,KAM3425653.1
OG0001013,KAF2215332,KAM3416857.1
OG0001030,KAF2213494,KAM3414059.1
OG0001035,KAF2211274,KAM3414426.1
OG0001045,KAF2214719,KAM3418755.1
OG0001046,KAF2217682,KAM3420077.1
OG0001049,KAF2209680,KAM3418346.1
OG0001051,KAF2209769,KAM3418247.1
OG0001052,KAF2217275,KAM3424366.1
OG0001054,KAF2215007,KAM3418463.1
OG0001058,KAF2211477,KAM3418998.1
OG0001059,KAF2207446,KAM3419179.1
OG0001063,KAF2215271,KAM3416798.1
OG0001065,KAF2209382,KAM3415381.1
OG0001067,KAF2212443,KAM3415714.1
OG0001071,KAF2210849,KAM3415516.1
OG0001074,KAF2212320,KAM3415853.1
OG0001075,KAF2212395,KAM3415768.1
OG0001080,KAF2208231,KAM3421236.1
OG0001081,KAF2211193,KAM3422172.1
OG0001082,KAF2211174,KAM3421958.1
OG0001084,KAF2214218,KAM3422121.1
OG0001090,KAF2209503,KAM3421101.1
OG0001092,KAF2210987,KAM3421777.1
OG0001095,KAF2209594,KAM3423098.1
OG0001099,KAF2208076,KAM3413554.1
OG0001100,KAF2215300,KAM3416826.1
OG0001107,KAF2216481,KAM3422925.1
OG0001109,KAF2206974,KAM3423232.1
OG0001123,KAF2213086,KAM3423433.1
OG0001124,KAF2207259,KAM3425761.1
OG0001126,KAF2207661,KAM3419534.1
OG0001131,KAF2217802,KAM3419774.1
OG0001132,KAF2217772,KAM3419751.1
OG0001133,KAF2217520,KAM3420263.1
OG0001135,KAF2210513,KAM3420441.1
OG0001136,KAF2215545,KAM3417023.1
OG0001140,KAF2215927,KAM3425089.1
OG0001141,KAF2210473,KAM3420493.1
OG0001142,KAF2210475,KAM3420490.1
OG0001143,KAF2217010,KAM3424545.1
OG0001145,KAF2216772,KAM3424789.1
OG0001147,KAF2216682,KAM3424887.1
OG0001148,KAF2216101,KAM3424914.1
OG0001153,KAF2215902,KAM3425121.1
OG0001157,KAF2213647,KAM3413940.1
OG0001167,KAF2213455,KAM3413783.1
OG0001169,KAF2212048,KAM3417649.1
OG0001170,KAF2206822,KAM3417192.1
OG0001171,KAF2213491,KAM3413951.1
OG0001175,KAF2213526,KAM3414028.1
OG0001177,KAF2213768,KAM3414167.1
OG0001180,KAF2213542,KAM3414015.1
OG0001181,KAF2213562,KAM3413995.1
OG0001184,KAF2213595,KAM3413885.1
OG0001185,KAF2213593,KAM3413883.1
OG0001186,KAF2211355,KAM3414325.1
OG0001198,KAF2216018,KAM3425003.1
OG0001200,KAF2213610,KAM3413902.1
OG0001201,KAF2214652,KAM3418835.1
OG0001203,KAF2214692,KAM3418787.1
OG0001205,KAF2214954,KAM3418521.1
OG0001206,KAF2215238,KAM3416761.1
OG0001210,KAF2209707,KAM3418317.1
OG0001213,KAF2209780,KAM3418235.1
OG0001215,KAF2214747,KAM3418729.1
OG0001219,KAF2215036,KAM3418433.1
OG0001221,KAF2214611,KAM3418880.1
OG0001223,KAF2214570,KAM3418925.1
OG0001226,KAF2207458,KAM3419200.1
OG0001227,KAF2207852,KAM3419409.1
OG0001229,KAF2207898,KAM3419458.1
OG0001230,KAF2207908,KAM3419470.1
OG0001231,KAF2210313,KAM3419785.1
OG0001235,KAF2209326,KAM3415324.1
OG0001236,KAF2209347,KAM3415344.1
OG0001237,KAF2209359,KAM3415355.1
OG0001243,KAF2212479,KAM3415677.1
OG0001244,KAF2214018,KAM3416331.1
OG0001245,KAF2210864,KAM3415531.1
OG0001246,KAF2210818,KAM3415487.1
OG0001247,KAF2212223,KAM3415963.1
OG0001250,KAF2208648,KAM3417432.1
OG0001254,KAF2214483,KAM3422408.1
OG0001255,KAF2215806,KAM3425218.1
OG0001256,KAF2215827,KAM3425197.1
OG0001258,KAF2206417,KAM3414306.1
OG0001262,KAF2214415,KAM3422220.1
OG0001268,KAF2214516,KAM3422365.1
OG0001273,KAF2211120,KAM3421905.1
OG0001274,KAF2211179,KAM3421962.1
OG0001275,KAF2206680,KAM3422163.1
OG0001276,KAF2214220,KAM3422119.1
OG0001277,KAF2214183,KAM3422159.1
OG0001279,KAF2210255,KAM3421509.1
OG0001281,KAF2208128,KAM3421416.1
OG0001284,KAF2210720,KAM3421727.1
OG0001285,KAF2210729,KAM3421735.1
OG0001289,KAF2209580,KAM3421092.1
OG0001291,KAF2211063,KAM3421852.1
OG0001292,KAF2210992,KAM3421783.1
OG0001294,KAF2210638,KAM3421646.1
OG0001300,KAF2209619,KAM3420985.1
OG0001301,KAF2209620,KAM3420986.1
OG0001302,KAF2213462,KAM3413789.1
OG0001308,KAF2209214,KAM3422645.1
OG0001311,KAF2216469,KAM3422937.1
OG0001313,KAF2216493,KAM3422913.1
OG0001315,KAF2206975,KAM3423233.1
OG0001317,KAF2216302,KAM3422810.1
OG0001319,KAF2206879,KAM3416149.1
OG0001320,KAF2216650,KAM3423196.1
OG0001321,KAF2216567,KAM3423106.1
OG0001322,KAF2216592,KAM3423129.1
OG0001323,KAF2213075,KAM3423445.1
OG0001324,KAF2212707,KAM3414892.1
OG0001327,KAF2206988,KAM3423248.1
OG0001329,KAF2217996,KAM3419967.1
OG0001332,KAF2212943,KAM3423298.1
OG0001337,KAF2206850,KAM3416187.1
OG0001339,KAF2207538,KAM3423999.1
OG0001342,KAF2207664,KAM3419536.1
OG0001348,KAF2217715,KAM3420030.1
OG0001351,KAF2217852,KAM3419825.1
OG0001352,KAF2217824,KAM3419794.1
OG0001357,KAF2210441,KAM3420529.1
OG0001358,KAF2210465,KAM3420499.1
OG0001360,KAF2217541,KAM3420278.1
OG0001361,KAF2217519,KAM3420262.1
OG0001364,KAF2210153,KAM3420700.1
OG0001368,KAF2210467,KAM3420497.1
OG0001369,KAF2210469,KAM3420496.1
OG0001370,KAF2212932,KAM3414587.1
OG0001374,KAF2206440,KAM3415201.1
OG0001375,KAF2217349,KAM3424190.1
OG0001376,KAF2208930,KAM3424099.1
OG0001379,KAF2208641,KAM3417424.1
OG0001380,KAF2217182,KAM3424270.1
OG0001387,KAF2217000,KAM3424553.1
OG0001388,KAF2216906,KAM3424647.1
OG0001389,KAF2216930,KAM3424623.1
OG0001391,KAF2215697,KAM3425628.1
OG0001392,KAF2211800,KAM3425434.1
OG0001393,KAF2215568,KAM3425500.1
OG0001394,KAF2215622,KAM3425552.1
OG0001401,KAF2215862,KAM3425145.1
OG0001405,KAF2207281,KAM3425728.1
OG0001407,KAF2213815,KAM3416556.1
OG0001408,KAF2215148,KAM3416669.1
OG0001409,KAF2215112,KAM3416626.1
OG0001412,KAF2215203,KAM3416722.1
OG0001413,KAF2215178,KAM3416697.1
OG0001414,KAF2215175,KAM3416694.1
OG0001415,KAF2215386,KAM3416908.1
OG0001418,KAF2215468,KAM3416969.1
OG0001423,KAF2211901,KAM3417803.1
OG0001425,KAF2208673,KAM3417443.1
OG0001427,KAF2208764,KAM3417543.1
OG0001431,KAF2213470,KAM3413863.1
OG0001435,KAF2213398,KAM3413686.1
OG0001436,KAF2213676,KAM3414078.1
OG0001437,KAF2213684,KAM3414090.1
OG0001438,KAF2213745,KAM3414147.1
OG0001439,KAF2206746,KAM3413826.1
OG0001441,KAF2213637,KAM3413929.1
OG0001443,KAF2213604,KAM3413896.1
OG0001445,KAF2213572,KAM3413985.1
OG0001448,KAF2211285,KAM3414410.1
OG0001449,KAF2206309,KAM3413668.1
OG0001452,KAF2206589,KAM3415190.1
OG0001454,KAF2206454,KAM3415193.1
OG0001455,KAF2206617,KAM3415156.1
OG0001457,KAF2212783,KAM3414804.1
OG0001459,KAF2212558,KAM3415055.1
OG0001460,KAF2209910,KAM3414527.1
OG0001461,KAF2209911,KAM3414528.1
OG0001463,KAF2209973,KAM3414624.1
OG0001464,KAF2209948,KAM3414656.1
OG0001466,KAF2212871,KAM3414706.1
OG0001476,KAF2210809,KAM3415478.1
OG0001477,KAF2214614,KAM3418876.1
OG0001478,KAF2214624,KAM3418867.1
OG0001479,KAF2214636,KAM3418854.1
OG0001480,KAF2214640,KAM3418850.1
OG0001481,KAF2214641,KAM3418849.1
OG0001483,KAF2214644,KAM3418845.1
OG0001485,KAF2214653,KAM3418834.1
OG0001490,KAF2214717,KAM3418757.1
OG0001491,KAF2214964,KAM3418513.1
OG0001493,KAF2209675,KAM3418351.1
OG0001495,KAF2209744,KAM3418276.1
OG0001496,KAF2209767,KAM3418252.1
OG0001499,KAF2209784,KAM3418233.1
OG0001501,KAF2214746,KAM3418730.1
OG0001503,KAF2214763,KAM3418704.1
OG0001505,KAF2214795,KAM3418671.1
OG0001506,KAF2214818,KAM3418650.1
OG0001507,KAF2214856,KAM3418616.1
OG0001508,KAF2209662,KAM3418362.1
OG0001513,KAF2215014,KAM3418455.1
OG0001517,KAF2214984,KAM3418492.1
OG0001522,KAF2214574,KAM3418920.1
OG0001523,KAF2214568,KAM3418927.1
OG0001524,KAF2214559,KAM3418936.1
OG0001526,KAF2211458,KAM3418981.1
OG0001527,KAF2211471,KAM3418992.1
OG0001529,KAF2211528,KAM3419049.1
OG0001532,KAF2211592,KAM3419124.1
OG0001533,KAF2211596,KAM3419127.1
OG0001534,KAF2211609,KAM3419144.1
OG0001537,KAF2207420,KAM3419175.1
OG0001538,KAF2207440,KAM3419186.1
OG0001541,KAF2207493,KAM3419237.1
OG0001542,KAF2207500,KAM3419239.1
OG0001544,KAF2207516,KAM3419260.1
OG0001548,KAF2207882,KAM3419441.1
OG0001549,KAF2207892,KAM3419452.1
OG0001550,KAF2207917,KAM3419481.1
OG0001551,KAF2207919,KAM3419483.1
OG0001552,KAF2207923,KAM3419488.1
OG0001553,KAF2207926,KAM3419491.1
OG0001554,KAF2207938,KAM3419501.1
OG0001556,KAF2208811,KAM3419360.1
OG0001558,KAF2208821,KAM3419348.1
OG0001562,KAF2208842,KAM3419325.1
OG0001564,KAF2208872,KAM3419299.1
OG0001565,KAF2208792,KAM3419381.1
OG0001567,KAF2207949,KAM3415225.1
OG0001568,KAF2209268,KAM3415265.1
OG0001569,KAF2209139,KAM3415772.1
OG0001570,KAF2209283,KAM3415280.1
OG0001571,KAF2209287,KAM3415284.1
OG0001572,KAF2209291,KAM3415290.1
OG0001573,KAF2209296,KAM3415295.1
OG0001575,KAF2209331,KAM3415330.1
OG0001576,KAF2209333,KAM3415332.1
OG0001577,KAF2209339,KAM3415337.1
OG0001578,KAF2209341,KAM3415339.1
OG0001579,KAF2209364,KAM3415360.1
OG0001580,KAF2209403,KAM3415404.1
OG0001581,KAF2209408,KAM3415409.1
OG0001584,KAF2213980,KAM3416381.1
OG0001585,KAF2212439,KAM3415718.1
OG0001589,KAF2212492,KAM3415663.1
OG0001590,KAF2212493,KAM3415662.1
OG0001591,KAF2212494,KAM3415661.1
OG0001592,KAF2212496,KAM3415660.1
OG0001593,KAF2212500,KAM3415656.1
OG0001594,KAF2212504,KAM3415652.1
OG0001595,KAF2210966,KAM3415631.1
OG0001596,KAF2210949,KAM3415615.1
OG0001597,KAF2210926,KAM3415591.1
OG0001599,KAF2210892,KAM3415559.1
OG0001600,KAF2210874,KAM3415541.1
OG0001601,KAF2207093,KAM3417107.1
OG0001602,KAF2210843,KAM3415512.1
OG0001603,KAF2210839,KAM3415508.1
OG0001604,KAF2210810,KAM3415479.1
OG0001605,KAF2210786,KAM3415455.1
OG0001606,KAF2210783,KAM3415451.1
OG0001608,KAF2210776,KAM3415440.1
OG0001612,KAF2212198,KAM3415990.1
OG0001613,KAF2212186,KAM3416001.1
OG0001616,KAF2212292,KAM3415880.1
OG0001619,KAF2212337,KAM3415837.1
OG0001621,KAF2212377,KAM3415795.1
OG0001622,KAF2212378,KAM3415794.1
OG0001623,KAF2212400,KAM3415764.1
OG0001624,KAF2212406,KAM3415756.1
OG0001628,KAF2214237,KAM3422212.1
OG0001629,KAF2214258,KAM3422198.1
OG0001632,KAF2214265,KAM3422189.1
OG0001634,KAF2214281,KAM3421979.1
OG0001635,KAF2214287,KAM3421984.1
OG0001636,KAF2214459,KAM3422260.1
OG0001637,KAF2214308,KAM3422005.1
OG0001638,KAF2214429,KAM3422232.1
OG0001639,KAF2214414,KAM3422219.1
OG0001640,KAF2208699,KAM3417472.1
OG0001641,KAF2214335,KAM3422026.1
OG0001643,KAF2214342,KAM3422031.1
OG0001644,KAF2214388,KAM3422082.1
OG0001645,KAF2214402,KAM3422099.1
OG0001647,KAF2209479,KAM3421122.1
OG0001648,KAF2209471,KAM3421131.1
OG0001649,KAF2211137,KAM3421921.1
OG0001650,KAF2211180,KAM3421963.1
OG0001651,KAF2211173,KAM3421957.1
OG0001657,KAF2206950,KAM3422317.1
OG0001663,KAF2210258,KAM3421514.1
OG0001666,KAF2210208,KAM3421462.1
OG0001667,KAF2210204,KAM3421458.1
OG0001669,KAF2210702,KAM3421705.1
OG0001673,KAF2209567,KAM3421291.1
OG0001675,KAF2209556,KAM3421280.1
OG0001676,KAF2209528,KAM3421244.1
OG0001677,KAF2209508,KAM3421096.1
OG0001678,KAF2209506,KAM3421098.1
OG0001679,KAF2209492,KAM3421110.1
OG0001680,KAF2211027,KAM3421819.1
OG0001681,KAF2211008,KAM3421798.1
OG0001682,KAF2211006,KAM3421797.1
OG0001683,KAF2215753,KAM3425271.1
OG0001684,KAF2210598,KAM3421595.1
OG0001685,KAF2210611,KAM3421610.1
OG0001686,KAF2210613,KAM3421612.1
OG0001689,KAF2210640,KAM3421648.1
OG0001690,KAF2210645,KAM3421652.1
OG0001691,KAF2210659,KAM3421664.1
OG0001692,KAF2210685,KAM3421686.1
OG0001693,KAF2208149,KAM3421394.1
OG0001694,KAF2208188,KAM3421355.1
OG0001695,KAF2208175,KAM3421368.1
OG0001696,KAF2208169,KAM3421375.1
OG0001697,KAF2208159,KAM3421387.1
OG0001698,KAF2208158,KAM3421388.1
OG0001701,KAF2209614,KAM3421053.1
OG0001710,KAF2208078,KAM3413551.1
OG0001713,KAF2208064,KAM3413561.1
OG0001714,KAF2208086,KAM3413542.1
OG0001716,KAF2208115,KAM3413523.1
OG0001717,KAF2216152,KAM3422544.1
OG0001718,KAF2216151,KAM3422545.1
OG0001719,KAF2206757,KAM3413815.1
OG0001720,KAF2206513,KAM3422670.1
OG0001721,KAF2206519,KAM3422662.1
OG0001722,KAF2209218,KAM3422649.1
OG0001724,KAF2209172,KAM3422604.1
OG0001725,KAF2209174,KAM3422608.1
OG0001726,KAF2216165,KAM3422524.1
OG0001727,KAF2216450,KAM3422948.1
OG0001728,KAF2216444,KAM3422956.1
OG0001729,KAF2216470,KAM3422936.1
OG0001730,KAF2216509,KAM3423023.1
OG0001736,KAF2216294,KAM3422801.1
OG0001737,KAF2216299,KAM3422807.1
OG0001738,KAF2216320,KAM3422828.1
OG0001739,KAF2216338,KAM3422848.1
OG0001749,KAF2216384,KAM3422895.1
OG0001750,KAF2216376,KAM3422888.1
OG0001755,KAF2216631,KAM3423176.1
OG0001756,KAF2216615,KAM3423161.1
OG0001757,KAF2216869,KAM3424685.1
OG0001762,KAF2207199,KAM3418135.1
OG0001769,KAF2207006,KAM3423276.1
OG0001773,KAF2213289,KAM3423800.1
OG0001775,KAF2213047,KAM3423475.1
OG0001776,KAF2213046,KAM3423476.1
OG0001778,KAF2213029,KAM3423493.1
OG0001779,KAF2213153,KAM3423523.1
OG0001780,KAF2213001,KAM3423519.1
OG0001781,KAF2213271,KAM3423819.1
OG0001785,KAF2207762,KAM3423846.1
OG0001786,KAF2206193,KAM3423653.1
OG0001790,KAF2213113,KAM3423403.1
OG0001791,KAF2212720,KAM3414879.1
OG0001794,KAF2213065,KAM3423454.1
OG0001797,KAF2212975,KAM3423335.1
OG0001798,KAF2212977,KAM3423337.1
OG0001799,KAF2212980,KAM3423340.1
OG0001800,KAF2213237,KAM3423611.1
OG0001803,KAF2213148,KAM3423361.1
OG0001810,KAF2213082,KAM3423439.1
OG0001811,KAF2207584,KAM3423952.1
OG0001812,KAF2207611,KAM3423915.1
OG0001818,KAF2207694,KAM3419565.1
OG0001819,KAF2207718,KAM3419588.1
OG0001820,KAF2217575,KAM3420176.1
OG0001823,KAF2217595,KAM3420151.1
OG0001824,KAF2217604,KAM3420142.1
OG0001825,KAF2217612,KAM3420133.1
OG0001827,KAF2217622,KAM3420121.1
OG0001828,KAF2217628,KAM3420115.1
OG0001829,KAF2217640,KAM3420101.1
OG0001830,KAF2217662,KAM3420086.1
OG0001832,KAF2217688,KAM3420053.1
OG0001833,KAF2215579,KAM3425510.1
OG0001836,KAF2218004,KAM3419980.1
OG0001839,KAF2217980,KAM3419953.1
OG0001843,KAF2217964,KAM3419933.1
OG0001844,KAF2217952,KAM3419920.1
OG0001848,KAF2218046,KAM3419682.1
OG0001849,KAF2217860,KAM3419836.1
OG0001851,KAF2217855,KAM3419828.1
OG0001853,KAF2217846,KAM3419817.1
OG0001856,KAF2217803,KAM3419775.1
OG0001857,KAF2217754,KAM3419738.1
OG0001858,KAF2218015,KAM3419725.1
OG0001859,KAF2218017,KAM3419723.1
OG0001863,KAF2217381,KAM3420389.1
OG0001864,KAF2217411,KAM3420350.1
OG0001865,KAF2217886,KAM3419858.1
OG0001867,KAF2210388,KAM3420584.1
OG0001868,KAF2210410,KAM3420565.1
OG0001869,KAF2210449,KAM3420520.1
OG0001871,KAF2218095,KAM3419614.1
OG0001873,KAF2217509,KAM3420249.1
OG0001875,KAF2217475,KAM3420211.1
OG0001876,KAF2217481,KAM3420216.1
OG0001878,KAF2217453,KAM3420193.1
OG0001879,KAF2217435,KAM3420323.1
OG0001880,KAF2210508,KAM3420449.1
OG0001884,KAF2210155,KAM3420699.1
OG0001886,KAF2210112,KAM3420740.1
OG0001890,KAF2209035,KAM3420880.1
OG0001893,KAF2209013,KAM3420867.1
OG0001894,KAF2209000,KAM3420855.1
OG0001895,KAF2218070,KAM3419656.1
OG0001896,KAF2218087,KAM3419653.1
OG0001900,KAF2210060,KAM3420798.1
OG0001902,KAF2210341,KAM3420631.1
OG0001905,KAF2208973,KAM3424051.1
OG0001906,KAF2217303,KAM3424392.1
OG0001907,KAF2217247,KAM3424337.1
OG0001910,KAF2217337,KAM3424201.1
OG0001911,KAF2217346,KAM3424193.1
OG0001913,KAF2208923,KAM3424109.1
OG0001914,KAF2208895,KAM3424135.1
OG0001915,KAF2206527,KAM3424018.1
OG0001916,KAF2217284,KAM3424372.1
OG0001917,KAF2217291,KAM3424380.1
OG0001920,KAF2217151,KAM3424235.1
OG0001921,KAF2217152,KAM3424236.1
OG0001922,KAF2217171,KAM3424257.1
OG0001923,KAF2217298,KAM3424387.1
OG0001926,KAF2217059,KAM3424486.1
OG0001929,KAF2217032,KAM3424514.1
OG0001931,KAF2217022,KAM3424529.1
OG0001932,KAF2213569,KAM3413989.1
OG0001933,KAF2217006,KAM3424548.1
OG0001935,KAF2216984,KAM3424567.1
OG0001937,KAF2216960,KAM3424593.1
OG0001938,KAF2216942,KAM3424612.1
OG0001939,KAF2216893,KAM3424659.1
OG0001940,KAF2216894,KAM3424658.1
OG0001942,KAF2216925,KAM3424629.1
OG0001943,KAF2216928,KAM3424626.1
OG0001945,KAF2216860,KAM3424695.1
OG0001946,KAF2216859,KAM3424696.1
OG0001947,KAF2216850,KAM3424709.1
OG0001950,KAF2216777,KAM3424785.1
OG0001951,KAF2216728,KAM3424832.1
OG0001953,KAF2216696,KAM3424874.1
OG0001954,KAF2216681,KAM3424888.1
OG0001956,KAF2216107,KAM3424907.1
OG0001957,KAF2215643,KAM3425574.1
OG0001959,KAF2211718,KAM3425351.1
OG0001960,KAF2211745,KAM3425378.1
OG0001961,KAF2211750,KAM3425381.1
OG0001962,KAF2211759,KAM3425389.1
OG0001964,KAF2211782,KAM3425417.1
OG0001965,KAF2211807,KAM3425442.1
OG0001967,KAF2211836,KAM3425471.1
OG0001968,KAF2211837,KAM3425472.1
OG0001969,KAF2215556,KAM3425489.1
OG0001970,KAF2215562,KAM3425494.1
OG0001971,KAF2215566,KAM3425498.1
OG0001972,KAF2215606,KAM3425537.1
OG0001973,KAF2216096,KAM3424918.1
OG0001975,KAF2216081,KAM3424934.1
OG0001976,KAF2216078,KAM3424940.1
OG0001978,KAF2216075,KAM3424945.1
OG0001979,KAF2216038,KAM3424983.1
OG0001980,KAF2216020,KAM3425002.1
OG0001981,KAF2207046,KAM3417132.1
OG0001982,KAF2215985,KAM3425035.1
OG0001984,KAF2215977,KAM3425041.1
OG0001985,KAF2215932,KAM3425085.1
OG0001988,KAF2215865,KAM3425150.1
OG0001990,KAF2215879,KAM3425164.1
OG0001991,KAF2215855,KAM3425170.1
OG0001995,KAF2215758,KAM3425266.1
OG0001996,KAF2215748,KAM3425275.1
OG0001997,KAF2215710,KAM3425293.1
OG0001998,KAF2215706,KAM3425297.1
OG0001999,KAF2207309,KAM3425702.1
OG0002000,KAF2207310,KAM3425701.1
OG0002004,KAF2207236,KAM3425785.1
OG0002005,KAF2211671,KAM3425631.1
OG0002006,KAF2211667,KAM3425635.1
OG0002007,KAF2207300,KAM3425710.1
OG0002009,KAF2207024,KAM3417164.1
OG0002010,KAF2207098,KAM3417112.1
OG0002011,KAF2207039,KAM3417125.1
OG0002014,KAF2215325,KAM3416848.1
OG0002015,KAF2215326,KAM3416850.1
OG0002016,KAF2215331,KAM3416856.1
OG0002018,KAF2215340,KAM3416866.1
OG0002019,KAF2215147,KAM3416667.1
OG0002020,KAF2215090,KAM3413579.1
OG0002022,KAF2215278,KAM3416805.1
OG0002023,KAF2208732,KAM3417507.1
OG0002024,KAF2213916,KAM3416448.1
OG0002026,KAF2213946,KAM3416418.1
OG0002028,KAF2213949,KAM3416414.1
OG0002030,KAF2215259,KAM3416783.1
OG0002031,KAF2215214,KAM3416735.1
OG0002032,KAF2215206,KAM3416726.1
OG0002033,KAF2215199,KAM3416717.1
OG0002034,KAF2215194,KAM3416713.1
OG0002035,KAF2215192,KAM3416711.1
OG0002036,KAF2215149,KAM3416670.1
OG0002038,KAF2215371,KAM3416899.1
OG0002039,KAF2215428,KAM3417010.1
OG0002040,KAF2213998,KAM3416355.1
OG0002041,KAF2213977,KAM3416383.1
OG0002045,KAF2213854,KAM3416514.1
OG0002048,KAF2214169,KAM3416179.1
OG0002051,KAF2215471,KAM3416966.1
OG0002055,KAF2215441,KAM3416997.1
OG0002056,KAF2214133,KAM3416223.1
OG0002057,KAF2214113,KAM3416239.1
OG0002058,KAF2206877,KAM3416151.1
OG0002060,KAF2215539,KAM3417033.1
OG0002061,KAF2207064,KAM3417074.1
OG0002062,KAF2213845,KAM3416525.1
OG0002063,KAF2214074,KAM3416279.1
OG0002065,KAF2214091,KAM3416258.1
OG0002068,KAF2208464,KAM3418007.1
OG0002072,KAF2206366,KAM3418161.1
OG0002076,KAF2208438,KAM3417978.1
OG0002079,KAF2208344,KAM3417883.1
OG0002082,KAF2211877,KAM3417820.1
OG0002083,KAF2211903,KAM3417801.1
OG0002084,KAF2211921,KAM3417786.1
OG0002085,KAF2211930,KAM3417775.1
OG0002088,KAF2211332,KAM3414352.1
OG0002089,KAF2211995,KAM3417697.1
OG0002090,KAF2208722,KAM3417497.1
OG0002092,KAF2208637,KAM3417421.1
OG0002094,KAF2212038,KAM3417658.1
OG0002098,KAF2212066,KAM3417635.1
OG0002099,KAF2212085,KAM3417619.1
OG0002100,KAF2206804,KAM3417210.1
OG0002101,KAF2208606,KAM3417360.1
OG0002103,KAF2208561,KAM3417310.1
OG0002105,KAF2208591,KAM3417343.1
OG0002108,KAF2208475,KAM3417415.1
OG0002109,KAF2213480,KAM3413963.1
OG0002111,KAF2213732,KAM3414134.1
OG0002114,KAF2213507,KAM3414043.1
OG0002115,KAF2213500,KAM3414052.1
OG0002116,KAF2206402,KAM3414292.1
OG0002119,KAF2213683,KAM3414088.1
OG0002120,KAF2211392,KAM3414252.1
OG0002121,KAF2213536,KAM3414018.1
OG0002126,KAF2213741,KAM3414143.1
OG0002127,KAF2214471,KAM3422420.1
OG0002130,KAF2211316,KAM3414367.1
OG0002132,KAF2213552,KAM3414005.1
OG0002133,KAF2213633,KAM3413925.1
OG0002137,KAF2211257,KAM3413500.1
OG0002140,KAF2211203,KAM3414185.1
OG0002141,KAF2211370,KAM3413489.1
OG0002142,KAF2211286,KAM3414409.1
OG0002144,KAF2206779,KAM3413792.1
OG0002146,KAF2206281,KAM3413645.1
OG0002149,KAF2206463,KAM3415187.1
OG0002153,KAF2212835,KAM3414748.1
OG0002155,KAF2212764,KAM3414825.1
OG0002157,KAF2212697,KAM3414903.1
OG0002158,KAF2212691,KAM3414910.1
OG0002159,KAF2212662,KAM3415080.1
OG0002160,KAF2212651,KAM3415008.1
OG0002161,KAF2212546,KAM3415043.1
OG0002164,KAF2212521,KAM3415019.2
OG0002165,KAF2209914,KAM3414531.1
OG0002168,KAF2212858,KAM3414721.1
OG0002169,KAF2212573,KAM3414924.1
OG0002170,KAF2209972,KAM3414622.1
OG0002174,KAF2209868,KAM3414486.1
OG0002176,KAF2209899,KAM3414517.1
OG0002177,KAF2212902,KAM3414671.1
OG0002181,KAF2207721,KAM3419592.1
OG0002185,KAF2209811,KAM3418199.1
OG0002186,KAF2209809,KAM3418202.1
OG0002187,KAF2214742,KAM3418734.1
OG0002188,KAF2214741,KAM3418735.1
OG0002189,KAF2214740,KAM3418737.1
OG0002190,KAF2214739,KAM3418738.1
OG0002191,KAF2214738,KAM3418739.1
OG0002192,KAF2214736,KAM3418741.1
OG0002193,KAF2214735,KAM3418742.1
OG0002194,KAF2214732,KAM3418745.1
OG0002195,KAF2214730,KAM3418747.1
OG0002196,KAF2214729,KAM3418748.1
OG0002197,KAF2214728,KAM3418749.1
OG0002198,KAF2214727,KAM3418750.1
OG0002199,KAF2214969,KAM3418507.1
OG0002200,KAF2214970,KAM3418506.1
OG0002201,KAF2214612,KAM3418878.1
OG0002202,KAF2214616,KAM3418874.1
OG0002203,KAF2214617,KAM3418873.1
OG0002204,KAF2214621,KAM3418870.1
OG0002205,KAF2214622,KAM3418869.1
OG0002206,KAF2214626,KAM3418864.1
OG0002207,KAF2214627,KAM3418863.1
OG0002208,KAF2214628,KAM3418862.1
OG0002209,KAF2214629,KAM3418861.1
OG0002210,KAF2214632,KAM3418858.1
OG0002211,KAF2214635,KAM3418855.1
OG0002212,KAF2214642,KAM3418848.1
OG0002213,KAF2214645,KAM3418844.1
OG0002214,KAF2214648,KAM3418840.1
OG0002215,KAF2214650,KAM3418837.1
OG0002216,KAF2214651,KAM3418836.1
OG0002217,KAF2214654,KAM3418833.1
OG0002218,KAF2214656,KAM3418830.1
OG0002219,KAF2214657,KAM3418829.1
OG0002220,KAF2214659,KAM3418827.1
OG0002221,KAF2214660,KAM3418826.1
OG0002222,KAF2214661,KAM3418825.1
OG0002223,KAF2214663,KAM3418823.1
OG0002224,KAF2214666,KAM3418818.1
OG0002225,KAF2214669,KAM3418813.1
OG0002226,KAF2214670,KAM3418812.1
OG0002227,KAF2214673,KAM3418810.1
OG0002228,KAF2214675,KAM3418808.1
OG0002229,KAF2214678,KAM3418806.1
OG0002230,KAF2214679,KAM3418805.1
OG0002231,KAF2214681,KAM3418803.1
OG0002232,KAF2214686,KAM3418795.1
OG0002233,KAF2214688,KAM3418791.1
OG0002234,KAF2214689,KAM3418790.1
OG0002235,KAF2214691,KAM3418788.1
OG0002236,KAF2214695,KAM3418783.1
OG0002237,KAF2214696,KAM3418782.1
OG0002239,KAF2214701,KAM3418776.1
OG0002240,KAF2214704,KAM3418774.1
OG0002241,KAF2214706,KAM3418772.1
OG0002242,KAF2214707,KAM3418771.1
OG0002243,KAF2214710,KAM3418769.1
OG0002244,KAF2214715,KAM3418760.1
OG0002245,KAF2214718,KAM3418756.1
OG0002246,KAF2214721,KAM3418753.1
OG0002247,KAF2214953,KAM3418522.1
OG0002248,KAF2214958,KAM3418517.1
OG0002249,KAF2214963,KAM3418514.1
OG0002250,KAF2209686,KAM3418340.1
OG0002251,KAF2209683,KAM3418343.1
OG0002252,KAF2209682,KAM3418344.1
OG0002253,KAF2209679,KAM3418347.1
OG0002254,KAF2209677,KAM3418349.1
OG0002255,KAF2209676,KAM3418350.1
OG0002256,KAF2209671,KAM3418355.1
OG0002257,KAF2209670,KAM3418356.1
OG0002258,KAF2209669,KAM3418357.1
OG0002259,KAF2214920,KAM3418555.1
OG0002260,KAF2214924,KAM3418552.1
OG0002261,KAF2214925,KAM3418551.1
OG0002262,KAF2214928,KAM3418549.1
OG0002263,KAF2214930,KAM3418548.1
OG0002264,KAF2214936,KAM3418541.1
OG0002265,KAF2214941,KAM3418537.1
OG0002266,KAF2214943,KAM3418535.1
OG0002267,KAF2214944,KAM3418534.1
OG0002268,KAF2214945,KAM3418533.1
OG0002269,KAF2214948,KAM3418530.1
OG0002270,KAF2209690,KAM3418337.1
OG0002271,KAF2209691,KAM3418336.1
OG0002272,KAF2209695,KAM3418328.1
OG0002273,KAF2209697,KAM3418326.1
OG0002274,KAF2209699,KAM3418324.1
OG0002275,KAF2209702,KAM3418321.1
OG0002276,KAF2209711,KAM3418312.1
OG0002277,KAF2209709,KAM3418314.1
OG0002278,KAF2209703,KAM3418319.1
OG0002279,KAF2209712,KAM3418311.1
OG0002280,KAF2209713,KAM3418310.1
OG0002281,KAF2209719,KAM3418301.1
OG0002282,KAF2209721,KAM3418299.1
OG0002283,KAF2209724,KAM3418296.1
OG0002284,KAF2209725,KAM3418295.1
OG0002285,KAF2209726,KAM3418294.1
OG0002286,KAF2209729,KAM3418291.1
OG0002288,KAF2209734,KAM3418287.1
OG0002289,KAF2209735,KAM3418288.1
OG0002290,KAF2209737,KAM3418283.1
OG0002291,KAF2209738,KAM3418282.1
OG0002292,KAF2209740,KAM3418280.1
OG0002293,KAF2209742,KAM3418278.1
OG0002294,KAF2209745,KAM3418275.1
OG0002295,KAF2209746,KAM3418274.1
OG0002296,KAF2209751,KAM3418268.1
OG0002297,KAF2209754,KAM3418267.1
OG0002298,KAF2209756,KAM3418266.1
OG0002299,KAF2209757,KAM3418265.1
OG0002300,KAF2209759,KAM3418262.1
OG0002301,KAF2209760,KAM3418260.1
OG0002302,KAF2209761,KAM3418259.1
OG0002303,KAF2209764,KAM3418255.1
OG0002304,KAF2209768,KAM3418248.1
OG0002305,KAF2209766,KAM3418253.1
OG0002306,KAF2209770,KAM3418246.1
OG0002307,KAF2209771,KAM3418245.1
OG0002308,KAF2209776,KAM3418240.1
OG0002309,KAF2209777,KAM3418239.1
OG0002311,KAF2209783,KAM3418234.1
OG0002312,KAF2209790,KAM3418228.1
OG0002313,KAF2209789,KAM3418229.1
OG0002314,KAF2209787,KAM3418231.1
OG0002315,KAF2209785,KAM3418232.1
OG0002316,KAF2209798,KAM3418219.1
OG0002317,KAF2214744,KAM3418732.1
OG0002318,KAF2214745,KAM3418731.1
OG0002319,KAF2214751,KAM3418723.1
OG0002320,KAF2214753,KAM3418721.1
OG0002321,KAF2214756,KAM3418717.1
OG0002322,KAF2214757,KAM3418716.1
OG0002323,KAF2214758,KAM3418710.1
OG0002324,KAF2214759,KAM3418709.1
OG0002325,KAF2214760,KAM3418708.1
OG0002326,KAF2214764,KAM3418703.1
OG0002327,KAF2214765,KAM3418702.1
OG0002328,KAF2214766,KAM3418701.1
OG0002329,KAF2214767,KAM3418700.1
OG0002330,KAF2214770,KAM3418698.1
OG0002331,KAF2214771,KAM3418697.1
OG0002332,KAF2214774,KAM3418695.1
OG0002333,KAF2214775,KAM3418694.1
OG0002334,KAF2214777,KAM3418692.1
OG0002335,KAF2214778,KAM3418691.1
OG0002336,KAF2214780,KAM3418687.1
OG0002337,KAF2214781,KAM3418686.1
OG0002338,KAF2214782,KAM3418685.1
OG0002339,KAF2214783,KAM3418684.1
OG0002340,KAF2214785,KAM3418682.1
OG0002341,KAF2214786,KAM3418681.1
OG0002342,KAF2214787,KAM3418680.1
OG0002343,KAF2214789,KAM3418678.1
OG0002344,KAF2214790,KAM3418677.1
OG0002345,KAF2214791,KAM3418676.1
OG0002346,KAF2214792,KAM3418674.1
OG0002347,KAF2214794,KAM3418673.1
OG0002348,KAF2214796,KAM3418670.1
OG0002349,KAF2214797,KAM3418668.1
OG0002351,KAF2214801,KAM3418665.1
OG0002352,KAF2214802,KAM3418664.1
OG0002353,KAF2214803,KAM3418663.1
OG0002354,KAF2214808,KAM3418660.1
OG0002355,KAF2214810,KAM3418658.1
OG0002356,KAF2214811,KAM3418657.1
OG0002357,KAF2214812,KAM3418655.1
OG0002358,KAF2214813,KAM3418654.1
OG0002359,KAF2214814,KAM3418653.1
OG0002360,KAF2214815,KAM3418652.1
OG0002361,KAF2214820,KAM3418648.1
OG0002362,KAF2214822,KAM3418647.1
OG0002363,KAF2214823,KAM3418646.1
OG0002364,KAF2214824,KAM3418645.1
OG0002365,KAF2214825,KAM3418644.1
OG0002366,KAF2214826,KAM3418643.1
OG0002367,KAF2214827,KAM3418642.1
OG0002368,KAF2214828,KAM3418641.1
OG0002370,KAF2214831,KAM3418639.1
OG0002371,KAF2214833,KAM3418638.1
OG0002372,KAF2214836,KAM3418636.1
OG0002373,KAF2214839,KAM3418633.1
OG0002374,KAF2214842,KAM3418630.1
OG0002375,KAF2214843,KAM3418629.1
OG0002376,KAF2214845,KAM3418627.1
OG0002377,KAF2214846,KAM3418626.1
OG0002378,KAF2214849,KAM3418623.1
OG0002379,KAF2214850,KAM3418622.1
OG0002380,KAF2214853,KAM3418619.1
OG0002381,KAF2214854,KAM3418618.1
OG0002382,KAF2214857,KAM3418614.1
OG0002383,KAF2214860,KAM3418611.1
OG0002384,KAF2214862,KAM3418609.1
OG0002385,KAF2214863,KAM3418608.1
OG0002386,KAF2214864,KAM3418607.1
OG0002387,KAF2214865,KAM3418606.1
OG0002388,KAF2214866,KAM3418605.1
OG0002389,KAF2214867,KAM3418604.1
OG0002390,KAF2214868,KAM3418603.1
OG0002391,KAF2214869,KAM3418602.1
OG0002392,KAF2214870,KAM3418601.1
OG0002393,KAF2214874,KAM3418598.1
OG0002394,KAF2214875,KAM3418597.1
OG0002395,KAF2215057,KAM3418401.1
OG0002396,KAF2215050,KAM3418411.1
OG0002397,KAF2215070,KAM3418380.1
OG0002398,KAF2215071,KAM3418379.1
OG0002399,KAF2209659,KAM3418366.1
OG0002400,KAF2209661,KAM3418363.1
OG0002401,KAF2214917,KAM3418557.1
OG0002402,KAF2214915,KAM3418559.1
OG0002403,KAF2214913,KAM3418561.1
OG0002404,KAF2214909,KAM3418565.1
OG0002405,KAF2214907,KAM3418568.1
OG0002406,KAF2214904,KAM3418570.1
OG0002407,KAF2214902,KAM3418572.1
OG0002408,KAF2214901,KAM3418573.1
OG0002409,KAF2214899,KAM3418575.1
OG0002410,KAF2214898,KAM3418576.1
OG0002411,KAF2214896,KAM3418578.1
OG0002412,KAF2214895,KAM3418579.1
OG0002413,KAF2214892,KAM3418581.1
OG0002414,KAF2214891,KAM3418582.1
OG0002415,KAF2214888,KAM3418585.1
OG0002416,KAF2214886,KAM3418586.1
OG0002417,KAF2214885,KAM3418587.1
OG0002418,KAF2214884,KAM3418588.1
OG0002419,KAF2214883,KAM3418589.1
OG0002420,KAF2214882,KAM3418591.1
OG0002421,KAF2214881,KAM3418592.1
OG0002422,KAF2214879,KAM3418593.1
OG0002423,KAF2214878,KAM3418595.1
OG0002424,KAF2215061,KAM3418388.1
OG0002425,KAF2215062,KAM3418387.1
OG0002426,KAF2215038,KAM3418431.1
OG0002427,KAF2215033,KAM3418436.1
OG0002428,KAF2215031,KAM3418438.1
OG0002429,KAF2215028,KAM3418440.1
OG0002430,KAF2211251,KAM3413496.1
OG0002431,KAF2215023,KAM3418445.1
OG0002432,KAF2215022,KAM3418446.1
OG0002433,KAF2215018,KAM3418450.1
OG0002434,KAF2215016,KAM3418453.1
OG0002435,KAF2215013,KAM3418456.1
OG0002436,KAF2215012,KAM3418457.1
OG0002437,KAF2215011,KAM3418458.1
OG0002438,KAF2215009,KAM3418460.1
OG0002439,KAF2215005,KAM3418468.1
OG0002440,KAF2215004,KAM3418469.1
OG0002441,KAF2215003,KAM3418471.1
OG0002442,KAF2215002,KAM3418472.1
OG0002443,KAF2215000,KAM3418475.1
OG0002444,KAF2214998,KAM3418477.1
OG0002445,KAF2214994,KAM3418482.1
OG0002446,KAF2214993,KAM3418484.1
OG0002447,KAF2214990,KAM3418486.1
OG0002448,KAF2214989,KAM3418488.1
OG0002449,KAF2214988,KAM3418489.1
OG0002450,KAF2214986,KAM3418491.1
OG0002451,KAF2214980,KAM3418495.1
OG0002452,KAF2214979,KAM3418496.1
OG0002453,KAF2214975,KAM3418499.1
OG0002454,KAF2214973,KAM3418501.1
OG0002455,KAF2214972,KAM3418502.1
OG0002456,KAF2214608,KAM3418882.1
OG0002457,KAF2214607,KAM3418883.1
OG0002458,KAF2214605,KAM3418885.1
OG0002459,KAF2214603,KAM3418888.1
OG0002460,KAF2214602,KAM3418889.1
OG0002462,KAF2214598,KAM3418896.1
OG0002463,KAF2214596,KAM3418898.1
OG0002464,KAF2214595,KAM3418899.1
OG0002465,KAF2214594,KAM3418900.1
OG0002466,KAF2214593,KAM3418901.1
OG0002467,KAF2214592,KAM3418902.1
OG0002468,KAF2214588,KAM3418906.1
OG0002469,KAF2214587,KAM3418907.1
OG0002470,KAF2214586,KAM3418908.1
OG0002471,KAF2214581,KAM3418914.1
OG0002472,KAF2214578,KAM3418917.1
OG0002473,KAF2214575,KAM3418919.1
OG0002474,KAF2214573,KAM3418921.1
OG0002475,KAF2214571,KAM3418924.1
OG0002476,KAF2214569,KAM3418926.1
OG0002477,KAF2214567,KAM3418928.1
OG0002478,KAF2214565,KAM3418930.1
OG0002479,KAF2214564,KAM3418931.1
OG0002480,KAF2214563,KAM3418932.1
OG0002481,KAF2214562,KAM3418933.1
OG0002482,KAF2214558,KAM3418937.1
OG0002483,KAF2214557,KAM3418939.1
OG0002484,KAF2214556,KAM3418940.1
OG0002485,KAF2211417,KAM3418942.1
OG0002486,KAF2211418,KAM3418943.1
OG0002487,KAF2211424,KAM3418948.1
OG0002488,KAF2211428,KAM3418952.1
OG0002489,KAF2211431,KAM3418955.1
OG0002490,KAF2211434,KAM3418958.1
OG0002491,KAF2211436,KAM3418960.1
OG0002492,KAF2211437,KAM3418961.1
OG0002493,KAF2211438,KAM3418963.1
OG0002494,KAF2211439,KAM3418964.1
OG0002495,KAF2211440,KAM3418965.1
OG0002496,KAF2211442,KAM3418967.1
OG0002497,KAF2211445,KAM3418970.1
OG0002498,KAF2211447,KAM3418972.1
OG0002499,KAF2211449,KAM3418973.1
OG0002500,KAF2211450,KAM3418974.1
OG0002501,KAF2211451,KAM3418975.1
OG0002502,KAF2211452,KAM3418976.1
OG0002503,KAF2211453,KAM3418977.1
OG0002504,KAF2211454,KAM3418978.1
OG0002505,KAF2211455,KAM3418979.1
OG0002506,KAF2211456,KAM3418980.1
OG0002507,KAF2211459,KAM3418982.1
OG0002508,KAF2211460,KAM3418983.1
OG0002509,KAF2211461,KAM3418984.1
OG0002510,KAF2211462,KAM3418985.1
OG0002511,KAF2211464,KAM3418988.1
OG0002512,KAF2211468,KAM3418990.1
OG0002513,KAF2211469,KAM3418991.1
OG0002514,KAF2211475,KAM3418996.1
OG0002515,KAF2211476,KAM3418997.1
OG0002516,KAF2211479,KAM3418999.1
OG0002517,KAF2211482,KAM3419001.1
OG0002518,KAF2211484,KAM3419004.1
OG0002519,KAF2211487,KAM3419008.1
OG0002520,KAF2211488,KAM3419009.1
OG0002522,KAF2211490,KAM3419013.1
OG0002523,KAF2211492,KAM3419015.1
OG0002524,KAF2211494,KAM3419017.1
OG0002525,KAF2211496,KAM3419019.1
OG0002526,KAF2211497,KAM3419020.1
OG0002527,KAF2211498,KAM3419021.1
OG0002528,KAF2211499,KAM3419022.1
OG0002529,KAF2211501,KAM3419024.1
OG0002530,KAF2211502,KAM3419025.1
OG0002531,KAF2211507,KAM3419029.1
OG0002532,KAF2211512,KAM3419034.1
OG0002533,KAF2211511,KAM3419033.1
OG0002534,KAF2211510,KAM3419032.1
OG0002535,KAF2211509,KAM3419031.1
OG0002536,KAF2211517,KAM3419038.1
OG0002537,KAF2211518,KAM3419039.1
OG0002538,KAF2211519,KAM3419040.1
OG0002539,KAF2211520,KAM3419042.1
OG0002540,KAF2211521,KAM3419043.1
OG0002541,KAF2211523,KAM3419045.1
OG0002542,KAF2211524,KAM3419046.1
OG0002543,KAF2211525,KAM3419047.1
OG0002544,KAF2211530,KAM3419051.1
OG0002545,KAF2211532,KAM3419053.1
OG0002546,KAF2211533,KAM3419054.1
OG0002547,KAF2211552,KAM3419074.1
OG0002548,KAF2211553,KAM3419075.1
OG0002549,KAF2211556,KAM3419081.1
OG0002551,KAF2211559,KAM3419085.1
OG0002552,KAF2211561,KAM3419087.1
OG0002553,KAF2211564,KAM3419090.1
OG0002554,KAF2211565,KAM3419091.1
OG0002556,KAF2211567,KAM3419094.1
OG0002557,KAF2211570,KAM3419096.1
OG0002558,KAF2211571,KAM3419097.1
OG0002559,KAF2211572,KAM3419098.1
OG0002560,KAF2211578,KAM3419109.1
OG0002561,KAF2211579,KAM3419110.1
OG0002562,KAF2211580,KAM3419112.1
OG0002563,KAF2211583,KAM3419115.1
OG0002564,KAF2211584,KAM3419116.1
OG0002565,KAF2211585,KAM3419117.1
OG0002566,KAF2211587,KAM3419119.1
OG0002567,KAF2211588,KAM3419120.1
OG0002568,KAF2211590,KAM3419122.1
OG0002569,KAF2211594,KAM3419125.1
OG0002570,KAF2211595,KAM3419126.1
OG0002571,KAF2211598,KAM3419130.1
OG0002572,KAF2211599,KAM3419131.1
OG0002573,KAF2211601,KAM3419132.1
OG0002574,KAF2211602,KAM3419133.1
OG0002575,KAF2211605,KAM3419140.1
OG0002576,KAF2211606,KAM3419141.1
OG0002577,KAF2211608,KAM3419143.1
OG0002578,KAF2211611,KAM3419146.1
OG0002579,KAF2211612,KAM3419148.1
OG0002580,KAF2211620,KAM3419154.1
OG0002581,KAF2211621,KAM3419155.1
OG0002582,KAF2211625,KAM3419158.1
OG0002583,KAF2207429,KAM3419165.1
OG0002584,KAF2207430,KAM3419164.1
OG0002585,KAF2207431,KAM3419163.1
OG0002586,KAF2207432,KAM3419162.1
OG0002587,KAF2207434,KAM3419160.1
OG0002588,KAF2207435,KAM3419159.1
OG0002589,KAF2207444,KAM3419182.1
OG0002590,KAF2207445,KAM3419180.1
OG0002591,KAF2207449,KAM3419177.1
OG0002592,KAF2207450,KAM3419176.1
OG0002593,KAF2207419,KAM3419174.1
OG0002594,KAF2207422,KAM3419170.1
OG0002595,KAF2207443,KAM3419183.1
OG0002596,KAF2207442,KAM3419184.1
OG0002597,KAF2207441,KAM3419185.1
OG0002598,KAF2207439,KAM3419187.1
OG0002599,KAF2207438,KAM3419188.1
OG0002600,KAF2207456,KAM3419192.1
OG0002601,KAF2207455,KAM3419193.1
OG0002603,KAF2207459,KAM3419201.1
OG0002604,KAF2207462,KAM3419204.1
OG0002605,KAF2207463,KAM3419205.1
OG0002606,KAF2207464,KAM3419208.1
OG0002607,KAF2207466,KAM3419212.1
OG0002608,KAF2207467,KAM3419213.1
OG0002609,KAF2207469,KAM3419216.1
OG0002610,KAF2207470,KAM3419217.1
OG0002611,KAF2207471,KAM3419218.1
OG0002612,KAF2207473,KAM3419219.1
OG0002613,KAF2207477,KAM3419221.1
OG0002614,KAF2207478,KAM3419222.1
OG0002616,KAF2207480,KAM3419223.1
OG0002617,KAF2207481,KAM3419224.1
OG0002618,KAF2207486,KAM3419230.1
OG0002619,KAF2207487,KAM3419231.1
OG0002620,KAF2207489,KAM3419233.1
OG0002621,KAF2207490,KAM3419234.1
OG0002622,KAF2207491,KAM3419235.1
OG0002623,KAF2207492,KAM3419236.1
OG0002624,KAF2207499,KAM3419240.1
OG0002625,KAF2207497,KAM3419241.1
OG0002626,KAF2207504,KAM3419248.1
OG0002627,KAF2207505,KAM3419249.1
OG0002628,KAF2207509,KAM3419253.1
OG0002629,KAF2207510,KAM3419254.1
OG0002630,KAF2207511,KAM3419255.1
OG0002631,KAF2207512,KAM3419256.1
OG0002632,KAF2207513,KAM3419257.1
OG0002633,KAF2207515,KAM3419259.1
OG0002634,KAF2207517,KAM3419262.1
OG0002635,KAF2207518,KAM3419263.1
OG0002636,KAF2207521,KAM3419268.1
OG0002637,KAF2207851,KAM3419408.1
OG0002638,KAF2207854,KAM3419411.1
OG0002639,KAF2207855,KAM3419412.1
OG0002640,KAF2207857,KAM3419413.1
OG0002641,KAF2207858,KAM3419414.1
OG0002642,KAF2207861,KAM3419417.1
OG0002643,KAF2207863,KAM3419419.1
OG0002644,KAF2207866,KAM3419424.1
OG0002645,KAF2207868,KAM3419426.1
OG0002646,KAF2207869,KAM3419427.1
OG0002647,KAF2207871,KAM3419430.1
OG0002648,KAF2207873,KAM3419432.1
OG0002649,KAF2207875,KAM3419434.1
OG0002650,KAF2207876,KAM3419435.1
OG0002651,KAF2207878,KAM3419437.1
OG0002652,KAF2207880,KAM3419439.1
OG0002653,KAF2207881,KAM3419440.1
OG0002654,KAF2207883,KAM3419442.1
OG0002655,KAF2207884,KAM3419443.1
OG0002656,KAF2207886,KAM3419444.1
OG0002657,KAF2207885,KAM3419445.1
OG0002658,KAF2207887,KAM3419446.1
OG0002659,KAF2207888,KAM3419447.1
OG0002660,KAF2207889,KAM3419448.1
OG0002661,KAF2207893,KAM3419453.1
OG0002662,KAF2207894,KAM3419454.1
OG0002663,KAF2207895,KAM3419455.1
OG0002664,KAF2207896,KAM3419456.1
OG0002665,KAF2207900,KAM3419460.1
OG0002666,KAF2207901,KAM3419461.1
OG0002667,KAF2207903,KAM3419465.1
OG0002668,KAF2207904,KAM3419466.1
OG0002669,KAF2207905,KAM3419467.1
OG0002670,KAF2207906,KAM3419468.1
OG0002671,KAF2207907,KAM3419469.1
OG0002672,KAF2207909,KAM3419471.1
OG0002673,KAF2207911,KAM3419474.1
OG0002674,KAF2207913,KAM3419476.1
OG0002675,KAF2207918,KAM3419482.1
OG0002676,KAF2207922,KAM3419487.1
OG0002677,KAF2207924,KAM3419489.1
OG0002678,KAF2207927,KAM3419492.1
OG0002679,KAF2207928,KAM3419494.1
OG0002680,KAF2207935,KAM3419498.1
OG0002681,KAF2207936,KAM3419499.1
OG0002682,KAF2207937,KAM3419500.1
OG0002683,KAF2207965,KAM3415210.1
OG0002684,KAF2208815,KAM3419354.1
OG0002685,KAF2208816,KAM3419353.1
OG0002686,KAF2208817,KAM3419352.1
OG0002687,KAF2208819,KAM3419350.1
OG0002688,KAF2208820,KAM3419349.1
OG0002689,KAF2208823,KAM3419346.1
OG0002690,KAF2208824,KAM3419345.1
OG0002691,KAF2208826,KAM3419343.1
OG0002692,KAF2208833,KAM3419334.1
OG0002693,KAF2208834,KAM3419333.1
OG0002694,KAF2208837,KAM3419330.1
OG0002695,KAF2208841,KAM3419326.1
OG0002696,KAF2208844,KAM3419323.1
OG0002697,KAF2208845,KAM3419322.1
OG0002698,KAF2208870,KAM3419305.1
OG0002699,KAF2208864,KAM3419308.1
OG0002700,KAF2208863,KAM3419309.1
OG0002701,KAF2208860,KAM3419311.1
OG0002702,KAF2208859,KAM3419312.1
OG0002703,KAF2208857,KAM3419314.1
OG0002705,KAF2208874,KAM3419297.1
OG0002706,KAF2208875,KAM3419296.1
OG0002707,KAF2208877,KAM3419295.1
OG0002708,KAF2208878,KAM3419294.1
OG0002709,KAF2206700,KAM3419293.1
OG0002710,KAF2206702,KAM3419292.1
OG0002711,KAF2206704,KAM3419290.1
OG0002712,KAF2206705,KAM3419289.1
OG0002713,KAF2206708,KAM3419287.1
OG0002714,KAF2206710,KAM3419285.1
OG0002715,KAF2206711,KAM3419284.1
OG0002716,KAF2206714,KAM3419282.1
OG0002717,KAF2208780,KAM3419393.1
OG0002718,KAF2208781,KAM3419392.1
OG0002719,KAF2208782,KAM3419391.1
OG0002720,KAF2208783,KAM3419390.1
OG0002721,KAF2208784,KAM3419389.1
OG0002722,KAF2208785,KAM3419388.1
OG0002723,KAF2208788,KAM3419386.1
OG0002724,KAF2208790,KAM3419384.1
OG0002725,KAF2208794,KAM3419379.1
OG0002726,KAF2208796,KAM3419377.1
OG0002727,KAF2208797,KAM3419376.1
OG0002728,KAF2208798,KAM3419375.1
OG0002729,KAF2208799,KAM3419374.1
OG0002730,KAF2208801,KAM3419370.1
OG0002731,KAF2208802,KAM3419369.1
OG0002732,KAF2208803,KAM3419368.1
OG0002733,KAF2208804,KAM3419367.1
OG0002734,KAF2208805,KAM3419366.1
OG0002735,KAF2208806,KAM3419365.1
OG0002736,KAF2208807,KAM3419364.1
OG0002737,KAF2208809,KAM3419362.1
OG0002738,KAF2208810,KAM3419361.1
OG0002739,KAF2207962,KAM3415213.1
OG0002740,KAF2207961,KAM3415214.1
OG0002741,KAF2207960,KAM3415215.1
OG0002742,KAF2207959,KAM3415216.1
OG0002743,KAF2207958,KAM3415217.1
OG0002744,KAF2207957,KAM3415218.1
OG0002745,KAF2207956,KAM3415219.1
OG0002746,KAF2207955,KAM3415220.1
OG0002748,KAF2207952,KAM3415222.1
OG0002749,KAF2207950,KAM3415224.1
OG0002750,KAF2207946,KAM3415228.1
OG0002751,KAF2207944,KAM3415230.1
OG0002752,KAF2207943,KAM3415231.1
OG0002753,KAF2209234,KAM3415233.1
OG0002754,KAF2209235,KAM3415232.1
OG0002755,KAF2209237,KAM3415234.1
OG0002756,KAF2209239,KAM3415236.1
OG0002757,KAF2209240,KAM3415237.1
OG0002758,KAF2209242,KAM3415239.1
OG0002759,KAF2209245,KAM3415241.1
OG0002760,KAF2209247,KAM3415243.1
OG0002761,KAF2209248,KAM3415244.1
OG0002762,KAF2209249,KAM3415245.1
OG0002763,KAF2209250,KAM3415246.1
OG0002764,KAF2209253,KAM3415251.1
OG0002765,KAF2209254,KAM3415252.1
OG0002766,KAF2209258,KAM3415256.1
OG0002767,KAF2209261,KAM3415258.1
OG0002768,KAF2209263,KAM3415260.1
OG0002769,KAF2209266,KAM3415263.1
OG0002770,KAF2209267,KAM3415264.1
OG0002771,KAF2209270,KAM3415267.1
OG0002772,KAF2209271,KAM3415268.1
OG0002773,KAF2209272,KAM3415269.1
OG0002774,KAF2209273,KAM3415271.1
OG0002775,KAF2209274,KAM3415272.1
OG0002776,KAF2209278,KAM3415276.1
OG0002777,KAF2209280,KAM3415278.1
OG0002778,KAF2209282,KAM3415279.1
OG0002779,KAF2209284,KAM3415281.1
OG0002780,KAF2209285,KAM3415282.1
OG0002781,KAF2209286,KAM3415283.1
OG0002782,KAF2209288,KAM3415285.1
OG0002783,KAF2209289,KAM3415286.1
OG0002784,KAF2209292,KAM3415291.1
OG0002785,KAF2209298,KAM3415297.1
OG0002786,KAF2209300,KAM3415299.1
OG0002787,KAF2209301,KAM3415300.1
OG0002789,KAF2209303,KAM3415303.1
OG0002790,KAF2209305,KAM3415305.1
OG0002791,KAF2209306,KAM3415306.1
OG0002792,KAF2209311,KAM3415309.1
OG0002793,KAF2209314,KAM3415311.1
OG0002794,KAF2209315,KAM3415312.1
OG0002795,KAF2209316,KAM3415313.1
OG0002796,KAF2209318,KAM3415315.1
OG0002797,KAF2209319,KAM3415316.1
OG0002798,KAF2209321,KAM3415318.1
OG0002799,KAF2209323,KAM3415321.1
OG0002800,KAF2209324,KAM3415322.1
OG0002801,KAF2209325,KAM3415323.1
OG0002802,KAF2209327,KAM3415325.1
OG0002803,KAF2209328,KAM3415326.1
OG0002804,KAF2209329,KAM3415327.1
OG0002805,KAF2209330,KAM3415328.1
OG0002806,KAF2209332,KAM3415331.1
OG0002807,KAF2209336,KAM3415334.1
OG0002808,KAF2209338,KAM3415336.1
OG0002809,KAF2209340,KAM3415338.1
OG0002810,KAF2209342,KAM3415340.1
OG0002811,KAF2209344,KAM3415341.1
OG0002812,KAF2209345,KAM3415342.1
OG0002813,KAF2209346,KAM3415343.1
OG0002814,KAF2209349,KAM3415346.1
OG0002815,KAF2209350,KAM3415347.1
OG0002816,KAF2209356,KAM3415353.1
OG0002817,KAF2209357,KAM3415354.1
OG0002818,KAF2209360,KAM3415356.1
OG0002819,KAF2209361,KAM3415357.1
OG0002820,KAF2209362,KAM3415358.1
OG0002821,KAF2209365,KAM3415361.1
OG0002822,KAF2209366,KAM3415362.1
OG0002823,KAF2209369,KAM3415365.1
OG0002824,KAF2209370,KAM3415369.1
OG0002825,KAF2209371,KAM3415370.1
OG0002826,KAF2209373,KAM3415372.1
OG0002827,KAF2209374,KAM3415373.1
OG0002828,KAF2209375,KAM3415374.1
OG0002829,KAF2209377,KAM3415376.1
OG0002830,KAF2209378,KAM3415377.1
OG0002831,KAF2209379,KAM3415378.1
OG0002832,KAF2209380,KAM3415379.1
OG0002833,KAF2209381,KAM3415380.1
OG0002834,KAF2209383,KAM3415382.1
OG0002836,KAF2209386,KAM3415388.1
OG0002837,KAF2209387,KAM3415389.1
OG0002838,KAF2209388,KAM3415390.1
OG0002839,KAF2209390,KAM3415391.1
OG0002840,KAF2209391,KAM3415392.1
OG0002841,KAF2209392,KAM3415393.1
OG0002842,KAF2209393,KAM3415394.1
OG0002843,KAF2209394,KAM3415395.1
OG0002844,KAF2209397,KAM3415398.1
OG0002845,KAF2209398,KAM3415399.1
OG0002846,KAF2209399,KAM3415400.1
OG0002847,KAF2209400,KAM3415401.1
OG0002848,KAF2209401,KAM3415402.1
OG0002849,KAF2209404,KAM3415405.1
OG0002850,KAF2209405,KAM3415406.1
OG0002851,KAF2209406,KAM3415407.1
OG0002852,KAF2209409,KAM3415411.1
OG0002853,KAF2209410,KAM3415412.1
OG0002854,KAF2209412,KAM3415415.1
OG0002855,KAF2209413,KAM3415416.1
OG0002856,KAF2209414,KAM3415417.1
OG0002857,KAF2209416,KAM3415419.1
OG0002858,KAF2209417,KAM3415420.1
OG0002859,KAF2209418,KAM3415421.1
OG0002860,KAF2209419,KAM3415422.1
OG0002861,KAF2209422,KAM3415426.1
OG0002862,KAF2209423,KAM3415427.1
OG0002863,KAF2212180,KAM3416008.1
OG0002864,KAF2212178,KAM3416010.1
OG0002865,KAF2212176,KAM3416011.1
OG0002866,KAF2212174,KAM3416013.1
OG0002867,KAF2212173,KAM3416014.1
OG0002868,KAF2212172,KAM3416015.1
OG0002869,KAF2212167,KAM3416026.1
OG0002870,KAF2212166,KAM3416027.1
OG0002871,KAF2212162,KAM3416032.1
OG0002872,KAF2212158,KAM3416064.1
OG0002873,KAF2212157,KAM3416063.1
OG0002874,KAF2212156,KAM3416062.1
OG0002875,KAF2212155,KAM3416061.1
OG0002876,KAF2212152,KAM3416058.1
OG0002877,KAF2212150,KAM3416057.1
OG0002878,KAF2212148,KAM3416055.1
OG0002879,KAF2212147,KAM3416054.1
OG0002880,KAF2212144,KAM3416048.1
OG0002881,KAF2212142,KAM3416047.1
OG0002882,KAF2212140,KAM3416044.1
OG0002883,KAF2206622,KAM3416039.1
OG0002884,KAF2206629,KAM3416037.1
OG0002885,KAF2206630,KAM3416036.1
OG0002886,KAF2212435,KAM3415722.1
OG0002887,KAF2206637,KAM3416070.1
OG0002888,KAF2212438,KAM3415719.1
OG0002889,KAF2212440,KAM3415717.1
OG0002890,KAF2212441,KAM3415716.1
OG0002891,KAF2212445,KAM3415713.1
OG0002892,KAF2212453,KAM3415708.1
OG0002893,KAF2212454,KAM3415705.1
OG0002894,KAF2212459,KAM3415699.1
OG0002895,KAF2212460,KAM3415698.1
OG0002896,KAF2212462,KAM3415695.1
OG0002897,KAF2212466,KAM3415689.1
OG0002898,KAF2212470,KAM3415684.1
OG0002899,KAF2212473,KAM3415681.1
OG0002900,KAF2212474,KAM3415680.1
OG0002901,KAF2212478,KAM3415678.1
OG0002902,KAF2212485,KAM3415670.1
OG0002903,KAF2212486,KAM3415669.1
OG0002904,KAF2212487,KAM3415668.1
OG0002905,KAF2212490,KAM3415665.1
OG0002906,KAF2212499,KAM3415657.1
OG0002907,KAF2212503,KAM3415653.1
OG0002908,KAF2212506,KAM3415651.1
OG0002909,KAF2212507,KAM3415650.1
OG0002910,KAF2212508,KAM3415649.1
OG0002911,KAF2210974,KAM3415639.1
OG0002912,KAF2210973,KAM3415638.1
OG0002913,KAF2210972,KAM3415637.1
OG0002914,KAF2210971,KAM3415636.1
OG0002915,KAF2210970,KAM3415635.1
OG0002916,KAF2210969,KAM3415634.1
OG0002917,KAF2210967,KAM3415632.1
OG0002918,KAF2210965,KAM3415630.1
OG0002919,KAF2210963,KAM3415629.1
OG0002920,KAF2210962,KAM3415628.1
OG0002921,KAF2210961,KAM3415627.1
OG0002922,KAF2210960,KAM3415626.1
OG0002923,KAF2210958,KAM3415624.1
OG0002924,KAF2210956,KAM3415622.1
OG0002925,KAF2210955,KAM3415621.1
OG0002926,KAF2210954,KAM3415620.1
OG0002927,KAF2210951,KAM3415617.1
OG0002928,KAF2210948,KAM3415614.1
OG0002929,KAF2210947,KAM3415613.1
OG0002930,KAF2210945,KAM3415612.1
OG0002931,KAF2210944,KAM3415611.1
OG0002932,KAF2210943,KAM3415610.1
OG0002933,KAF2210941,KAM3415607.1
OG0002934,KAF2210940,KAM3415606.1
OG0002935,KAF2210939,KAM3415605.1
OG0002936,KAF2210938,KAM3415604.1
OG0002937,KAF2210937,KAM3415603.1
OG0002938,KAF2210936,KAM3415602.1
OG0002939,KAF2210935,KAM3415601.1
OG0002940,KAF2210934,KAM3415600.1
OG0002941,KAF2210933,KAM3415599.1
OG0002942,KAF2210932,KAM3415598.1
OG0002943,KAF2210928,KAM3415594.1
OG0002944,KAF2210921,KAM3415588.1
OG0002945,KAF2210920,KAM3415587.1
OG0002946,KAF2210918,KAM3415585.1
OG0002947,KAF2210917,KAM3415584.1
OG0002948,KAF2210915,KAM3415582.1
OG0002949,KAF2210914,KAM3415581.1
OG0002950,KAF2210912,KAM3415579.1
OG0002951,KAF2210911,KAM3415578.1
OG0002952,KAF2210910,KAM3415577.1
OG0002953,KAF2210908,KAM3415575.1
OG0002954,KAF2210903,KAM3415570.1
OG0002955,KAF2210901,KAM3415568.1
OG0002956,KAF2210900,KAM3415567.1
OG0002957,KAF2210899,KAM3415566.1
OG0002958,KAF2210897,KAM3415564.1
OG0002959,KAF2210895,KAM3415562.1
OG0002960,KAF2210894,KAM3415561.1
OG0002961,KAF2210893,KAM3415560.1
OG0002962,KAF2210891,KAM3415558.1
OG0002963,KAF2210888,KAM3415554.1
OG0002964,KAF2210885,KAM3415551.1
OG0002965,KAF2210882,KAM3415548.1
OG0002966,KAF2210881,KAM3415547.1
OG0002967,KAF2210880,KAM3415546.1
OG0002968,KAF2210879,KAM3415545.1
OG0002969,KAF2210878,KAM3415544.1
OG0002970,KAF2210876,KAM3415543.1
OG0002971,KAF2210869,KAM3415537.1
OG0002972,KAF2210867,KAM3415535.1
OG0002973,KAF2210866,KAM3415534.1
OG0002974,KAF2210865,KAM3415533.1
OG0002976,KAF2210862,KAM3415529.1
OG0002977,KAF2210861,KAM3415528.1
OG0002978,KAF2210860,KAM3415527.1
OG0002979,KAF2210859,KAM3415526.1
OG0002980,KAF2210858,KAM3415525.1
OG0002981,KAF2210857,KAM3415524.1
OG0002982,KAF2210855,KAM3415522.1
OG0002983,KAF2210854,KAM3415521.1
OG0002984,KAF2210853,KAM3415519.1
OG0002985,KAF2210850,KAM3415517.1
OG0002986,KAF2210845,KAM3415514.1
OG0002987,KAF2210844,KAM3415513.1
OG0002988,KAF2210842,KAM3415511.1
OG0002989,KAF2210841,KAM3415510.1
OG0002990,KAF2210840,KAM3415509.1
OG0002991,KAF2210838,KAM3415507.1
OG0002992,KAF2210837,KAM3415506.1
OG0002993,KAF2210836,KAM3415505.1
OG0002994,KAF2210835,KAM3415504.1
OG0002995,KAF2210834,KAM3415503.1
OG0002996,KAF2210833,KAM3415501.1
OG0002997,KAF2210831,KAM3415500.1
OG0002998,KAF2210828,KAM3415497.1
OG0002999,KAF2210827,KAM3415496.1
OG0003000,KAF2210826,KAM3415495.1
OG0003001,KAF2210825,KAM3415494.1
OG0003002,KAF2210824,KAM3415493.1
OG0003003,KAF2210823,KAM3415492.1
OG0003004,KAF2210822,KAM3415491.1
OG0003005,KAF2210821,KAM3415490.1
OG0003006,KAF2210820,KAM3415489.1
OG0003007,KAF2210815,KAM3415484.1
OG0003008,KAF2210814,KAM3415483.1
OG0003009,KAF2210813,KAM3415482.1
OG0003010,KAF2210811,KAM3415480.1
OG0003011,KAF2210808,KAM3415477.1
OG0003012,KAF2210807,KAM3415476.1
OG0003013,KAF2210805,KAM3415475.1
OG0003014,KAF2210804,KAM3415474.1
OG0003015,KAF2210803,KAM3415473.1
OG0003016,KAF2210802,KAM3415472.1
OG0003017,KAF2210801,KAM3415471.1
OG0003018,KAF2210800,KAM3415470.1
OG0003019,KAF2210799,KAM3415469.1
OG0003020,KAF2210798,KAM3415468.1
OG0003021,KAF2210797,KAM3415467.1
OG0003022,KAF2210796,KAM3415466.1
OG0003023,KAF2210795,KAM3415465.1
OG0003024,KAF2210792,KAM3415462.1
OG0003025,KAF2210791,KAM3415461.1
OG0003026,KAF2210790,KAM3415460.1
OG0003027,KAF2210789,KAM3415459.1
OG0003028,KAF2210788,KAM3415457.1
OG0003029,KAF2210787,KAM3415456.1
OG0003030,KAF2210785,KAM3415454.1
OG0003031,KAF2210784,KAM3415452.1
OG0003032,KAF2210782,KAM3415450.1
OG0003033,KAF2210781,KAM3415449.1
OG0003034,KAF2210769,KAM3415447.1
OG0003035,KAF2210770,KAM3415446.1
OG0003036,KAF2210773,KAM3415442.1
OG0003037,KAF2210777,KAM3415438.1
OG0003038,KAF2210778,KAM3415437.1
OG0003039,KAF2210779,KAM3415435.1
OG0003040,KAF2212234,KAM3415953.1
OG0003041,KAF2212233,KAM3415954.1
OG0003042,KAF2212232,KAM3415955.1
OG0003043,KAF2212230,KAM3415957.1
OG0003044,KAF2212228,KAM3415959.1
OG0003045,KAF2212226,KAM3415960.1
OG0003046,KAF2212225,KAM3415961.1
OG0003047,KAF2212204,KAM3415982.1
OG0003048,KAF2212201,KAM3415985.1
OG0003049,KAF2212196,KAM3415991.1
OG0003050,KAF2212195,KAM3415992.1
OG0003051,KAF2212190,KAM3415997.1
OG0003052,KAF2212187,KAM3416000.1
OG0003053,KAF2212184,KAM3416003.1
OG0003054,KAF2212182,KAM3416006.1
OG0003055,KAF2212236,KAM3415950.1
OG0003056,KAF2212239,KAM3415947.1
OG0003057,KAF2212241,KAM3415946.1
OG0003058,KAF2212242,KAM3415945.1
OG0003059,KAF2212245,KAM3415942.1
OG0003060,KAF2212250,KAM3415938.1
OG0003061,KAF2212255,KAM3415932.1
OG0003062,KAF2212256,KAM3415931.1
OG0003063,KAF2212257,KAM3415929.1
OG0003064,KAF2212260,KAM3415927.1
OG0003065,KAF2212266,KAM3415920.1
OG0003067,KAF2212269,KAM3415916.1
OG0003068,KAF2212272,KAM3415912.1
OG0003069,KAF2212273,KAM3415910.1
OG0003070,KAF2212274,KAM3415909.1
OG0003071,KAF2212275,KAM3415908.1
OG0003072,KAF2212277,KAM3415904.1
OG0003073,KAF2212302,KAM3415871.1
OG0003074,KAF2212299,KAM3415874.1
OG0003075,KAF2212294,KAM3415878.1
OG0003076,KAF2212293,KAM3415879.1
OG0003077,KAF2212291,KAM3415881.1
OG0003078,KAF2212288,KAM3415884.1
OG0003079,KAF2212287,KAM3415885.1
OG0003080,KAF2212285,KAM3415890.1
OG0003081,KAF2212284,KAM3415891.1
OG0003082,KAF2212283,KAM3415893.1
OG0003083,KAF2212304,KAM3415867.1
OG0003084,KAF2212305,KAM3415866.1
OG0003085,KAF2212306,KAM3415865.1
OG0003086,KAF2212307,KAM3415864.1
OG0003087,KAF2212310,KAM3415862.1
OG0003088,KAF2212313,KAM3415859.1
OG0003089,KAF2212316,KAM3415857.1
OG0003090,KAF2212322,KAM3415851.1
OG0003091,KAF2212333,KAM3415841.1
OG0003092,KAF2212334,KAM3415840.1
OG0003093,KAF2212336,KAM3415838.1
OG0003094,KAF2212338,KAM3415836.1
OG0003095,KAF2212343,KAM3415831.1
OG0003096,KAF2212347,KAM3415828.1
OG0003097,KAF2212348,KAM3415827.1
OG0003098,KAF2212349,KAM3415826.1
OG0003099,KAF2212352,KAM3415823.1
OG0003100,KAF2212353,KAM3415822.1
OG0003101,KAF2212354,KAM3415821.1
OG0003102,KAF2212357,KAM3415819.1
OG0003103,KAF2212358,KAM3415818.1
OG0003104,KAF2212362,KAM3415812.1
OG0003105,KAF2212363,KAM3415811.1
OG0003106,KAF2212367,KAM3415807.1
OG0003107,KAF2212368,KAM3415806.1
OG0003108,KAF2212369,KAM3415805.1
OG0003109,KAF2212370,KAM3415804.1
OG0003110,KAF2212371,KAM3415803.1
OG0003111,KAF2212373,KAM3415801.1
OG0003112,KAF2212375,KAM3415797.1
OG0003113,KAF2212381,KAM3415792.1
OG0003114,KAF2212382,KAM3415791.1
OG0003115,KAF2212383,KAM3415790.1
OG0003116,KAF2212385,KAM3415788.1
OG0003117,KAF2212387,KAM3415786.1
OG0003118,KAF2212388,KAM3415785.1
OG0003119,KAF2212389,KAM3415784.1
OG0003120,KAF2212390,KAM3415783.1
OG0003121,KAF2212391,KAM3415782.1
OG0003122,KAF2212396,KAM3415767.1
OG0003123,KAF2212397,KAM3415766.1
OG0003124,KAF2212399,KAM3415765.1
OG0003125,KAF2212401,KAM3415763.1
OG0003126,KAF2212405,KAM3415758.1
OG0003127,KAF2212407,KAM3415755.1
OG0003128,KAF2212408,KAM3415754.1
OG0003129,KAF2212409,KAM3415753.1
OG0003130,KAF2212412,KAM3415750.1
OG0003131,KAF2212414,KAM3415748.1
OG0003132,KAF2212415,KAM3415747.1
OG0003133,KAF2212419,KAM3415741.1
OG0003134,KAF2212420,KAM3415740.1
OG0003135,KAF2212421,KAM3415739.1
OG0003137,KAF2212428,KAM3415728.1
OG0003138,KAF2212427,KAM3415729.1
OG0003139,KAF2212429,KAM3415727.1
OG0003140,KAF2212430,KAM3415726.1
OG0003141,KAF2212431,KAM3415725.1
OG0003142,KAF2212433,KAM3415724.1
OG0003143,KAF2206645,KAM3416079.1
OG0003144,KAF2206643,KAM3416078.1
OG0003145,KAF2206641,KAM3416076.1
OG0003146,KAF2206659,KAM3416092.1
OG0003147,KAF2206658,KAM3416091.1
OG0003148,KAF2206657,KAM3416090.1
OG0003149,KAF2206656,KAM3416089.1
OG0003150,KAF2206654,KAM3416087.1
OG0003151,KAF2206648,KAM3416081.1
OG0003152,KAF2206646,KAM3416080.1
OG0003153,KAF2206665,KAM3416098.1
OG0003154,KAF2206671,KAM3416107.1
OG0003155,KAF2206673,KAM3416110.1
OG0003156,KAF2206674,KAM3416111.1
OG0003157,KAF2214509,KAM3422374.1
OG0003158,KAF2214510,KAM3422373.1
OG0003159,KAF2214511,KAM3422372.1
OG0003161,KAF2214491,KAM3422398.1
OG0003162,KAF2214486,KAM3422403.1
OG0003163,KAF2214485,KAM3422404.1
OG0003164,KAF2214484,KAM3422405.1
OG0003165,KAF2214478,KAM3422411.1
OG0003166,KAF2214470,KAM3422421.1
OG0003167,KAF2207340,KAM3422497.1
OG0003168,KAF2207342,KAM3422495.1
OG0003169,KAF2207352,KAM3422489.1
OG0003170,KAF2207351,KAM3422488.1
OG0003171,KAF2207354,KAM3422486.1
OG0003172,KAF2207357,KAM3422483.1
OG0003173,KAF2214239,KAM3422214.1
OG0003174,KAF2214244,KAM3422208.1
OG0003176,KAF2214252,KAM3422204.1
OG0003177,KAF2214257,KAM3422199.1
OG0003178,KAF2214264,KAM3422190.1
OG0003179,KAF2214266,KAM3422188.1
OG0003180,KAF2214272,KAM3421967.1
OG0003181,KAF2214278,KAM3421976.1
OG0003182,KAF2214279,KAM3421977.1
OG0003183,KAF2214280,KAM3421978.1
OG0003184,KAF2214286,KAM3421983.1
OG0003186,KAF2214435,KAM3422238.1
OG0003187,KAF2214436,KAM3422239.1
OG0003188,KAF2214440,KAM3422241.1
OG0003189,KAF2214442,KAM3422243.1
OG0003190,KAF2214443,KAM3422244.1
OG0003191,KAF2214444,KAM3422245.1
OG0003192,KAF2214445,KAM3422247.1
OG0003193,KAF2214450,KAM3422250.1
OG0003194,KAF2214455,KAM3422256.1
OG0003195,KAF2214456,KAM3422257.1
OG0003196,KAF2214458,KAM3422259.1
OG0003197,KAF2214460,KAM3422261.1
OG0003198,KAF2214462,KAM3422264.1
OG0003199,KAF2214463,KAM3422265.1
OG0003200,KAF2214465,KAM3422267.1
OG0003201,KAF2214329,KAM3422020.1
OG0003202,KAF2214328,KAM3422019.1
OG0003203,KAF2214322,KAM3422016.1
OG0003204,KAF2214324,KAM3422017.1
OG0003205,KAF2214320,KAM3422014.1
OG0003206,KAF2214316,KAM3422012.1
OG0003207,KAF2214315,KAM3422013.1
OG0003208,KAF2214313,KAM3422009.1
OG0003209,KAF2214312,KAM3422008.1
OG0003210,KAF2214302,KAM3422001.1
OG0003211,KAF2214301,KAM3421999.1
OG0003212,KAF2214300,KAM3421998.1
OG0003213,KAF2214296,KAM3421993.1
OG0003214,KAF2214431,KAM3422234.1
OG0003215,KAF2214428,KAM3422231.1
OG0003216,KAF2214427,KAM3422230.1
OG0003217,KAF2214422,KAM3422226.1
OG0003218,KAF2214421,KAM3422225.1
OG0003219,KAF2214420,KAM3422224.1
OG0003220,KAF2214417,KAM3422222.1
OG0003222,KAF2215840,KAM3425184.1
OG0003223,KAF2214497,KAM3422388.1
OG0003225,KAF2214506,KAM3422379.1
OG0003226,KAF2214507,KAM3422378.1
OG0003227,KAF2214508,KAM3422377.1
OG0003228,KAF2214334,KAM3422025.1
OG0003229,KAF2214339,KAM3422029.1
OG0003230,KAF2214345,KAM3422035.1
OG0003231,KAF2214346,KAM3422036.1
OG0003232,KAF2214350,KAM3422039.1
OG0003233,KAF2214353,KAM3422042.1
OG0003234,KAF2214355,KAM3422044.1
OG0003235,KAF2214356,KAM3422045.1
OG0003236,KAF2214359,KAM3422048.1
OG0003237,KAF2214360,KAM3422049.1
OG0003239,KAF2214362,KAM3422052.1
OG0003240,KAF2214363,KAM3422053.1
OG0003241,KAF2214364,KAM3422054.1
OG0003242,KAF2214365,KAM3422055.1
OG0003243,KAF2214366,KAM3422056.1
OG0003244,KAF2214369,KAM3422059.1
OG0003245,KAF2214370,KAM3422060.1
OG0003246,KAF2214371,KAM3422061.1
OG0003247,KAF2214373,KAM3422063.1
OG0003248,KAF2214374,KAM3422064.1
OG0003249,KAF2214378,KAM3422070.1
OG0003250,KAF2214380,KAM3422071.1
OG0003251,KAF2214381,KAM3422072.1
OG0003252,KAF2214383,KAM3422075.1
OG0003253,KAF2214385,KAM3422077.1
OG0003254,KAF2214386,KAM3422079.1
OG0003255,KAF2214393,KAM3422092.1
OG0003256,KAF2214405,KAM3422100.1
OG0003257,KAF2214398,KAM3422096.1
OG0003258,KAF2214395,KAM3422094.1
OG0003259,KAF2214394,KAM3422093.1
OG0003260,KAF2214408,KAM3422103.1
OG0003261,KAF2214409,KAM3422104.1
OG0003262,KAF2214513,KAM3422371.1
OG0003263,KAF2214518,KAM3422363.1
OG0003264,KAF2214519,KAM3422362.1
OG0003265,KAF2214520,KAM3422361.1
OG0003266,KAF2214523,KAM3422358.1
OG0003267,KAF2214524,KAM3422357.1
OG0003268,KAF2214525,KAM3422356.1
OG0003269,KAF2214527,KAM3422355.1
OG0003270,KAF2214528,KAM3422354.1
OG0003271,KAF2214530,KAM3422351.1
OG0003272,KAF2214533,KAM3422347.1
OG0003273,KAF2214543,KAM3422332.1
OG0003274,KAF2209483,KAM3421117.1
OG0003275,KAF2209482,KAM3421118.1
OG0003276,KAF2209481,KAM3421119.1
OG0003277,KAF2209477,KAM3421124.1
OG0003278,KAF2209476,KAM3421126.1
OG0003279,KAF2209475,KAM3421127.1
OG0003280,KAF2209474,KAM3421128.1
OG0003281,KAF2209472,KAM3421130.1
OG0003282,KAF2209470,KAM3421132.1
OG0003283,KAF2209469,KAM3421133.1
OG0003284,KAF2209465,KAM3421137.1
OG0003285,KAF2211096,KAM3421879.1
OG0003286,KAF2211092,KAM3421875.1
OG0003287,KAF2211091,KAM3421874.1
OG0003288,KAF2208256,KAM3421211.1
OG0003289,KAF2208253,KAM3421208.1
OG0003290,KAF2208252,KAM3421207.1
OG0003291,KAF2208249,KAM3421204.1
OG0003292,KAF2208246,KAM3421201.1
OG0003293,KAF2208238,KAM3421192.1
OG0003294,KAF2208236,KAM3421190.1
OG0003295,KAF2208235,KAM3421189.1
OG0003296,KAF2208232,KAM3421235.1
OG0003297,KAF2208225,KAM3421317.1
OG0003298,KAF2208224,KAM3421319.1
OG0003299,KAF2208222,KAM3421320.1
OG0003300,KAF2209444,KAM3421161.1
OG0003301,KAF2209445,KAM3421160.1
OG0003302,KAF2209446,KAM3421158.1
OG0003303,KAF2209448,KAM3421156.1
OG0003304,KAF2209449,KAM3421155.1
OG0003305,KAF2209457,KAM3421146.1
OG0003306,KAF2209458,KAM3421145.1
OG0003307,KAF2209459,KAM3421144.1
OG0003308,KAF2209461,KAM3421142.1
OG0003309,KAF2209462,KAM3421141.1
OG0003310,KAF2209463,KAM3421140.1
OG0003311,KAF2211100,KAM3421882.1
OG0003312,KAF2211101,KAM3421884.1
OG0003313,KAF2211103,KAM3421886.1
OG0003314,KAF2211106,KAM3421889.1
OG0003315,KAF2211107,KAM3421890.1
OG0003316,KAF2211108,KAM3421893.1
OG0003317,KAF2211109,KAM3421894.1
OG0003318,KAF2211112,KAM3421897.1
OG0003319,KAF2211117,KAM3421902.1
OG0003320,KAF2211119,KAM3421904.1
OG0003321,KAF2211121,KAM3421906.1
OG0003322,KAF2211124,KAM3421910.1
OG0003323,KAF2211127,KAM3421913.1
OG0003324,KAF2211128,KAM3421914.1
OG0003325,KAF2211130,KAM3421915.1
OG0003326,KAF2211131,KAM3421916.1
OG0003327,KAF2211134,KAM3421918.1
OG0003328,KAF2211135,KAM3421919.1
OG0003329,KAF2211136,KAM3421920.1
OG0003330,KAF2211142,KAM3421924.1
OG0003331,KAF2211143,KAM3421925.1
OG0003332,KAF2206682,KAM3422165.1
OG0003333,KAF2206684,KAM3422167.1
OG0003335,KAF2211186,KAM3422179.1
OG0003336,KAF2211182,KAM3422183.1
OG0003337,KAF2211176,KAM3421960.1
OG0003338,KAF2211175,KAM3421959.1
OG0003339,KAF2211172,KAM3421955.1
OG0003340,KAF2211171,KAM3421954.1
OG0003341,KAF2211170,KAM3421953.1
OG0003342,KAF2211169,KAM3421952.1
OG0003343,KAF2211168,KAM3421951.1
OG0003344,KAF2211163,KAM3421944.1
OG0003345,KAF2211159,KAM3421940.1
OG0003347,KAF2211156,KAM3421938.1
OG0003348,KAF2211155,KAM3421936.1
OG0003349,KAF2211151,KAM3421934.1
OG0003350,KAF2211147,KAM3421929.1
OG0003351,KAF2211145,KAM3421927.1
OG0003352,KAF2211144,KAM3421926.1
OG0003353,KAF2206681,KAM3422164.1
OG0003354,KAF2207406,KAM3422427.1
OG0003355,KAF2207409,KAM3422425.1
OG0003356,KAF2207405,KAM3422428.1
OG0003357,KAF2207404,KAM3422429.1
OG0003358,KAF2207402,KAM3422431.1
OG0003359,KAF2207400,KAM3422434.1
OG0003360,KAF2207396,KAM3422444.1
OG0003361,KAF2207395,KAM3422445.1
OG0003362,KAF2207394,KAM3422446.1
OG0003363,KAF2207363,KAM3422476.1
OG0003364,KAF2207365,KAM3422475.1
OG0003365,KAF2207368,KAM3422471.1
OG0003366,KAF2207369,KAM3422470.1
OG0003367,KAF2207370,KAM3422469.1
OG0003368,KAF2207371,KAM3422468.1
OG0003369,KAF2207373,KAM3422466.1
OG0003370,KAF2207374,KAM3422465.1
OG0003371,KAF2207375,KAM3422464.1
OG0003372,KAF2207376,KAM3422463.1
OG0003373,KAF2207377,KAM3422462.1
OG0003374,KAF2207378,KAM3422461.1
OG0003375,KAF2207379,KAM3422460.1
OG0003376,KAF2207380,KAM3422459.1
OG0003377,KAF2207381,KAM3422458.1
OG0003378,KAF2207382,KAM3422457.1
OG0003379,KAF2207386,KAM3422451.1
OG0003380,KAF2207388,KAM3422450.1
OG0003381,KAF2207390,KAM3422448.1
OG0003382,KAF2207359,KAM3422481.1
OG0003383,KAF2214233,KAM3422111.1
OG0003384,KAF2214221,KAM3422118.1
OG0003385,KAF2214219,KAM3422120.1
OG0003386,KAF2214213,KAM3422126.1
OG0003387,KAF2214211,KAM3422128.1
OG0003388,KAF2214203,KAM3422137.1
OG0003389,KAF2214202,KAM3422139.1
OG0003390,KAF2214201,KAM3422140.1
OG0003391,KAF2214198,KAM3422143.1
OG0003392,KAF2214196,KAM3422146.1
OG0003393,KAF2214195,KAM3422147.1
OG0003394,KAF2214194,KAM3422148.1
OG0003395,KAF2214193,KAM3422149.1
OG0003396,KAF2214192,KAM3422150.1
OG0003397,KAF2214191,KAM3422151.1
OG0003398,KAF2214189,KAM3422153.1
OG0003399,KAF2206918,KAM3422288.1
OG0003400,KAF2206917,KAM3422287.1
OG0003401,KAF2206916,KAM3422286.1
OG0003402,KAF2206915,KAM3422285.1
OG0003403,KAF2206914,KAM3422284.1
OG0003404,KAF2207412,KAM3422274.1
OG0003405,KAF2206922,KAM3422290.1
OG0003406,KAF2206923,KAM3422291.1
OG0003407,KAF2206927,KAM3422295.1
OG0003408,KAF2206936,KAM3422304.1
OG0003410,KAF2206940,KAM3422308.1
OG0003411,KAF2206945,KAM3422314.1
OG0003412,KAF2206944,KAM3422313.1
OG0003413,KAF2206943,KAM3422311.1
OG0003414,KAF2206942,KAM3422310.1
OG0003415,KAF2206941,KAM3422309.1
OG0003416,KAF2214555,KAM3422319.1
OG0003417,KAF2214554,KAM3422320.1
OG0003418,KAF2214552,KAM3422322.1
OG0003419,KAF2211065,KAM3421854.1
OG0003420,KAF2211068,KAM3421857.1
OG0003421,KAF2211070,KAM3421858.1
OG0003422,KAF2211075,KAM3421861.1
OG0003423,KAF2211078,KAM3421863.1
OG0003424,KAF2211080,KAM3421864.1
OG0003425,KAF2211082,KAM3421865.1
OG0003426,KAF2211085,KAM3421867.1
OG0003427,KAF2211087,KAM3421869.1
OG0003428,KAF2208203,KAM3421340.1
OG0003429,KAF2208205,KAM3421338.1
OG0003430,KAF2208206,KAM3421337.1
OG0003431,KAF2208208,KAM3421336.1
OG0003432,KAF2208209,KAM3421335.1
OG0003433,KAF2208211,KAM3421331.1
OG0003435,KAF2209441,KAM3421165.1
OG0003436,KAF2208267,KAM3421223.1
OG0003437,KAF2212516,KAM3415014.1
OG0003438,KAF2208265,KAM3421221.1
OG0003439,KAF2208264,KAM3421220.1
OG0003440,KAF2208263,KAM3421219.1
OG0003441,KAF2210534,KAM3421526.1
OG0003442,KAF2210532,KAM3421525.1
OG0003443,KAF2210530,KAM3421524.1
OG0003444,KAF2210271,KAM3421523.1
OG0003445,KAF2210269,KAM3421521.1
OG0003446,KAF2210268,KAM3421520.1
OG0003447,KAF2210266,KAM3421517.1
OG0003448,KAF2210263,KAM3421515.1
OG0003449,KAF2210254,KAM3421508.1
OG0003450,KAF2210251,KAM3421504.1
OG0003451,KAF2210248,KAM3421502.1
OG0003453,KAF2210247,KAM3421499.1
OG0003454,KAF2210244,KAM3421496.1
OG0003455,KAF2210243,KAM3421495.1
OG0003456,KAF2210236,KAM3421487.1
OG0003457,KAF2210235,KAM3421486.1
OG0003458,KAF2210229,KAM3421481.1
OG0003459,KAF2210221,KAM3421476.1
OG0003460,KAF2210220,KAM3421475.1
OG0003461,KAF2210219,KAM3421474.1
OG0003462,KAF2210218,KAM3421473.1
OG0003463,KAF2210215,KAM3421469.1
OG0003464,KAF2210212,KAM3421465.1
OG0003465,KAF2210211,KAM3421464.1
OG0003466,KAF2210203,KAM3421457.1
OG0003467,KAF2210199,KAM3421456.1
OG0003468,KAF2210197,KAM3421454.1
OG0003469,KAF2210196,KAM3421453.1
OG0003470,KAF2210192,KAM3421449.1
OG0003472,KAF2210185,KAM3421442.1
OG0003473,KAF2210184,KAM3421441.1
OG0003474,KAF2210183,KAM3421440.1
OG0003475,KAF2210180,KAM3421437.1
OG0003476,KAF2210179,KAM3421436.1
OG0003477,KAF2210178,KAM3421435.1
OG0003478,KAF2210177,KAM3421434.1
OG0003479,KAF2210175,KAM3421432.1
OG0003480,KAF2206234,KAM3421431.1
OG0003481,KAF2206242,KAM3421423.1
OG0003482,KAF2206243,KAM3421422.1
OG0003483,KAF2208129,KAM3421415.1
OG0003484,KAF2208133,KAM3421412.1
OG0003485,KAF2208134,KAM3421411.1
OG0003486,KAF2208136,KAM3421410.1
OG0003487,KAF2208142,KAM3421404.1
OG0003488,KAF2210704,KAM3421707.1
OG0003489,KAF2210703,KAM3421706.1
OG0003490,KAF2210706,KAM3421709.1
OG0003491,KAF2210708,KAM3421711.1
OG0003492,KAF2210710,KAM3421714.1
OG0003494,KAF2210717,KAM3421724.1
OG0003495,KAF2210718,KAM3421725.1
OG0003496,KAF2210719,KAM3421726.1
OG0003497,KAF2210721,KAM3421728.1
OG0003498,KAF2210722,KAM3421729.1
OG0003499,KAF2210724,KAM3421730.1
OG0003500,KAF2210725,KAM3421731.1
OG0003501,KAF2210726,KAM3421732.1
OG0003502,KAF2210731,KAM3421737.1
OG0003503,KAF2210734,KAM3421739.1
OG0003504,KAF2210740,KAM3421743.1
OG0003505,KAF2210753,KAM3421753.1
OG0003506,KAF2209593,KAM3421075.1
OG0003507,KAF2209592,KAM3421076.1
OG0003508,KAF2209557,KAM3421281.1
OG0003509,KAF2209558,KAM3421282.1
OG0003510,KAF2209563,KAM3421285.1
OG0003511,KAF2209570,KAM3421295.1
OG0003512,KAF2209571,KAM3421296.1
OG0003513,KAF2209583,KAM3421087.1
OG0003514,KAF2209553,KAM3421278.1
OG0003515,KAF2209552,KAM3421277.1
OG0003516,KAF2209551,KAM3421273.1
OG0003517,KAF2209548,KAM3421269.1
OG0003518,KAF2209546,KAM3421264.1
OG0003519,KAF2209538,KAM3421262.1
OG0003520,KAF2209539,KAM3421261.1
OG0003521,KAF2209540,KAM3421260.1
OG0003522,KAF2209543,KAM3421257.1
OG0003523,KAF2209544,KAM3421256.1
OG0003524,KAF2209535,KAM3421251.1
OG0003525,KAF2209534,KAM3421250.1
OG0003526,KAF2209533,KAM3421249.1
OG0003527,KAF2209530,KAM3421246.1
OG0003528,KAF2209525,KAM3421240.1
OG0003530,KAF2209521,KAM3421310.1
OG0003531,KAF2209520,KAM3421309.1
OG0003532,KAF2209518,KAM3421307.1
OG0003533,KAF2209514,KAM3421305.1
OG0003534,KAF2209511,KAM3421094.1
OG0003535,KAF2209507,KAM3421097.1
OG0003536,KAF2209505,KAM3421099.1
OG0003537,KAF2209502,KAM3421102.1
OG0003538,KAF2209500,KAM3421103.1
OG0003539,KAF2209494,KAM3421108.1
OG0003540,KAF2209493,KAM3421109.1
OG0003541,KAF2209489,KAM3421113.1
OG0003542,KAF2211064,KAM3421853.1
OG0003543,KAF2211056,KAM3421845.1
OG0003544,KAF2211054,KAM3421842.1
OG0003545,KAF2211051,KAM3421840.1
OG0003546,KAF2211045,KAM3421835.1
OG0003547,KAF2211043,KAM3421833.1
OG0003548,KAF2211042,KAM3421832.1
OG0003549,KAF2211036,KAM3421827.1
OG0003550,KAF2211034,KAM3421825.1
OG0003551,KAF2211032,KAM3421823.1
OG0003552,KAF2211031,KAM3421821.1
OG0003553,KAF2211026,KAM3421818.1
OG0003554,KAF2211024,KAM3421815.1
OG0003555,KAF2211023,KAM3421813.1
OG0003557,KAF2211015,KAM3421806.1
OG0003558,KAF2211014,KAM3421805.1
OG0003559,KAF2211013,KAM3421804.1
OG0003560,KAF2211011,KAM3421802.1
OG0003561,KAF2211009,KAM3421799.1
OG0003562,KAF2211004,KAM3421795.1
OG0003563,KAF2211003,KAM3421794.1
OG0003564,KAF2211002,KAM3421793.1
OG0003565,KAF2211001,KAM3421792.1
OG0003566,KAF2210998,KAM3421790.1
OG0003567,KAF2210997,KAM3421789.1
OG0003568,KAF2210994,KAM3421787.1
OG0003569,KAF2210993,KAM3421786.1
OG0003570,KAF2210990,KAM3421781.1
OG0003571,KAF2210602,KAM3421601.1
OG0003572,KAF2210601,KAM3421599.1
OG0003573,KAF2210599,KAM3421596.1
OG0003574,KAF2210596,KAM3421593.1
OG0003575,KAF2210595,KAM3421592.1
OG0003576,KAF2210594,KAM3421591.1
OG0003577,KAF2210591,KAM3421589.1
OG0003578,KAF2210590,KAM3421588.1
OG0003579,KAF2210589,KAM3421587.1
OG0003581,KAF2210586,KAM3421578.1
OG0003582,KAF2210585,KAM3421577.1
OG0003583,KAF2210583,KAM3421574.1
OG0003584,KAF2210582,KAM3421573.1
OG0003585,KAF2210983,KAM3421774.1
OG0003586,KAF2210606,KAM3421606.1
OG0003587,KAF2210607,KAM3421607.1
OG0003588,KAF2210612,KAM3421611.1
OG0003589,KAF2210615,KAM3421614.1
OG0003590,KAF2210616,KAM3421615.1
OG0003591,KAF2210617,KAM3421616.1
OG0003592,KAF2210620,KAM3421619.1
OG0003593,KAF2210621,KAM3421622.1
OG0003594,KAF2210622,KAM3421623.1
OG0003595,KAF2210624,KAM3421626.1
OG0003596,KAF2210628,KAM3421634.1
OG0003597,KAF2210630,KAM3421637.1
OG0003598,KAF2210632,KAM3421638.1
OG0003599,KAF2210634,KAM3421642.1
OG0003600,KAF2210635,KAM3421643.1
OG0003601,KAF2210639,KAM3421647.1
OG0003602,KAF2210641,KAM3421649.1
OG0003603,KAF2210644,KAM3421651.1
OG0003604,KAF2210646,KAM3421653.1
OG0003605,KAF2210647,KAM3421655.1
OG0003606,KAF2210654,KAM3421660.1
OG0003607,KAF2210655,KAM3421661.1
OG0003608,KAF2210656,KAM3421662.1
OG0003609,KAF2210657,KAM3421663.1
OG0003610,KAF2210662,KAM3421666.1
OG0003611,KAF2210663,KAM3421667.1
OG0003612,KAF2210672,KAM3421673.1
OG0003613,KAF2210675,KAM3421674.1
OG0003614,KAF2210678,KAM3421678.1
OG0003615,KAF2210681,KAM3421680.1
OG0003616,KAF2210682,KAM3421681.1
OG0003617,KAF2210683,KAM3421682.1
OG0003618,KAF2210686,KAM3421687.1
OG0003619,KAF2210691,KAM3421693.1
OG0003620,KAF2210692,KAM3421694.1
OG0003621,KAF2208144,KAM3421401.1
OG0003622,KAF2208145,KAM3421400.1
OG0003623,KAF2209428,KAM3421181.1
OG0003624,KAF2210756,KAM3421755.1
OG0003625,KAF2210762,KAM3421761.1
OG0003626,KAF2210763,KAM3421762.1
OG0003627,KAF2210765,KAM3421763.1
OG0003628,KAF2210767,KAM3421765.1
OG0003629,KAF2210977,KAM3421766.1
OG0003630,KAF2210980,KAM3421770.1
OG0003631,KAF2210981,KAM3421771.1
OG0003632,KAF2210567,KAM3421560.1
OG0003633,KAF2210565,KAM3421558.1
OG0003635,KAF2210556,KAM3421547.1
OG0003636,KAF2210555,KAM3421545.1
OG0003637,KAF2210554,KAM3421544.1
OG0003638,KAF2210553,KAM3421543.1
OG0003639,KAF2210551,KAM3421541.1
OG0003640,KAF2210547,KAM3421538.1
OG0003641,KAF2210546,KAM3421537.1
OG0003642,KAF2210545,KAM3421536.1
OG0003643,KAF2210543,KAM3421535.1
OG0003644,KAF2210537,KAM3421530.1
OG0003645,KAF2208192,KAM3421350.1
OG0003646,KAF2208190,KAM3421352.1
OG0003647,KAF2208185,KAM3421359.1
OG0003648,KAF2208183,KAM3421361.1
OG0003649,KAF2208182,KAM3421362.1
OG0003650,KAF2208174,KAM3421369.1
OG0003651,KAF2208171,KAM3421373.1
OG0003652,KAF2208170,KAM3421374.1
OG0003653,KAF2208167,KAM3421376.1
OG0003654,KAF2208163,KAM3421381.1
OG0003655,KAF2209431,KAM3421178.1
OG0003656,KAF2209432,KAM3421177.1
OG0003657,KAF2209434,KAM3421175.1
OG0003658,KAF2209437,KAM3421170.1
OG0003659,KAF2209439,KAM3421168.1
OG0003660,KAF2208268,KAM3421224.1
OG0003661,KAF2208270,KAM3421226.1
OG0003662,KAF2208271,KAM3421227.1
OG0003663,KAF2211305,KAM3414385.1
OG0003664,KAF2209601,KAM3421066.1
OG0003665,KAF2209603,KAM3421064.1
OG0003666,KAF2209607,KAM3421061.1
OG0003667,KAF2209611,KAM3421058.1
OG0003668,KAF2209612,KAM3421057.1
OG0003669,KAF2209618,KAM3420984.1
OG0003670,KAF2209624,KAM3420992.1
OG0003671,KAF2209629,KAM3420996.1
OG0003672,KAF2209630,KAM3420997.1
OG0003673,KAF2209631,KAM3420998.1
OG0003674,KAF2209639,KAM3421010.1
OG0003675,KAF2209642,KAM3421014.1
OG0003676,KAF2209643,KAM3421015.1
OG0003677,KAF2209647,KAM3421020.1
OG0003678,KAF2209651,KAM3421025.1
OG0003679,KAF2208029,KAM3421034.1
OG0003680,KAF2208031,KAM3421037.1
OG0003681,KAF2208040,KAM3421041.1
OG0003682,KAF2208032,KAM3421038.1
OG0003683,KAF2208043,KAM3421047.1
OG0003684,KAF2208044,KAM3421048.1
OG0003685,KAF2208045,KAM3421049.1
OG0003686,KAF2208049,KAM3420980.1
OG0003687,KAF2208050,KAM3420979.1
OG0003688,KAF2208052,KAM3420978.1
OG0003689,KAF2208055,KAM3420973.1
OG0003690,KAF2208079,KAM3413550.1
OG0003691,KAF2208077,KAM3413553.1
OG0003692,KAF2208073,KAM3413557.1
OG0003693,KAF2208081,KAM3413548.1
OG0003694,KAF2208082,KAM3413546.1
OG0003695,KAF2208083,KAM3413545.1
OG0003696,KAF2208085,KAM3413543.1
OG0003697,KAF2208088,KAM3413541.1
OG0003698,KAF2208090,KAM3413539.1
OG0003699,KAF2208101,KAM3413534.1
OG0003700,KAF2208108,KAM3413528.1
OG0003702,KAF2208113,KAM3413525.1
OG0003703,KAF2208116,KAM3413522.1
OG0003704,KAF2208117,KAM3413521.1
OG0003705,KAF2208122,KAM3413516.1
OG0003706,KAF2208123,KAM3413515.1
OG0003707,KAF2209161,KAM3422591.1
OG0003708,KAF2209160,KAM3422590.1
OG0003709,KAF2216161,KAM3422530.1
OG0003710,KAF2216157,KAM3422534.1
OG0003711,KAF2216156,KAM3422535.1
OG0003712,KAF2216155,KAM3422541.1
OG0003713,KAF2216154,KAM3422542.1
OG0003714,KAF2216148,KAM3422548.1
OG0003715,KAF2216140,KAM3422555.1
OG0003716,KAF2216133,KAM3422562.1
OG0003717,KAF2216131,KAM3422566.1
OG0003718,KAF2216130,KAM3422567.1
OG0003719,KAF2216128,KAM3422570.1
OG0003720,KAF2216127,KAM3422571.1
OG0003721,KAF2216126,KAM3422572.1
OG0003722,KAF2206308,KAM3413670.1
OG0003723,KAF2206227,KAM3413473.1
OG0003724,KAF2206226,KAM3413472.1
OG0003725,KAF2206491,KAM3413469.1
OG0003726,KAF2206492,KAM3413468.1
OG0003727,KAF2206494,KAM3413466.1
OG0003728,KAF2206498,KAM3413462.1
OG0003729,KAF2206501,KAM3422685.1
OG0003730,KAF2206504,KAM3422680.1
OG0003731,KAF2206509,KAM3422675.1
OG0003732,KAF2206510,KAM3422674.1
OG0003733,KAF2206511,KAM3422672.1
OG0003734,KAF2206514,KAM3422669.1
OG0003735,KAF2209232,KAM3422661.1
OG0003736,KAF2209231,KAM3422659.1
OG0003737,KAF2209229,KAM3422657.1
OG0003738,KAF2209227,KAM3422656.1
OG0003739,KAF2209224,KAM3422654.1
OG0003740,KAF2209209,KAM3422640.1
OG0003741,KAF2209210,KAM3422641.1
OG0003742,KAF2209213,KAM3422644.1
OG0003743,KAF2209215,KAM3422646.1
OG0003744,KAF2209223,KAM3422653.1
OG0003745,KAF2209207,KAM3422638.1
OG0003746,KAF2209204,KAM3422637.1
OG0003747,KAF2209199,KAM3422631.1
OG0003748,KAF2209198,KAM3422630.1
OG0003749,KAF2209197,KAM3422629.1
OG0003750,KAF2209191,KAM3422622.1
OG0003751,KAF2209186,KAM3422619.1
OG0003752,KAF2209180,KAM3422615.1
OG0003753,KAF2209179,KAM3422613.1
OG0003754,KAF2209177,KAM3422611.1
OG0003755,KAF2209171,KAM3422603.1
OG0003756,KAF2209170,KAM3422602.1
OG0003757,KAF2209169,KAM3422601.1
OG0003758,KAF2209175,KAM3422609.1
OG0003759,KAF2209168,KAM3422599.1
OG0003760,KAF2216163,KAM3422527.1
OG0003761,KAF2209146,KAM3415771.1
OG0003762,KAF2216454,KAM3422944.1
OG0003763,KAF2216453,KAM3422945.1
OG0003764,KAF2216452,KAM3422946.1
OG0003765,KAF2216451,KAM3422947.1
OG0003766,KAF2216449,KAM3422949.1
OG0003767,KAF2216445,KAM3422955.1
OG0003768,KAF2216172,KAM3422518.1
OG0003769,KAF2216170,KAM3422520.1
OG0003770,KAF2216169,KAM3422521.1
OG0003771,KAF2216167,KAM3422522.1
OG0003772,KAF2216166,KAM3422523.1
OG0003773,KAF2216455,KAM3422943.1
OG0003774,KAF2216457,KAM3422941.1
OG0003775,KAF2216458,KAM3422940.1
OG0003776,KAF2216459,KAM3422939.1
OG0003777,KAF2216468,KAM3422938.1
OG0003778,KAF2216471,KAM3422935.1
OG0003780,KAF2216472,KAM3422933.1
OG0003781,KAF2216474,KAM3422931.1
OG0003782,KAF2216475,KAM3422930.1
OG0003783,KAF2216478,KAM3422928.1
OG0003784,KAF2216480,KAM3422926.1
OG0003785,KAF2216483,KAM3422921.1
OG0003786,KAF2216484,KAM3422920.1
OG0003787,KAF2216486,KAM3422918.1
OG0003788,KAF2216491,KAM3422915.1
OG0003789,KAF2216494,KAM3422912.1
OG0003790,KAF2216495,KAM3422911.1
OG0003791,KAF2216496,KAM3422910.1
OG0003792,KAF2216498,KAM3422909.1
OG0003793,KAF2216505,KAM3422901.1
OG0003794,KAF2216506,KAM3422900.1
OG0003795,KAF2216510,KAM3423024.1
OG0003796,KAF2216508,KAM3423022.1
OG0003797,KAF2216507,KAM3423021.1
OG0003798,KAF2216504,KAM3422902.1
OG0003799,KAF2216503,KAM3422903.1
OG0003800,KAF2206986,KAM3423247.1
OG0003801,KAF2206982,KAM3423241.1
OG0003802,KAF2206980,KAM3423239.1
OG0003803,KAF2206979,KAM3423238.1
OG0003804,KAF2206973,KAM3423231.1
OG0003805,KAF2206972,KAM3423230.1
OG0003806,KAF2206967,KAM3423227.1
OG0003807,KAF2206964,KAM3423225.1
OG0003808,KAF2206959,KAM3423219.1
OG0003809,KAF2206955,KAM3423214.1
OG0003810,KAF2206954,KAM3423213.1
OG0003811,KAF2206951,KAM3423211.1
OG0003812,KAF2216660,KAM3423205.1
OG0003813,KAF2216659,KAM3423204.1
OG0003814,KAF2216658,KAM3423203.1
OG0003815,KAF2216657,KAM3423202.1
OG0003816,KAF2216656,KAM3423201.1
OG0003817,KAF2216654,KAM3423199.1
OG0003818,KAF2216277,KAM3422780.1
OG0003819,KAF2216278,KAM3422781.1
OG0003820,KAF2216280,KAM3422783.1
OG0003821,KAF2216281,KAM3422784.1
OG0003822,KAF2216282,KAM3422786.1
OG0003823,KAF2216284,KAM3422788.1
OG0003824,KAF2216285,KAM3422789.1
OG0003825,KAF2216286,KAM3422791.1
OG0003826,KAF2216287,KAM3422792.1
OG0003827,KAF2216288,KAM3422793.1
OG0003828,KAF2216289,KAM3422794.1
OG0003829,KAF2216291,KAM3422796.1
OG0003830,KAF2216293,KAM3422799.1
OG0003831,KAF2216295,KAM3422802.1
OG0003832,KAF2216296,KAM3422803.1
OG0003833,KAF2216297,KAM3422804.1
OG0003834,KAF2216300,KAM3422808.1
OG0003835,KAF2216301,KAM3422809.1
OG0003836,KAF2216303,KAM3422811.1
OG0003837,KAF2216310,KAM3422818.1
OG0003838,KAF2216311,KAM3422819.1
OG0003839,KAF2216315,KAM3422823.1
OG0003840,KAF2216316,KAM3422824.1
OG0003841,KAF2216317,KAM3422825.1
OG0003842,KAF2216318,KAM3422826.1
OG0003843,KAF2216321,KAM3422830.1
OG0003844,KAF2216322,KAM3422831.1
OG0003845,KAF2216324,KAM3422833.1
OG0003846,KAF2216325,KAM3422834.1
OG0003847,KAF2216326,KAM3422835.1
OG0003848,KAF2216328,KAM3422837.1
OG0003849,KAF2216330,KAM3422840.1
OG0003850,KAF2216332,KAM3422842.1
OG0003851,KAF2216333,KAM3422843.1
OG0003852,KAF2216334,KAM3422844.1
OG0003853,KAF2216335,KAM3422845.1
OG0003854,KAF2216336,KAM3422846.1
OG0003855,KAF2216337,KAM3422847.1
OG0003856,KAF2216339,KAM3422849.1
OG0003857,KAF2216342,KAM3422852.1
OG0003858,KAF2216343,KAM3422853.1
OG0003859,KAF2216344,KAM3422854.1
OG0003860,KAF2216345,KAM3422856.1
OG0003861,KAF2216352,KAM3422860.1
OG0003862,KAF2216350,KAM3422861.1
OG0003863,KAF2216349,KAM3422862.1
OG0003864,KAF2216348,KAM3422863.1
OG0003865,KAF2216347,KAM3422864.1
OG0003866,KAF2216358,KAM3422865.1
OG0003867,KAF2216357,KAM3422866.1
OG0003868,KAF2216356,KAM3422867.1
OG0003869,KAF2216362,KAM3422872.1
OG0003870,KAF2216360,KAM3422870.1
OG0003871,KAF2216359,KAM3422869.1
OG0003872,KAF2216210,KAM3422706.1
OG0003873,KAF2216212,KAM3422708.1
OG0003874,KAF2216217,KAM3422711.1
OG0003875,KAF2216209,KAM3422705.1
OG0003876,KAF2216208,KAM3422704.1
OG0003877,KAF2216207,KAM3422703.1
OG0003878,KAF2216205,KAM3422701.1
OG0003879,KAF2216202,KAM3422696.1
OG0003880,KAF2216198,KAM3422693.1
OG0003881,KAF2216196,KAM3422690.1
OG0003882,KAF2216195,KAM3422689.1
OG0003883,KAF2216194,KAM3422688.1
OG0003884,KAF2216193,KAM3413461.1
OG0003885,KAF2216191,KAM3413459.1
OG0003886,KAF2216190,KAM3422499.1
OG0003887,KAF2216188,KAM3422500.1
OG0003888,KAF2216187,KAM3422501.1
OG0003889,KAF2216186,KAM3422502.1
OG0003890,KAF2216185,KAM3422503.1
OG0003891,KAF2216182,KAM3422506.1
OG0003892,KAF2216181,KAM3422507.1
OG0003893,KAF2216180,KAM3422508.1
OG0003894,KAF2216179,KAM3422509.1
OG0003895,KAF2216178,KAM3422512.1
OG0003896,KAF2216177,KAM3422513.1
OG0003897,KAF2216176,KAM3422514.1
OG0003898,KAF2216442,KAM3422959.1
OG0003899,KAF2216440,KAM3422962.1
OG0003900,KAF2216439,KAM3422963.1
OG0003901,KAF2216437,KAM3422965.1
OG0003902,KAF2216434,KAM3422968.1
OG0003903,KAF2216432,KAM3422970.1
OG0003904,KAF2216431,KAM3422971.1
OG0003905,KAF2216430,KAM3422972.1
OG0003906,KAF2216428,KAM3422974.1
OG0003907,KAF2216426,KAM3422976.1
OG0003908,KAF2216425,KAM3422977.1
OG0003909,KAF2216421,KAM3422982.1
OG0003910,KAF2216420,KAM3422983.1
OG0003911,KAF2216419,KAM3422984.1
OG0003912,KAF2216418,KAM3422985.1
OG0003913,KAF2216417,KAM3422986.1
OG0003914,KAF2216415,KAM3422989.1
OG0003915,KAF2216414,KAM3422990.1
OG0003916,KAF2216410,KAM3422995.1
OG0003917,KAF2216406,KAM3422999.1
OG0003918,KAF2216405,KAM3423000.1
OG0003919,KAF2216404,KAM3423001.1
OG0003920,KAF2216402,KAM3423003.1
OG0003921,KAF2216401,KAM3423004.1
OG0003922,KAF2216396,KAM3423011.1
OG0003923,KAF2216395,KAM3423012.1
OG0003924,KAF2216389,KAM3423017.1
OG0003925,KAF2216388,KAM3423018.1
OG0003926,KAF2216387,KAM3423019.1
OG0003927,KAF2216386,KAM3423020.1
OG0003928,KAF2216385,KAM3422899.1
OG0003929,KAF2216383,KAM3422894.1
OG0003930,KAF2216379,KAM3422891.1
OG0003931,KAF2216375,KAM3422886.1
OG0003932,KAF2216374,KAM3422885.1
OG0003933,KAF2216373,KAM3422884.1
OG0003934,KAF2216372,KAM3422883.1
OG0003935,KAF2216370,KAM3422881.1
OG0003936,KAF2216368,KAM3422878.1
OG0003937,KAF2216366,KAM3422876.1
OG0003938,KAF2216365,KAM3422875.1
OG0003939,KAF2216364,KAM3422874.1
OG0003940,KAF2216218,KAM3422712.1
OG0003941,KAF2216219,KAM3422713.1
OG0003942,KAF2216220,KAM3422714.1
OG0003943,KAF2216221,KAM3422715.1
OG0003944,KAF2216222,KAM3422716.1
OG0003945,KAF2216225,KAM3422726.1
OG0003946,KAF2216226,KAM3422727.1
OG0003947,KAF2216230,KAM3422730.1
OG0003948,KAF2216231,KAM3422731.1
OG0003949,KAF2216235,KAM3422734.1
OG0003950,KAF2216236,KAM3422735.1
OG0003951,KAF2216239,KAM3422736.1
OG0003952,KAF2216242,KAM3422739.1
OG0003953,KAF2216243,KAM3422740.1
OG0003954,KAF2216245,KAM3422742.1
OG0003955,KAF2216248,KAM3422746.1
OG0003956,KAF2216250,KAM3422749.1
OG0003957,KAF2216251,KAM3422750.1
OG0003958,KAF2216252,KAM3422751.1
OG0003959,KAF2216253,KAM3422752.1
OG0003960,KAF2216254,KAM3422753.1
OG0003961,KAF2216255,KAM3422754.1
OG0003962,KAF2216258,KAM3422758.1
OG0003963,KAF2216265,KAM3422764.1
OG0003964,KAF2216266,KAM3422765.1
OG0003965,KAF2216273,KAM3422774.1
OG0003966,KAF2216274,KAM3422775.1
OG0003967,KAF2216652,KAM3423198.1
OG0003968,KAF2216651,KAM3423197.1
OG0003969,KAF2216647,KAM3423194.1
OG0003970,KAF2216646,KAM3423193.1
OG0003971,KAF2216645,KAM3423192.1
OG0003972,KAF2216644,KAM3423191.1
OG0003973,KAF2216643,KAM3423190.1
OG0003974,KAF2216637,KAM3423181.1
OG0003975,KAF2216636,KAM3423180.1
OG0003976,KAF2216635,KAM3423179.1
OG0003977,KAF2216634,KAM3423178.1
OG0003978,KAF2216633,KAM3423177.1
OG0003979,KAF2216630,KAM3423175.1
OG0003980,KAF2216629,KAM3423174.1
OG0003981,KAF2216628,KAM3423173.1
OG0003982,KAF2216627,KAM3423172.1
OG0003983,KAF2216623,KAM3423169.1
OG0003984,KAF2216621,KAM3423167.1
OG0003985,KAF2216620,KAM3423166.1
OG0003986,KAF2208413,KAM3417953.1
OG0003987,KAF2216563,KAM3423101.1
OG0003988,KAF2216566,KAM3423105.1
OG0003989,KAF2216568,KAM3423107.1
OG0003990,KAF2216571,KAM3423112.1
OG0003991,KAF2216573,KAM3423113.1
OG0003992,KAF2216574,KAM3423114.1
OG0003993,KAF2216576,KAM3423116.1
OG0003994,KAF2216577,KAM3423117.1
OG0003995,KAF2216578,KAM3423118.1
OG0003996,KAF2216579,KAM3423119.1
OG0003997,KAF2216584,KAM3423123.1
OG0003998,KAF2216583,KAM3423122.1
OG0003999,KAF2216595,KAM3423133.1
OG0004000,KAF2216597,KAM3423135.1
OG0004001,KAF2216598,KAM3423139.1
OG0004002,KAF2216605,KAM3423150.1
OG0004003,KAF2216558,KAM3423090.1
OG0004004,KAF2216556,KAM3423088.1
OG0004006,KAF2216549,KAM3423077.1
OG0004007,KAF2216548,KAM3423076.1
OG0004008,KAF2216547,KAM3423075.1
OG0004009,KAF2216545,KAM3423073.1
OG0004010,KAF2216544,KAM3423072.1
OG0004011,KAF2216543,KAM3423071.1
OG0004012,KAF2216542,KAM3423069.1
OG0004013,KAF2216538,KAM3423066.1
OG0004014,KAF2216537,KAM3423065.1
OG0004015,KAF2216536,KAM3423064.1
OG0004016,KAF2216534,KAM3423061.1
OG0004017,KAF2216526,KAM3423047.1
OG0004018,KAF2216525,KAM3423045.1
OG0004019,KAF2216524,KAM3423044.1
OG0004020,KAF2216523,KAM3423043.1
OG0004021,KAF2216521,KAM3423041.1
OG0004022,KAF2216519,KAM3423036.1
OG0004023,KAF2216517,KAM3423032.1
OG0004024,KAF2216515,KAM3423030.1
OG0004025,KAF2206987,KAM3423249.1
OG0004026,KAF2206989,KAM3423251.1
OG0004027,KAF2206992,KAM3423255.1
OG0004028,KAF2206994,KAM3423257.1
OG0004029,KAF2206995,KAM3423259.1
OG0004030,KAF2206996,KAM3423260.1
OG0004031,KAF2206997,KAM3423263.1
OG0004032,KAF2207001,KAM3423269.1
OG0004033,KAF2207003,KAM3423271.1
OG0004034,KAF2207004,KAM3423272.1
OG0004035,KAF2207007,KAM3423277.1
OG0004036,KAF2207009,KAM3423279.1
OG0004037,KAF2207011,KAM3423283.1
OG0004038,KAF2207013,KAM3423285.1
OG0004039,KAF2207014,KAM3423286.1
OG0004040,KAF2207015,KAM3423287.1
OG0004041,KAF2207016,KAM3423288.1
OG0004042,KAF2212939,KAM3423294.1
OG0004043,KAF2213300,KAM3423784.1
OG0004044,KAF2213298,KAM3423786.1
OG0004045,KAF2212940,KAM3423295.1
OG0004046,KAF2213302,KAM3423782.1
OG0004047,KAF2213303,KAM3423781.1
OG0004048,KAF2213305,KAM3423779.1
OG0004049,KAF2213306,KAM3423778.1
OG0004050,KAF2213307,KAM3423777.1
OG0004051,KAF2213157,KAM3423527.1
OG0004053,KAF2213167,KAM3423534.1
OG0004054,KAF2213169,KAM3423536.1
OG0004055,KAF2213170,KAM3423537.1
OG0004056,KAF2213171,KAM3423538.1
OG0004057,KAF2213172,KAM3423539.1
OG0004058,KAF2213173,KAM3423540.1
OG0004059,KAF2213176,KAM3423543.1
OG0004060,KAF2213177,KAM3423544.1
OG0004061,KAF2213178,KAM3423545.1
OG0004062,KAF2213179,KAM3423546.1
OG0004063,KAF2213181,KAM3423549.1
OG0004064,KAF2213191,KAM3423562.1
OG0004065,KAF2213189,KAM3423559.1
OG0004066,KAF2213188,KAM3423558.1
OG0004067,KAF2213187,KAM3423556.1
OG0004068,KAF2213184,KAM3423552.1
OG0004069,KAF2213183,KAM3423551.1
OG0004070,KAF2213201,KAM3423576.1
OG0004072,KAF2213199,KAM3423572.1
OG0004073,KAF2213198,KAM3423571.1
OG0004074,KAF2213196,KAM3423569.1
OG0004075,KAF2213194,KAM3423565.1
OG0004076,KAF2213203,KAM3423582.1
OG0004077,KAF2213206,KAM3423584.1
OG0004078,KAF2213209,KAM3423586.1
OG0004079,KAF2213211,KAM3423587.1
OG0004080,KAF2213213,KAM3423590.1
OG0004081,KAF2213215,KAM3423592.1
OG0004082,KAF2213216,KAM3423593.1
OG0004083,KAF2213217,KAM3423594.1
OG0004084,KAF2213223,KAM3423599.1
OG0004085,KAF2213222,KAM3423598.1
OG0004086,KAF2213227,KAM3423602.1
OG0004087,KAF2213228,KAM3423603.1
OG0004088,KAF2212956,KAM3423311.1
OG0004089,KAF2212951,KAM3423306.1
OG0004090,KAF2212950,KAM3423305.1
OG0004091,KAF2212948,KAM3423303.1
OG0004092,KAF2212947,KAM3423302.1
OG0004093,KAF2212946,KAM3423301.1
OG0004094,KAF2212945,KAM3423300.1
OG0004095,KAF2213296,KAM3423789.1
OG0004096,KAF2213295,KAM3423790.1
OG0004098,KAF2213287,KAM3423801.1
OG0004099,KAF2213058,KAM3423460.1
OG0004100,KAF2213055,KAM3423464.1
OG0004101,KAF2213048,KAM3423474.1
OG0004102,KAF2213039,KAM3423482.1
OG0004103,KAF2213036,KAM3423485.1
OG0004104,KAF2213035,KAM3423486.1
OG0004105,KAF2213034,KAM3423487.1
OG0004106,KAF2213033,KAM3423489.1
OG0004107,KAF2213032,KAM3423490.1
OG0004108,KAF2213031,KAM3423491.1
OG0004109,KAF2213028,KAM3423494.1
OG0004110,KAF2213027,KAM3423495.1
OG0004111,KAF2213025,KAM3423497.1
OG0004112,KAF2213024,KAM3423498.1
OG0004113,KAF2213022,KAM3423501.1
OG0004114,KAF2213021,KAM3423502.1
OG0004115,KAF2213020,KAM3423503.1
OG0004116,KAF2213019,KAM3423504.1
OG0004117,KAF2213016,KAM3423507.1
OG0004118,KAF2213015,KAM3423508.1
OG0004119,KAF2213009,KAM3423515.1
OG0004120,KAF2213155,KAM3423525.1
OG0004121,KAF2213154,KAM3423524.1
OG0004122,KAF2213152,KAM3423522.1
OG0004123,KAF2213004,KAM3423510.1
OG0004124,KAF2213272,KAM3423818.1
OG0004125,KAF2213268,KAM3423823.1
OG0004126,KAF2213262,KAM3423640.1
OG0004127,KAF2213261,KAM3423639.1
OG0004128,KAF2213260,KAM3423638.1
OG0004129,KAF2213257,KAM3423632.1
OG0004130,KAF2213256,KAM3423631.1
OG0004131,KAF2213255,KAM3423630.1
OG0004132,KAF2213252,KAM3423627.1
OG0004133,KAF2213250,KAM3423623.1
OG0004134,KAF2213249,KAM3423622.1
OG0004135,KAF2207774,KAM3423860.1
OG0004136,KAF2207773,KAM3423859.1
OG0004137,KAF2207772,KAM3423858.1
OG0004138,KAF2207771,KAM3423857.1
OG0004139,KAF2207765,KAM3423850.1
OG0004140,KAF2207764,KAM3423849.1
OG0004141,KAF2207777,KAM3423844.1
OG0004142,KAF2207778,KAM3423843.1
OG0004143,KAF2207779,KAM3423842.1
OG0004144,KAF2207780,KAM3423841.1
OG0004145,KAF2207784,KAM3423836.1
OG0004146,KAF2207785,KAM3423835.1
OG0004147,KAF2207786,KAM3423834.1
OG0004148,KAF2207787,KAM3423833.1
OG0004149,KAF2207788,KAM3423832.1
OG0004150,KAF2207790,KAM3423830.1
OG0004151,KAF2206194,KAM3423652.1
OG0004152,KAF2206192,KAM3423654.1
OG0004153,KAF2206187,KAM3423656.1
OG0004154,KAF2206186,KAM3423657.1
OG0004155,KAF2206185,KAM3423658.1
OG0004156,KAF2207796,KAM3423662.1
OG0004157,KAF2207798,KAM3423665.1
OG0004158,KAF2207802,KAM3423671.1
OG0004159,KAF2213140,KAM3423372.1
OG0004160,KAF2213139,KAM3423373.1
OG0004161,KAF2213138,KAM3423374.1
OG0004162,KAF2213128,KAM3423388.1
OG0004163,KAF2213127,KAM3423389.1
OG0004164,KAF2213126,KAM3423391.1
OG0004165,KAF2213122,KAM3423393.1
OG0004166,KAF2213121,KAM3423394.1
OG0004167,KAF2213120,KAM3423395.1
OG0004168,KAF2213119,KAM3423396.1
OG0004169,KAF2213117,KAM3423398.1
OG0004170,KAF2213116,KAM3423400.1
OG0004171,KAF2213114,KAM3423404.1
OG0004172,KAF2213112,KAM3423402.1
OG0004173,KAF2213111,KAM3423406.1
OG0004174,KAF2213110,KAM3423407.1
OG0004175,KAF2213108,KAM3423409.1
OG0004176,KAF2213107,KAM3423411.1
OG0004177,KAF2213106,KAM3423412.1
OG0004178,KAF2213105,KAM3423413.1
OG0004179,KAF2213104,KAM3423414.1
OG0004180,KAF2213103,KAM3423415.1
OG0004181,KAF2213101,KAM3423417.1
OG0004182,KAF2213099,KAM3423419.1
OG0004183,KAF2213096,KAM3423421.1
OG0004184,KAF2213094,KAM3423423.1
OG0004185,KAF2213093,KAM3423425.1
OG0004186,KAF2213091,KAM3423427.1
OG0004187,KAF2213088,KAM3423431.1
OG0004188,KAF2213085,KAM3423435.1
OG0004189,KAF2213083,KAM3423438.1
OG0004190,KAF2213080,KAM3423440.1
OG0004191,KAF2213079,KAM3423441.1
OG0004192,KAF2213078,KAM3423442.1
OG0004193,KAF2213077,KAM3423443.1
OG0004194,KAF2213076,KAM3423444.1
OG0004195,KAF2213074,KAM3423446.1
OG0004196,KAF2213073,KAM3423447.1
OG0004197,KAF2213070,KAM3423450.1
OG0004198,KAF2213067,KAM3423452.1
OG0004199,KAF2213064,KAM3423455.1
OG0004200,KAF2212998,KAM3423356.1
OG0004201,KAF2212997,KAM3423355.1
OG0004202,KAF2212994,KAM3423352.1
OG0004203,KAF2212992,KAM3423350.1
OG0004204,KAF2212991,KAM3423349.1
OG0004205,KAF2212990,KAM3423348.1
OG0004206,KAF2212989,KAM3423347.1
OG0004207,KAF2212988,KAM3423345.1
OG0004208,KAF2212987,KAM3423344.1
OG0004209,KAF2212983,KAM3423342.1
OG0004210,KAF2212969,KAM3423324.1
OG0004212,KAF2212971,KAM3423329.1
OG0004213,KAF2212972,KAM3423331.1
OG0004214,KAF2212976,KAM3423336.1
OG0004215,KAF2212978,KAM3423338.1
OG0004216,KAF2212961,KAM3423317.1
OG0004217,KAF2212959,KAM3423315.1
OG0004218,KAF2212958,KAM3423314.1
OG0004219,KAF2212957,KAM3423312.1
OG0004220,KAF2213230,KAM3423605.1
OG0004221,KAF2213231,KAM3423606.1
OG0004222,KAF2213232,KAM3423607.1
OG0004223,KAF2213241,KAM3423616.1
OG0004224,KAF2213242,KAM3423617.1
OG0004225,KAF2213243,KAM3423618.1
OG0004226,KAF2213244,KAM3423619.1
OG0004229,KAF2213143,KAM3423366.1
OG0004230,KAF2213144,KAM3423365.1
OG0004231,KAF2213147,KAM3423363.1
OG0004232,KAF2207743,KAM3423881.1
OG0004233,KAF2207745,KAM3423878.1
OG0004234,KAF2207746,KAM3423877.1
OG0004235,KAF2207748,KAM3423875.1
OG0004236,KAF2207751,KAM3423872.1
OG0004237,KAF2207752,KAM3423871.1
OG0004238,KAF2213312,KAM3423772.1
OG0004239,KAF2213313,KAM3423771.1
OG0004240,KAF2213314,KAM3423770.1
OG0004241,KAF2213316,KAM3423768.1
OG0004242,KAF2213318,KAM3423767.1
OG0004243,KAF2213319,KAM3423766.1
OG0004244,KAF2213320,KAM3423765.1
OG0004245,KAF2213321,KAM3423764.1
OG0004246,KAF2213322,KAM3423763.1
OG0004247,KAF2213325,KAM3423760.1
OG0004248,KAF2213326,KAM3423758.1
OG0004249,KAF2213332,KAM3423751.1
OG0004250,KAF2213334,KAM3423750.1
OG0004251,KAF2213335,KAM3423749.1
OG0004252,KAF2213336,KAM3423748.1
OG0004253,KAF2213340,KAM3423742.1
OG0004254,KAF2213343,KAM3423739.1
OG0004255,KAF2213351,KAM3423729.1
OG0004256,KAF2213353,KAM3423727.1
OG0004257,KAF2213354,KAM3423726.1
OG0004258,KAF2207850,KAM3423722.1
OG0004259,KAF2207849,KAM3423721.1
OG0004260,KAF2207846,KAM3423714.1
OG0004261,KAF2207837,KAM3423706.1
OG0004262,KAF2207830,KAM3423698.1
OG0004263,KAF2207829,KAM3423697.1
OG0004264,KAF2207729,KAM3423896.1
OG0004265,KAF2207608,KAM3423919.1
OG0004266,KAF2207606,KAM3423921.1
OG0004267,KAF2207603,KAM3423925.1
OG0004268,KAF2207600,KAM3423927.1
OG0004269,KAF2207599,KAM3423928.1
OG0004270,KAF2207595,KAM3423934.1
OG0004271,KAF2207590,KAM3423944.1
OG0004272,KAF2207587,KAM3423948.1
OG0004274,KAF2207575,KAM3423955.1
OG0004275,KAF2207578,KAM3423957.1
OG0004276,KAF2207582,KAM3423960.1
OG0004277,KAF2207572,KAM3423964.1
OG0004278,KAF2207565,KAM3423971.1
OG0004280,KAF2207534,KAM3424004.1
OG0004281,KAF2207533,KAM3424005.1
OG0004282,KAF2207532,KAM3424006.1
OG0004283,KAF2207536,KAM3424001.1
OG0004284,KAF2207537,KAM3424000.1
OG0004285,KAF2207545,KAM3423991.1
OG0004286,KAF2207546,KAM3423990.1
OG0004287,KAF2207564,KAM3423973.1
OG0004289,KAF2207555,KAM3423982.1
OG0004290,KAF2207620,KAM3423906.1
OG0004291,KAF2207610,KAM3423916.1
OG0004292,KAF2207613,KAM3423913.1
OG0004293,KAF2207615,KAM3423912.1
OG0004294,KAF2207616,KAM3423911.1
OG0004295,KAF2207617,KAM3423910.1
OG0004296,KAF2207730,KAM3423895.1
OG0004297,KAF2207734,KAM3423890.1
OG0004298,KAF2213284,KAM3423804.1
OG0004299,KAF2213282,KAM3423806.1
OG0004302,KAF2207803,KAM3423673.1
OG0004303,KAF2207804,KAM3423674.1
OG0004304,KAF2207811,KAM3423683.1
OG0004305,KAF2207817,KAM3423686.1
OG0004306,KAF2207820,KAM3423689.1
OG0004307,KAF2207823,KAM3423693.1
OG0004308,KAF2207828,KAM3423696.1
OG0004310,KAF2207636,KAM3419507.1
OG0004311,KAF2207639,KAM3419509.1
OG0004312,KAF2207647,KAM3419518.1
OG0004313,KAF2207650,KAM3419520.1
OG0004314,KAF2207651,KAM3419521.1
OG0004315,KAF2207653,KAM3419523.1
OG0004316,KAF2207656,KAM3419526.1
OG0004317,KAF2207659,KAM3419532.1
OG0004318,KAF2207660,KAM3419533.1
OG0004319,KAF2207668,KAM3419538.1
OG0004320,KAF2207670,KAM3419540.1
OG0004321,KAF2207671,KAM3419541.1
OG0004323,KAF2207676,KAM3419548.1
OG0004324,KAF2207677,KAM3419549.1
OG0004325,KAF2207678,KAM3419550.1
OG0004326,KAF2207679,KAM3419551.1
OG0004327,KAF2207687,KAM3419559.1
OG0004328,KAF2207685,KAM3419557.1
OG0004329,KAF2207684,KAM3419555.1
OG0004330,KAF2207695,KAM3419566.1
OG0004331,KAF2207696,KAM3419568.1
OG0004332,KAF2207698,KAM3419570.1
OG0004333,KAF2207699,KAM3419571.1
OG0004334,KAF2207700,KAM3419572.1
OG0004335,KAF2207701,KAM3419573.1
OG0004336,KAF2207719,KAM3419589.1
OG0004337,KAF2206248,KAM3419597.1
OG0004338,KAF2206257,KAM3419600.1
OG0004339,KAF2217573,KAM3420179.1
OG0004340,KAF2217574,KAM3420178.1
OG0004341,KAF2217576,KAM3420175.1
OG0004342,KAF2217577,KAM3420174.1
OG0004343,KAF2217579,KAM3420172.1
OG0004344,KAF2217585,KAM3420164.1
OG0004345,KAF2217588,KAM3420159.1
OG0004346,KAF2217592,KAM3420154.1
OG0004347,KAF2217593,KAM3420153.1
OG0004348,KAF2217594,KAM3420152.1
OG0004349,KAF2217597,KAM3420149.1
OG0004350,KAF2217600,KAM3420147.1
OG0004351,KAF2217601,KAM3420145.1
OG0004352,KAF2217602,KAM3420144.1
OG0004353,KAF2217603,KAM3420143.1
OG0004354,KAF2217605,KAM3420141.1
OG0004355,KAF2217606,KAM3420140.1
OG0004356,KAF2217607,KAM3420139.1
OG0004357,KAF2217613,KAM3420132.1
OG0004358,KAF2217614,KAM3420131.1
OG0004359,KAF2217615,KAM3420129.1
OG0004360,KAF2217618,KAM3420126.1
OG0004361,KAF2217619,KAM3420125.1
OG0004362,KAF2217623,KAM3420120.1
OG0004363,KAF2217627,KAM3420116.1
OG0004364,KAF2217631,KAM3420112.1
OG0004365,KAF2217632,KAM3420111.1
OG0004366,KAF2217634,KAM3420109.1
OG0004367,KAF2217636,KAM3420107.1
OG0004368,KAF2217638,KAM3420104.1
OG0004369,KAF2217643,KAM3420097.1
OG0004370,KAF2217645,KAM3420095.1
OG0004371,KAF2217647,KAM3420092.1
OG0004372,KAF2217650,KAM3420089.1
OG0004373,KAF2217663,KAM3420084.1
OG0004375,KAF2217667,KAM3420080.1
OG0004376,KAF2217668,KAM3420079.1
OG0004377,KAF2215409,KAM3417217.1
OG0004378,KAF2217679,KAM3420071.1
OG0004379,KAF2217677,KAM3420070.1
OG0004381,KAF2217672,KAM3420065.1
OG0004382,KAF2217671,KAM3420064.1
OG0004383,KAF2217670,KAM3420063.1
OG0004384,KAF2217685,KAM3420058.1
OG0004385,KAF2217686,KAM3420057.1
OG0004386,KAF2217689,KAM3420052.1
OG0004387,KAF2209945,KAM3414658.1
OG0004388,KAF2217690,KAM3420051.1
OG0004389,KAF2217694,KAM3420047.1
OG0004390,KAF2217701,KAM3420038.1
OG0004391,KAF2217712,KAM3420033.1
OG0004392,KAF2217713,KAM3420032.1
OG0004393,KAF2217714,KAM3420031.1
OG0004394,KAF2217716,KAM3420029.1
OG0004395,KAF2217717,KAM3420026.1
OG0004396,KAF2217723,KAM3420020.1
OG0004397,KAF2217725,KAM3420018.1
OG0004398,KAF2217733,KAM3420011.1
OG0004399,KAF2217734,KAM3420010.1
OG0004400,KAF2217735,KAM3420009.1
OG0004401,KAF2217736,KAM3420008.1
OG0004402,KAF2217737,KAM3420007.1
OG0004403,KAF2217740,KAM3420004.1
OG0004404,KAF2217742,KAM3419997.1
OG0004405,KAF2217745,KAM3419993.1
OG0004406,KAF2217747,KAM3419991.1
OG0004407,KAF2217748,KAM3419990.1
OG0004408,KAF2218010,KAM3419988.1
OG0004409,KAF2218009,KAM3419987.1
OG0004410,KAF2217995,KAM3419966.1
OG0004411,KAF2217991,KAM3419963.1
OG0004412,KAF2217988,KAM3419961.1
OG0004413,KAF2217983,KAM3419956.1
OG0004414,KAF2217982,KAM3419955.1
OG0004415,KAF2217981,KAM3419954.1
OG0004416,KAF2217975,KAM3419946.1
OG0004417,KAF2217974,KAM3419944.1
OG0004418,KAF2217970,KAM3419939.1
OG0004419,KAF2217969,KAM3419938.1
OG0004420,KAF2217967,KAM3419936.1
OG0004421,KAF2217966,KAM3419935.1
OG0004422,KAF2217965,KAM3419934.1
OG0004423,KAF2217961,KAM3419930.1
OG0004424,KAF2217960,KAM3419929.1
OG0004425,KAF2217959,KAM3419928.1
OG0004426,KAF2217958,KAM3419926.1
OG0004427,KAF2217957,KAM3419925.1
OG0004428,KAF2217956,KAM3419924.1
OG0004429,KAF2217955,KAM3419923.1
OG0004430,KAF2217951,KAM3419919.1
OG0004431,KAF2217947,KAM3419916.1
OG0004432,KAF2217946,KAM3419915.1
OG0004433,KAF2217945,KAM3419914.1
OG0004434,KAF2217943,KAM3419912.1
OG0004435,KAF2217942,KAM3419911.1
OG0004436,KAF2217937,KAM3419906.1
OG0004437,KAF2217936,KAM3419905.1
OG0004438,KAF2217931,KAM3419899.1
OG0004439,KAF2217928,KAM3419896.1
OG0004442,KAF2217923,KAM3419891.1
OG0004443,KAF2217916,KAM3419885.1
OG0004445,KAF2218019,KAM3419721.1
OG0004446,KAF2218020,KAM3419720.1
OG0004447,KAF2218022,KAM3419719.1
OG0004448,KAF2218023,KAM3419718.1
OG0004449,KAF2218026,KAM3419702.1
OG0004450,KAF2218027,KAM3419701.1
OG0004451,KAF2218028,KAM3419700.1
OG0004452,KAF2218029,KAM3419699.1
OG0004453,KAF2218031,KAM3419697.1
OG0004454,KAF2218033,KAM3419696.1
OG0004455,KAF2218039,KAM3419690.1
OG0004456,KAF2218040,KAM3419689.1
OG0004457,KAF2218043,KAM3419685.1
OG0004458,KAF2218044,KAM3419684.1
OG0004459,KAF2218045,KAM3419683.1
OG0004460,KAF2218048,KAM3419680.1
OG0004461,KAF2218051,KAM3419677.1
OG0004462,KAF2218052,KAM3419676.1
OG0004464,KAF2218054,KAM3419675.1
OG0004465,KAF2217867,KAM3419844.1
OG0004466,KAF2217866,KAM3419843.1
OG0004467,KAF2217865,KAM3419842.1
OG0004468,KAF2217864,KAM3419841.1
OG0004469,KAF2217861,KAM3419837.1
OG0004470,KAF2217859,KAM3419835.1
OG0004471,KAF2217858,KAM3419831.1
OG0004472,KAF2217854,KAM3419826.1
OG0004474,KAF2217842,KAM3419813.1
OG0004475,KAF2217841,KAM3419812.1
OG0004476,KAF2217839,KAM3419810.1
OG0004477,KAF2217835,KAM3419805.1
OG0004478,KAF2217834,KAM3419804.1
OG0004479,KAF2217833,KAM3419803.1
OG0004480,KAF2217831,KAM3419801.1
OG0004481,KAF2217827,KAM3419798.1
OG0004482,KAF2217823,KAM3419793.1
OG0004483,KAF2217818,KAM3419790.1
OG0004484,KAF2217816,KAM3419789.1
OG0004485,KAF2217809,KAM3419782.1
OG0004486,KAF2217808,KAM3419781.1
OG0004487,KAF2217807,KAM3419780.1
OG0004488,KAF2217795,KAM3419771.1
OG0004489,KAF2217794,KAM3419770.1
OG0004490,KAF2217792,KAM3419768.1
OG0004491,KAF2217787,KAM3419765.1
OG0004492,KAF2217786,KAM3419764.1
OG0004493,KAF2217784,KAM3419762.1
OG0004494,KAF2217782,KAM3419761.1
OG0004495,KAF2217779,KAM3419758.1
OG0004496,KAF2217777,KAM3419756.1
OG0004497,KAF2217776,KAM3419755.1
OG0004498,KAF2217760,KAM3419741.1
OG0004499,KAF2217751,KAM3419735.1
OG0004500,KAF2217750,KAM3419734.1
OG0004501,KAF2218013,KAM3419730.1
OG0004502,KAF2218018,KAM3419722.1
OG0004503,KAF2217422,KAM3420341.1
OG0004504,KAF2217423,KAM3420339.1
OG0004505,KAF2217424,KAM3420336.1
OG0004506,KAF2217429,KAM3420330.1
OG0004507,KAF2217371,KAM3420374.1
OG0004508,KAF2217375,KAM3420384.1
OG0004509,KAF2217376,KAM3420385.1
OG0004510,KAF2217385,KAM3420395.1
OG0004511,KAF2206221,KAM3420412.1
OG0004512,KAF2217395,KAM3420405.1
OG0004513,KAF2217394,KAM3420404.1
OG0004514,KAF2217391,KAM3420402.1
OG0004515,KAF2217388,KAM3420399.1
OG0004517,KAF2206233,KAM3420423.1
OG0004518,KAF2217398,KAM3420361.1
OG0004520,KAF2217403,KAM3420357.1
OG0004521,KAF2217404,KAM3420356.1
OG0004522,KAF2217406,KAM3420354.1
OG0004523,KAF2217407,KAM3420353.1
OG0004524,KAF2217410,KAM3420351.1
OG0004525,KAF2217413,KAM3420349.1
OG0004526,KAF2217416,KAM3420346.1
OG0004527,KAF2217910,KAM3419875.1
OG0004528,KAF2217909,KAM3419874.1
OG0004529,KAF2217908,KAM3419873.1
OG0004530,KAF2217903,KAM3419868.1
OG0004531,KAF2217897,KAM3419866.1
OG0004532,KAF2217895,KAM3419864.1
OG0004533,KAF2217891,KAM3419861.1
OG0004534,KAF2217890,KAM3419860.1
OG0004535,KAF2217888,KAM3419859.1
OG0004536,KAF2217881,KAM3419855.1
OG0004537,KAF2217877,KAM3419852.1
OG0004538,KAF2217874,KAM3419849.1
OG0004539,KAF2217870,KAM3419847.1
OG0004540,KAF2218057,KAM3419672.1
OG0004541,KAF2218058,KAM3419671.1
OG0004542,KAF2218059,KAM3419670.1
OG0004543,KAF2210384,KAM3420589.1
OG0004544,KAF2210389,KAM3420583.1
OG0004545,KAF2210391,KAM3420581.1
OG0004546,KAF2210398,KAM3420575.1
OG0004547,KAF2210400,KAM3420573.1
OG0004548,KAF2210401,KAM3420572.1
OG0004549,KAF2210402,KAM3420571.1
OG0004550,KAF2210405,KAM3420569.1
OG0004551,KAF2210406,KAM3420568.1
OG0004552,KAF2210416,KAM3420559.1
OG0004553,KAF2210419,KAM3420557.1
OG0004554,KAF2210420,KAM3420556.1
OG0004555,KAF2210421,KAM3420555.1
OG0004557,KAF2210426,KAM3420550.1
OG0004558,KAF2210427,KAM3420549.1
OG0004559,KAF2210428,KAM3420548.1
OG0004560,KAF2210429,KAM3420543.1
OG0004561,KAF2210430,KAM3420542.1
OG0004562,KAF2210431,KAM3420541.1
OG0004563,KAF2210433,KAM3420540.1
OG0004565,KAF2210437,KAM3420534.1
OG0004566,KAF2210438,KAM3420532.1
OG0004567,KAF2210444,KAM3420526.1
OG0004568,KAF2210446,KAM3420523.1
OG0004569,KAF2210447,KAM3420522.1
OG0004570,KAF2210448,KAM3420521.1
OG0004571,KAF2210450,KAM3420519.1
OG0004572,KAF2210452,KAM3420517.1
OG0004573,KAF2210453,KAM3420516.1
OG0004574,KAF2210455,KAM3420512.1
OG0004575,KAF2210459,KAM3420509.1
OG0004576,KAF2210460,KAM3420508.1
OG0004577,KAF2210462,KAM3420506.1
OG0004579,KAF2210464,KAM3420500.1
OG0004580,KAF2218097,KAM3419612.1
OG0004581,KAF2218107,KAM3419609.1
OG0004582,KAF2218109,KAM3419607.1
OG0004583,KAF2218110,KAM3419606.1
OG0004584,KAF2218112,KAM3419604.1
OG0004585,KAF2217570,KAM3420186.1
OG0004586,KAF2217568,KAM3420308.1
OG0004587,KAF2217566,KAM3420306.1
OG0004588,KAF2217565,KAM3420305.1
OG0004589,KAF2217564,KAM3420304.1
OG0004590,KAF2217563,KAM3420303.1
OG0004592,KAF2217562,KAM3420301.1
OG0004593,KAF2217561,KAM3420300.1
OG0004594,KAF2217559,KAM3420298.1
OG0004595,KAF2217558,KAM3420297.1
OG0004596,KAF2217556,KAM3420294.1
OG0004597,KAF2217555,KAM3420293.1
OG0004598,KAF2217554,KAM3420292.1
OG0004599,KAF2217545,KAM3420282.1
OG0004600,KAF2217544,KAM3420281.1
OG0004601,KAF2217540,KAM3420277.1
OG0004602,KAF2217535,KAM3420274.1
OG0004603,KAF2217531,KAM3420270.1
OG0004604,KAF2217530,KAM3420269.1
OG0004605,KAF2217525,KAM3420265.1
OG0004606,KAF2217524,KAM3420264.1
OG0004607,KAF2217515,KAM3420258.1
OG0004608,KAF2217514,KAM3420257.1
OG0004609,KAF2217513,KAM3420256.1
OG0004610,KAF2217506,KAM3420243.1
OG0004611,KAF2217508,KAM3420242.1
OG0004613,KAF2217464,KAM3420202.1
OG0004614,KAF2217465,KAM3420203.1
OG0004615,KAF2217468,KAM3420204.1
OG0004616,KAF2217473,KAM3420209.1
OG0004617,KAF2217474,KAM3420210.1
OG0004618,KAF2217478,KAM3420214.1
OG0004619,KAF2217480,KAM3420215.1
OG0004620,KAF2217485,KAM3420222.1
OG0004621,KAF2217486,KAM3420223.1
OG0004622,KAF2217489,KAM3420226.1
OG0004623,KAF2217491,KAM3420229.1
OG0004624,KAF2217494,KAM3420233.1
OG0004625,KAF2217495,KAM3420234.1
OG0004626,KAF2217496,KAM3420235.1
OG0004627,KAF2217500,KAM3420241.1
OG0004628,KAF2217460,KAM3420198.1
OG0004629,KAF2217457,KAM3420196.1
OG0004630,KAF2217456,KAM3420195.1
OG0004631,KAF2217455,KAM3420194.1
OG0004632,KAF2217452,KAM3420192.1
OG0004634,KAF2217448,KAM3420310.1
OG0004635,KAF2217447,KAM3420311.1
OG0004636,KAF2217444,KAM3420316.1
OG0004637,KAF2217441,KAM3420318.1
OG0004638,KAF2217438,KAM3420320.1
OG0004639,KAF2217433,KAM3420325.1
OG0004640,KAF2217432,KAM3420326.1
OG0004641,KAF2217367,KAM3420367.1
OG0004642,KAF2210528,KAM3420426.1
OG0004643,KAF2210526,KAM3420429.1
OG0004644,KAF2210514,KAM3420439.1
OG0004645,KAF2210507,KAM3420450.1
OG0004646,KAF2210506,KAM3420453.1
OG0004647,KAF2210492,KAM3420470.1
OG0004648,KAF2210337,KAM3420689.1
OG0004649,KAF2210160,KAM3420690.1
OG0004650,KAF2210157,KAM3420694.1
OG0004651,KAF2210150,KAM3420704.1
OG0004652,KAF2210147,KAM3420706.1
OG0004653,KAF2210146,KAM3420707.1
OG0004654,KAF2210141,KAM3420715.1
OG0004655,KAF2210140,KAM3420716.1
OG0004656,KAF2210139,KAM3420717.1
OG0004657,KAF2210136,KAM3420720.1
OG0004658,KAF2210133,KAM3420723.1
OG0004659,KAF2210129,KAM3420726.1
OG0004660,KAF2210128,KAM3420727.1
OG0004661,KAF2210127,KAM3420728.1
OG0004662,KAF2210126,KAM3420729.1
OG0004664,KAF2210114,KAM3420738.1
OG0004665,KAF2210111,KAM3420741.1
OG0004666,KAF2210104,KAM3420755.1
OG0004667,KAF2210101,KAM3420757.1
OG0004668,KAF2210098,KAM3420760.1
OG0004669,KAF2210097,KAM3420762.1
OG0004670,KAF2210096,KAM3420763.1
OG0004671,KAF2210093,KAM3420767.1
OG0004672,KAF2210088,KAM3420772.1
OG0004673,KAF2210086,KAM3420774.1
OG0004674,KAF2210084,KAM3420775.1
OG0004675,KAF2210077,KAM3420782.1
OG0004676,KAF2210076,KAM3420783.1
OG0004677,KAF2210074,KAM3420785.1
OG0004678,KAF2210073,KAM3420786.1
OG0004679,KAF2210067,KAM3420790.1
OG0004680,KAF2210066,KAM3420791.1
OG0004681,KAF2210064,KAM3420793.1
OG0004682,KAF2209077,KAM3420928.1
OG0004683,KAF2209076,KAM3420927.1
OG0004684,KAF2209075,KAM3420926.1
OG0004685,KAF2209074,KAM3420925.1
OG0004686,KAF2209073,KAM3420924.1
OG0004687,KAF2209070,KAM3420922.1
OG0004688,KAF2209066,KAM3420917.1
OG0004689,KAF2209060,KAM3420909.1
OG0004690,KAF2209058,KAM3420908.1
OG0004691,KAF2209056,KAM3420907.1
OG0004692,KAF2209055,KAM3420906.1
OG0004693,KAF2209050,KAM3420901.1
OG0004694,KAF2209044,KAM3420896.1
OG0004695,KAF2209043,KAM3420895.1
OG0004696,KAF2209037,KAM3420878.1
OG0004697,KAF2209036,KAM3420879.1
OG0004698,KAF2209033,KAM3420883.1
OG0004699,KAF2209032,KAM3420884.1
OG0004700,KAF2209024,KAM3420890.1
OG0004701,KAF2209023,KAM3420891.1
OG0004702,KAF2209021,KAM3420893.1
OG0004703,KAF2209020,KAM3420894.1
OG0004705,KAF2209018,KAM3420875.1
OG0004706,KAF2209014,KAM3420868.1
OG0004707,KAF2209009,KAM3420863.1
OG0004708,KAF2209007,KAM3420860.1
OG0004710,KAF2210014,KAM3420852.1
OG0004711,KAF2210375,KAM3420602.1
OG0004712,KAF2210381,KAM3420594.1
OG0004713,KAF2210382,KAM3420592.1
OG0004714,KAF2218064,KAM3419665.1
OG0004715,KAF2218065,KAM3419664.1
OG0004716,KAF2218066,KAM3419663.1
OG0004717,KAF2218067,KAM3419662.1
OG0004718,KAF2218068,KAM3419659.1
OG0004719,KAF2218069,KAM3419658.1
OG0004720,KAF2218072,KAM3419655.1
OG0004721,KAF2218088,KAM3419654.1
OG0004722,KAF2218086,KAM3419652.1
OG0004723,KAF2218085,KAM3419651.1
OG0004724,KAF2218082,KAM3419648.1
OG0004725,KAF2218081,KAM3419646.1
OG0004728,KAF2210466,KAM3420498.1
OG0004729,KAF2210477,KAM3420485.1
OG0004730,KAF2210479,KAM3420483.1
OG0004731,KAF2210482,KAM3420480.1
OG0004732,KAF2210484,KAM3420479.1
OG0004733,KAF2210485,KAM3420478.1
OG0004734,KAF2210487,KAM3420474.1
OG0004735,KAF2206219,KAM3420415.1
OG0004736,KAF2206218,KAM3420416.1
OG0004737,KAF2206217,KAM3420417.1
OG0004738,KAF2210333,KAM3420683.1
OG0004739,KAF2210332,KAM3420682.1
OG0004740,KAF2210324,KAM3420673.1
OG0004741,KAF2210323,KAM3420672.1
OG0004742,KAF2210319,KAM3420667.1
OG0004743,KAF2210317,KAM3420665.1
OG0004744,KAF2210312,KAM3420662.1
OG0004745,KAF2210311,KAM3420661.1
OG0004746,KAF2210309,KAM3420659.1
OG0004747,KAF2210163,KAM3420643.1
OG0004748,KAF2210164,KAM3420644.1
OG0004749,KAF2209104,KAM3420954.1
OG0004750,KAF2209097,KAM3420949.1
OG0004751,KAF2209100,KAM3420950.1
OG0004752,KAF2209102,KAM3420952.1
OG0004753,KAF2209103,KAM3420953.1
OG0004754,KAF2209092,KAM3420944.1
OG0004755,KAF2209091,KAM3420943.1
OG0004756,KAF2209089,KAM3420941.1
OG0004757,KAF2209088,KAM3420939.1
OG0004758,KAF2209087,KAM3420938.1
OG0004759,KAF2209083,KAM3420934.1
OG0004760,KAF2209081,KAM3420932.1
OG0004761,KAF2209079,KAM3420931.1
OG0004762,KAF2210061,KAM3420797.1
OG0004763,KAF2210058,KAM3420800.1
OG0004764,KAF2210057,KAM3420801.1
OG0004765,KAF2210051,KAM3420807.1
OG0004766,KAF2210047,KAM3420811.1
OG0004767,KAF2210045,KAM3420814.1
OG0004768,KAF2210042,KAM3420816.1
OG0004769,KAF2210041,KAM3420817.1
OG0004770,KAF2210040,KAM3420818.1
OG0004771,KAF2210038,KAM3420820.1
OG0004772,KAF2210036,KAM3420821.1
OG0004773,KAF2210032,KAM3420826.1
OG0004774,KAF2210031,KAM3420827.1
OG0004775,KAF2210028,KAM3420832.1
OG0004776,KAF2210025,KAM3420834.1
OG0004777,KAF2210024,KAM3420835.1
OG0004778,KAF2210023,KAM3420836.1
OG0004779,KAF2210022,KAM3420837.1
OG0004780,KAF2210018,KAM3420846.1
OG0004782,KAF2208979,KAM3424045.1
OG0004783,KAF2210364,KAM3420610.1
OG0004784,KAF2210363,KAM3420611.1
OG0004785,KAF2210362,KAM3420612.1
OG0004786,KAF2210356,KAM3420617.1
OG0004787,KAF2210338,KAM3420635.1
OG0004789,KAF2210343,KAM3420629.1
OG0004790,KAF2210344,KAM3420628.1
OG0004791,KAF2210348,KAM3420623.1
OG0004792,KAF2210345,KAM3420627.1
OG0004793,KAF2208885,KAM3424163.1
OG0004794,KAF2208886,KAM3424161.1
OG0004796,KAF2206536,KAM3424033.1
OG0004797,KAF2206535,KAM3424028.1
OG0004798,KAF2206534,KAM3424027.1
OG0004799,KAF2208894,KAM3424136.1
OG0004801,KAF2208982,KAM3424042.1
OG0004802,KAF2208981,KAM3424043.1
OG0004803,KAF2208980,KAM3424044.1
OG0004804,KAF2208978,KAM3424046.1
OG0004805,KAF2208976,KAM3424048.1
OG0004806,KAF2208975,KAM3424049.1
OG0004807,KAF2208969,KAM3424055.1
OG0004808,KAF2217362,KAM3424175.1
OG0004809,KAF2213420,KAM3413739.1
OG0004810,KAF2215419,KAM3421233.1
OG0004811,KAF2208936,KAM3424092.1
OG0004812,KAF2208942,KAM3424080.1
OG0004813,KAF2208943,KAM3424079.1
OG0004814,KAF2208947,KAM3424074.1
OG0004815,KAF2208946,KAM3424075.1
OG0004816,KAF2208952,KAM3424069.1
OG0004817,KAF2208954,KAM3424067.1
OG0004818,KAF2208955,KAM3424066.1
OG0004819,KAF2208956,KAM3424065.1
OG0004820,KAF2208958,KAM3424063.1
OG0004821,KAF2208960,KAM3424061.1
OG0004822,KAF2208964,KAM3424058.1
OG0004823,KAF2208965,KAM3424057.1
OG0004825,KAF2217327,KAM3424214.1
OG0004826,KAF2217333,KAM3424208.1
OG0004827,KAF2217334,KAM3424207.1
OG0004828,KAF2217335,KAM3424206.1
OG0004829,KAF2217305,KAM3424394.1
OG0004830,KAF2217312,KAM3424400.1
OG0004831,KAF2217313,KAM3424401.1
OG0004832,KAF2217209,KAM3424304.1
OG0004833,KAF2217210,KAM3424305.1
OG0004834,KAF2217211,KAM3424307.1
OG0004835,KAF2217220,KAM3424314.1
OG0004836,KAF2217224,KAM3424317.1
OG0004837,KAF2217226,KAM3424320.1
OG0004838,KAF2217231,KAM3424325.1
OG0004839,KAF2217232,KAM3424326.1
OG0004840,KAF2217233,KAM3424328.1
OG0004841,KAF2217242,KAM3424333.1
OG0004842,KAF2217243,KAM3424334.1
OG0004843,KAF2206520,KAM3424011.1
OG0004844,KAF2217323,KAM3424218.1
OG0004845,KAF2217320,KAM3424221.1
OG0004846,KAF2217319,KAM3424408.1
OG0004847,KAF2217318,KAM3424407.1
OG0004848,KAF2217342,KAM3424197.1
OG0004849,KAF2217343,KAM3424196.1
OG0004850,KAF2217344,KAM3424195.1
OG0004851,KAF2217345,KAM3424194.1
OG0004852,KAF2217347,KAM3424192.1
OG0004853,KAF2217348,KAM3424191.1
OG0004854,KAF2217355,KAM3424184.1
OG0004855,KAF2208925,KAM3424107.1
OG0004856,KAF2208921,KAM3424110.1
OG0004857,KAF2208920,KAM3424111.1
OG0004858,KAF2208916,KAM3424116.1
OG0004859,KAF2208913,KAM3424118.1
OG0004860,KAF2208910,KAM3424120.1
OG0004861,KAF2208909,KAM3424121.1
OG0004862,KAF2208908,KAM3424122.1
OG0004863,KAF2208907,KAM3424123.1
OG0004864,KAF2208905,KAM3424125.1
OG0004865,KAF2208896,KAM3424134.1
OG0004866,KAF2206529,KAM3424022.1
OG0004867,KAF2206524,KAM3424014.1
OG0004868,KAF2217265,KAM3424353.1
OG0004869,KAF2217264,KAM3424352.1
OG0004870,KAF2217252,KAM3424342.1
OG0004871,KAF2217253,KAM3424343.1
OG0004872,KAF2217255,KAM3424345.1
OG0004873,KAF2217259,KAM3424349.1
OG0004874,KAF2217273,KAM3424364.1
OG0004875,KAF2217272,KAM3424362.1
OG0004876,KAF2217271,KAM3424361.1
OG0004877,KAF2217268,KAM3424357.1
OG0004878,KAF2217269,KAM3424358.1
OG0004879,KAF2217270,KAM3424359.1
OG0004880,KAF2217276,KAM3424367.1
OG0004881,KAF2217277,KAM3424368.1
OG0004882,KAF2217282,KAM3424370.1
OG0004883,KAF2217285,KAM3424373.1
OG0004884,KAF2206598,KAM3415152.1
OG0004885,KAF2217286,KAM3424374.1
OG0004886,KAF2217287,KAM3424376.1
OG0004887,KAF2217288,KAM3424377.1
OG0004888,KAF2217289,KAM3424378.1
OG0004889,KAF2217293,KAM3424381.1
OG0004890,KAF2217101,KAM3424445.1
OG0004891,KAF2217102,KAM3424444.1
OG0004892,KAF2217103,KAM3424443.1
OG0004893,KAF2217104,KAM3424442.1
OG0004894,KAF2217105,KAM3424441.1
OG0004895,KAF2217111,KAM3424436.1
OG0004896,KAF2217117,KAM3424430.1
OG0004897,KAF2217119,KAM3424428.1
OG0004898,KAF2217120,KAM3424427.1
OG0004899,KAF2217122,KAM3424425.1
OG0004900,KAF2217123,KAM3424424.1
OG0004901,KAF2217125,KAM3424423.1
OG0004902,KAF2217129,KAM3424419.1
OG0004903,KAF2217130,KAM3424418.1
OG0004904,KAF2217131,KAM3424417.1
OG0004905,KAF2217134,KAM3424413.1
OG0004906,KAF2217137,KAM3424410.1
OG0004907,KAF2217140,KAM3424223.1
OG0004908,KAF2217141,KAM3424224.1
OG0004909,KAF2217144,KAM3424226.1
OG0004910,KAF2217146,KAM3424229.1
OG0004911,KAF2217147,KAM3424230.1
OG0004912,KAF2217148,KAM3424231.1
OG0004913,KAF2217149,KAM3424233.1
OG0004914,KAF2217150,KAM3424234.1
OG0004915,KAF2217153,KAM3424238.1
OG0004916,KAF2217160,KAM3424246.1
OG0004917,KAF2217163,KAM3424249.1
OG0004918,KAF2217165,KAM3424251.1
OG0004919,KAF2217166,KAM3424252.1
OG0004920,KAF2217169,KAM3424255.1
OG0004921,KAF2217170,KAM3424256.1
OG0004923,KAF2217190,KAM3424282.1
OG0004924,KAF2217191,KAM3424283.1
OG0004925,KAF2217195,KAM3424288.1
OG0004926,KAF2217196,KAM3424289.1
OG0004927,KAF2217197,KAM3424290.1
OG0004928,KAF2217198,KAM3424291.1
OG0004929,KAF2217200,KAM3424294.1
OG0004930,KAF2217202,KAM3424297.1
OG0004931,KAF2217204,KAM3424299.1
OG0004932,KAF2217207,KAM3424302.1
OG0004933,KAF2217300,KAM3424389.1
OG0004934,KAF2217299,KAM3424388.1
OG0004935,KAF2217297,KAM3424386.1
OG0004936,KAF2217099,KAM3424447.1
OG0004937,KAF2217098,KAM3424448.1
OG0004938,KAF2217097,KAM3424449.1
OG0004939,KAF2217092,KAM3424452.1
OG0004940,KAF2217089,KAM3424454.1
OG0004941,KAF2217086,KAM3424456.1
OG0004942,KAF2217085,KAM3424457.1
OG0004943,KAF2217084,KAM3424458.1
OG0004944,KAF2217083,KAM3424459.1
OG0004945,KAF2217082,KAM3424460.1
OG0004946,KAF2217079,KAM3424465.1
OG0004947,KAF2217076,KAM3424467.1
OG0004948,KAF2217075,KAM3424468.1
OG0004949,KAF2217074,KAM3424469.1
OG0004950,KAF2217072,KAM3424471.1
OG0004951,KAF2217068,KAM3424476.1
OG0004952,KAF2217065,KAM3424479.1
OG0004953,KAF2217063,KAM3424481.1
OG0004954,KAF2217062,KAM3424482.1
OG0004955,KAF2217061,KAM3424483.1
OG0004956,KAF2217060,KAM3424484.1
OG0004957,KAF2217057,KAM3424487.1
OG0004958,KAF2217056,KAM3424488.1
OG0004959,KAF2217049,KAM3424497.1
OG0004960,KAF2217048,KAM3424498.1
OG0004961,KAF2217044,KAM3424502.1
OG0004962,KAF2217043,KAM3424503.1
OG0004963,KAF2217039,KAM3424507.1
OG0004964,KAF2217033,KAM3424513.1
OG0004965,KAF2217029,KAM3424519.1
OG0004966,KAF2217023,KAM3424528.1
OG0004967,KAF2217020,KAM3424532.1
OG0004968,KAF2217019,KAM3424533.1
OG0004969,KAF2217015,KAM3424541.1
OG0004970,KAF2217013,KAM3424542.1
OG0004971,KAF2217011,KAM3424544.1
OG0004972,KAF2217009,KAM3424546.1
OG0004973,KAF2217004,KAM3424550.1
OG0004974,KAF2216999,KAM3424554.1
OG0004975,KAF2216996,KAM3424556.1
OG0004976,KAF2216995,KAM3424557.1
OG0004977,KAF2216992,KAM3424559.1
OG0004978,KAF2216987,KAM3424564.1
OG0004979,KAF2216986,KAM3424565.1
OG0004980,KAF2216982,KAM3424568.1
OG0004981,KAF2216974,KAM3424578.1
OG0004982,KAF2216970,KAM3424583.1
OG0004983,KAF2216968,KAM3424586.1
OG0004984,KAF2216966,KAM3424587.1
OG0004985,KAF2216965,KAM3424588.1
OG0004986,KAF2216961,KAM3424592.1
OG0004987,KAF2216958,KAM3424595.1
OG0004989,KAF2216949,KAM3424605.1
OG0004990,KAF2216947,KAM3424606.1
OG0004991,KAF2216946,KAM3424607.1
OG0004992,KAF2216945,KAM3424608.1
OG0004993,KAF2216944,KAM3424610.1
OG0004994,KAF2216940,KAM3424613.1
OG0004995,KAF2216883,KAM3424671.1
OG0004996,KAF2216884,KAM3424670.1
OG0004997,KAF2216885,KAM3424669.1
OG0004998,KAF2216887,KAM3424665.1
OG0004999,KAF2216888,KAM3424663.1
OG0005000,KAF2216899,KAM3424653.1
OG0005001,KAF2216901,KAM3424651.1
OG0005002,KAF2216902,KAM3424650.1
OG0005003,KAF2216905,KAM3424649.1
OG0005004,KAF2216909,KAM3424645.1
OG0005005,KAF2216920,KAM3424634.1
OG0005006,KAF2216921,KAM3424633.1
OG0005007,KAF2216922,KAM3424632.1
OG0005008,KAF2216923,KAM3424631.1
OG0005009,KAF2216936,KAM3424617.1
OG0005010,KAF2216938,KAM3424615.1
OG0005011,KAF2216939,KAM3424614.1
OG0005012,KAF2216882,KAM3424672.1
OG0005013,KAF2216881,KAM3424673.1
OG0005014,KAF2216878,KAM3424676.1
OG0005015,KAF2216877,KAM3424677.1
OG0005016,KAF2216876,KAM3424678.1
OG0005017,KAF2216875,KAM3424679.1
OG0005018,KAF2216874,KAM3424680.1
OG0005019,KAF2216870,KAM3424684.1
OG0005020,KAF2216868,KAM3424686.1
OG0005021,KAF2216866,KAM3424688.1
OG0005022,KAF2216863,KAM3424692.1
OG0005023,KAF2216857,KAM3424698.1
OG0005024,KAF2216854,KAM3424703.1
OG0005025,KAF2216853,KAM3424705.1
OG0005026,KAF2216851,KAM3424707.1
OG0005028,KAF2216847,KAM3424712.1
OG0005029,KAF2216843,KAM3424713.1
OG0005030,KAF2216842,KAM3424714.1
OG0005031,KAF2216841,KAM3424715.1
OG0005032,KAF2216839,KAM3424717.1
OG0005033,KAF2216833,KAM3424723.1
OG0005034,KAF2216832,KAM3424724.1
OG0005035,KAF2216829,KAM3424727.1
OG0005036,KAF2216828,KAM3424728.1
OG0005037,KAF2216827,KAM3424729.1
OG0005038,KAF2216826,KAM3424730.1
OG0005039,KAF2216825,KAM3424731.1
OG0005040,KAF2216822,KAM3424734.1
OG0005041,KAF2216821,KAM3424735.1
OG0005042,KAF2216819,KAM3424737.1
OG0005043,KAF2216818,KAM3424738.1
OG0005044,KAF2216816,KAM3424743.1
OG0005045,KAF2216814,KAM3424744.1
OG0005046,KAF2216811,KAM3424747.1
OG0005047,KAF2216802,KAM3424756.1
OG0005048,KAF2216792,KAM3424765.1
OG0005049,KAF2216790,KAM3424767.1
OG0005050,KAF2216788,KAM3424773.1
OG0005051,KAF2216775,KAM3424786.1
OG0005052,KAF2216773,KAM3424788.1
OG0005053,KAF2216771,KAM3424790.1
OG0005054,KAF2216768,KAM3424795.1
OG0005055,KAF2216767,KAM3424796.1
OG0005056,KAF2216759,KAM3424801.1
OG0005057,KAF2216754,KAM3424806.1
OG0005058,KAF2216752,KAM3424808.1
OG0005059,KAF2216748,KAM3424812.1
OG0005060,KAF2216747,KAM3424813.1
OG0005061,KAF2216746,KAM3424814.1
OG0005062,KAF2216744,KAM3424816.1
OG0005063,KAF2216743,KAM3424817.1
OG0005064,KAF2216736,KAM3424824.1
OG0005065,KAF2216735,KAM3424825.1
OG0005066,KAF2216733,KAM3424826.1
OG0005067,KAF2216731,KAM3424828.1
OG0005068,KAF2216729,KAM3424831.1
OG0005069,KAF2216722,KAM3424839.1
OG0005070,KAF2216716,KAM3424847.1
OG0005071,KAF2216714,KAM3424854.1
OG0005072,KAF2216708,KAM3424862.1
OG0005073,KAF2216706,KAM3424864.1
OG0005075,KAF2216698,KAM3424872.1
OG0005076,KAF2216697,KAM3424873.1
OG0005077,KAF2216690,KAM3424881.1
OG0005078,KAF2216680,KAM3424889.1
OG0005079,KAF2216679,KAM3424890.1
OG0005080,KAF2216673,KAM3424898.1
OG0005081,KAF2216669,KAM3424900.1
OG0005082,KAF2216668,KAM3424901.1
OG0005083,KAF2216109,KAM3424905.1
OG0005084,KAF2216106,KAM3424908.1
OG0005085,KAF2216105,KAM3424909.1
OG0005086,KAF2216103,KAM3424911.1
OG0005087,KAF2215625,KAM3425555.1
OG0005088,KAF2215626,KAM3425556.1
OG0005089,KAF2215627,KAM3425557.1
OG0005090,KAF2215628,KAM3425558.1
OG0005091,KAF2215631,KAM3425561.1
OG0005092,KAF2215636,KAM3425565.1
OG0005093,KAF2215637,KAM3425566.1
OG0005094,KAF2215641,KAM3425570.1
OG0005095,KAF2215648,KAM3425578.1
OG0005096,KAF2215649,KAM3425579.1
OG0005097,KAF2215650,KAM3425580.1
OG0005098,KAF2215651,KAM3425581.1
OG0005099,KAF2215652,KAM3425583.1
OG0005100,KAF2215653,KAM3425585.1
OG0005101,KAF2215656,KAM3425588.1
OG0005102,KAF2215657,KAM3425589.1
OG0005103,KAF2215658,KAM3425590.1
OG0005104,KAF2215659,KAM3425591.1
OG0005105,KAF2215663,KAM3425595.1
OG0005106,KAF2215667,KAM3425598.1
OG0005107,KAF2215669,KAM3425599.1
OG0005108,KAF2215671,KAM3425601.1
OG0005109,KAF2215675,KAM3425605.1
OG0005111,KAF2215679,KAM3425610.1
OG0005112,KAF2215680,KAM3425611.1
OG0005113,KAF2215681,KAM3425612.1
OG0005114,KAF2215682,KAM3425613.1
OG0005115,KAF2215683,KAM3425614.1
OG0005116,KAF2215684,KAM3425615.1
OG0005117,KAF2215687,KAM3425618.1
OG0005118,KAF2215688,KAM3425619.1
OG0005120,KAF2215692,KAM3425625.1
OG0005121,KAF2211677,KAM3425305.1
OG0005122,KAF2211678,KAM3425306.1
OG0005123,KAF2211681,KAM3425312.1
OG0005124,KAF2211682,KAM3425313.1
OG0005125,KAF2211683,KAM3425314.1
OG0005126,KAF2211684,KAM3425315.1
OG0005127,KAF2211688,KAM3425320.1
OG0005128,KAF2211691,KAM3425324.1
OG0005129,KAF2211692,KAM3425326.1
OG0005130,KAF2211693,KAM3425327.1
OG0005131,KAF2211695,KAM3425329.1
OG0005132,KAF2211699,KAM3425332.1
OG0005133,KAF2211700,KAM3425333.1
OG0005134,KAF2211703,KAM3425337.1
OG0005135,KAF2211705,KAM3425338.1
OG0005136,KAF2211706,KAM3425339.1
OG0005137,KAF2211708,KAM3425342.1
OG0005138,KAF2211709,KAM3425343.1
OG0005139,KAF2211710,KAM3425344.1
OG0005140,KAF2211711,KAM3425345.1
OG0005141,KAF2211715,KAM3425349.1
OG0005142,KAF2211721,KAM3425354.1
OG0005143,KAF2211728,KAM3425360.1
OG0005144,KAF2211730,KAM3425361.1
OG0005145,KAF2211731,KAM3425362.1
OG0005146,KAF2211732,KAM3425363.1
OG0005147,KAF2211738,KAM3425371.1
OG0005148,KAF2211739,KAM3425372.1
OG0005149,KAF2211744,KAM3425377.1
OG0005150,KAF2211746,KAM3425379.1
OG0005151,KAF2211747,KAM3425380.1
OG0005152,KAF2211754,KAM3425384.1
OG0005153,KAF2211756,KAM3425386.1
OG0005154,KAF2211760,KAM3425390.1
OG0005155,KAF2211762,KAM3425393.1
OG0005156,KAF2211763,KAM3425394.1
OG0005157,KAF2211766,KAM3425398.1
OG0005158,KAF2211767,KAM3425399.1
OG0005159,KAF2211769,KAM3425401.1
OG0005160,KAF2211770,KAM3425402.1
OG0005161,KAF2211771,KAM3425404.1
OG0005162,KAF2211772,KAM3425406.1
OG0005163,KAF2211777,KAM3425411.1
OG0005164,KAF2211778,KAM3425413.1
OG0005165,KAF2211779,KAM3425414.1
OG0005166,KAF2211783,KAM3425418.1
OG0005167,KAF2211787,KAM3425421.1
OG0005168,KAF2211788,KAM3425422.1
OG0005169,KAF2211791,KAM3425424.1
OG0005170,KAF2211792,KAM3425425.1
OG0005171,KAF2211797,KAM3425430.1
OG0005172,KAF2211802,KAM3425436.1
OG0005173,KAF2211803,KAM3425437.1
OG0005174,KAF2211805,KAM3425439.1
OG0005175,KAF2211808,KAM3425443.1
OG0005176,KAF2211809,KAM3425444.1
OG0005177,KAF2211811,KAM3425446.1
OG0005178,KAF2211812,KAM3425447.1
OG0005179,KAF2211813,KAM3425448.1
OG0005180,KAF2211816,KAM3425451.1
OG0005181,KAF2211818,KAM3425452.1
OG0005182,KAF2211819,KAM3425454.1
OG0005183,KAF2211823,KAM3425458.1
OG0005185,KAF2211832,KAM3425466.1
OG0005186,KAF2211833,KAM3425468.1
OG0005187,KAF2211834,KAM3425469.1
OG0005188,KAF2211835,KAM3425470.1
OG0005189,KAF2211838,KAM3425473.1
OG0005190,KAF2211843,KAM3425476.1
OG0005191,KAF2211844,KAM3425477.1
OG0005192,KAF2211846,KAM3425479.1
OG0005193,KAF2215549,KAM3425481.1
OG0005194,KAF2215551,KAM3425483.1
OG0005195,KAF2215552,KAM3425485.1
OG0005196,KAF2215554,KAM3425487.1
OG0005197,KAF2215555,KAM3425488.1
OG0005198,KAF2215564,KAM3425496.1
OG0005199,KAF2215563,KAM3425495.1
OG0005200,KAF2215561,KAM3425493.1
OG0005201,KAF2215572,KAM3425503.1
OG0005202,KAF2215573,KAM3425505.1
OG0005203,KAF2215574,KAM3425506.1
OG0005204,KAF2215577,KAM3425508.1
OG0005205,KAF2215578,KAM3425509.1
OG0005206,KAF2215581,KAM3425511.1
OG0005207,KAF2215585,KAM3425514.1
OG0005208,KAF2215587,KAM3425515.1
OG0005209,KAF2215591,KAM3425520.1
OG0005210,KAF2215594,KAM3425523.1
OG0005211,KAF2215595,KAM3425524.1
OG0005212,KAF2215596,KAM3425525.1
OG0005213,KAF2215597,KAM3425526.1
OG0005214,KAF2215598,KAM3425527.1
OG0005215,KAF2215600,KAM3425530.1
OG0005216,KAF2215603,KAM3425532.1
OG0005217,KAF2215607,KAM3425538.1
OG0005218,KAF2215608,KAM3425539.1
OG0005219,KAF2215611,KAM3425541.1
OG0005220,KAF2215614,KAM3425543.1
OG0005221,KAF2215621,KAM3425551.1
OG0005222,KAF2215620,KAM3425550.1
OG0005223,KAF2215618,KAM3425549.1
OG0005224,KAF2215617,KAM3425547.1
OG0005225,KAF2215623,KAM3425553.1
OG0005226,KAF2216097,KAM3418444.1
OG0005227,KAF2216088,KAM3424925.1
OG0005228,KAF2216086,KAM3424928.1
OG0005229,KAF2216085,KAM3424929.1
OG0005230,KAF2216071,KAM3424948.1
OG0005231,KAF2216070,KAM3424949.1
OG0005232,KAF2216066,KAM3424955.1
OG0005233,KAF2216065,KAM3424956.1
OG0005234,KAF2216063,KAM3424958.1
OG0005235,KAF2216060,KAM3424960.1
OG0005236,KAF2216059,KAM3424961.1
OG0005237,KAF2216058,KAM3424962.1
OG0005238,KAF2216056,KAM3424963.1
OG0005239,KAF2216055,KAM3424964.1
OG0005240,KAF2216054,KAM3424965.1
OG0005241,KAF2216053,KAM3424966.1
OG0005242,KAF2216051,KAM3424968.1
OG0005243,KAF2216049,KAM3424970.1
OG0005244,KAF2216048,KAM3424971.1
OG0005245,KAF2216047,KAM3424972.1
OG0005246,KAF2216045,KAM3424974.1
OG0005247,KAF2216044,KAM3424975.1
OG0005248,KAF2216043,KAM3424978.1
OG0005249,KAF2216037,KAM3424984.1
OG0005250,KAF2216036,KAM3424985.1
OG0005251,KAF2216031,KAM3424991.1
OG0005252,KAF2216026,KAM3424995.1
OG0005253,KAF2216023,KAM3424999.1
OG0005254,KAF2216022,KAM3425000.1
OG0005255,KAF2216021,KAM3425001.1
OG0005256,KAF2216017,KAM3425004.1
OG0005257,KAF2216016,KAM3425005.1
OG0005258,KAF2216012,KAM3425009.1
OG0005259,KAF2216011,KAM3425010.1
OG0005260,KAF2216009,KAM3425011.1
OG0005261,KAF2216008,KAM3425012.1
OG0005262,KAF2216004,KAM3425017.1
OG0005263,KAF2216003,KAM3425020.1
OG0005264,KAF2216000,KAM3425022.1
OG0005265,KAF2215997,KAM3425025.1
OG0005266,KAF2215991,KAM3425029.1
OG0005267,KAF2215990,KAM3425030.1
OG0005268,KAF2215989,KAM3425031.1
OG0005269,KAF2215988,KAM3425032.1
OG0005270,KAF2215987,KAM3425033.1
OG0005271,KAF2215986,KAM3425034.1
OG0005272,KAF2215983,KAM3425037.1
OG0005273,KAF2215976,KAM3425042.1
OG0005274,KAF2215975,KAM3425043.1
OG0005275,KAF2215971,KAM3425048.1
OG0005276,KAF2215969,KAM3425050.1
OG0005277,KAF2215967,KAM3425052.1
OG0005278,KAF2215966,KAM3425053.1
OG0005279,KAF2215965,KAM3425054.1
OG0005280,KAF2215963,KAM3425056.1
OG0005281,KAF2215961,KAM3425058.1
OG0005282,KAF2215956,KAM3425063.1
OG0005283,KAF2215953,KAM3425065.1
OG0005284,KAF2215950,KAM3425068.1
OG0005285,KAF2215945,KAM3425074.1
OG0005286,KAF2215942,KAM3425076.1
OG0005287,KAF2215941,KAM3425077.1
OG0005288,KAF2215940,KAM3425078.1
OG0005289,KAF2215938,KAM3425080.1
OG0005290,KAF2215934,KAM3425083.1
OG0005291,KAF2215933,KAM3425084.1
OG0005292,KAF2215930,KAM3425087.1
OG0005293,KAF2215929,KAM3425088.1
OG0005294,KAF2215926,KAM3425090.1
OG0005295,KAF2215925,KAM3425091.1
OG0005296,KAF2215919,KAM3425099.1
OG0005297,KAF2215916,KAM3425102.1
OG0005298,KAF2215788,KAM3425238.1
OG0005299,KAF2215790,KAM3425236.1
OG0005300,KAF2215783,KAM3425242.1
OG0005302,KAF2215904,KAM3425119.1
OG0005303,KAF2215903,KAM3425120.1
OG0005304,KAF2215901,KAM3425122.1
OG0005305,KAF2215900,KAM3425123.1
OG0005306,KAF2215895,KAM3425129.1
OG0005307,KAF2215894,KAM3425130.1
OG0005308,KAF2215893,KAM3425131.1
OG0005309,KAF2215863,KAM3425146.1
OG0005310,KAF2215866,KAM3425151.1
OG0005311,KAF2215867,KAM3425152.1
OG0005312,KAF2215868,KAM3425153.1
OG0005313,KAF2215869,KAM3425154.1
OG0005314,KAF2215872,KAM3425156.1
OG0005315,KAF2215873,KAM3425157.1
OG0005316,KAF2215875,KAM3425159.1
OG0005317,KAF2215877,KAM3425160.1
OG0005318,KAF2215882,KAM3425161.1
OG0005319,KAF2215878,KAM3425166.1
OG0005320,KAF2215857,KAM3425168.1
OG0005321,KAF2215853,KAM3425171.1
OG0005322,KAF2215852,KAM3425172.1
OG0005323,KAF2215849,KAM3425175.1
OG0005324,KAF2215848,KAM3425176.1
OG0005325,KAF2215847,KAM3425177.1
OG0005326,KAF2215842,KAM3425182.1
OG0005327,KAF2215841,KAM3425183.1
OG0005328,KAF2215837,KAM3425186.1
OG0005329,KAF2215835,KAM3425188.1
OG0005330,KAF2215834,KAM3425189.1
OG0005331,KAF2215831,KAM3425193.1
OG0005332,KAF2215830,KAM3425194.1
OG0005333,KAF2215825,KAM3425198.1
OG0005334,KAF2215823,KAM3425201.1
OG0005335,KAF2215822,KAM3425202.1
OG0005336,KAF2215819,KAM3425206.1
OG0005337,KAF2215818,KAM3425207.1
OG0005338,KAF2215817,KAM3425208.1
OG0005339,KAF2215816,KAM3425209.1
OG0005340,KAF2215809,KAM3425215.1
OG0005341,KAF2215808,KAM3425216.1
OG0005342,KAF2215802,KAM3425221.1
OG0005343,KAF2215801,KAM3425222.1
OG0005344,KAF2215799,KAM3425225.1
OG0005345,KAF2215779,KAM3425245.1
OG0005346,KAF2215776,KAM3425248.1
OG0005347,KAF2215775,KAM3425249.1
OG0005348,KAF2215774,KAM3425250.1
OG0005349,KAF2215770,KAM3425252.1
OG0005351,KAF2215768,KAM3425255.1
OG0005352,KAF2215764,KAM3425259.1
OG0005353,KAF2215760,KAM3425265.1
OG0005354,KAF2215755,KAM3425269.1
OG0005355,KAF2215752,KAM3425272.1
OG0005356,KAF2215747,KAM3425276.1
OG0005357,KAF2215746,KAM3425277.1
OG0005358,KAF2215743,KAM3425280.1
OG0005359,KAF2215723,KAM3425282.1
OG0005360,KAF2215721,KAM3425284.1
OG0005361,KAF2215713,KAM3425290.1
OG0005362,KAF2215711,KAM3425292.1
OG0005363,KAF2215709,KAM3425294.1
OG0005364,KAF2215708,KAM3425295.1
OG0005365,KAF2215705,KAM3425298.1
OG0005366,KAF2215704,KAM3425299.1
OG0005367,KAF2215703,KAM3425300.1
OG0005369,KAF2207270,KAM3425747.1
OG0005370,KAF2207268,KAM3425750.1
OG0005371,KAF2207266,KAM3425752.1
OG0005372,KAF2207265,KAM3425753.1
OG0005373,KAF2207264,KAM3425754.1
OG0005374,KAF2207263,KAM3425755.1
OG0005375,KAF2207306,KAM3425704.1
OG0005376,KAF2207315,KAM3425697.1
OG0005377,KAF2207317,KAM3425695.1
OG0005378,KAF2207320,KAM3425692.1
OG0005379,KAF2207321,KAM3425691.1
OG0005380,KAF2211631,KAM3425686.1
OG0005381,KAF2211636,KAM3425680.1
OG0005383,KAF2211643,KAM3425658.1
OG0005385,KAF2211648,KAM3425652.1
OG0005388,KAF2207255,KAM3425766.1
OG0005389,KAF2207249,KAM3425772.1
OG0005390,KAF2207247,KAM3425773.1
OG0005391,KAF2207246,KAM3425774.1
OG0005392,KAF2207244,KAM3425775.1
OG0005393,KAF2207243,KAM3425776.1
OG0005394,KAF2207241,KAM3425778.1
OG0005395,KAF2207240,KAM3425779.1
OG0005396,KAF2207237,KAM3425784.1
OG0005397,KAF2207233,KAM3425789.1
OG0005398,KAF2207231,KAM3425790.1
OG0005399,KAF2207229,KAM3425793.1
OG0005400,KAF2211672,KAM3425630.1
OG0005402,KAF2211669,KAM3425633.1
OG0005403,KAF2211668,KAM3425634.1
OG0005404,KAF2211662,KAM3425639.1
OG0005405,KAF2211651,KAM3425648.1
OG0005406,KAF2207258,KAM3425762.1
OG0005407,KAF2207284,KAM3425721.1
OG0005408,KAF2207286,KAM3425723.1
OG0005409,KAF2207290,KAM3425727.1
OG0005410,KAF2207292,KAM3425719.1
OG0005411,KAF2207293,KAM3425718.1
OG0005412,KAF2207296,KAM3425715.1
OG0005413,KAF2207299,KAM3425711.1
OG0005414,KAF2207302,KAM3425708.1
OG0005415,KAF2207262,KAM3425757.1
OG0005416,KAF2207277,KAM3425733.1
OG0005417,KAF2207276,KAM3425735.1
OG0005418,KAF2215076,KAM3416595.1
OG0005419,KAF2213780,KAM3416594.1
OG0005420,KAF2213783,KAM3416591.1
OG0005421,KAF2213784,KAM3416589.1
OG0005422,KAF2213785,KAM3416588.1
OG0005423,KAF2213789,KAM3416584.1
OG0005424,KAF2213791,KAM3416581.1
OG0005425,KAF2213795,KAM3416577.1
OG0005426,KAF2213798,KAM3416575.1
OG0005427,KAF2213801,KAM3416572.1
OG0005428,KAF2213810,KAM3416567.1
OG0005429,KAF2213812,KAM3416565.1
OG0005430,KAF2213818,KAM3416552.1
OG0005431,KAF2213819,KAM3416551.1
OG0005432,KAF2213823,KAM3416547.1
OG0005433,KAF2213824,KAM3416546.1
OG0005434,KAF2213827,KAM3416543.1
OG0005435,KAF2213828,KAM3416542.1
OG0005436,KAF2213829,KAM3416541.1
OG0005437,KAF2207078,KAM3417090.1
OG0005438,KAF2207079,KAM3417091.1
OG0005439,KAF2207080,KAM3417092.1
OG0005440,KAF2207081,KAM3417094.1
OG0005441,KAF2207083,KAM3417097.1
OG0005442,KAF2207086,KAM3417100.1
OG0005443,KAF2207087,KAM3417101.1
OG0005444,KAF2207089,KAM3417103.1
OG0005445,KAF2207090,KAM3417104.1
OG0005446,KAF2207091,KAM3417105.1
OG0005447,KAF2207092,KAM3417106.1
OG0005448,KAF2207034,KAM3417157.1
OG0005449,KAF2215547,KAM3417154.1
OG0005450,KAF2207050,KAM3417139.1
OG0005451,KAF2207053,KAM3417143.1
OG0005452,KAF2207054,KAM3417144.1
OG0005453,KAF2207056,KAM3417145.1
OG0005454,KAF2207057,KAM3417146.1
OG0005455,KAF2215327,KAM3416851.1
OG0005456,KAF2215329,KAM3416853.1
OG0005457,KAF2215330,KAM3416855.1
OG0005458,KAF2215335,KAM3416861.1
OG0005459,KAF2215342,KAM3416868.1
OG0005460,KAF2215145,KAM3416666.1
OG0005461,KAF2215138,KAM3416659.1
OG0005462,KAF2215137,KAM3416658.1
OG0005463,KAF2215136,KAM3416657.1
OG0005464,KAF2215135,KAM3416656.1
OG0005465,KAF2215133,KAM3416651.1
OG0005466,KAF2215131,KAM3416649.1
OG0005467,KAF2215130,KAM3416648.1
OG0005468,KAF2215123,KAM3416640.1
OG0005469,KAF2215121,KAM3416638.1
OG0005470,KAF2215120,KAM3416637.1
OG0005471,KAF2215118,KAM3416635.1
OG0005472,KAF2215114,KAM3416629.1
OG0005473,KAF2215113,KAM3416628.1
OG0005474,KAF2215109,KAM3416624.1
OG0005475,KAF2215106,KAM3416621.1
OG0005476,KAF2215104,KAM3416619.1
OG0005477,KAF2215099,KAM3416616.1
OG0005478,KAF2215098,KAM3416615.1
OG0005479,KAF2215096,KAM3416613.1
OG0005480,KAF2215092,KAM3416609.1
OG0005481,KAF2215091,KAM3416608.1
OG0005482,KAF2215088,KAM3416607.1
OG0005483,KAF2215086,KAM3416605.1
OG0005484,KAF2207026,KAM3417163.1
OG0005485,KAF2207027,KAM3417162.1
OG0005486,KAF2207062,KAM3417151.1
OG0005487,KAF2207061,KAM3417150.1
OG0005488,KAF2215319,KAM3416846.1
OG0005489,KAF2215313,KAM3416839.1
OG0005490,KAF2215305,KAM3416831.1
OG0005491,KAF2215299,KAM3416825.1
OG0005492,KAF2215298,KAM3416824.1
OG0005493,KAF2215294,KAM3416820.1
OG0005494,KAF2215288,KAM3416814.1
OG0005495,KAF2215287,KAM3416813.1
OG0005496,KAF2215286,KAM3416812.1
OG0005497,KAF2215282,KAM3416808.1
OG0005499,KAF2215275,KAM3416802.1
OG0005500,KAF2213892,KAM3416470.1
OG0005501,KAF2213893,KAM3416469.1
OG0005502,KAF2213896,KAM3416468.1
OG0005503,KAF2213898,KAM3416466.1
OG0005504,KAF2213899,KAM3416465.1
OG0005505,KAF2213901,KAM3416463.1
OG0005506,KAF2213903,KAM3416461.1
OG0005507,KAF2213907,KAM3416458.1
OG0005508,KAF2213909,KAM3416455.1
OG0005509,KAF2213910,KAM3416454.1
OG0005510,KAF2213911,KAM3416453.1
OG0005511,KAF2213917,KAM3416447.1
OG0005512,KAF2213918,KAM3416446.1
OG0005514,KAF2213927,KAM3416436.1
OG0005515,KAF2213939,KAM3416425.1
OG0005516,KAF2213937,KAM3416426.1
OG0005517,KAF2213936,KAM3416427.1
OG0005518,KAF2213935,KAM3416429.1
OG0005519,KAF2213934,KAM3416430.1
OG0005520,KAF2213932,KAM3416431.1
OG0005521,KAF2213940,KAM3416424.1
OG0005522,KAF2213941,KAM3416423.1
OG0005523,KAF2213944,KAM3416421.1
OG0005524,KAF2213948,KAM3416415.1
OG0005525,KAF2213954,KAM3416409.1
OG0005526,KAF2213955,KAM3416408.1
OG0005527,KAF2213956,KAM3416407.1
OG0005528,KAF2215255,KAM3416778.1
OG0005529,KAF2215257,KAM3416781.1
OG0005530,KAF2215262,KAM3416785.1
OG0005531,KAF2215263,KAM3416786.1
OG0005532,KAF2215265,KAM3416789.1
OG0005533,KAF2215267,KAM3416791.1
OG0005534,KAF2215268,KAM3416792.1
OG0005535,KAF2215269,KAM3416793.1
OG0005536,KAF2215272,KAM3416799.1
OG0005537,KAF2215273,KAM3416800.1
OG0005538,KAF2215274,KAM3416801.1
OG0005539,KAF2215215,KAM3416736.1
OG0005540,KAF2215209,KAM3416731.1
OG0005541,KAF2215208,KAM3416730.1
OG0005542,KAF2215207,KAM3416729.1
OG0005543,KAF2215204,KAM3416723.1
OG0005544,KAF2215202,KAM3416721.1
OG0005545,KAF2215200,KAM3416719.1
OG0005546,KAF2215197,KAM3416715.1
OG0005547,KAF2215195,KAM3416714.1
OG0005548,KAF2215190,KAM3416709.1
OG0005549,KAF2215188,KAM3416707.1
OG0005550,KAF2215187,KAM3416706.1
OG0005551,KAF2215186,KAM3416705.1
OG0005552,KAF2215185,KAM3416704.1
OG0005553,KAF2215184,KAM3416703.1
OG0005554,KAF2215183,KAM3416702.1
OG0005555,KAF2215182,KAM3416701.1
OG0005556,KAF2215181,KAM3416700.1
OG0005557,KAF2215180,KAM3416699.1
OG0005558,KAF2215179,KAM3416698.1
OG0005559,KAF2215177,KAM3416696.1
OG0005560,KAF2215176,KAM3416695.1
OG0005561,KAF2215170,KAM3416689.1
OG0005562,KAF2215165,KAM3416685.1
OG0005563,KAF2215164,KAM3416684.1
OG0005564,KAF2215161,KAM3416681.1
OG0005565,KAF2215159,KAM3416679.1
OG0005566,KAF2215153,KAM3416674.1
OG0005567,KAF2215152,KAM3416673.1
OG0005568,KAF2215151,KAM3416671.1
OG0005569,KAF2215349,KAM3416875.1
OG0005570,KAF2215350,KAM3416876.1
OG0005571,KAF2215353,KAM3416879.1
OG0005572,KAF2215354,KAM3416880.1
OG0005573,KAF2215357,KAM3416884.1
OG0005574,KAF2215360,KAM3416888.1
OG0005575,KAF2215362,KAM3416890.1
OG0005576,KAF2215363,KAM3416891.1
OG0005577,KAF2215365,KAM3416894.1
OG0005578,KAF2215366,KAM3416895.1
OG0005579,KAF2215367,KAM3416896.1
OG0005580,KAF2215373,KAM3416901.1
OG0005581,KAF2215374,KAM3416902.1
OG0005582,KAF2215375,KAM3416903.1
OG0005583,KAF2215376,KAM3416904.1
OG0005584,KAF2215378,KAM3416906.1
OG0005585,KAF2215379,KAM3416907.1
OG0005586,KAF2215388,KAM3416930.1
OG0005587,KAF2215390,KAM3416926.1
OG0005588,KAF2215391,KAM3416925.1
OG0005589,KAF2215392,KAM3416924.1
OG0005590,KAF2215394,KAM3416922.1
OG0005591,KAF2215396,KAM3416919.1
OG0005592,KAF2215397,KAM3416918.1
OG0005593,KAF2215398,KAM3416916.1
OG0005594,KAF2215400,KAM3416915.1
OG0005595,KAF2215405,KAM3417020.1
OG0005596,KAF2215406,KAM3417019.1
OG0005597,KAF2215420,KAM3417018.1
OG0005598,KAF2215425,KAM3417012.1
OG0005599,KAF2215429,KAM3417009.1
OG0005600,KAF2215431,KAM3417007.1
OG0005601,KAF2214000,KAM3416353.1
OG0005602,KAF2213997,KAM3416356.1
OG0005603,KAF2213995,KAM3416359.1
OG0005604,KAF2213994,KAM3416360.1
OG0005605,KAF2213983,KAM3416377.1
OG0005606,KAF2213981,KAM3416380.1
OG0005607,KAF2213961,KAM3416402.1
OG0005609,KAF2213966,KAM3416397.1
OG0005610,KAF2213968,KAM3416395.1
OG0005611,KAF2213969,KAM3416394.1
OG0005612,KAF2213970,KAM3416393.1
OG0005613,KAF2213971,KAM3416392.1
OG0005614,KAF2213973,KAM3416388.1
OG0005615,KAF2213974,KAM3416387.1
OG0005616,KAF2213959,KAM3416404.1
OG0005617,KAF2215246,KAM3416769.1
OG0005618,KAF2215245,KAM3416767.1
OG0005619,KAF2215242,KAM3416764.1
OG0005620,KAF2215241,KAM3416763.1
OG0005621,KAF2215239,KAM3416762.1
OG0005622,KAF2215237,KAM3416760.1
OG0005623,KAF2215236,KAM3416759.1
OG0005624,KAF2215232,KAM3416756.1
OG0005625,KAF2215231,KAM3416754.1
OG0005626,KAF2215229,KAM3416752.1
OG0005627,KAF2215228,KAM3416750.1
OG0005628,KAF2215227,KAM3416749.1
OG0005629,KAF2215224,KAM3416745.1
OG0005630,KAF2215223,KAM3416744.1
OG0005631,KAF2215222,KAM3416743.1
OG0005632,KAF2215218,KAM3416739.1
OG0005633,KAF2213890,KAM3416474.1
OG0005634,KAF2213887,KAM3416477.1
OG0005635,KAF2213882,KAM3416483.1
OG0005636,KAF2213878,KAM3416486.1
OG0005637,KAF2213876,KAM3416489.1
OG0005638,KAF2213873,KAM3416493.1
OG0005639,KAF2213872,KAM3416494.1
OG0005640,KAF2213871,KAM3416495.1
OG0005641,KAF2214073,KAM3416280.1
OG0005642,KAF2214070,KAM3416284.1
OG0005643,KAF2214071,KAM3416283.1
OG0005644,KAF2214056,KAM3416295.1
OG0005645,KAF2214054,KAM3416298.1
OG0005646,KAF2214051,KAM3416301.1
OG0005647,KAF2215524,KAM3417046.1
OG0005648,KAF2215523,KAM3417047.1
OG0005649,KAF2215521,KAM3417049.1
OG0005650,KAF2215520,KAM3417050.1
OG0005652,KAF2215434,KAM3417004.1
OG0005653,KAF2215436,KAM3417002.1
OG0005654,KAF2215437,KAM3417000.1
OG0005655,KAF2214126,KAM3416230.1
OG0005656,KAF2214163,KAM3416173.1
OG0005657,KAF2214165,KAM3416175.1
OG0005658,KAF2214167,KAM3416177.1
OG0005659,KAF2214168,KAM3416178.1
OG0005660,KAF2214172,KAM3416184.1
OG0005661,KAF2215443,KAM3416994.1
OG0005662,KAF2215446,KAM3416990.1
OG0005663,KAF2215449,KAM3416986.1
OG0005664,KAF2215450,KAM3416985.1
OG0005665,KAF2215451,KAM3416984.1
OG0005666,KAF2215456,KAM3416980.1
OG0005667,KAF2215461,KAM3416977.1
OG0005668,KAF2215459,KAM3416978.1
OG0005669,KAF2215463,KAM3416975.1
OG0005670,KAF2215469,KAM3416968.1
OG0005671,KAF2215479,KAM3416958.1
OG0005672,KAF2215481,KAM3416954.1
OG0005673,KAF2215483,KAM3416950.1
OG0005674,KAF2215485,KAM3416948.1
OG0005675,KAF2215487,KAM3416946.1
OG0005676,KAF2215488,KAM3416945.1
OG0005677,KAF2215491,KAM3416941.1
OG0005678,KAF2215492,KAM3416940.1
OG0005679,KAF2215495,KAM3416938.1
OG0005680,KAF2215496,KAM3416937.1
OG0005681,KAF2215497,KAM3416936.1
OG0005682,KAF2215498,KAM3416935.1
OG0005683,KAF2215501,KAM3416913.1
OG0005684,KAF2215507,KAM3417066.1
OG0005685,KAF2215505,KAM3417068.1
OG0005686,KAF2215511,KAM3417060.1
OG0005687,KAF2215512,KAM3417059.1
OG0005688,KAF2214013,KAM3416336.1
OG0005689,KAF2214008,KAM3416340.1
OG0005690,KAF2214002,KAM3416350.1
OG0005691,KAF2214021,KAM3416329.1
OG0005692,KAF2214022,KAM3416328.1
OG0005693,KAF2214023,KAM3416327.1
OG0005694,KAF2214026,KAM3416324.1
OG0005695,KAF2214028,KAM3416322.1
OG0005696,KAF2214029,KAM3416321.1
OG0005697,KAF2215440,KAM3416998.1
OG0005698,KAF2214131,KAM3416226.1
OG0005699,KAF2214135,KAM3416221.1
OG0005700,KAF2214141,KAM3416217.1
OG0005701,KAF2214146,KAM3416213.1
OG0005702,KAF2214148,KAM3416210.1
OG0005703,KAF2214151,KAM3416207.1
OG0005704,KAF2214152,KAM3416206.1
OG0005705,KAF2214153,KAM3416205.1
OG0005706,KAF2214154,KAM3416204.1
OG0005707,KAF2214155,KAM3416203.1
OG0005709,KAF2214160,KAM3416195.1
OG0005710,KAF2214161,KAM3416194.1
OG0005711,KAF2206853,KAM3416190.1
OG0005712,KAF2214125,KAM3416231.1
OG0005713,KAF2214121,KAM3416234.1
OG0005714,KAF2214120,KAM3416235.1
OG0005715,KAF2214112,KAM3416240.1
OG0005717,KAF2214032,KAM3416317.1
OG0005718,KAF2206858,KAM3416167.1
OG0005719,KAF2206859,KAM3416166.1
OG0005720,KAF2206860,KAM3416165.1
OG0005721,KAF2206861,KAM3416164.1
OG0005722,KAF2206862,KAM3416163.1
OG0005723,KAF2206865,KAM3416160.1
OG0005724,KAF2206876,KAM3416152.1
OG0005725,KAF2206875,KAM3416153.1
OG0005726,KAF2206874,KAM3416154.1
OG0005727,KAF2206870,KAM3416156.1
OG0005728,KAF2206869,KAM3416157.1
OG0005729,KAF2206867,KAM3416158.1
OG0005730,KAF2206878,KAM3416150.1
OG0005731,KAF2206880,KAM3416148.1
OG0005732,KAF2206885,KAM3416141.1
OG0005733,KAF2206886,KAM3416140.1
OG0005734,KAF2206888,KAM3416138.1
OG0005735,KAF2206890,KAM3416137.1
OG0005736,KAF2206891,KAM3416136.1
OG0005737,KAF2206892,KAM3416135.1
OG0005738,KAF2206893,KAM3416134.1
OG0005739,KAF2206895,KAM3416131.1
OG0005740,KAF2206897,KAM3416128.1
OG0005741,KAF2206900,KAM3416125.1
OG0005742,KAF2206901,KAM3416124.1
OG0005743,KAF2206902,KAM3416122.1
OG0005744,KAF2206903,KAM3416121.1
OG0005745,KAF2214041,KAM3416311.1
OG0005746,KAF2214042,KAM3416310.1
OG0005747,KAF2214044,KAM3416308.1
OG0005748,KAF2215529,KAM3417043.1
OG0005749,KAF2215535,KAM3417037.1
OG0005750,KAF2215537,KAM3417035.1
OG0005751,KAF2215538,KAM3417034.1
OG0005752,KAF2215540,KAM3417032.1
OG0005753,KAF2215541,KAM3417029.1
OG0005754,KAF2215544,KAM3417024.1
OG0005755,KAF2213831,KAM3416539.1
OG0005756,KAF2213833,KAM3416537.1
OG0005757,KAF2213839,KAM3416531.1
OG0005758,KAF2213840,KAM3416530.1
OG0005759,KAF2213842,KAM3416528.1
OG0005760,KAF2213843,KAM3416527.1
OG0005761,KAF2213847,KAM3416523.1
OG0005762,KAF2213849,KAM3416521.1
OG0005763,KAF2213851,KAM3416517.1
OG0005764,KAF2213852,KAM3416516.1
OG0005765,KAF2214077,KAM3416275.1
OG0005766,KAF2214080,KAM3416269.1
OG0005767,KAF2214088,KAM3416261.1
OG0005768,KAF2214089,KAM3416260.1
OG0005769,KAF2214093,KAM3416255.1
OG0005770,KAF2214094,KAM3416254.1
OG0005771,KAF2214095,KAM3416253.1
OG0005772,KAF2214098,KAM3416251.1
OG0005773,KAF2214100,KAM3416249.1
OG0005774,KAF2214101,KAM3416248.1
OG0005775,KAF2208444,KAM3417985.1
OG0005776,KAF2208447,KAM3417989.1
OG0005777,KAF2208451,KAM3417994.1
OG0005778,KAF2208452,KAM3417995.1
OG0005779,KAF2208453,KAM3417996.1
OG0005780,KAF2207203,KAM3418140.1
OG0005781,KAF2207202,KAM3418138.1
OG0005782,KAF2207201,KAM3418137.1
OG0005783,KAF2207225,KAM3418017.1
OG0005784,KAF2207221,KAM3418022.1
OG0005785,KAF2207217,KAM3418025.1
OG0005786,KAF2207216,KAM3418026.1
OG0005787,KAF2207210,KAM3418145.1
OG0005788,KAF2208471,KAM3418013.1
OG0005789,KAF2208470,KAM3418012.1
OG0005790,KAF2208467,KAM3418010.1
OG0005791,KAF2208466,KAM3418009.1
OG0005792,KAF2208465,KAM3418008.1
OG0005793,KAF2208463,KAM3418005.1
OG0005794,KAF2208462,KAM3418004.1
OG0005796,KAF2208459,KAM3418002.1
OG0005797,KAF2208456,KAM3417999.1
OG0005798,KAF2207183,KAM3418111.1
OG0005799,KAF2207184,KAM3418112.1
OG0005800,KAF2207186,KAM3418116.1
OG0005801,KAF2207189,KAM3418119.1
OG0005802,KAF2207190,KAM3418120.1
OG0005803,KAF2207192,KAM3418122.1
OG0005804,KAF2207196,KAM3418130.1
OG0005805,KAF2207179,KAM3418106.1
OG0005806,KAF2207178,KAM3418105.1
OG0005807,KAF2207176,KAM3418103.1
OG0005808,KAF2207168,KAM3418096.1
OG0005809,KAF2207167,KAM3418095.1
OG0005810,KAF2207166,KAM3418094.1
OG0005811,KAF2207165,KAM3418093.1
OG0005812,KAF2207164,KAM3418092.1
OG0005813,KAF2207160,KAM3418088.1
OG0005814,KAF2207159,KAM3418087.1
OG0005815,KAF2207156,KAM3418083.1
OG0005817,KAF2207154,KAM3418081.1
OG0005818,KAF2207153,KAM3418080.1
OG0005819,KAF2207152,KAM3418079.1
OG0005820,KAF2207150,KAM3418077.1
OG0005821,KAF2207149,KAM3418076.1
OG0005822,KAF2207148,KAM3418075.1
OG0005823,KAF2207147,KAM3418074.1
OG0005824,KAF2207145,KAM3418072.1
OG0005825,KAF2207144,KAM3418071.1
OG0005826,KAF2207143,KAM3418070.1
OG0005827,KAF2207141,KAM3418069.1
OG0005828,KAF2207139,KAM3418067.1
OG0005829,KAF2207138,KAM3418066.1
OG0005830,KAF2207135,KAM3418061.1
OG0005831,KAF2207128,KAM3418055.1
OG0005832,KAF2210117,KAM3417085.1
OG0005833,KAF2210116,KAM3417086.1
OG0005834,KAF2206360,KAM3418168.1
OG0005835,KAF2206362,KAM3418166.1
OG0005836,KAF2206364,KAM3418164.1
OG0005837,KAF2206365,KAM3418162.1
OG0005838,KAF2206367,KAM3418160.1
OG0005839,KAF2206368,KAM3418159.1
OG0005840,KAF2206370,KAM3418158.1
OG0005841,KAF2207104,KAM3418152.1
OG0005842,KAF2207105,KAM3418151.1
OG0005843,KAF2207108,KAM3418028.1
OG0005844,KAF2207109,KAM3418030.1
OG0005845,KAF2207110,KAM3418031.1
OG0005846,KAF2207112,KAM3418032.1
OG0005847,KAF2207117,KAM3418039.1
OG0005848,KAF2207118,KAM3418040.1
OG0005849,KAF2207119,KAM3418042.1
OG0005851,KAF2207125,KAM3418052.1
OG0005852,KAF2207126,KAM3418053.1
OG0005853,KAF2206357,KAM3418170.1
OG0005854,KAF2206356,KAM3418171.1
OG0005855,KAF2206353,KAM3418174.1
OG0005856,KAF2206352,KAM3418175.1
OG0005857,KAF2206351,KAM3418176.1
OG0005858,KAF2206349,KAM3418178.1
OG0005859,KAF2206348,KAM3418179.1
OG0005860,KAF2206345,KAM3418182.1
OG0005861,KAF2206344,KAM3418183.1
OG0005862,KAF2206343,KAM3418184.1
OG0005863,KAF2206335,KAM3418192.1
OG0005864,KAF2206336,KAM3418191.1
OG0005865,KAF2206337,KAM3418190.1
OG0005866,KAF2206334,KAM3418193.1
OG0005867,KAF2208443,KAM3417984.1
OG0005868,KAF2208441,KAM3417981.1
OG0005869,KAF2208440,KAM3417980.1
OG0005870,KAF2208439,KAM3417979.1
OG0005871,KAF2208437,KAM3417976.1
OG0005872,KAF2208430,KAM3417969.1
OG0005873,KAF2208429,KAM3417968.1
OG0005874,KAF2208408,KAM3417948.1
OG0005875,KAF2208406,KAM3417947.1
OG0005876,KAF2208404,KAM3417946.1
OG0005877,KAF2208403,KAM3417945.1
OG0005878,KAF2208402,KAM3417944.1
OG0005879,KAF2208400,KAM3417942.1
OG0005880,KAF2208399,KAM3417941.1
OG0005881,KAF2208396,KAM3417937.1
OG0005882,KAF2208395,KAM3417938.1
OG0005883,KAF2208394,KAM3417939.1
OG0005884,KAF2208391,KAM3417932.1
OG0005885,KAF2208389,KAM3417931.1
OG0005886,KAF2208387,KAM3417928.1
OG0005887,KAF2208385,KAM3417926.1
OG0005888,KAF2208380,KAM3417923.1
OG0005889,KAF2208379,KAM3417921.1
OG0005890,KAF2208378,KAM3417920.1
OG0005891,KAF2208377,KAM3417919.1
OG0005892,KAF2208375,KAM3417917.1
OG0005893,KAF2208374,KAM3417916.1
OG0005894,KAF2208373,KAM3417915.1
OG0005895,KAF2208372,KAM3417914.1
OG0005896,KAF2208370,KAM3417912.1
OG0005897,KAF2208369,KAM3417911.1
OG0005898,KAF2208367,KAM3417908.1
OG0005899,KAF2208324,KAM3417859.1
OG0005900,KAF2208325,KAM3417860.1
OG0005901,KAF2208327,KAM3417862.1
OG0005902,KAF2208328,KAM3417863.1
OG0005903,KAF2208332,KAM3417867.1
OG0005904,KAF2208334,KAM3417870.1
OG0005905,KAF2208335,KAM3417871.1
OG0005906,KAF2208337,KAM3417877.1
OG0005907,KAF2208338,KAM3417878.1
OG0005908,KAF2208341,KAM3417880.1
OG0005909,KAF2208348,KAM3417886.1
OG0005910,KAF2208349,KAM3417887.1
OG0005911,KAF2208350,KAM3417888.1
OG0005912,KAF2208351,KAM3417889.1
OG0005913,KAF2208352,KAM3417890.1
OG0005914,KAF2208354,KAM3417892.1
OG0005916,KAF2208363,KAM3417901.1
OG0005917,KAF2208321,KAM3417857.1
OG0005918,KAF2208320,KAM3417856.1
OG0005919,KAF2208318,KAM3417853.1
OG0005920,KAF2208317,KAM3417852.1
OG0005921,KAF2208315,KAM3417850.1
OG0005922,KAF2208314,KAM3417849.1
OG0005923,KAF2208313,KAM3417848.1
OG0005924,KAF2208312,KAM3417847.1
OG0005925,KAF2211852,KAM3417843.1
OG0005926,KAF2211853,KAM3417842.1
OG0005927,KAF2211855,KAM3417839.1
OG0005928,KAF2211856,KAM3417838.1
OG0005929,KAF2211874,KAM3417824.1
OG0005930,KAF2211876,KAM3417821.1
OG0005931,KAF2211878,KAM3417819.1
OG0005932,KAF2211879,KAM3417818.1
OG0005933,KAF2211881,KAM3417814.1
OG0005934,KAF2211885,KAM3417813.1
OG0005935,KAF2211887,KAM3417812.1
OG0005936,KAF2211891,KAM3417811.1
OG0005937,KAF2211893,KAM3417810.1
OG0005938,KAF2211895,KAM3417808.1
OG0005939,KAF2211902,KAM3417802.1
OG0005940,KAF2211907,KAM3417798.1
OG0005941,KAF2211913,KAM3417794.1
OG0005942,KAF2211914,KAM3417793.1
OG0005943,KAF2211917,KAM3417790.1
OG0005944,KAF2211919,KAM3417788.1
OG0005945,KAF2211924,KAM3417783.1
OG0005946,KAF2211926,KAM3417779.1
OG0005947,KAF2211928,KAM3417777.1
OG0005948,KAF2211929,KAM3417776.1
OG0005949,KAF2211933,KAM3417771.1
OG0005950,KAF2211934,KAM3417770.1
OG0005951,KAF2211935,KAM3417769.1
OG0005952,KAF2211936,KAM3417768.1
OG0005953,KAF2211937,KAM3417767.1
OG0005954,KAF2211942,KAM3417762.1
OG0005955,KAF2211943,KAM3417761.1
OG0005956,KAF2211944,KAM3417760.1
OG0005957,KAF2211945,KAM3417748.1
OG0005958,KAF2211948,KAM3417744.1
OG0005959,KAF2211949,KAM3417743.1
OG0005960,KAF2211951,KAM3417740.1
OG0005961,KAF2211955,KAM3417737.1
OG0005962,KAF2211958,KAM3417734.1
OG0005963,KAF2211961,KAM3417731.1
OG0005964,KAF2211966,KAM3417727.1
OG0005966,KAF2211969,KAM3417724.1
OG0005967,KAF2211972,KAM3417720.1
OG0005968,KAF2211980,KAM3417712.1
OG0005969,KAF2211981,KAM3417711.1
OG0005970,KAF2211982,KAM3417710.1
OG0005971,KAF2211984,KAM3417708.1
OG0005972,KAF2211988,KAM3417706.1
OG0005973,KAF2211989,KAM3417705.1
OG0005974,KAF2211990,KAM3417704.1
OG0005975,KAF2211994,KAM3417698.1
OG0005976,KAF2211996,KAM3417696.1
OG0005977,KAF2212134,KAM3417559.1
OG0005978,KAF2212133,KAM3417560.1
OG0005979,KAF2212132,KAM3417563.1
OG0005980,KAF2212131,KAM3417564.1
OG0005981,KAF2212130,KAM3417565.1
OG0005983,KAF2212129,KAM3417568.1
OG0005984,KAF2212128,KAM3417569.1
OG0005985,KAF2212124,KAM3417573.1
OG0005986,KAF2212120,KAM3417577.1
OG0005987,KAF2212118,KAM3417579.1
OG0005988,KAF2212117,KAM3417580.1
OG0005989,KAF2212116,KAM3417581.1
OG0005990,KAF2212114,KAM3417583.1
OG0005991,KAF2212111,KAM3417586.1
OG0005992,KAF2212107,KAM3417591.1
OG0005993,KAF2212106,KAM3417592.1
OG0005994,KAF2212105,KAM3417593.1
OG0005995,KAF2212104,KAM3417594.1
OG0005996,KAF2212100,KAM3417599.1
OG0005997,KAF2212098,KAM3417601.1
OG0005998,KAF2212097,KAM3417602.1
OG0005999,KAF2212096,KAM3417603.1
OG0006000,KAF2208731,KAM3417506.1
OG0006002,KAF2208725,KAM3417500.1
OG0006003,KAF2208724,KAM3417499.1
OG0006004,KAF2208719,KAM3417493.1
OG0006005,KAF2208718,KAM3417492.1
OG0006006,KAF2208716,KAM3417489.1
OG0006007,KAF2208715,KAM3417488.1
OG0006008,KAF2208714,KAM3417487.1
OG0006009,KAF2208709,KAM3417481.1
OG0006010,KAF2208708,KAM3417480.1
OG0006011,KAF2208703,KAM3417476.1
OG0006012,KAF2208697,KAM3417471.1
OG0006013,KAF2208690,KAM3417464.1
OG0006014,KAF2208689,KAM3417463.1
OG0006015,KAF2208687,KAM3417461.1
OG0006016,KAF2208684,KAM3417456.1
OG0006017,KAF2208681,KAM3417453.1
OG0006018,KAF2208680,KAM3417452.1
OG0006019,KAF2208679,KAM3417451.1
OG0006020,KAF2208677,KAM3417449.1
OG0006021,KAF2208671,KAM3417441.1
OG0006022,KAF2208668,KAM3417439.1
OG0006023,KAF2208667,KAM3417438.1
OG0006024,KAF2208646,KAM3417428.1
OG0006026,KAF2212090,KAM3417613.1
OG0006027,KAF2212094,KAM3417606.1
OG0006028,KAF2212061,KAM3417638.1
OG0006029,KAF2212060,KAM3417639.1
OG0006030,KAF2212059,KAM3417640.1
OG0006031,KAF2212054,KAM3417643.1
OG0006032,KAF2212053,KAM3417644.1
OG0006033,KAF2212052,KAM3417645.1
OG0006034,KAF2212050,KAM3417647.1
OG0006035,KAF2212049,KAM3417648.1
OG0006036,KAF2212045,KAM3417652.1
OG0006037,KAF2212040,KAM3417656.1
OG0006038,KAF2212039,KAM3417657.1
OG0006039,KAF2212037,KAM3417659.1
OG0006040,KAF2212036,KAM3417660.1
OG0006041,KAF2212033,KAM3417664.1
OG0006042,KAF2212032,KAM3417665.1
OG0006043,KAF2212031,KAM3417666.1
OG0006044,KAF2212030,KAM3417667.1
OG0006045,KAF2212023,KAM3417671.1
OG0006046,KAF2212020,KAM3417673.1
OG0006047,KAF2212019,KAM3417674.1
OG0006048,KAF2212012,KAM3417682.1
OG0006049,KAF2212011,KAM3417683.1
OG0006050,KAF2212010,KAM3417684.1
OG0006051,KAF2212009,KAM3417685.1
OG0006052,KAF2212008,KAM3417686.1
OG0006053,KAF2212007,KAM3417687.1
OG0006054,KAF2212005,KAM3417689.1
OG0006055,KAF2212004,KAM3417690.1
OG0006056,KAF2212001,KAM3417692.1
OG0006057,KAF2212000,KAM3417693.1
OG0006058,KAF2208777,KAM3417554.1
OG0006059,KAF2208776,KAM3417553.1
OG0006060,KAF2208775,KAM3417552.1
OG0006061,KAF2208774,KAM3417551.1
OG0006062,KAF2208772,KAM3417549.1
OG0006063,KAF2208768,KAM3417546.1
OG0006064,KAF2208766,KAM3417545.1
OG0006065,KAF2208763,KAM3417542.1
OG0006066,KAF2208762,KAM3417541.1
OG0006067,KAF2208761,KAM3417540.1
OG0006068,KAF2208756,KAM3417535.1
OG0006070,KAF2208754,KAM3417531.1
OG0006071,KAF2208752,KAM3417530.1
OG0006072,KAF2208745,KAM3417521.1
OG0006073,KAF2208744,KAM3417520.1
OG0006074,KAF2208740,KAM3417517.1
OG0006075,KAF2208737,KAM3417513.1
OG0006076,KAF2208734,KAM3417510.1
OG0006077,KAF2212063,KAM3417637.1
OG0006078,KAF2212064,KAM3417636.1
OG0006079,KAF2212067,KAM3417634.1
OG0006080,KAF2212071,KAM3417631.1
OG0006081,KAF2212073,KAM3417628.1
OG0006082,KAF2212076,KAM3417626.1
OG0006083,KAF2212079,KAM3417624.1
OG0006084,KAF2212081,KAM3417622.1
OG0006085,KAF2212082,KAM3417621.1
OG0006086,KAF2212088,KAM3417616.1
OG0006087,KAF2206847,KAM3417169.1
OG0006088,KAF2206846,KAM3417170.1
OG0006089,KAF2206845,KAM3417171.1
OG0006090,KAF2206842,KAM3417173.1
OG0006092,KAF2206839,KAM3417178.1
OG0006093,KAF2206838,KAM3417179.1
OG0006094,KAF2206836,KAM3417181.1
OG0006095,KAF2206835,KAM3417182.1
OG0006096,KAF2206834,KAM3417183.1
OG0006097,KAF2206833,KAM3417184.1
OG0006098,KAF2206820,KAM3417194.1
OG0006099,KAF2206819,KAM3417195.1
OG0006100,KAF2206817,KAM3417196.1
OG0006101,KAF2206812,KAM3417204.1
OG0006102,KAF2206803,KAM3417211.1
OG0006103,KAF2206802,KAM3417212.1
OG0006104,KAF2208630,KAM3417234.1
OG0006105,KAF2208626,KAM3417243.1
OG0006107,KAF2208624,KAM3417248.1
OG0006108,KAF2208623,KAM3417249.1
OG0006109,KAF2208621,KAM3417381.1
OG0006110,KAF2208620,KAM3417380.1
OG0006111,KAF2208619,KAM3417379.1
OG0006112,KAF2208612,KAM3417373.1
OG0006113,KAF2208609,KAM3417363.1
OG0006114,KAF2208608,KAM3417362.1
OG0006115,KAF2208607,KAM3417361.1
OG0006116,KAF2208604,KAM3417357.1
OG0006117,KAF2208601,KAM3417354.1
OG0006118,KAF2208599,KAM3417351.1
OG0006119,KAF2208541,KAM3417289.1
OG0006120,KAF2208543,KAM3417290.1
OG0006121,KAF2208544,KAM3417292.1
OG0006122,KAF2208545,KAM3417293.1
OG0006123,KAF2208546,KAM3417294.1
OG0006124,KAF2208553,KAM3417299.1
OG0006125,KAF2208557,KAM3417307.1
OG0006126,KAF2208558,KAM3417308.1
OG0006128,KAF2208564,KAM3417314.1
OG0006129,KAF2208567,KAM3417316.1
OG0006130,KAF2208570,KAM3417318.1
OG0006131,KAF2208571,KAM3417319.1
OG0006132,KAF2208572,KAM3417320.1
OG0006133,KAF2208573,KAM3417323.1
OG0006134,KAF2208578,KAM3417327.1
OG0006135,KAF2208585,KAM3417335.1
OG0006136,KAF2208586,KAM3417336.1
OG0006137,KAF2208587,KAM3417337.1
OG0006138,KAF2208588,KAM3417338.1
OG0006139,KAF2208534,KAM3417283.1
OG0006140,KAF2208531,KAM3417280.1
OG0006141,KAF2208530,KAM3417279.1
OG0006142,KAF2208529,KAM3417277.1
OG0006143,KAF2208528,KAM3417276.1
OG0006144,KAF2208523,KAM3417271.1
OG0006146,KAF2208519,KAM3417267.1
OG0006147,KAF2208518,KAM3417266.1
OG0006148,KAF2208516,KAM3417265.1
OG0006149,KAF2208515,KAM3417264.1
OG0006150,KAF2208513,KAM3417263.1
OG0006151,KAF2208512,KAM3417262.1
OG0006152,KAF2208511,KAM3417261.1
OG0006153,KAF2208506,KAM3417255.1
OG0006154,KAF2208487,KAM3417397.1
OG0006155,KAF2208489,KAM3417394.1
OG0006156,KAF2208493,KAM3417391.1
OG0006157,KAF2208496,KAM3417382.1
OG0006158,KAF2208497,KAM3417383.1
OG0006159,KAF2208499,KAM3417387.1
OG0006160,KAF2208500,KAM3417388.1
OG0006161,KAF2208503,KAM3417251.1
OG0006162,KAF2208483,KAM3417403.1
OG0006163,KAF2208481,KAM3417405.1
OG0006164,KAF2208476,KAM3417414.1
OG0006165,KAF2208474,KAM3417416.1
OG0006166,KAF2208473,KAM3417417.1
OG0006167,KAF2213493,KAM3413949.1
OG0006168,KAF2213490,KAM3413952.1
OG0006169,KAF2213488,KAM3413954.1
OG0006170,KAF2213487,KAM3413955.1
OG0006171,KAF2213479,KAM3413964.1
OG0006172,KAF2213476,KAM3413676.1
OG0006173,KAF2213359,KAM3413681.1
OG0006174,KAF2213360,KAM3413682.1
OG0006175,KAF2213361,KAM3413683.1
OG0006176,KAF2213362,KAM3413684.1
OG0006177,KAF2213363,KAM3413685.1
OG0006178,KAF2213365,KAM3413715.1
OG0006179,KAF2213366,KAM3413714.1
OG0006181,KAF2213375,KAM3413708.1
OG0006183,KAF2213382,KAM3413704.1
OG0006184,KAF2213383,KAM3413703.1
OG0006185,KAF2213390,KAM3413696.1
OG0006186,KAF2213391,KAM3413695.1
OG0006187,KAF2213393,KAM3413693.1
OG0006188,KAF2213394,KAM3413692.1
OG0006189,KAF2213395,KAM3413691.1
OG0006190,KAF2213730,KAM3414133.1
OG0006191,KAF2213729,KAM3414132.1
OG0006192,KAF2213728,KAM3414131.1
OG0006193,KAF2213719,KAM3414121.1
OG0006194,KAF2213718,KAM3414119.1
OG0006195,KAF2213715,KAM3414118.1
OG0006196,KAF2213713,KAM3414116.1
OG0006197,KAF2213712,KAM3414115.1
OG0006198,KAF2213701,KAM3414107.1
OG0006199,KAF2213700,KAM3414106.1
OG0006200,KAF2213699,KAM3414105.1
OG0006201,KAF2213661,KAM3414064.1
OG0006202,KAF2213662,KAM3414065.1
OG0006203,KAF2213666,KAM3414068.1
OG0006204,KAF2213667,KAM3414069.1
OG0006205,KAF2213511,KAM3414038.1
OG0006206,KAF2213510,KAM3414039.1
OG0006207,KAF2213509,KAM3414040.1
OG0006208,KAF2213506,KAM3414044.1
OG0006209,KAF2213505,KAM3414045.1
OG0006210,KAF2213497,KAM3414055.1
OG0006211,KAF2213495,KAM3414058.1
OG0006212,KAF2206390,KAM3414282.1
OG0006213,KAF2206392,KAM3414284.1
OG0006214,KAF2206394,KAM3414285.1
OG0006215,KAF2206396,KAM3414287.1
OG0006216,KAF2206397,KAM3414288.1
OG0006217,KAF2206400,KAM3414291.1
OG0006218,KAF2206403,KAM3414293.1
OG0006219,KAF2206406,KAM3414294.1
OG0006220,KAF2206407,KAM3414295.1
OG0006221,KAF2206408,KAM3414296.1
OG0006222,KAF2206409,KAM3414297.1
OG0006223,KAF2206410,KAM3414299.1
OG0006224,KAF2206421,KAM3414311.1
OG0006225,KAF2206389,KAM3414281.1
OG0006226,KAF2206387,KAM3414279.1
OG0006227,KAF2206386,KAM3414278.1
OG0006228,KAF2206385,KAM3414277.1
OG0006229,KAF2206384,KAM3414276.1
OG0006230,KAF2206380,KAM3414269.1
OG0006231,KAF2206378,KAM3414267.1
OG0006232,KAF2206376,KAM3414266.1
OG0006233,KAF2206375,KAM3414265.1
OG0006234,KAF2211394,KAM3414263.1
OG0006235,KAF2211396,KAM3414261.1
OG0006236,KAF2213674,KAM3414076.1
OG0006237,KAF2213675,KAM3414077.1
OG0006238,KAF2213678,KAM3414079.1
OG0006239,KAF2213679,KAM3414081.1
OG0006240,KAF2213685,KAM3414091.1
OG0006241,KAF2213691,KAM3414096.1
OG0006242,KAF2213692,KAM3414097.1
OG0006243,KAF2213694,KAM3414099.1
OG0006244,KAF2213657,KAM3414061.1
OG0006245,KAF2211387,KAM3414247.1
OG0006246,KAF2211388,KAM3414248.1
OG0006247,KAF2211390,KAM3414250.1
OG0006248,KAF2211403,KAM3414253.1
OG0006249,KAF2211401,KAM3414254.1
OG0006250,KAF2211400,KAM3414255.1
OG0006251,KAF2213671,KAM3414072.1
OG0006252,KAF2213670,KAM3414071.1
OG0006253,KAF2213528,KAM3414026.1
OG0006254,KAF2213527,KAM3414027.1
OG0006255,KAF2213532,KAM3414023.1
OG0006256,KAF2213534,KAM3414020.1
OG0006257,KAF2213539,KAM3414017.1
OG0006258,KAF2213433,KAM3413752.1
OG0006259,KAF2213436,KAM3413756.1
OG0006260,KAF2213441,KAM3413761.1
OG0006261,KAF2213442,KAM3413762.1
OG0006262,KAF2213446,KAM3413771.1
OG0006263,KAF2213449,KAM3413775.1
OG0006264,KAF2213451,KAM3413781.1
OG0006265,KAF2213453,KAM3413782.1
OG0006266,KAF2213461,KAM3413788.1
OG0006267,KAF2213465,KAM3413866.1
OG0006268,KAF2211340,KAM3414345.1
OG0006269,KAF2211339,KAM3414346.1
OG0006270,KAF2211338,KAM3414347.1
OG0006271,KAF2211337,KAM3414348.1
OG0006272,KAF2211336,KAM3414349.1
OG0006273,KAF2213428,KAM3413748.1
OG0006274,KAF2213427,KAM3413747.1
OG0006275,KAF2213416,KAM3413736.1
OG0006276,KAF2213410,KAM3413731.1
OG0006277,KAF2213406,KAM3413726.1
OG0006278,KAF2213405,KAM3413725.1
OG0006279,KAF2213399,KAM3413718.1
OG0006280,KAF2213736,KAM3414138.1
OG0006281,KAF2213739,KAM3414142.1
OG0006282,KAF2213744,KAM3414146.1
OG0006283,KAF2213746,KAM3414148.1
OG0006284,KAF2213747,KAM3414149.1
OG0006286,KAF2213750,KAM3414151.1
OG0006287,KAF2213752,KAM3414153.1
OG0006288,KAF2213756,KAM3414155.1
OG0006289,KAF2213757,KAM3414157.1
OG0006290,KAF2213761,KAM3414161.1
OG0006291,KAF2213763,KAM3414162.1
OG0006292,KAF2213767,KAM3414166.1
OG0006293,KAF2211346,KAM3414337.1
OG0006294,KAF2213469,KAM3413864.1
OG0006295,KAF2213471,KAM3413862.1
OG0006296,KAF2213472,KAM3413861.1
OG0006298,KAF2206721,KAM3413853.1
OG0006299,KAF2206728,KAM3413848.1
OG0006300,KAF2206734,KAM3413847.1
OG0006301,KAF2206732,KAM3413845.1
OG0006302,KAF2206743,KAM3413829.1
OG0006303,KAF2211311,KAM3414374.1
OG0006304,KAF2211313,KAM3414370.1
OG0006305,KAF2211314,KAM3414369.1
OG0006306,KAF2211315,KAM3414368.1
OG0006307,KAF2211319,KAM3414364.1
OG0006308,KAF2211322,KAM3414361.1
OG0006309,KAF2211324,KAM3414359.1
OG0006310,KAF2211326,KAM3414358.1
OG0006311,KAF2213540,KAM3414016.1
OG0006312,KAF2213543,KAM3414014.1
OG0006313,KAF2213547,KAM3414010.1
OG0006314,KAF2213548,KAM3414009.1
OG0006315,KAF2213549,KAM3414008.1
OG0006316,KAF2213553,KAM3414004.1
OG0006318,KAF2213558,KAM3413998.1
OG0006319,KAF2213559,KAM3413997.1
OG0006320,KAF2213565,KAM3413992.1
OG0006321,KAF2211383,KAM3414245.1
OG0006322,KAF2211384,KAM3414246.1
OG0006323,KAF2213653,KAM3413948.1
OG0006324,KAF2213649,KAM3413942.1
OG0006325,KAF2213648,KAM3413941.1
OG0006326,KAF2213646,KAM3413939.1
OG0006327,KAF2213642,KAM3413934.1
OG0006328,KAF2213631,KAM3413923.1
OG0006329,KAF2213632,KAM3413924.1
OG0006330,KAF2213636,KAM3413928.1
OG0006331,KAF2213638,KAM3413930.1
OG0006332,KAF2213641,KAM3413933.1
OG0006333,KAF2213630,KAM3413922.1
OG0006335,KAF2213621,KAM3413914.1
OG0006336,KAF2213620,KAM3413912.1
OG0006337,KAF2213617,KAM3413909.1
OG0006338,KAF2213616,KAM3413908.1
OG0006339,KAF2213614,KAM3413905.1
OG0006340,KAF2213609,KAM3413901.1
OG0006341,KAF2213608,KAM3413900.1
OG0006342,KAF2213607,KAM3413899.1
OG0006343,KAF2213606,KAM3413898.1
OG0006344,KAF2213605,KAM3413897.1
OG0006345,KAF2213601,KAM3413893.1
OG0006346,KAF2213594,KAM3413884.1
OG0006347,KAF2213577,KAM3413976.1
OG0006348,KAF2213576,KAM3413979.1
OG0006349,KAF2211380,KAM3414241.1
OG0006350,KAF2211379,KAM3414240.1
OG0006351,KAF2211378,KAM3414239.1
OG0006352,KAF2211376,KAM3414238.1
OG0006353,KAF2211374,KAM3413495.1
OG0006354,KAF2211373,KAM3413494.1
OG0006355,KAF2211372,KAM3413493.1
OG0006356,KAF2213776,KAM3414175.1
OG0006357,KAF2213775,KAM3414174.1
OG0006358,KAF2211353,KAM3414327.1
OG0006359,KAF2211354,KAM3414326.1
OG0006360,KAF2211269,KAM3414428.1
OG0006361,KAF2211268,KAM3414429.1
OG0006363,KAF2211262,KAM3413505.1
OG0006364,KAF2211259,KAM3413503.1
OG0006365,KAF2211258,KAM3413502.1
OG0006366,KAF2211252,KAM3413497.1
OG0006367,KAF2211246,KAM3414234.1
OG0006368,KAF2211241,KAM3414229.1
OG0006369,KAF2211238,KAM3414227.1
OG0006371,KAF2211235,KAM3414222.1
OG0006372,KAF2211233,KAM3414220.1
OG0006373,KAF2211230,KAM3414216.1
OG0006374,KAF2211229,KAM3414215.1
OG0006375,KAF2211224,KAM3414211.1
OG0006376,KAF2211223,KAM3414210.1
OG0006377,KAF2211222,KAM3414209.1
OG0006378,KAF2211221,KAM3414208.1
OG0006379,KAF2211220,KAM3414207.1
OG0006380,KAF2211218,KAM3414205.1
OG0006381,KAF2211217,KAM3414204.1
OG0006382,KAF2211214,KAM3414202.1
OG0006383,KAF2211213,KAM3414201.1
OG0006384,KAF2211212,KAM3414199.1
OG0006385,KAF2211211,KAM3414198.1
OG0006386,KAF2211209,KAM3414196.1
OG0006387,KAF2211208,KAM3414195.1
OG0006388,KAF2211207,KAM3414194.1
OG0006389,KAF2211206,KAM3414193.1
OG0006390,KAF2211205,KAM3414192.1
OG0006391,KAF2211200,KAM3414182.1
OG0006392,KAF2211198,KAM3414181.1
OG0006393,KAF2211197,KAM3414180.1
OG0006394,KAF2213779,KAM3414179.1
OG0006395,KAF2211369,KAM3413488.1
OG0006396,KAF2211367,KAM3413486.1
OG0006397,KAF2211360,KAM3414319.1
OG0006398,KAF2211359,KAM3414320.1
OG0006399,KAF2211358,KAM3414321.1
OG0006401,KAF2211277,KAM3414421.1
OG0006402,KAF2211278,KAM3414419.1
OG0006403,KAF2211279,KAM3414417.1
OG0006404,KAF2211283,KAM3414413.1
OG0006405,KAF2211284,KAM3414411.1
OG0006406,KAF2211287,KAM3414408.1
OG0006407,KAF2211288,KAM3414407.1
OG0006408,KAF2211291,KAM3414403.1
OG0006409,KAF2211293,KAM3414401.1
OG0006410,KAF2211298,KAM3414392.1
OG0006411,KAF2211299,KAM3414391.1
OG0006412,KAF2211302,KAM3414388.1
OG0006413,KAF2206749,KAM3413822.1
OG0006414,KAF2206297,KAM3413659.1
OG0006415,KAF2206299,KAM3413661.1
OG0006416,KAF2206301,KAM3413663.1
OG0006417,KAF2206302,KAM3413664.1
OG0006418,KAF2206303,KAM3413665.1
OG0006419,KAF2206306,KAM3413672.1
OG0006420,KAF2206750,KAM3413821.1
OG0006421,KAF2206759,KAM3413813.1
OG0006422,KAF2206762,KAM3413810.1
OG0006423,KAF2206768,KAM3413804.1
OG0006424,KAF2206770,KAM3413801.1
OG0006425,KAF2206771,KAM3413800.1
OG0006426,KAF2206773,KAM3413798.1
OG0006427,KAF2206775,KAM3413797.1
OG0006428,KAF2206777,KAM3413795.1
OG0006429,KAF2206778,KAM3413793.1
OG0006430,KAF2206780,KAM3413790.1
OG0006431,KAF2206781,KAM3413869.1
OG0006432,KAF2206783,KAM3413871.1
OG0006433,KAF2206295,KAM3413657.1
OG0006434,KAF2206296,KAM3413656.1
OG0006435,KAF2206293,KAM3413654.1
OG0006436,KAF2206291,KAM3413652.1
OG0006437,KAF2206282,KAM3413646.1
OG0006438,KAF2206279,KAM3413643.1
OG0006439,KAF2206278,KAM3413641.1
OG0006440,KAF2206276,KAM3413638.1
OG0006441,KAF2206275,KAM3413637.1
OG0006442,KAF2206274,KAM3413636.1
OG0006443,KAF2206567,KAM3415124.1
OG0006446,KAF2206558,KAM3415112.1
OG0006447,KAF2206549,KAM3415105.1
OG0006448,KAF2206547,KAM3415097.1
OG0006449,KAF2206586,KAM3415139.1
OG0006450,KAF2206442,KAM3415200.1
OG0006451,KAF2206451,KAM3415197.1
OG0006452,KAF2206457,KAM3415192.1
OG0006453,KAF2206475,KAM3415173.1
OG0006454,KAF2206476,KAM3415172.1
OG0006455,KAF2206542,KAM3415091.1
OG0006456,KAF2212517,KAM3415015.1
OG0006457,KAF2212518,KAM3415016.1
OG0006458,KAF2212519,KAM3415017.1
OG0006459,KAF2212520,KAM3415018.1
OG0006460,KAF2212612,KAM3414966.1
OG0006461,KAF2212614,KAM3414967.1
OG0006462,KAF2212608,KAM3414962.1
OG0006463,KAF2212607,KAM3414961.1
OG0006465,KAF2212600,KAM3414955.1
OG0006466,KAF2212599,KAM3414954.1
OG0006467,KAF2212596,KAM3414949.1
OG0006468,KAF2212595,KAM3414948.1
OG0006469,KAF2212592,KAM3414944.1
OG0006470,KAF2212582,KAM3414933.1
OG0006471,KAF2212584,KAM3414935.1
OG0006472,KAF2212585,KAM3414936.1
OG0006473,KAF2212586,KAM3414937.1
OG0006474,KAF2212589,KAM3414941.1
OG0006475,KAF2209922,KAM3414538.1
OG0006476,KAF2209921,KAM3414537.1
OG0006477,KAF2212839,KAM3414740.1
OG0006478,KAF2212838,KAM3414741.1
OG0006479,KAF2212823,KAM3414765.1
OG0006480,KAF2212822,KAM3414766.1
OG0006481,KAF2212821,KAM3414767.1
OG0006482,KAF2212820,KAM3414768.1
OG0006483,KAF2212819,KAM3414769.1
OG0006484,KAF2212818,KAM3414770.1
OG0006485,KAF2212797,KAM3414788.1
OG0006486,KAF2212790,KAM3414796.1
OG0006487,KAF2212789,KAM3414797.1
OG0006488,KAF2212788,KAM3414798.1
OG0006489,KAF2212781,KAM3414805.1
OG0006490,KAF2212770,KAM3414818.1
OG0006492,KAF2212766,KAM3414824.1
OG0006493,KAF2212763,KAM3414826.1
OG0006494,KAF2212762,KAM3414828.1
OG0006495,KAF2212760,KAM3414831.1
OG0006496,KAF2212759,KAM3414832.1
OG0006497,KAF2212758,KAM3414833.1
OG0006498,KAF2212743,KAM3414861.1
OG0006499,KAF2212742,KAM3414860.1
OG0006500,KAF2212741,KAM3414859.1
OG0006501,KAF2212740,KAM3414858.1
OG0006502,KAF2212730,KAM3414848.1
OG0006503,KAF2212731,KAM3414849.1
OG0006504,KAF2212732,KAM3414850.1
OG0006505,KAF2212733,KAM3414851.1
OG0006506,KAF2212734,KAM3414852.1
OG0006507,KAF2212735,KAM3414853.1
OG0006508,KAF2212736,KAM3414854.1
OG0006509,KAF2212729,KAM3414869.1
OG0006510,KAF2212726,KAM3414872.1
OG0006511,KAF2212725,KAM3414873.1
OG0006512,KAF2212724,KAM3414874.1
OG0006513,KAF2212723,KAM3414875.1
OG0006514,KAF2212722,KAM3414876.1
OG0006515,KAF2212717,KAM3414883.1
OG0006516,KAF2212716,KAM3414884.1
OG0006517,KAF2212714,KAM3414887.1
OG0006518,KAF2212709,KAM3414890.1
OG0006519,KAF2212706,KAM3414893.1
OG0006520,KAF2212705,KAM3414894.1
OG0006521,KAF2212704,KAM3414895.1
OG0006522,KAF2212700,KAM3414900.1
OG0006523,KAF2212696,KAM3414904.1
OG0006524,KAF2212693,KAM3414907.1
OG0006525,KAF2212683,KAM3414917.1
OG0006527,KAF2212674,KAM3415068.1
OG0006528,KAF2212673,KAM3415069.1
OG0006529,KAF2212672,KAM3415070.1
OG0006530,KAF2212671,KAM3415071.1
OG0006531,KAF2212670,KAM3415072.1
OG0006532,KAF2212669,KAM3415073.1
OG0006533,KAF2212668,KAM3415074.1
OG0006534,KAF2212667,KAM3415075.1
OG0006535,KAF2212666,KAM3415076.1
OG0006536,KAF2212665,KAM3415077.1
OG0006537,KAF2212661,KAM3415081.1
OG0006538,KAF2212660,KAM3415082.1
OG0006539,KAF2212659,KAM3415083.1
OG0006540,KAF2212655,KAM3415012.1
OG0006541,KAF2212654,KAM3415011.1
OG0006542,KAF2212653,KAM3415010.1
OG0006543,KAF2212648,KAM3415006.1
OG0006544,KAF2212552,KAM3415049.1
OG0006545,KAF2212551,KAM3415048.1
OG0006546,KAF2212550,KAM3415047.1
OG0006547,KAF2212549,KAM3415046.1
OG0006548,KAF2212547,KAM3415044.1
OG0006549,KAF2212545,KAM3415042.1
OG0006550,KAF2212542,KAM3415039.1
OG0006551,KAF2212541,KAM3415038.1
OG0006552,KAF2212540,KAM3415037.1
OG0006553,KAF2212640,KAM3414995.1
OG0006554,KAF2212639,KAM3414994.1
OG0006555,KAF2212638,KAM3414992.1
OG0006556,KAF2212634,KAM3414989.1
OG0006557,KAF2212633,KAM3414988.1
OG0006558,KAF2212632,KAM3414987.1
OG0006559,KAF2212631,KAM3414986.1
OG0006560,KAF2212629,KAM3414984.1
OG0006561,KAF2212628,KAM3414983.1
OG0006562,KAF2212625,KAM3414979.1
OG0006563,KAF2212624,KAM3414978.1
OG0006564,KAF2212623,KAM3414977.1
OG0006565,KAF2212620,KAM3414974.1
OG0006566,KAF2212619,KAM3414973.1
OG0006567,KAF2212522,KAM3415020.1
OG0006568,KAF2212526,KAM3415022.1
OG0006569,KAF2212527,KAM3415023.1
OG0006570,KAF2212528,KAM3415024.1
OG0006571,KAF2209909,KAM3414526.1
OG0006572,KAF2212553,KAM3415051.1
OG0006573,KAF2212556,KAM3415054.1
OG0006574,KAF2212560,KAM3415057.1
OG0006575,KAF2212561,KAM3415058.1
OG0006576,KAF2212562,KAM3415059.1
OG0006577,KAF2212563,KAM3415060.1
OG0006578,KAF2212564,KAM3415061.1
OG0006579,KAF2212565,KAM3415062.1
OG0006580,KAF2209913,KAM3414530.1
OG0006581,KAF2209915,KAM3414532.1
OG0006582,KAF2209916,KAM3414533.1
OG0006583,KAF2209917,KAM3414534.1
OG0006584,KAF2209918,KAM3414535.1
OG0006585,KAF2209920,KAM3414536.1
OG0006586,KAF2212842,KAM3414736.1
OG0006587,KAF2212843,KAM3414735.1
OG0006588,KAF2212844,KAM3414734.1
OG0006589,KAF2212847,KAM3414731.1
OG0006590,KAF2212851,KAM3414729.1
OG0006591,KAF2212852,KAM3414728.1
OG0006592,KAF2212857,KAM3414722.1
OG0006593,KAF2212572,KAM3414923.1
OG0006594,KAF2212575,KAM3414925.1
OG0006595,KAF2212577,KAM3414927.1
OG0006596,KAF2212578,KAM3414928.1
OG0006597,KAF2209924,KAM3414541.1
OG0006598,KAF2209925,KAM3414542.1
OG0006599,KAF2209929,KAM3414548.1
OG0006600,KAF2209931,KAM3414551.1
OG0006601,KAF2209932,KAM3414552.1
OG0006602,KAF2209935,KAM3414554.1
OG0006603,KAF2209936,KAM3414555.1
OG0006604,KAF2209939,KAM3414556.1
OG0006605,KAF2209940,KAM3414557.1
OG0006606,KAF2209941,KAM3414558.1
OG0006607,KAF2209942,KAM3414560.1
OG0006608,KAF2212915,KAM3414566.1
OG0006609,KAF2212920,KAM3414573.1
OG0006610,KAF2212921,KAM3414574.1
OG0006611,KAF2212924,KAM3414579.1
OG0006612,KAF2212925,KAM3414580.1
OG0006613,KAF2212928,KAM3414584.1
OG0006614,KAF2212930,KAM3414585.1
OG0006615,KAF2212933,KAM3414588.1
OG0006616,KAF2212935,KAM3414591.1
OG0006617,KAF2206428,KAM3414594.1
OG0006618,KAF2209956,KAM3414647.1
OG0006619,KAF2209957,KAM3414646.1
OG0006620,KAF2209958,KAM3414645.1
OG0006621,KAF2209963,KAM3414639.1
OG0006622,KAF2209970,KAM3414620.1
OG0006623,KAF2209980,KAM3414628.1
OG0006624,KAF2209984,KAM3414632.1
OG0006625,KAF2209985,KAM3414633.1
OG0006626,KAF2209988,KAM3414637.1
OG0006627,KAF2209989,KAM3414638.1
OG0006628,KAF2209944,KAM3414659.1
OG0006629,KAF2209840,KAM3414457.1
OG0006630,KAF2209842,KAM3414459.1
OG0006631,KAF2209843,KAM3414460.1
OG0006632,KAF2209844,KAM3414462.1
OG0006633,KAF2209847,KAM3414464.1
OG0006634,KAF2209848,KAM3414465.1
OG0006635,KAF2209850,KAM3414468.1
OG0006637,KAF2209859,KAM3414478.1
OG0006638,KAF2209865,KAM3414484.1
OG0006639,KAF2209872,KAM3414489.1
OG0006640,KAF2209873,KAM3414490.1
OG0006641,KAF2209879,KAM3414496.1
OG0006642,KAF2209881,KAM3414500.1
OG0006643,KAF2209882,KAM3414501.1
OG0006644,KAF2209884,KAM3414503.1
OG0006645,KAF2209887,KAM3414505.1
OG0006646,KAF2209894,KAM3414511.1
OG0006647,KAF2209895,KAM3414512.1
OG0006648,KAF2209902,KAM3414520.1
OG0006649,KAF2209903,KAM3414521.1
OG0006650,KAF2212910,KAM3414664.1
OG0006651,KAF2212906,KAM3414667.1
OG0006652,KAF2212904,KAM3414669.1
OG0006653,KAF2212903,KAM3414670.1
OG0006654,KAF2212900,KAM3414672.1
OG0006655,KAF2212898,KAM3414674.1
OG0006656,KAF2212896,KAM3414676.1
OG0006657,KAF2212894,KAM3414679.1
OG0006658,KAF2212893,KAM3414681.1
OG0006659,KAF2212863,KAM3414715.1
OG0006660,KAF2212864,KAM3414714.1
OG0006661,KAF2212866,KAM3414712.1
OG0006662,KAF2212881,KAM3414698.1
OG0006663,KAF2212884,KAM3414696.1
OG0006664,KAF2212886,KAM3414691.1
OG0006665,KAF2212888,KAM3414688.1
OG0006666,KAF2212889,KAM3414687.1
OG0006667,KAF2212890,KAM3414684.1
OG0006668,KAF2212643,KAM3415002.1
OG0006669,KAF2212646,KAM3415004.1
OG0006674,KAF2214580,KAM3418915.1
OG0006686,KAF2209804,KAM3418210.1
OG0006687,KAF2214734,KAM3418743.1
OG0006688,KAF2214733,KAM3418744.1
OG0006689,KAF2214620,KAM3418871.1
OG0006690,KAF2214649,KAM3418838.1
OG0006691,KAF2214668,KAM3418814.1
OG0006692,KAF2214674,KAM3418809.1
OG0006693,KAF2214685,KAM3418796.1
OG0006694,KAF2214693,KAM3418786.1
OG0006696,KAF2214712,KAM3418763.1
OG0006697,KAF2214714,KAM3418761.1
OG0006699,KAF2209681,KAM3418345.1
OG0006700,KAF2209678,KAM3418348.1
OG0006701,KAF2209665,KAM3418360.1
OG0006702,KAF2214931,KAM3418547.1
OG0006703,KAF2209693,KAM3418331.1
OG0006704,KAF2209720,KAM3418300.1
OG0006705,KAF2209728,KAM3418292.1
OG0006708,KAF2209762,KAM3418257.1
OG0006710,KAF2209772,KAM3418244.1
OG0006711,KAF2209773,KAM3418243.1
OG0006712,KAF2209778,KAM3418238.1
OG0006713,KAF2217780,KAM3419759.1
OG0006715,KAF2214743,KAM3418733.1
OG0006716,KAF2214750,KAM3418726.1
OG0006720,KAF2214841,KAM3418631.1
OG0006721,KAF2214847,KAM3418625.1
OG0006722,KAF2214855,KAM3418617.1
OG0006724,KAF2214861,KAM3418610.1
OG0006725,KAF2214873,KAM3418599.1
OG0006726,KAF2215056,KAM3418402.1
OG0006727,KAF2215043,KAM3418426.1
OG0006728,KAF2215042,KAM3418427.1
OG0006729,KAF2215041,KAM3418428.1
OG0006730,KAF2215072,KAM3418378.1
OG0006731,KAF2209654,KAM3418372.1
OG0006732,KAF2209655,KAM3418371.1
OG0006733,KAF2209660,KAM3418364.1
OG0006735,KAF2214897,KAM3418577.1
OG0006736,KAF2214890,KAM3418583.1
OG0006737,KAF2215067,KAM3418384.1
OG0006738,KAF2215027,KAM3418441.1
OG0006741,KAF2215017,KAM3418452.1
OG0006742,KAF2214987,KAM3418490.1
OG0006743,KAF2214974,KAM3418500.1
OG0006744,KAF2214589,KAM3418905.1
OG0006745,KAF2214583,KAM3418911.1
OG0006746,KAF2214579,KAM3418916.1
OG0006747,KAF2214566,KAM3418929.1
OG0006748,KAF2214560,KAM3418935.1
OG0006749,KAF2211425,KAM3418949.1
OG0006750,KAF2211433,KAM3418957.1
OG0006752,KAF2211441,KAM3418966.1
OG0006753,KAF2211443,KAM3418968.1
OG0006754,KAF2211446,KAM3418971.1
OG0006757,KAF2211485,KAM3419006.1
OG0006758,KAF2211493,KAM3419016.1
OG0006759,KAF2211505,KAM3419028.1
OG0006761,KAF2211522,KAM3419044.1
OG0006762,KAF2211529,KAM3419050.1
OG0006763,KAF2211535,KAM3419056.1
OG0006764,KAF2211557,KAM3419082.1
OG0006765,KAF2211562,KAM3419088.1
OG0006766,KAF2211576,KAM3419106.1
OG0006768,KAF2211582,KAM3419114.1
OG0006769,KAF2211586,KAM3419118.1
OG0006770,KAF2211589,KAM3419121.1
OG0006771,KAF2211591,KAM3419123.1
OG0006772,KAF2211603,KAM3419134.1
OG0006774,KAF2211624,KAM3419157.1
OG0006776,KAF2207433,KAM3419161.1
OG0006777,KAF2207454,KAM3419195.1
OG0006778,KAF2207475,KAM3419220.1
OG0006779,KAF2207485,KAM3419229.1
OG0006780,KAF2207495,KAM3419238.1
OG0006781,KAF2207508,KAM3419252.1
OG0006783,KAF2207864,KAM3419420.1
OG0006785,KAF2207890,KAM3419449.1
OG0006786,KAF2207891,KAM3419451.1
OG0006787,KAF2207902,KAM3419464.1
OG0006788,KAF2207925,KAM3419490.1
OG0006789,KAF2207930,KAM3419495.1
OG0006790,KAF2207931,KAM3419496.1
OG0006791,KAF2208825,KAM3419344.1
OG0006792,KAF2208835,KAM3419332.1
OG0006793,KAF2217806,KAM3419779.1
OG0006796,KAF2208869,KAM3419304.1
OG0006797,KAF2208862,KAM3419310.1
OG0006798,KAF2208858,KAM3419313.1
OG0006800,KAF2206703,KAM3419291.1
OG0006801,KAF2206709,KAM3419286.1
OG0006802,KAF2206717,KAM3419279.1
OG0006803,KAF2206718,KAM3419278.1
OG0006805,KAF2207945,KAM3415229.1
OG0006806,KAF2209246,KAM3415242.1
OG0006808,KAF2209256,KAM3415254.1
OG0006809,KAF2209260,KAM3415257.1
OG0006810,KAF2209262,KAM3415259.1
OG0006811,KAF2209265,KAM3415262.1
OG0006813,KAF2209297,KAM3415296.1
OG0006814,KAF2209304,KAM3415304.1
OG0006817,KAF2209352,KAM3415349.1
OG0006818,KAF2209354,KAM3415351.1
OG0006819,KAF2209368,KAM3415364.1
OG0006820,KAF2209372,KAM3415371.1
OG0006821,KAF2209376,KAM3415375.1
OG0006822,KAF2209402,KAM3415403.1
OG0006823,KAF2209407,KAM3415408.1
OG0006824,KAF2209415,KAM3415418.1
OG0006826,KAF2212175,KAM3416012.1
OG0006828,KAF2212154,KAM3416060.1
OG0006829,KAF2206621,KAM3416040.1
OG0006830,KAF2206623,KAM3416038.1
OG0006831,KAF2206631,KAM3416035.1
OG0006832,KAF2206639,KAM3416071.1
OG0006833,KAF2212452,KAM3415709.1
OG0006834,KAF2212468,KAM3415687.1
OG0006835,KAF2212475,KAM3415679.1
OG0006838,KAF2210959,KAM3415625.1
OG0006839,KAF2210929,KAM3415595.1
OG0006840,KAF2210905,KAM3415572.1
OG0006841,KAF2210896,KAM3415563.1
OG0006842,KAF2210890,KAM3415557.1
OG0006847,KAF2210863,KAM3415530.1
OG0006848,KAF2210856,KAM3415523.1
OG0006849,KAF2210816,KAM3415485.1
OG0006850,KAF2210794,KAM3415464.1
OG0006851,KAF2210793,KAM3415463.1
OG0006852,KAF2210768,KAM3415448.1
OG0006853,KAF2212229,KAM3415958.1
OG0006854,KAF2212213,KAM3415972.1
OG0006855,KAF2212202,KAM3415984.1
OG0006857,KAF2212238,KAM3415948.1
OG0006858,KAF2212247,KAM3415940.1
OG0006859,KAF2212252,KAM3415936.1
OG0006861,KAF2212271,KAM3415913.1
OG0006862,KAF2212298,KAM3415875.1
OG0006863,KAF2212309,KAM3415863.1
OG0006864,KAF2212311,KAM3415861.1
OG0006865,KAF2212321,KAM3415852.1
OG0006866,KAF2212330,KAM3415843.1
OG0006867,KAF2212350,KAM3415825.1
OG0006868,KAF2212351,KAM3415824.1
OG0006869,KAF2212356,KAM3415820.1
OG0006870,KAF2212365,KAM3415809.1
OG0006871,KAF2212366,KAM3415808.1
OG0006872,KAF2212376,KAM3415796.1
OG0006873,KAF2212386,KAM3415787.1
OG0006875,KAF2212393,KAM3415779.1
OG0006876,KAF2212410,KAM3415752.1
OG0006877,KAF2212411,KAM3415751.1
OG0006878,KAF2212413,KAM3415749.1
OG0006879,KAF2212417,KAM3415743.1
OG0006883,KAF2206653,KAM3416086.1
OG0006885,KAF2206663,KAM3416096.1
OG0006887,KAF2206678,KAM3416116.1
OG0006888,KAF2214481,KAM3422409.1
OG0006889,KAF2214472,KAM3422419.1
OG0006890,KAF2207344,KAM3422493.1
OG0006892,KAF2214270,KAM3421965.1
OG0006893,KAF2214271,KAM3421966.1
OG0006894,KAF2214274,KAM3421969.1
OG0006895,KAF2214295,KAM3421992.1
OG0006896,KAF2214439,KAM3422240.1
OG0006897,KAF2214441,KAM3422242.1
OG0006899,KAF2213985,KAM3416375.1
OG0006900,KAF2214464,KAM3422266.1
OG0006901,KAF2214327,KAM3422018.1
OG0006903,KAF2214314,KAM3422010.1
OG0006904,KAF2214299,KAM3421997.1
OG0006906,KAF2214430,KAM3422233.1
OG0006911,KAF2214505,KAM3422380.1
OG0006913,KAF2214332,KAM3422024.1
OG0006914,KAF2210008,KAM3414609.1
OG0006915,KAF2214336,KAM3422027.1
OG0006916,KAF2214357,KAM3422046.1
OG0006917,KAF2214361,KAM3422050.1
OG0006918,KAF2214372,KAM3422062.1
OG0006921,KAF2214389,KAM3422083.1
OG0006922,KAF2214397,KAM3422095.1
OG0006924,KAF2214534,KAM3422346.1
OG0006926,KAF2214537,KAM3422342.1
OG0006927,KAF2214538,KAM3422341.1
OG0006928,KAF2214541,KAM3422334.1
OG0006930,KAF2208250,KAM3421205.1
OG0006931,KAF2208248,KAM3421203.1
OG0006932,KAF2208245,KAM3421200.1
OG0006933,KAF2208233,KAM3421234.1
OG0006934,KAF2208220,KAM3421322.1
OG0006935,KAF2208218,KAM3421324.1
OG0006936,KAF2208216,KAM3421327.1
OG0006937,KAF2208215,KAM3421328.1
OG0006939,KAF2209460,KAM3421143.1
OG0006940,KAF2211102,KAM3421885.1
OG0006941,KAF2211113,KAM3421898.1
OG0006942,KAF2211122,KAM3421907.1
OG0006943,KAF2211190,KAM3422175.1
OG0006944,KAF2211189,KAM3422176.1
OG0006946,KAF2211157,KAM3421939.1
OG0006947,KAF2207384,KAM3422455.1
OG0006948,KAF2207389,KAM3422449.1
OG0006949,KAF2214222,KAM3422117.1
OG0006950,KAF2214217,KAM3422122.1
OG0006951,KAF2214216,KAM3422123.1
OG0006952,KAF2214215,KAM3422124.1
OG0006953,KAF2214210,KAM3422129.1
OG0006954,KAF2214208,KAM3422131.1
OG0006955,KAF2214182,KAM3422160.1
OG0006956,KAF2217027,KAM3424521.1
OG0006957,KAF2206910,KAM3422278.1
OG0006959,KAF2206924,KAM3422292.1
OG0006960,KAF2206937,KAM3422305.1
OG0006962,KAF2208199,KAM3420971.1
OG0006963,KAF2208259,KAM3421215.1
OG0006964,KAF2210265,KAM3421516.1
OG0006965,KAF2210231,KAM3421483.1
OG0006968,KAF2210217,KAM3421472.1
OG0006969,KAF2210213,KAM3421466.1
OG0006970,KAF2210193,KAM3421450.1
OG0006971,KAF2210181,KAM3421438.1
OG0006972,KAF2210176,KAM3421433.1
OG0006973,KAF2206240,KAM3421425.1
OG0006974,KAF2208140,KAM3421406.1
OG0006975,KAF2210728,KAM3421734.1
OG0006977,KAF2210741,KAM3421744.1
OG0006978,KAF2209586,KAM3421083.1
OG0006979,KAF2209561,KAM3421284.1
OG0006980,KAF2209565,KAM3421286.1
OG0006981,KAF2209555,KAM3421279.1
OG0006982,KAF2209550,KAM3421272.1
OG0006983,KAF2209542,KAM3421258.1
OG0006984,KAF2209526,KAM3421242.1
OG0006986,KAF2209490,KAM3421112.1
OG0006987,KAF2211059,KAM3421847.1
OG0006989,KAF2211052,KAM3421841.1
OG0006990,KAF2211047,KAM3421837.1
OG0006991,KAF2211046,KAM3421836.1
OG0006992,KAF2211035,KAM3421826.1
OG0006993,KAF2211020,KAM3421810.1
OG0006994,KAF2210996,KAM3421788.1
OG0006995,KAF2210584,KAM3421576.1
OG0006997,KAF2210574,KAM3421568.1
OG0006998,KAF2210986,KAM3421776.1
OG0006999,KAF2210605,KAM3421605.1
OG0007000,KAF2210629,KAM3421635.1
OG0007001,KAF2210637,KAM3421645.1
OG0007002,KAF2210642,KAM3421650.1
OG0007004,KAF2210661,KAM3421665.1
OG0007005,KAF2210669,KAM3421670.1
OG0007006,KAF2210677,KAM3421676.1
OG0007009,KAF2210688,KAM3421689.1
OG0007010,KAF2210689,KAM3421690.1
OG0007011,KAF2210690,KAM3421691.1
OG0007012,KAF2208155,KAM3421390.1
OG0007013,KAF2210761,KAM3421760.1
OG0007015,KAF2210571,KAM3421565.1
OG0007016,KAF2210570,KAM3421564.1
OG0007017,KAF2210568,KAM3421562.1
OG0007019,KAF2208191,KAM3421351.1
OG0007023,KAF2209438,KAM3421169.1
OG0007024,KAF2209615,KAM3420982.1
OG0007025,KAF2209622,KAM3420989.1
OG0007027,KAF2209633,KAM3421000.1
OG0007028,KAF2209635,KAM3421001.1
OG0007031,KAF2209648,KAM3421021.1
OG0007032,KAF2208039,KAM3421040.1
OG0007033,KAF2208080,KAM3413549.1
OG0007034,KAF2208066,KAM3413560.1
OG0007036,KAF2208091,KAM3413538.1
OG0007037,KAF2208105,KAM3413532.1
OG0007039,KAF2208125,KAM3413512.1
OG0007040,KAF2206230,KAM3413477.1
OG0007042,KAF2209158,KAM3422585.1
OG0007043,KAF2209157,KAM3422584.1
OG0007044,KAF2216162,KAM3422529.1
OG0007045,KAF2216160,KAM3422531.1
OG0007046,KAF2216147,KAM3422549.1
OG0007049,KAF2216118,KAM3422579.1
OG0007052,KAF2209208,KAM3422639.1
OG0007054,KAF2209193,KAM3422623.1
OG0007055,KAF2209189,KAM3422620.1
OG0007056,KAF2209182,KAM3422617.1
OG0007057,KAF2209181,KAM3422616.1
OG0007058,KAF2209178,KAM3422612.1
OG0007060,KAF2216174,KAM3422516.1
OG0007061,KAF2216490,KAM3422916.1
OG0007063,KAF2206981,KAM3423240.1
OG0007064,KAF2206971,KAM3423229.1
OG0007065,KAF2206968,KAM3423228.1
OG0007066,KAF2206963,KAM3423224.1
OG0007067,KAF2206956,KAM3423215.1
OG0007068,KAF2206952,KAM3423212.1
OG0007069,KAF2216279,KAM3422782.1
OG0007070,KAF2216283,KAM3422787.1
OG0007072,KAF2216319,KAM3422827.1
OG0007073,KAF2216340,KAM3422850.1
OG0007074,KAF2216346,KAM3422857.1
OG0007075,KAF2216184,KAM3422504.1
OG0007076,KAF2216175,KAM3422515.1
OG0007077,KAF2216438,KAM3422964.1
OG0007078,KAF2216436,KAM3422966.1
OG0007079,KAF2216435,KAM3422967.1
OG0007080,KAF2216411,KAM3422994.1
OG0007081,KAF2216367,KAM3422877.1
OG0007082,KAF2216244,KAM3422741.1
OG0007083,KAF2216259,KAM3422759.1
OG0007084,KAF2216261,KAM3422761.1
OG0007085,KAF2216263,KAM3422763.1
OG0007086,KAF2216269,KAM3422771.1
OG0007087,KAF2216648,KAM3423195.1
OG0007088,KAF2216640,KAM3423185.1
OG0007089,KAF2216618,KAM3423164.1
OG0007090,KAF2216594,KAM3423132.1
OG0007091,KAF2216596,KAM3423134.1
OG0007093,KAF2216608,KAM3423154.1
OG0007094,KAF2216610,KAM3423156.1
OG0007095,KAF2216532,KAM3423055.1
OG0007096,KAF2216529,KAM3423051.1
OG0007097,KAF2216520,KAM3423040.1
OG0007099,KAF2207002,KAM3423270.1
OG0007100,KAF2207008,KAM3423278.1
OG0007101,KAF2207010,KAM3423281.1
OG0007102,KAF2212938,KAM3423293.1
OG0007104,KAF2213180,KAM3423547.1
OG0007105,KAF2213190,KAM3423561.1
OG0007107,KAF2213214,KAM3423591.1
OG0007108,KAF2212952,KAM3423307.1
OG0007109,KAF2212944,KAM3423299.1
OG0007110,KAF2213053,KAM3423466.1
OG0007112,KAF2213030,KAM3423492.1
OG0007113,KAF2213017,KAM3423506.1
OG0007114,KAF2213013,KAM3423512.1
OG0007115,KAF2213010,KAM3423516.1
OG0007116,KAF2213151,KAM3423521.1
OG0007117,KAF2213310,KAM3423774.1
OG0007118,KAF2213006,KAM3423514.1
OG0007119,KAF2213269,KAM3423822.1
OG0007120,KAF2213251,KAM3423624.1
OG0007121,KAF2206195,KAM3423649.1
OG0007122,KAF2213135,KAM3423379.1
OG0007123,KAF2213133,KAM3423382.1
OG0007125,KAF2213130,KAM3423386.1
OG0007126,KAF2213109,KAM3423408.1
OG0007127,KAF2213102,KAM3423416.1
OG0007128,KAF2213098,KAM3423420.1
OG0007129,KAF2213095,KAM3423422.1
OG0007131,KAF2213087,KAM3423432.1
OG0007132,KAF2213066,KAM3423453.1
OG0007133,KAF2212999,KAM3423357.1
OG0007134,KAF2212995,KAM3423353.1
OG0007135,KAF2212968,KAM3423323.1
OG0007137,KAF2212962,KAM3423318.1
OG0007138,KAF2213236,KAM3423610.1
OG0007139,KAF2213240,KAM3423615.1
OG0007142,KAF2207749,KAM3423874.1
OG0007143,KAF2207756,KAM3423867.1
OG0007145,KAF2213347,KAM3423736.1
OG0007148,KAF2207728,KAM3423897.1
OG0007149,KAF2207598,KAM3423930.1
OG0007150,KAF2207594,KAM3423935.1
OG0007155,KAF2207553,KAM3423984.1
OG0007156,KAF2207563,KAM3423974.1
OG0007157,KAF2207612,KAM3423914.1
OG0007158,KAF2207731,KAM3423894.1
OG0007159,KAF2207732,KAM3423893.1
OG0007161,KAF2213062,KAM3423457.1
OG0007162,KAF2213283,KAM3423805.1
OG0007163,KAF2207807,KAM3423677.1
OG0007164,KAF2207669,KAM3419539.1
OG0007165,KAF2207672,KAM3419542.1
OG0007166,KAF2207688,KAM3419561.1
OG0007167,KAF2207681,KAM3419553.1
OG0007168,KAF2207697,KAM3419569.1
OG0007169,KAF2207708,KAM3419580.1
OG0007170,KAF2217589,KAM3420158.1
OG0007172,KAF2217608,KAM3420138.1
OG0007173,KAF2217624,KAM3420119.1
OG0007174,KAF2217626,KAM3420117.1
OG0007175,KAF2217629,KAM3420114.1
OG0007176,KAF2217639,KAM3420102.1
OG0007178,KAF2217676,KAM3420069.1
OG0007182,KAF2217692,KAM3420048.1
OG0007183,KAF2217695,KAM3420046.1
OG0007184,KAF2217698,KAM3420041.1
OG0007185,KAF2217700,KAM3420039.1
OG0007186,KAF2217720,KAM3420023.1
OG0007187,KAF2217743,KAM3419995.1
OG0007189,KAF2217986,KAM3419959.1
OG0007190,KAF2217985,KAM3419958.1
OG0007191,KAF2217962,KAM3419931.1
OG0007192,KAF2217953,KAM3419921.1
OG0007193,KAF2217914,KAM3419881.1
OG0007194,KAF2218056,KAM3419673.1
OG0007195,KAF2217863,KAM3419840.1
OG0007196,KAF2217847,KAM3419818.1
OG0007197,KAF2217838,KAM3419809.1
OG0007199,KAF2217832,KAM3419802.1
OG0007200,KAF2217801,KAM3419773.1
OG0007201,KAF2217797,KAM3419772.1
OG0007202,KAF2217790,KAM3419766.1
OG0007203,KAF2217785,KAM3419763.1
OG0007205,KAF2217768,KAM3419747.1
OG0007206,KAF2217762,KAM3419742.1
OG0007208,KAF2206224,KAM3420409.1
OG0007209,KAF2217390,KAM3420401.1
OG0007210,KAF2217389,KAM3420400.1
OG0007212,KAF2217885,KAM3419857.1
OG0007213,KAF2217880,KAM3419854.1
OG0007215,KAF2210386,KAM3420586.1
OG0007216,KAF2210413,KAM3420562.1
OG0007217,KAF2210415,KAM3420560.1
OG0007220,KAF2210439,KAM3420531.1
OG0007221,KAF2210442,KAM3420528.1
OG0007222,KAF2210461,KAM3420507.1
OG0007223,KAF2218089,KAM3419621.1
OG0007224,KAF2218091,KAM3419619.1
OG0007225,KAF2218096,KAM3419613.1
OG0007226,KAF2218108,KAM3419608.1
OG0007227,KAF2217542,KAM3420279.1
OG0007229,KAF2217536,KAM3420275.1
OG0007230,KAF2217532,KAM3420271.1
OG0007231,KAF2217472,KAM3420208.1
OG0007232,KAF2217492,KAM3420230.1
OG0007233,KAF2217451,KAM3420191.1
OG0007234,KAF2210519,KAM3420434.1
OG0007235,KAF2210510,KAM3420446.1
OG0007236,KAF2210504,KAM3420455.1
OG0007238,KAF2210158,KAM3420693.1
OG0007239,KAF2210149,KAM3420705.1
OG0007241,KAF2210120,KAM3420736.1
OG0007242,KAF2210110,KAM3420742.1
OG0007244,KAF2210082,KAM3420777.1
OG0007245,KAF2210068,KAM3420789.1
OG0007248,KAF2209026,KAM3420888.1
OG0007249,KAF2209022,KAM3420892.1
OG0007250,KAF2209003,KAM3420857.1
OG0007251,KAF2208997,KAM3420853.1
OG0007252,KAF2210379,KAM3420596.1
OG0007253,KAF2218080,KAM3419645.1
OG0007254,KAF2218079,KAM3419644.1
OG0007255,KAF2210472,KAM3420494.1
OG0007256,KAF2210478,KAM3420484.1
OG0007257,KAF2210488,KAM3420473.1
OG0007259,KAF2210321,KAM3420668.1
OG0007260,KAF2210310,KAM3420660.1
OG0007262,KAF2209090,KAM3420942.1
OG0007263,KAF2209086,KAM3420937.1
OG0007265,KAF2210050,KAM3420808.1
OG0007269,KAF2210368,KAM3420607.1
OG0007270,KAF2210339,KAM3420634.1
OG0007271,KAF2210347,KAM3420624.1
OG0007273,KAF2208989,KAM3424037.1
OG0007277,KAF2208953,KAM3424068.1
OG0007278,KAF2208959,KAM3424062.1
OG0007279,KAF2217328,KAM3424213.1
OG0007281,KAF2217301,KAM3424390.1
OG0007282,KAF2217217,KAM3424312.1
OG0007283,KAF2217218,KAM3424313.1
OG0007284,KAF2217221,KAM3424315.1
OG0007285,KAF2217326,KAM3424215.1
OG0007286,KAF2217339,KAM3424199.1
OG0007287,KAF2217351,KAM3424189.1
OG0007289,KAF2208934,KAM3424094.1
OG0007292,KAF2208901,KAM3424129.1
OG0007293,KAF2208900,KAM3424130.1
OG0007294,KAF2208897,KAM3424133.1
OG0007297,KAF2217267,KAM3424356.1
OG0007298,KAF2217290,KAM3424379.1
OG0007300,KAF2217106,KAM3424440.1
OG0007301,KAF2217108,KAM3424438.1
OG0007303,KAF2217121,KAM3424426.1
OG0007304,KAF2217127,KAM3424421.1
OG0007305,KAF2217139,KAM3424222.1
OG0007306,KAF2217168,KAM3424254.1
OG0007307,KAF2217188,KAM3424280.1
OG0007308,KAF2217194,KAM3424287.1
OG0007309,KAF2217208,KAM3424303.1
OG0007311,KAF2217077,KAM3424466.1
OG0007312,KAF2217069,KAM3424475.1
OG0007313,KAF2217040,KAM3424506.1
OG0007314,KAF2217003,KAM3424551.1
OG0007315,KAF2217002,KAM3424552.1
OG0007316,KAF2216994,KAM3424558.1
OG0007317,KAF2216972,KAM3424581.1
OG0007318,KAF2216971,KAM3424582.1
OG0007321,KAF2216959,KAM3424594.1
OG0007322,KAF2216957,KAM3424596.1
OG0007323,KAF2216890,KAM3424661.1
OG0007324,KAF2216900,KAM3424652.1
OG0007326,KAF2216913,KAM3424641.1
OG0007327,KAF2216915,KAM3424639.1
OG0007328,KAF2216935,KAM3424618.1
OG0007329,KAF2216879,KAM3424675.1
OG0007331,KAF2216812,KAM3424746.1
OG0007332,KAF2216810,KAM3424748.1
OG0007333,KAF2216793,KAM3424763.1
OG0007334,KAF2216787,KAM3424774.1
OG0007335,KAF2216783,KAM3424779.1
OG0007337,KAF2216742,KAM3424820.1
OG0007338,KAF2216732,KAM3424827.1
OG0007339,KAF2216727,KAM3424833.1
OG0007340,KAF2216726,KAM3424834.1
OG0007341,KAF2216724,KAM3424836.1
OG0007343,KAF2216712,KAM3424858.1
OG0007344,KAF2216710,KAM3424860.1
OG0007345,KAF2216701,KAM3424868.1
OG0007346,KAF2216692,KAM3424879.1
OG0007347,KAF2216686,KAM3424885.1
OG0007348,KAF2216102,KAM3424913.1
OG0007349,KAF2215635,KAM3425564.1
OG0007350,KAF2215638,KAM3425567.1
OG0007351,KAF2215640,KAM3425569.1
OG0007353,KAF2215645,KAM3425576.1
OG0007354,KAF2215661,KAM3425593.1
OG0007355,KAF2215666,KAM3425597.1
OG0007357,KAF2211701,KAM3425334.1
OG0007358,KAF2211707,KAM3425340.1
OG0007359,KAF2211716,KAM3425350.1
OG0007360,KAF2211722,KAM3425355.1
OG0007361,KAF2211734,KAM3425367.1
OG0007362,KAF2211741,KAM3425374.1
OG0007363,KAF2211764,KAM3425395.1
OG0007364,KAF2211768,KAM3425400.1
OG0007365,KAF2211775,KAM3425409.1
OG0007366,KAF2211781,KAM3425416.1
OG0007367,KAF2211786,KAM3425420.1
OG0007368,KAF2211790,KAM3425423.1
OG0007369,KAF2211798,KAM3425431.1
OG0007371,KAF2211814,KAM3425449.1
OG0007373,KAF2215559,KAM3425491.1
OG0007374,KAF2215582,KAM3425512.1
OG0007376,KAF2215599,KAM3425528.1
OG0007379,KAF2215624,KAM3425554.1
OG0007380,KAF2216098,KAM3424917.1
OG0007381,KAF2216090,KAM3424924.1
OG0007383,KAF2216042,KAM3424979.1
OG0007384,KAF2216035,KAM3424987.1
OG0007385,KAF2216014,KAM3425007.1
OG0007386,KAF2215998,KAM3425024.1
OG0007387,KAF2215994,KAM3425028.1
OG0007392,KAF2215939,KAM3425079.1
OG0007394,KAF2215931,KAM3425086.1
OG0007395,KAF2215918,KAM3425100.1
OG0007396,KAF2215885,KAM3425139.1
OG0007397,KAF2215883,KAM3425141.1
OG0007398,KAF2215881,KAM3425163.1
OG0007400,KAF2215807,KAM3425217.1
OG0007402,KAF2215794,KAM3425229.1
OG0007403,KAF2215773,KAM3425251.1
OG0007405,KAF2215754,KAM3425270.1
OG0007406,KAF2215749,KAM3425274.1
OG0007408,KAF2207318,KAM3425694.1
OG0007409,KAF2211630,KAM3425687.1
OG0007412,KAF2207261,KAM3425758.1
OG0007414,KAF2207228,KAM3425794.1
OG0007415,KAF2211666,KAM3425636.1
OG0007416,KAF2211658,KAM3425642.1
OG0007417,KAF2207294,KAM3425717.1
OG0007419,KAF2213794,KAM3416578.1
OG0007420,KAF2213799,KAM3416574.1
OG0007421,KAF2213805,KAM3416570.1
OG0007422,KAF2207082,KAM3417095.1
OG0007423,KAF2207097,KAM3417111.1
OG0007424,KAF2207038,KAM3417124.1
OG0007425,KAF2207037,KAM3417155.1
OG0007426,KAF2207051,KAM3417140.1
OG0007427,KAF2207052,KAM3417142.1
OG0007428,KAF2215333,KAM3416859.1
OG0007430,KAF2215142,KAM3416663.1
OG0007431,KAF2215128,KAM3416646.1
OG0007432,KAF2215126,KAM3416644.1
OG0007433,KAF2215122,KAM3416639.1
OG0007434,KAF2215115,KAM3416631.1
OG0007435,KAF2215097,KAM3416614.1
OG0007438,KAF2215315,KAM3416842.1
OG0007439,KAF2215312,KAM3416836.1
OG0007440,KAF2215307,KAM3416833.1
OG0007441,KAF2215293,KAM3416819.1
OG0007443,KAF2215277,KAM3416804.1
OG0007444,KAF2213897,KAM3416467.1
OG0007445,KAF2213921,KAM3416444.1
OG0007446,KAF2213923,KAM3416440.1
OG0007447,KAF2213928,KAM3416435.1
OG0007448,KAF2215266,KAM3416790.1
OG0007450,KAF2215210,KAM3416732.1
OG0007451,KAF2215193,KAM3416712.1
OG0007452,KAF2215191,KAM3416710.1
OG0007453,KAF2215173,KAM3416692.1
OG0007454,KAF2215163,KAM3416683.1
OG0007455,KAF2215162,KAM3416682.1
OG0007456,KAF2215160,KAM3416680.1
OG0007457,KAF2215154,KAM3416675.1
OG0007460,KAF2215346,KAM3416872.1
OG0007461,KAF2215348,KAM3416874.1
OG0007462,KAF2215356,KAM3416883.1
OG0007463,KAF2215361,KAM3416889.1
OG0007464,KAF2215389,KAM3416928.1
OG0007465,KAF2215423,KAM3417014.1
OG0007466,KAF2215427,KAM3417011.1
OG0007467,KAF2213996,KAM3416357.1
OG0007469,KAF2213984,KAM3416376.1
OG0007470,KAF2213960,KAM3416403.1
OG0007472,KAF2215248,KAM3416771.1
OG0007473,KAF2215247,KAM3416770.1
OG0007475,KAF2215244,KAM3416766.1
OG0007476,KAF2215243,KAM3416765.1
OG0007477,KAF2215221,KAM3416742.1
OG0007478,KAF2213877,KAM3416488.1
OG0007479,KAF2213870,KAM3416496.1
OG0007480,KAF2213863,KAM3416504.1
OG0007481,KAF2214069,KAM3416285.1
OG0007482,KAF2214052,KAM3416300.1
OG0007483,KAF2215522,KAM3417048.1
OG0007484,KAF2215514,KAM3417058.1
OG0007485,KAF2215433,KAM3417005.1
OG0007486,KAF2214128,KAM3416228.1
OG0007487,KAF2214127,KAM3416229.1
OG0007489,KAF2215452,KAM3416983.1
OG0007490,KAF2215464,KAM3416973.1
OG0007491,KAF2215484,KAM3416949.1
OG0007492,KAF2215504,KAM3417069.1
OG0007493,KAF2214012,KAM3416337.1
OG0007494,KAF2214011,KAM3416338.1
OG0007495,KAF2214005,KAM3416345.1
OG0007496,KAF2214134,KAM3416222.1
OG0007498,KAF2214144,KAM3416215.1
OG0007499,KAF2214147,KAM3416212.1
OG0007500,KAF2214150,KAM3416208.1
OG0007503,KAF2214119,KAM3416236.1
OG0007504,KAF2206887,KAM3416139.1
OG0007505,KAF2206896,KAM3416130.1
OG0007507,KAF2213832,KAM3416538.1
OG0007509,KAF2213846,KAM3416524.1
OG0007510,KAF2214090,KAM3416259.1
OG0007511,KAF2214092,KAM3416257.1
OG0007514,KAF2208454,KAM3417997.1
OG0007515,KAF2207220,KAM3418023.1
OG0007517,KAF2207218,KAM3418024.1
OG0007518,KAF2207211,KAM3418147.1
OG0007520,KAF2208455,KAM3417998.1
OG0007521,KAF2207185,KAM3418113.1
OG0007522,KAF2207188,KAM3418118.1
OG0007523,KAF2207175,KAM3418102.1
OG0007526,KAF2207151,KAM3418078.1
OG0007527,KAF2207137,KAM3418064.1
OG0007529,KAF2206372,KAM3418155.1
OG0007530,KAF2207127,KAM3418054.1
OG0007531,KAF2206341,KAM3418186.1
OG0007533,KAF2208435,KAM3417974.1
OG0007534,KAF2208428,KAM3417967.1
OG0007535,KAF2208412,KAM3417952.1
OG0007537,KAF2208342,KAM3417881.1
OG0007538,KAF2208343,KAM3417882.1
OG0007539,KAF2208364,KAM3417904.1
OG0007540,KAF2208316,KAM3417851.1
OG0007541,KAF2211850,KAM3417845.1
OG0007542,KAF2211851,KAM3417844.1
OG0007543,KAF2211854,KAM3417840.1
OG0007544,KAF2211875,KAM3417823.1
OG0007545,KAF2211920,KAM3417787.1
OG0007546,KAF2211922,KAM3417785.1
OG0007547,KAF2211938,KAM3417765.1
OG0007548,KAF2211959,KAM3417733.1
OG0007549,KAF2211960,KAM3417732.1
OG0007550,KAF2211978,KAM3417714.1
OG0007552,KAF2212127,KAM3417570.1
OG0007553,KAF2212121,KAM3417576.1
OG0007554,KAF2212112,KAM3417585.1
OG0007555,KAF2212103,KAM3417595.1
OG0007556,KAF2212102,KAM3417596.1
OG0007557,KAF2212101,KAM3417598.1
OG0007558,KAF2212095,KAM3417604.1
OG0007559,KAF2208729,KAM3417503.1
OG0007560,KAF2208682,KAM3417454.1
OG0007561,KAF2208674,KAM3417446.1
OG0007562,KAF2208640,KAM3417423.1
OG0007563,KAF2212044,KAM3417653.1
OG0007564,KAF2212042,KAM3417655.1
OG0007565,KAF2212035,KAM3417661.1
OG0007567,KAF2212018,KAM3417675.1
OG0007568,KAF2212014,KAM3417678.1
OG0007570,KAF2208758,KAM3417536.1
OG0007572,KAF2208746,KAM3417522.1
OG0007573,KAF2208741,KAM3417518.1
OG0007574,KAF2208738,KAM3417514.1
OG0007575,KAF2208736,KAM3417512.1
OG0007576,KAF2208735,KAM3417511.1
OG0007577,KAF2212075,KAM3417627.1
OG0007578,KAF2212083,KAM3417620.1
OG0007579,KAF2206844,KAM3417172.1
OG0007581,KAF2206827,KAM3417188.1
OG0007583,KAF2208629,KAM3417235.1
OG0007584,KAF2208613,KAM3417374.1
OG0007585,KAF2208598,KAM3417350.1
OG0007586,KAF2208540,KAM3417288.1
OG0007587,KAF2208560,KAM3417309.1
OG0007588,KAF2208563,KAM3417313.1
OG0007589,KAF2208538,KAM3417287.1
OG0007591,KAF2208533,KAM3417282.1
OG0007592,KAF2208510,KAM3417260.1
OG0007593,KAF2208494,KAM3417390.1
OG0007594,KAF2208502,KAM3417250.1
OG0007595,KAF2208477,KAM3417413.1
OG0007599,KAF2213504,KAM3414047.1
OG0007600,KAF2206413,KAM3414301.1
OG0007602,KAF2213689,KAM3414094.1
OG0007603,KAF2213693,KAM3414098.1
OG0007604,KAF2211398,KAM3414259.1
OG0007605,KAF2213531,KAM3414024.1
OG0007606,KAF2213535,KAM3414019.1
OG0007607,KAF2213429,KAM3413749.1
OG0007608,KAF2213435,KAM3413755.1
OG0007610,KAF2213450,KAM3413780.1
OG0007612,KAF2213460,KAM3413787.1
OG0007613,KAF2211342,KAM3414342.1
OG0007614,KAF2213422,KAM3413742.1
OG0007615,KAF2213408,KAM3413729.1
OG0007616,KAF2213407,KAM3413727.1
OG0007617,KAF2213751,KAM3414152.1
OG0007618,KAF2213753,KAM3414154.1
OG0007619,KAF2213758,KAM3414158.1
OG0007621,KAF2211348,KAM3414335.1
OG0007622,KAF2211343,KAM3414341.1
OG0007623,KAF2213468,KAM3413865.1
OG0007625,KAF2206738,KAM3413837.1
OG0007626,KAF2206741,KAM3413834.1
OG0007627,KAF2211307,KAM3414381.1
OG0007628,KAF2211309,KAM3414376.1
OG0007629,KAF2213545,KAM3414012.1
OG0007630,KAF2213546,KAM3414011.1
OG0007631,KAF2213550,KAM3414007.1
OG0007633,KAF2213655,KAM3414060.1
OG0007634,KAF2213645,KAM3413938.1
OG0007635,KAF2213643,KAM3413936.1
OG0007637,KAF2213618,KAM3413910.1
OG0007638,KAF2213600,KAM3413892.1
OG0007639,KAF2213599,KAM3413891.1
OG0007640,KAF2213598,KAM3413890.1
OG0007641,KAF2211266,KAM3414432.1
OG0007642,KAF2211239,KAM3414228.1
OG0007643,KAF2211234,KAM3414221.1
OG0007645,KAF2213778,KAM3414178.1
OG0007646,KAF2211280,KAM3414416.1
OG0007647,KAF2211292,KAM3414402.1
OG0007648,KAF2206298,KAM3413660.1
OG0007649,KAF2206307,KAM3413671.1
OG0007650,KAF2206793,KAM3413673.1
OG0007651,KAF2206789,KAM3413969.1
OG0007652,KAF2206765,KAM3413807.1
OG0007653,KAF2206772,KAM3413799.1
OG0007654,KAF2206294,KAM3413658.1
OG0007655,KAF2206280,KAM3413644.1
OG0007656,KAF2206565,KAM3415122.1
OG0007657,KAF2206561,KAM3415117.1
OG0007659,KAF2206555,KAM3415111.1
OG0007660,KAF2206592,KAM3415145.1
OG0007661,KAF2206588,KAM3415141.1
OG0007662,KAF2206481,KAM3415167.1
OG0007663,KAF2206484,KAM3415165.1
OG0007665,KAF2212583,KAM3414934.1
OG0007666,KAF2212588,KAM3414940.1
OG0007667,KAF2212591,KAM3414943.1
OG0007668,KAF2212836,KAM3414747.1
OG0007669,KAF2212829,KAM3414759.1
OG0007670,KAF2212824,KAM3414764.1
OG0007675,KAF2212753,KAM3414841.1
OG0007676,KAF2212727,KAM3414871.1
OG0007677,KAF2212703,KAM3414896.1
OG0007678,KAF2212695,KAM3414905.1
OG0007679,KAF2212682,KAM3414918.1
OG0007680,KAF2212538,KAM3415034.1
OG0007682,KAF2212627,KAM3414981.1
OG0007683,KAF2212621,KAM3414975.1
OG0007684,KAF2212529,KAM3415025.1
OG0007685,KAF2209906,KAM3414523.1
OG0007686,KAF2212530,KAM3415026.1
OG0007688,KAF2212576,KAM3414926.1
OG0007689,KAF2212579,KAM3414929.1
OG0007690,KAF2209926,KAM3414543.1
OG0007691,KAF2209928,KAM3414547.1
OG0007692,KAF2209934,KAM3414553.1
OG0007693,KAF2212926,KAM3414582.1
OG0007694,KAF2212934,KAM3414589.1
OG0007695,KAF2212936,KAM3414592.1
OG0007697,KAF2209955,KAM3414648.1
OG0007698,KAF2209959,KAM3414644.1
OG0007699,KAF2209969,KAM3414619.1
OG0007700,KAF2209839,KAM3414456.1
OG0007703,KAF2209867,KAM3414485.1
OG0007705,KAF2209883,KAM3414502.1
OG0007706,KAF2209885,KAM3414504.1
OG0007707,KAF2209900,KAM3414518.1
OG0007708,KAF2209901,KAM3414519.1
OG0007709,KAF2212912,KAM3414663.1
OG0007710,KAF2212861,KAM3414717.1
OG0007711,KAF2212867,KAM3414711.1
OG0007712,KAF2212873,KAM3414704.1
OG0007713,KAF2212877,KAM3414700.1
OG0007714,KAF2212885,KAM3414695.1
OG0007718,KAF2213089,KAM3423430.1
OG0007719,KAF2210566,KAM3421559.1
OG0007720,KAF2209517,KAM3421306.1
OG0007721,KAF2211123,KAM3421908.1
OG0007723,KAF2212270,KAM3415915.1
OG0007724,KAF2212263,KAM3415923.1
OG0007727,KAF2210283,KAM3414188.1
OG0007729,KAF2218041,KAM3419688.1
OG0007730,KAF2218047,KAM3419681.1
OG0007731,KAF2215169,KAM3416688.1
OG0007733,KAF2213443,KAM3413763.1
OG0007734,KAF2211303,KAM3414387.1
OG0007735,KAF2212865,KAM3414713.1
OG0007740,KAF2210666,KAM3421669.1
OG0007750,KAF2214737,KAM3418740.1
OG0007751,KAF2214967,KAM3418508.1
OG0007752,KAF2214615,KAM3418875.1
OG0007753,KAF2214630,KAM3418860.1
OG0007754,KAF2214639,KAM3418851.1
OG0007756,KAF2214672,KAM3418811.1
OG0007757,KAF2214684,KAM3418797.1
OG0007758,KAF2214687,KAM3418792.1
OG0007761,KAF2214723,KAM3418752.1
OG0007766,KAF2209685,KAM3418341.1
OG0007767,KAF2209684,KAM3418342.1
OG0007768,KAF2209668,KAM3418358.1
OG0007769,KAF2214921,KAM3418554.1
OG0007770,KAF2214932,KAM3418546.1
OG0007771,KAF2209698,KAM3418325.1
OG0007772,KAF2209710,KAM3418313.1
OG0007773,KAF2209795,KAM3418222.1
OG0007774,KAF2209801,KAM3418213.1
OG0007775,KAF2209802,KAM3418212.1
OG0007776,KAF2214755,KAM3418718.1
OG0007778,KAF2214772,KAM3418696.1
OG0007780,KAF2214788,KAM3418679.1
OG0007781,KAF2214848,KAM3418624.1
OG0007783,KAF2215052,KAM3418409.1
OG0007784,KAF2215051,KAM3418410.1
OG0007786,KAF2214918,KAM3418556.1
OG0007788,KAF2215037,KAM3418432.1
OG0007795,KAF2211435,KAM3418959.1
OG0007797,KAF2211466,KAM3418989.1
OG0007798,KAF2211481,KAM3419000.1
OG0007799,KAF2211503,KAM3419026.1
OG0007800,KAF2211542,KAM3419063.2
OG0007801,KAF2211543,KAM3419064.1
OG0007802,KAF2211544,KAM3419065.1
OG0007803,KAF2211546,KAM3419066.1
OG0007804,KAF2211549,KAM3419070.1
OG0007805,KAF2211554,KAM3419076.1
OG0007806,KAF2211555,KAM3419080.1
OG0007807,KAF2211563,KAM3419089.1
OG0007808,KAF2211569,KAM3419095.1
OG0007809,KAF2211610,KAM3419145.1
OG0007811,KAF2207418,KAM3419173.1
OG0007812,KAF2211627,KAM3419172.1
OG0007813,KAF2207436,KAM3419190.1
OG0007815,KAF2207484,KAM3419228.1
OG0007818,KAF2207525,KAM3419270.1
OG0007819,KAF2207524,KAM3419271.1
OG0007820,KAF2207867,KAM3419425.1
OG0007821,KAF2207912,KAM3419475.1
OG0007822,KAF2207939,KAM3415209.1
OG0007823,KAF2208830,KAM3419337.1
OG0007824,KAF2208840,KAM3419327.1
OG0007825,KAF2208843,KAM3419324.1
OG0007826,KAF2206715,KAM3419281.1
OG0007828,KAF2209255,KAM3415253.1
OG0007829,KAF2209257,KAM3415255.1
OG0007830,KAF2209269,KAM3415266.1
OG0007832,KAF2209322,KAM3415320.1
OG0007835,KAF2212437,KAM3415720.1
OG0007836,KAF2212442,KAM3415715.1
OG0007837,KAF2212457,KAM3415701.1
OG0007838,KAF2212467,KAM3415688.1
OG0007839,KAF2212469,KAM3415685.1
OG0007840,KAF2210957,KAM3415623.1
OG0007842,KAF2210931,KAM3415597.1
OG0007844,KAF2210898,KAM3415565.1
OG0007845,KAF2210889,KAM3415556.1
OG0007847,KAF2210870,KAM3415538.1
OG0007850,KAF2212231,KAM3415956.1
OG0007851,KAF2212218,KAM3415967.1
OG0007852,KAF2212251,KAM3415937.1
OG0007853,KAF2212253,KAM3415935.1
OG0007854,KAF2212280,KAM3415895.1
OG0007855,KAF2212329,KAM3415844.1
OG0007856,KAF2212346,KAM3415829.1
OG0007857,KAF2212361,KAM3415813.1
OG0007859,KAF2212424,KAM3415732.1
OG0007861,KAF2206669,KAM3416101.1
OG0007863,KAF2206672,KAM3416108.1
OG0007864,KAF2206677,KAM3416115.1
OG0007866,KAF2214477,KAM3422412.1
OG0007867,KAF2207339,KAM3422498.1
OG0007868,KAF2214240,KAM3422215.1
OG0007870,KAF2214277,KAM3421974.1
OG0007871,KAF2214293,KAM3421990.1
OG0007873,KAF2214448,KAM3422248.1
OG0007874,KAF2214331,KAM3422023.1
OG0007876,KAF2214317,KAM3422011.1
OG0007880,KAF2214384,KAM3422076.1
OG0007883,KAF2214493,KAM3422394.1
OG0007885,KAF2214529,KAM3422352.1
OG0007886,KAF2214531,KAM3422350.1
OG0007887,KAF2214544,KAM3422331.1
OG0007888,KAF2214545,KAM3422330.1
OG0007889,KAF2214547,KAM3422327.1
OG0007890,KAF2214549,KAM3422325.1
OG0007891,KAF2209473,KAM3421129.1
OG0007892,KAF2209468,KAM3421134.1
OG0007893,KAF2209467,KAM3421135.1
OG0007894,KAF2208247,KAM3421202.1
OG0007895,KAF2208229,KAM3421312.1
OG0007896,KAF2208221,KAM3421321.1
OG0007897,KAF2208217,KAM3421325.1
OG0007898,KAF2209455,KAM3421147.1
OG0007899,KAF2211104,KAM3421887.1
OG0007900,KAF2211105,KAM3421888.1
OG0007905,KAF2211141,KAM3421923.1
OG0007906,KAF2211195,KAM3422169.1
OG0007907,KAF2211187,KAM3422178.1
OG0007908,KAF2211164,KAM3421947.1
OG0007909,KAF2210750,KAM3421751.1
OG0007911,KAF2211160,KAM3421941.1
OG0007912,KAF2211150,KAM3421933.1
OG0007913,KAF2207408,KAM3422426.1
OG0007914,KAF2207391,KAM3422447.1
OG0007915,KAF2207366,KAM3422474.1
OG0007916,KAF2207362,KAM3422477.1
OG0007919,KAF2206913,KAM3422283.1
OG0007920,KAF2206911,KAM3422279.1
OG0007921,KAF2206932,KAM3422299.1
OG0007923,KAF2206948,KAM3422316.1
OG0007924,KAF2214553,KAM3422321.1
OG0007927,KAF2210270,KAM3421522.1
OG0007929,KAF2210237,KAM3421488.1
OG0007930,KAF2210230,KAM3421482.1
OG0007931,KAF2210222,KAM3421477.1
OG0007932,KAF2210205,KAM3421459.1
OG0007933,KAF2210182,KAM3421439.1
OG0007934,KAF2206235,KAM3421430.1
OG0007935,KAF2206245,KAM3421419.1
OG0007937,KAF2210697,KAM3421702.1
OG0007939,KAF2210727,KAM3421733.1
OG0007941,KAF2210754,KAM3421754.1
OG0007942,KAF2209588,KAM3421081.1
OG0007943,KAF2209585,KAM3421084.1
OG0007944,KAF2209504,KAM3421100.1
OG0007946,KAF2211048,KAM3421838.1
OG0007951,KAF2210581,KAM3421572.1
OG0007952,KAF2210573,KAM3421567.1
OG0007953,KAF2210988,KAM3421778.1
OG0007954,KAF2210989,KAM3421779.1
OG0007955,KAF2208148,KAM3421395.1
OG0007957,KAF2208154,KAM3421391.1
OG0007958,KAF2208156,KAM3421389.1
OG0007959,KAF2209426,KAM3421184.1
OG0007961,KAF2210572,KAM3421566.1
OG0007962,KAF2210564,KAM3421557.1
OG0007963,KAF2210550,KAM3421540.1
OG0007964,KAF2210549,KAM3421539.1
OG0007965,KAF2210541,KAM3421534.1
OG0007966,KAF2208193,KAM3421349.1
OG0007967,KAF2208189,KAM3421354.1
OG0007968,KAF2208178,KAM3421365.1
OG0007969,KAF2208176,KAM3421367.1
OG0007972,KAF2209610,KAM3421059.1
OG0007974,KAF2208071,KAM3413559.1
OG0007977,KAF2211534,KAM3419055.1
OG0007980,KAF2216158,KAM3422533.1
OG0007981,KAF2216141,KAM3422554.1
OG0007982,KAF2216129,KAM3422569.1
OG0007983,KAF2206493,KAM3413467.1
OG0007984,KAF2206502,KAM3422683.1
OG0007985,KAF2206503,KAM3422681.1
OG0007986,KAF2206508,KAM3422676.1
OG0007987,KAF2209201,KAM3422633.1
OG0007988,KAF2209196,KAM3422628.1
OG0007989,KAF2209184,KAM3422618.1
OG0007990,KAF2216485,KAM3422919.1
OG0007992,KAF2216501,KAM3422907.1
OG0007996,KAF2216183,KAM3422505.1
OG0007997,KAF2216433,KAM3422969.1
OG0007998,KAF2216424,KAM3422978.1
OG0007999,KAF2216403,KAM3423002.1
OG0008000,KAF2216391,KAM3423015.1
OG0008001,KAF2216229,KAM3422729.1
OG0008003,KAF2216267,KAM3422766.1
OG0008004,KAF2216272,KAM3422773.1
OG0008006,KAF2216638,KAM3423182.1
OG0008007,KAF2216626,KAM3423171.1
OG0008008,KAF2216617,KAM3423163.1
OG0008010,KAF2216565,KAM3423104.1
OG0008011,KAF2216585,KAM3423124.1
OG0008012,KAF2216607,KAM3423151.1
OG0008013,KAF2216557,KAM3423089.1
OG0008014,KAF2216546,KAM3423074.1
OG0008015,KAF2216540,KAM3423067.1
OG0008016,KAF2216528,KAM3423050.1
OG0008018,KAF2207012,KAM3423284.1
OG0008019,KAF2213301,KAM3423783.1
OG0008020,KAF2212941,KAM3423296.1
OG0008021,KAF2213304,KAM3423780.1
OG0008022,KAF2213308,KAM3423776.1
OG0008023,KAF2213162,KAM3423531.1
OG0008025,KAF2213174,KAM3423541.1
OG0008026,KAF2213192,KAM3423563.1
OG0008027,KAF2213205,KAM3423583.1
OG0008028,KAF2213212,KAM3423588.1
OG0008029,KAF2212953,KAM3423308.1
OG0008030,KAF2213051,KAM3423468.1
OG0008032,KAF2213038,KAM3423483.1
OG0008033,KAF2213018,KAM3423505.1
OG0008034,KAF2213156,KAM3423526.1
OG0008035,KAF2213002,KAM3423518.1
OG0008036,KAF2207766,KAM3423852.1
OG0008037,KAF2207781,KAM3423840.1
OG0008039,KAF2213141,KAM3423371.1
OG0008040,KAF2213118,KAM3423397.1
OG0008041,KAF2213100,KAM3423418.1
OG0008043,KAF2213150,KAM3423358.1
OG0008044,KAF2212993,KAM3423351.1
OG0008045,KAF2212981,KAM3423341.1
OG0008047,KAF2213229,KAM3423604.1
OG0008049,KAF2207760,KAM3423862.1
OG0008050,KAF2207742,KAM3423882.1
OG0008051,KAF2207747,KAM3423876.1
OG0008052,KAF2207753,KAM3423870.1
OG0008053,KAF2213327,KAM3423757.1
OG0008055,KAF2213346,KAM3423737.1
OG0008058,KAF2207842,KAM3423710.1
OG0008059,KAF2207835,KAM3423704.1
OG0008060,KAF2207605,KAM3423922.1
OG0008061,KAF2207604,KAM3423923.1
OG0008063,KAF2207589,KAM3423945.1
OG0008064,KAF2207567,KAM3423969.1
OG0008065,KAF2207566,KAM3423970.1
OG0008066,KAF2207530,KAM3424009.1
OG0008067,KAF2207554,KAM3423983.1
OG0008068,KAF2213278,KAM3423812.1
OG0008069,KAF2207805,KAM3423675.1
OG0008071,KAF2207824,KAM3423694.1
OG0008074,KAF2207666,KAM3419537.1
OG0008075,KAF2207675,KAM3419547.1
OG0008077,KAF2208273,KAM3421229.1
OG0008079,KAF2217625,KAM3420118.1
OG0008081,KAF2217644,KAM3420096.1
OG0008082,KAF2217648,KAM3420091.1
OG0008084,KAF2217681,KAM3420076.1
OG0008086,KAF2217673,KAM3420066.1
OG0008088,KAF2217709,KAM3420034.1
OG0008089,KAF2217738,KAM3420006.1
OG0008090,KAF2217739,KAM3420005.1
OG0008091,KAF2217984,KAM3419957.1
OG0008093,KAF2218024,KAM3419717.1
OG0008094,KAF2218025,KAM3419703.1
OG0008095,KAF2218034,KAM3419695.1
OG0008096,KAF2218050,KAM3419678.1
OG0008097,KAF2217829,KAM3419799.1
OG0008098,KAF2217770,KAM3419749.1
OG0008099,KAF2217758,KAM3419740.1
OG0008100,KAF2217425,KAM3420335.1
OG0008101,KAF2217428,KAM3420331.1
OG0008104,KAF2217373,KAM3420380.1
OG0008105,KAF2217380,KAM3420388.1
OG0008106,KAF2206222,KAM3420411.1
OG0008107,KAF2217396,KAM3420408.1
OG0008108,KAF2217392,KAM3420403.1
OG0008109,KAF2217405,KAM3420355.1
OG0008110,KAF2217418,KAM3420344.1
OG0008111,KAF2217911,KAM3419876.1
OG0008112,KAF2217902,KAM3419867.1
OG0008113,KAF2217894,KAM3419863.1
OG0008114,KAF2210390,KAM3420582.1
OG0008115,KAF2210399,KAM3420574.1
OG0008117,KAF2218111,KAM3419605.1
OG0008118,KAF2206259,KAM3419603.1
OG0008119,KAF2217560,KAM3420299.1
OG0008120,KAF2217533,KAM3420272.1
OG0008121,KAF2217512,KAM3420253.1
OG0008122,KAF2217463,KAM3420201.1
OG0008123,KAF2217476,KAM3420212.1
OG0008124,KAF2217477,KAM3420213.1
OG0008125,KAF2217483,KAM3420219.1
OG0008126,KAF2217484,KAM3420220.1
OG0008127,KAF2217450,KAM3420190.1
OG0008128,KAF2217446,KAM3420312.1
OG0008129,KAF2217440,KAM3420319.1
OG0008130,KAF2217436,KAM3420322.1
OG0008131,KAF2217434,KAM3420324.1
OG0008132,KAF2210525,KAM3420430.1
OG0008134,KAF2210523,KAM3420431.1
OG0008136,KAF2210496,KAM3420466.1
OG0008137,KAF2210493,KAM3420469.1
OG0008138,KAF2210152,KAM3420701.1
OG0008139,KAF2210138,KAM3420718.1
OG0008140,KAF2210135,KAM3420721.1
OG0008141,KAF2210134,KAM3420722.1
OG0008142,KAF2210131,KAM3420725.1
OG0008144,KAF2210113,KAM3420739.1
OG0008145,KAF2210107,KAM3420746.1
OG0008146,KAF2210102,KAM3420756.1
OG0008147,KAF2210099,KAM3420759.1
OG0008148,KAF2210095,KAM3420764.1
OG0008149,KAF2209069,KAM3420921.1
OG0008151,KAF2209029,KAM3420885.1
OG0008153,KAF2209005,KAM3420859.1
OG0008157,KAF2210471,KAM3420495.1
OG0008159,KAF2210330,KAM3420681.1
OG0008160,KAF2210326,KAM3420675.1
OG0008161,KAF2210318,KAM3420666.1
OG0008162,KAF2210315,KAM3420664.1
OG0008163,KAF2209105,KAM3420956.1
OG0008165,KAF2209085,KAM3420936.1
OG0008166,KAF2210020,KAM3420842.1
OG0008170,KAF2210365,KAM3420609.1
OG0008171,KAF2210359,KAM3420615.1
OG0008172,KAF2210342,KAM3420630.1
OG0008176,KAF2208971,KAM3424053.1
OG0008177,KAF2208970,KAM3424054.1
OG0008178,KAF2217329,KAM3424212.1
OG0008179,KAF2217330,KAM3424211.1
OG0008180,KAF2217332,KAM3424209.1
OG0008181,KAF2217302,KAM3424391.1
OG0008182,KAF2217212,KAM3424308.1
OG0008183,KAF2217214,KAM3424310.1
OG0008184,KAF2217235,KAM3424329.1
OG0008185,KAF2217246,KAM3424336.1
OG0008187,KAF2208902,KAM3424128.1
OG0008189,KAF2217250,KAM3424339.1
OG0008190,KAF2208890,KAM3424157.1
OG0008191,KAF2217266,KAM3424354.1
OG0008193,KAF2217114,KAM3424434.1
OG0008194,KAF2217132,KAM3424416.1
OG0008195,KAF2217136,KAM3424411.1
OG0008198,KAF2217155,KAM3424239.1
OG0008199,KAF2217178,KAM3424264.1
OG0008200,KAF2217181,KAM3424269.1
OG0008203,KAF2217081,KAM3424461.1
OG0008204,KAF2217080,KAM3424463.1
OG0008205,KAF2217066,KAM3424478.1
OG0008206,KAF2217051,KAM3424495.1
OG0008207,KAF2217046,KAM3424500.1
OG0008208,KAF2217041,KAM3424505.1
OG0008209,KAF2216962,KAM3424591.1
OG0008210,KAF2216898,KAM3424654.1
OG0008211,KAF2216911,KAM3424642.1
OG0008212,KAF2216914,KAM3424640.1
OG0008213,KAF2216916,KAM3424638.1
OG0008214,KAF2216924,KAM3424630.1
OG0008216,KAF2216927,KAM3424627.1
OG0008217,KAF2216929,KAM3424625.1
OG0008218,KAF2216931,KAM3424622.1
OG0008219,KAF2216932,KAM3424621.1
OG0008220,KAF2216937,KAM3424616.1
OG0008221,KAF2216880,KAM3424674.1
OG0008222,KAF2216865,KAM3424689.1
OG0008223,KAF2216862,KAM3424693.1
OG0008224,KAF2216852,KAM3424706.1
OG0008225,KAF2216835,KAM3424721.1
OG0008226,KAF2216834,KAM3424722.1
OG0008227,KAF2216823,KAM3424733.1
OG0008228,KAF2216813,KAM3424745.1
OG0008229,KAF2216801,KAM3424757.1
OG0008230,KAF2216800,KAM3424758.1
OG0008231,KAF2216799,KAM3424759.1
OG0008232,KAF2216796,KAM3424761.1
OG0008234,KAF2216794,KAM3424762.1
OG0008235,KAF2216789,KAM3424768.1
OG0008237,KAF2216782,KAM3424780.1
OG0008238,KAF2216779,KAM3424783.1
OG0008239,KAF2216766,KAM3424797.1
OG0008240,KAF2216741,KAM3424821.1
OG0008241,KAF2216719,KAM3424843.1
OG0008242,KAF2216717,KAM3424846.1
OG0008243,KAF2216711,KAM3424859.1
OG0008244,KAF2216687,KAM3424884.1
OG0008245,KAF2216110,KAM3424904.1
OG0008246,KAF2216104,KAM3424910.1
OG0008247,KAF2215646,KAM3425577.1
OG0008248,KAF2215655,KAM3425587.1
OG0008250,KAF2215672,KAM3425602.1
OG0008251,KAF2211680,KAM3425311.1
OG0008252,KAF2211690,KAM3425323.1
OG0008253,KAF2211702,KAM3425335.1
OG0008255,KAF2211752,KAM3425383.1
OG0008256,KAF2211755,KAM3425385.1
OG0008257,KAF2211761,KAM3425391.1
OG0008258,KAF2211765,KAM3425396.1
OG0008259,KAF2211793,KAM3425426.1
OG0008260,KAF2211796,KAM3425429.1
OG0008261,KAF2211810,KAM3425445.1
OG0008262,KAF2211815,KAM3425450.1
OG0008263,KAF2215605,KAM3425536.1
OG0008266,KAF2216024,KAM3424998.1
OG0008269,KAF2215973,KAM3425046.1
OG0008270,KAF2215970,KAM3425049.1
OG0008271,KAF2215913,KAM3425104.1
OG0008272,KAF2215789,KAM3425237.1
OG0008275,KAF2215905,KAM3425118.1
OG0008277,KAF2215851,KAM3425173.1
OG0008278,KAF2215814,KAM3425211.1
OG0008279,KAF2215811,KAM3425213.1
OG0008280,KAF2215810,KAM3425214.1
OG0008282,KAF2215778,KAM3425246.1
OG0008283,KAF2215762,KAM3425263.1
OG0008284,KAF2215757,KAM3425267.1
OG0008285,KAF2215751,KAM3425273.1
OG0008286,KAF2215717,KAM3425287.1
OG0008288,KAF2207273,KAM3425744.1
OG0008290,KAF2211634,KAM3425681.1
OG0008291,KAF2211646,KAM3425655.1
OG0008292,KAF2207254,KAM3425767.1
OG0008293,KAF2207252,KAM3425769.1
OG0008294,KAF2207235,KAM3425786.1
OG0008295,KAF2211673,KAM3425629.1
OG0008297,KAF2211650,KAM3425649.1
OG0008299,KAF2207282,KAM3425720.1
OG0008301,KAF2215083,KAM3416602.1
OG0008302,KAF2215081,KAM3416599.1
OG0008303,KAF2213793,KAM3416579.1
OG0008304,KAF2213797,KAM3416576.1
OG0008306,KAF2207084,KAM3417098.1
OG0008307,KAF2207085,KAM3417099.1
OG0008308,KAF2207088,KAM3417102.1
OG0008310,KAF2207035,KAM3417156.1
OG0008311,KAF2207033,KAM3417158.1
OG0008313,KAF2207058,KAM3417147.1
OG0008314,KAF2207060,KAM3417149.1
OG0008315,KAF2215334,KAM3416860.1
OG0008317,KAF2215144,KAM3416665.1
OG0008318,KAF2215143,KAM3416664.1
OG0008319,KAF2215141,KAM3416662.1
OG0008320,KAF2215139,KAM3416661.1
OG0008324,KAF2215105,KAM3416620.1
OG0008325,KAF2215101,KAM3416617.1
OG0008326,KAF2215094,KAM3416611.1
OG0008327,KAF2215084,KAM3416604.1
OG0008330,KAF2215321,KAM3416847.1
OG0008333,KAF2215284,KAM3416810.1
OG0008334,KAF2213902,KAM3416462.1
OG0008335,KAF2213912,KAM3416452.1
OG0008336,KAF2213920,KAM3416445.1
OG0008337,KAF2213924,KAM3416439.1
OG0008338,KAF2215258,KAM3416782.1
OG0008339,KAF2215172,KAM3416691.1
OG0008340,KAF2215352,KAM3416878.1
OG0008342,KAF2215370,KAM3416898.1
OG0008344,KAF2215385,KAM3416910.1
OG0008345,KAF2215393,KAM3416923.1
OG0008346,KAF2215424,KAM3417013.1
OG0008348,KAF2213991,KAM3416364.1
OG0008351,KAF2215230,KAM3416753.1
OG0008354,KAF2213889,KAM3416475.1
OG0008355,KAF2213883,KAM3416481.1
OG0008356,KAF2213856,KAM3416512.1
OG0008357,KAF2213855,KAM3416513.1
OG0008358,KAF2214065,KAM3416287.1
OG0008359,KAF2214048,KAM3416303.1
OG0008360,KAF2215519,KAM3417051.1
OG0008361,KAF2215438,KAM3416999.1
OG0008362,KAF2214030,KAM3416320.1
OG0008363,KAF2215455,KAM3416981.1
OG0008364,KAF2215470,KAM3416967.1
OG0008365,KAF2215480,KAM3416955.1
OG0008366,KAF2215509,KAM3417063.1
OG0008367,KAF2214004,KAM3416349.1
OG0008368,KAF2214017,KAM3416332.1
OG0008369,KAF2215442,KAM3416995.1
OG0008370,KAF2214140,KAM3416218.1
OG0008373,KAF2214118,KAM3416237.1
OG0008374,KAF2214109,KAM3416242.1
OG0008375,KAF2214108,KAM3416243.1
OG0008376,KAF2214036,KAM3416314.1
OG0008377,KAF2214034,KAM3416316.1
OG0008378,KAF2206864,KAM3416161.1
OG0008379,KAF2215532,KAM3417041.1
OG0008380,KAF2215534,KAM3417038.1
OG0008381,KAF2215543,KAM3417025.1
OG0008383,KAF2213836,KAM3416534.1
OG0008384,KAF2213841,KAM3416529.1
OG0008385,KAF2213844,KAM3416526.1
OG0008388,KAF2214084,KAM3416266.1
OG0008389,KAF2212803,KAM3414782.1
OG0008390,KAF2214099,KAM3416250.1
OG0008392,KAF2207206,KAM3418142.1
OG0008394,KAF2207207,KAM3418143.1
OG0008395,KAF2208469,KAM3418011.1
OG0008396,KAF2208458,KAM3418001.1
OG0008397,KAF2207198,KAM3418132.1
OG0008398,KAF2207169,KAM3418097.1
OG0008399,KAF2207161,KAM3418089.1
OG0008400,KAF2207158,KAM3418086.1
OG0008401,KAF2207157,KAM3418085.1
OG0008403,KAF2207130,KAM3418056.1
OG0008404,KAF2208583,KAM3417333.1
OG0008405,KAF2206346,KAM3418181.1
OG0008406,KAF2208434,KAM3417972.1
OG0008407,KAF2208424,KAM3417964.1
OG0008408,KAF2208418,KAM3417958.1
OG0008409,KAF2208393,KAM3417940.1
OG0008410,KAF2208326,KAM3417861.1
OG0008411,KAF2208346,KAM3417884.1
OG0008412,KAF2208323,KAM3417858.1
OG0008414,KAF2211865,KAM3417828.1
OG0008415,KAF2211871,KAM3417826.1
OG0008417,KAF2211906,KAM3417799.1
OG0008419,KAF2211939,KAM3417764.1
OG0008420,KAF2211947,KAM3417746.1
OG0008421,KAF2211964,KAM3417729.1
OG0008423,KAF2211974,KAM3417719.1
OG0008424,KAF2211976,KAM3417717.1
OG0008425,KAF2211977,KAM3417716.1
OG0008426,KAF2211983,KAM3417709.1
OG0008428,KAF2212115,KAM3417582.1
OG0008429,KAF2212099,KAM3417600.1
OG0008430,KAF2208726,KAM3417501.1
OG0008431,KAF2208704,KAM3417477.1
OG0008432,KAF2208702,KAM3417475.1
OG0008433,KAF2208695,KAM3417469.1
OG0008434,KAF2208694,KAM3417468.1
OG0008435,KAF2208692,KAM3417465.1
OG0008440,KAF2212055,KAM3417642.1
OG0008441,KAF2212047,KAM3417650.1
OG0008442,KAF2212046,KAM3417651.1
OG0008444,KAF2212002,KAM3417691.1
OG0008446,KAF2208770,KAM3417548.1
OG0008448,KAF2208765,KAM3417544.1
OG0008449,KAF2212078,KAM3417625.1
OG0008450,KAF2206809,KAM3417206.1
OG0008453,KAF2208611,KAM3417370.1
OG0008454,KAF2208610,KAM3417368.1
OG0008455,KAF2208605,KAM3417358.1
OG0008457,KAF2208595,KAM3417348.1
OG0008458,KAF2208551,KAM3417297.1
OG0008459,KAF2208566,KAM3417315.1
OG0008461,KAF2208577,KAM3417326.1
OG0008463,KAF2208509,KAM3417259.1
OG0008465,KAF2208488,KAM3417395.1
OG0008466,KAF2208495,KAM3417389.1
OG0008467,KAF2206426,KAM3413482.1
OG0008468,KAF2213478,KAM3413965.1
OG0008469,KAF2213357,KAM3413679.1
OG0008473,KAF2213377,KAM3413705.1
OG0008474,KAF2213385,KAM3413701.1
OG0008475,KAF2213714,KAM3414117.1
OG0008476,KAF2213711,KAM3414114.1
OG0008477,KAF2213665,KAM3414067.1
OG0008480,KAF2206414,KAM3414302.1
OG0008481,KAF2206379,KAM3414268.1
OG0008482,KAF2211397,KAM3414260.1
OG0008483,KAF2213673,KAM3414074.1
OG0008484,KAF2211389,KAM3414249.1
OG0008485,KAF2213672,KAM3414073.1
OG0008486,KAF2213515,KAM3414035.1
OG0008487,KAF2213529,KAM3414025.1
OG0008491,KAF2213458,KAM3413786.1
OG0008492,KAF2213423,KAM3413743.1
OG0008494,KAF2213738,KAM3414141.1
OG0008495,KAF2213769,KAM3414168.1
OG0008496,KAF2213771,KAM3414169.1
OG0008497,KAF2213473,KAM3413860.1
OG0008499,KAF2211320,KAM3414363.1
OG0008500,KAF2211323,KAM3414360.1
OG0008502,KAF2213560,KAM3413996.1
OG0008503,KAF2213651,KAM3413946.1
OG0008504,KAF2213596,KAM3413886.1
OG0008505,KAF2213592,KAM3413882.1
OG0008506,KAF2213581,KAM3413972.1
OG0008508,KAF2213774,KAM3414173.1
OG0008509,KAF2211255,KAM3413499.1
OG0008512,KAF2213777,KAM3414176.1
OG0008513,KAF2211289,KAM3414406.1
OG0008515,KAF2211300,KAM3414390.1
OG0008517,KAF2206751,KAM3413820.1
OG0008519,KAF2206761,KAM3413811.1
OG0008520,KAF2206292,KAM3413655.1
OG0008522,KAF2206566,KAM3415123.1
OG0008523,KAF2206582,KAM3415134.1
OG0008524,KAF2206601,KAM3415154.1
OG0008526,KAF2206434,KAM3415206.1
OG0008527,KAF2206435,KAM3415205.1
OG0008528,KAF2206439,KAM3415202.1
OG0008529,KAF2206453,KAM3415194.1
OG0008530,KAF2206458,KAM3415191.1
OG0008531,KAF2206467,KAM3415184.1
OG0008532,KAF2206479,KAM3415169.1
OG0008533,KAF2206483,KAM3415166.1
OG0008534,KAF2206618,KAM3415160.1
OG0008535,KAF2206178,KAM3415161.1
OG0008536,KAF2206570,KAM3415128.1
OG0008537,KAF2206540,KAM3415090.1
OG0008538,KAF2206539,KAM3415089.1
OG0008539,KAF2212610,KAM3414964.1
OG0008540,KAF2212604,KAM3414959.1
OG0008541,KAF2212603,KAM3414957.1
OG0008542,KAF2212593,KAM3414945.1
OG0008545,KAF2212806,KAM3414779.1
OG0008546,KAF2212799,KAM3414786.1
OG0008547,KAF2212794,KAM3414793.1
OG0008548,KAF2212786,KAM3414799.1
OG0008549,KAF2212785,KAM3414800.1
OG0008550,KAF2212784,KAM3414801.1
OG0008552,KAF2212756,KAM3414835.1
OG0008553,KAF2212718,KAM3414881.1
OG0008554,KAF2212694,KAM3414906.1
OG0008555,KAF2212688,KAM3414912.1
OG0008558,KAF2212663,KAM3415079.1
OG0008559,KAF2212652,KAM3415009.1
OG0008560,KAF2212649,KAM3415007.1
OG0008561,KAF2212647,KAM3415005.1
OG0008562,KAF2212544,KAM3415041.1
OG0008563,KAF2212539,KAM3415035.1
OG0008564,KAF2208347,KAM3417885.1
OG0008566,KAF2212622,KAM3414976.1
OG0008567,KAF2212559,KAM3415056.1
OG0008571,KAF2212913,KAM3414562.1
OG0008572,KAF2212917,KAM3414569.1
OG0008573,KAF2212923,KAM3414578.1
OG0008577,KAF2209992,KAM3414615.1
OG0008580,KAF2209966,KAM3414617.1
OG0008582,KAF2209976,KAM3414625.1
OG0008583,KAF2209983,KAM3414631.1
OG0008585,KAF2209852,KAM3414471.1
OG0008586,KAF2209863,KAM3414483.1
OG0008587,KAF2209870,KAM3414487.1
OG0008588,KAF2209880,KAM3414499.1
OG0008590,KAF2209893,KAM3414509.1
OG0008591,KAF2209898,KAM3414516.1
OG0008592,KAF2212905,KAM3414668.1
OG0008593,KAF2212897,KAM3414675.1
OG0008594,KAF2212869,KAM3414708.1
OG0008595,KAF2212870,KAM3414707.1
OG0008596,KAF2212879,KAM3414699.1
OG0008598,KAF2210303,KAM3413583.1
OG0008601,KAF2207621,KAM3423905.1
OG0008602,KAF2207767,KAM3423853.1
OG0008604,KAF2214209,KAM3422130.1
OG0008605,KAF2207355,KAM3422485.1
OG0008606,KAF2214835,KAM3418637.1
OG0008607,KAF2217254,KAM3424344.1
OG0008608,KAF2215951,KAM3425067.1
OG0008610,KAF2207305,KAM3425705.1
OG0008613,KAF2210395,KAM3420577.1
OG0008614,KAF2209082,KAM3420933.1
OG0008617,KAF2214158,KAM3416196.1
OG0008619,KAF2209230,KAM3422658.1
OG0008627,KAF2216845,KAM3417753.1
OG0008628,KAF2216308,KAM3422816.1
OG0008630,KAF2214606,KAM3418884.1
OG0008632,KAF2213859,KAM3416510.1
OG0008636,KAF2210982,KAM3421772.1
OG0008638,KAF2210336,KAM3420688.1
OG0008640,KAF2208526,KAM3417273.1
OG0008642,KAF2208106,KAM3413531.1
OG0008643,KAF2207596,KAM3423932.1
OG0008644,KAF2207619,KAM3423907.1
OG0008645,KAF2206832,KAM3417185.1
OG0008646,KAF2206574,KAM3415132.1
OG0008685,KAF2214561,KAM3418934.1
OG0008694,KAF2209275,KAM3415273.1
OG0008699,KAF2212451,KAM3415710.1
OG0008712,KAF2214479,KAM3422410.1
OG0008713,KAF2207341,KAM3422496.1
OG0008744,KAF2206929,KAM3422297.1
OG0008791,KAF2207643,KAM3419514.1
OG0008800,KAF2207526,KAM3414546.1
OG0008832,KAF2213330,KAM3423754.1
OG0008856,KAF2217954,KAM3419922.1
OG0008859,KAF2217851,KAM3419824.1
OG0008887,KAF2210100,KAM3420758.1
OG0008902,KAF2210039,KAM3420819.1
OG0008905,KAF2217361,KAM3424176.1
OG0008911,KAF2217296,KAM3424384.1
OG0008913,KAF2217164,KAM3424250.1
OG0008929,KAF2211720,KAM3425353.1
OG0008948,KAF2215718,KAM3425286.1
OG0008982,KAF2206884,KAM3416142.1
OG0009001,KAF2211968,KAM3417725.1
OG0009015,KAF2212072,KAM3417629.1
OG0009021,KAF2208614,KAM3417375.1
OG0009040,KAF2213583,KAM3413873.1
OG0009045,KAF2211371,KAM3413491.1
OG0009047,KAF2206776,KAM3413796.1
OG0009055,KAF2206471,KAM3415181.1
OG0009083,KAF2209875,KAM3414493.1
OG0009091,KAF2207966,KAM3413633.1
OG0009093,KAF2207727,KAM3423902.1
OG0009095,KAF2207836,KAM3423705.1
OG0009096,KAF2210636,KAM3421644.1
OG0009099,KAF2210535,KAM3421527.1
OG0009100,KAF2214247,KAM3414611.1
OG0009102,KAF2207410,KAM3422272.1
OG0009103,KAF2212364,KAM3415810.1
OG0009104,KAF2212340,KAM3415835.1
OG0009105,KAF2212290,KAM3415882.1
OG0009110,KAF2208881,KAM3424168.1
OG0009111,KAF2208884,KAM3424165.1
OG0009112,KAF2208906,KAM3424124.1
OG0009113,KAF2216774,KAM3424787.1
OG0009114,KAF2215833,KAM3425190.1
OG0009115,KAF2216076,KAM3424943.1
OG0009116,KAF2216094,KAM3424920.1
OG0009117,KAF2215616,KAM3425546.1
OG0009120,KAF2207686,KAM3419558.1
OG0009122,KAF2207683,KAM3419554.1
OG0009125,KAF2217884,KAM3419856.1
OG0009129,KAF2210367,KAM3420608.1
OG0009132,KAF2214043,KAM3416309.1
OG0009135,KAF2207096,KAM3417110.1
OG0009136,KAF2213790,KAM3416583.1
OG0009137,KAF2216619,KAM3423165.1
OG0009138,KAF2216412,KAM3422993.1
OG0009140,KAF2206505,KAM3422679.1
OG0009141,KAF2208549,KAM3417295.1
OG0009142,KAF2206363,KAM3418165.1
OG0009143,KAF2212804,KAM3414781.1
OG0009146,KAF2209890,KAM3414507.1
OG0009147,KAF2212698,KAM3414902.1
OG0009148,KAF2212757,KAM3414834.1
OG0009149,KAF2214467,KAM3422269.1
OG0009150,KAF2208631,KAM3417230.1
OG0009157,KAF2216861,KAM3424694.1
OG0009160,KAF2216213,KAM3422709.1
OG0009162,KAF2215673,KAM3425603.1
OG0009164,KAF2215087,KAM3416606.1
OG0009166,KAF2215515,KAM3417057.1
OG0009167,KAF2214713,KAM3418762.1
OG0009170,KAF2213906,KAM3416459.1
OG0009177,KAF2211148,KAM3421930.1
OG0009178,KAF2210291,KAM3413574.1
OG0009180,KAF2209715,KAM3418309.1
OG0009184,KAF2208353,KAM3417891.1
OG0009186,KAF2208161,KAM3421382.1
OG0009188,KAF2207809,KAM3423678.1
OG0009192,KAF2206906,KAM3416117.1
OG0009193,KAF2206649,KAM3416082.1
OG0009195,KAF2206391,KAM3414283.1
OG0009902,KAF2217769,KAM3419748.1
OG0009903,KAF2218016,KAM3419724.1
OG0009904,KAF2218038,KAM3419691.1
OG0009905,KAF2218063,KAM3419666.1
OG0009906,KAF2216688,KAM3424883.1
OG0009907,KAF2216848,KAM3424711.1
OG0009908,KAF2217042,KAM3424504.1
OG0009910,KAF2217199,KAM3424293.1
OG0009911,KAF2217238,KAM3424330.1
OG0009912,KAF2217294,KAM3424382.1
OG0009913,KAF2216206,KAM3422702.1
OG0009914,KAF2216611,KAM3418464.1
OG0009915,KAF2215588,KAM3425516.1
OG0009916,KAF2215592,KAM3425521.1
OG0009918,KAF2215654,KAM3425586.1
OG0009921,KAF2215815,KAM3425210.1
OG0009922,KAF2215829,KAM3425195.1
OG0009924,KAF2215959,KAM3425061.1
OG0009925,KAF2215979,KAM3420963.1
OG0009926,KAF2215980,KAM3420962.1
OG0009927,KAF2216091,KAM3424923.1
OG0009929,KAF2215107,KAM3416627.1
OG0009930,KAF2215110,KAM3416623.1
OG0009931,KAF2215119,KAM3416636.1
OG0009932,KAF2215155,KAM3416676.1
OG0009933,KAF2215289,KAM3416815.1
OG0009934,KAF2215359,KAM3416887.1
OG0009935,KAF2215401,KAM3416914.1
OG0009936,KAF2215418,KAM3417224.1
OG0009937,KAF2214942,KAM3418536.1
OG0009938,KAF2214995,KAM3422624.1
OG0009939,KAF2214241,KAM3422216.1
OG0009940,KAF2214343,KAM3422032.1
OG0009941,KAF2214469,KAM3422422.1
OG0009942,KAF2214492,KAM3422395.1
OG0009943,KAF2214532,KAM3422349.1
OG0009944,KAF2213820,KAM3416550.1
OG0009945,KAF2213951,KAM3416412.1
OG0009946,KAF2213962,KAM3416401.1
OG0009948,KAF2213358,KAM3413680.1
OG0009950,KAF2213492,KAM3413950.1
OG0009952,KAF2213624,KAM3413915.1
OG0009953,KAF2213680,KAM3414083.1
OG0009954,KAF2213682,KAM3414086.1
OG0009956,KAF2213723,KAM3414126.1
OG0009957,KAF2213727,KAM3414130.1
OG0009958,KAF2213054,KAM3423465.1
OG0009959,KAF2212609,KAM3414963.1
OG0009960,KAF2212636,KAM3414990.1
OG0009962,KAF2212777,KAM3414809.1
OG0009963,KAF2212805,KAM3414780.1
OG0009964,KAF2212811,KAM3414776.1
OG0009965,KAF2212840,KAM3414739.1
OG0009966,KAF2212876,KAM3414701.1
OG0009967,KAF2212887,KAM3414689.1
OG0009968,KAF2212899,KAM3414673.1
OG0009969,KAF2212922,KAM3414577.1
OG0009970,KAF2212168,KAM3416025.1
OG0009971,KAF2212207,KAM3415978.1
OG0009972,KAF2212208,KAM3415977.1
OG0009973,KAF2212209,KAM3415976.1
OG0009974,KAF2211645,KAM3425657.1
OG0009975,KAF2211848,KAM3422718.1
OG0009976,KAF2211196,KAM3422896.1
OG0009977,KAF2211202,KAM3414183.1
OG0009978,KAF2211290,KAM3414405.1
OG0009979,KAF2211304,KAM3414386.1
OG0009980,KAF2211321,KAM3414362.1
OG0009981,KAF2211362,KAM3414317.1
OG0009982,KAF2211393,KAM3414264.1
OG0009985,KAF2211090,KAM3421873.1
OG0009986,KAF2211093,KAM3421876.1
OG0009987,KAF2210618,KAM3413567.1
OG0009989,KAF2210674,KAM3424145.1
OG0009990,KAF2210752,KAM3421752.1
OG0009992,KAF2210407,KAM3420567.1
OG0009994,KAF2210273,KAM3418712.1
OG0009995,KAF2210169,KAM3419402.1
OG0009996,KAF2210171,KAM3419404.1
OG0009997,KAF2210172,KAM3419405.1
OG0009998,KAF2210174,KAM3419407.1
OG0009999,KAF2209816,KAM3414450.1
OG0010000,KAF2209821,KAM3414445.1
OG0010001,KAF2209823,KAM3414443.1
OG0010002,KAF2209833,KAM3414435.1
OG0010003,KAF2209834,KAM3414434.1
OG0010004,KAF2209923,KAM3414539.1
OG0010005,KAF2209951,KAM3414653.1
OG0010006,KAF2209977,KAM3414626.1
OG0010007,KAF2209995,KAM3419631.1
OG0010008,KAF2209997,KAM3419633.1
OG0010009,KAF2210000,KAM3416066.1
OG0010010,KAF2210002,KAM3416068.1
OG0010011,KAF2209701,KAM3418322.1
OG0010012,KAF2209596,KAM3421074.1
OG0010013,KAF2209628,KAM3420995.1
OG0010014,KAF2209126,KAM3419630.1
OG0010016,KAF2209129,KAM3422439.1
OG0010018,KAF2209046,KAM3420898.1
OG0010019,KAF2209053,KAM3420903.1
OG0010020,KAF2208889,KAM3424158.1
OG0010021,KAF2208928,KAM3424101.1
OG0010022,KAF2208951,KAM3424071.1
OG0010024,KAF2208813,KAM3419355.1
OG0010025,KAF2208658,KAM3419710.1
OG0010027,KAF2208632,KAM3417229.1
OG0010028,KAF2208257,KAM3421214.1
OG0010029,KAF2208053,KAM3420976.1
OG0010030,KAF2208056,KAM3413565.1
OG0010031,KAF2208061,KAM3413562.1
OG0010032,KAF2208099,KAM3413535.1
OG0010033,KAF2207974,KAM3413624.1
OG0010034,KAF2208005,KAM3413603.1
OG0010037,KAF2207716,KAM3419585.1
OG0010038,KAF2207720,KAM3419591.1
OG0010039,KAF2207723,KAM3419594.1
OG0010040,KAF2207540,KAM3423997.1
OG0010041,KAF2207585,KAM3423951.1
OG0010042,KAF2207622,KAM3423903.1
OG0010044,KAF2207426,KAM3419166.1
OG0010045,KAF2207134,KAM3418060.1
OG0010047,KAF2206928,KAM3422296.1
OG0010048,KAF2206899,KAM3416126.1
OG0010049,KAF2206904,KAM3416119.1
OG0010051,KAF2206801,KAM3417213.1
OG0010053,KAF2206698,KAM3418335.1
OG0010055,KAF2206573,KAM3415131.1
OG0010056,KAF2206587,KAM3415140.1
OG0010059,KAF2206220,KAM3420413.1
OG0010060,KAF2206212,KAM3413626.1
