Geneid,CM_in vitro_1,CM_in vitro_2,CM_in vitro_3,CM_0dpi_1,CM_0dpi_2,CM_0dpi_3,CM_1dpi_1,CM_1dpi_2,CM_1dpi_3,CM_3dpi_1,CM_3dpi_2,CM_3dpi_3,CM_6dpi_1,CM_6dpi_2,CM_6dpi_3
KAF2217364,91,128,250,0,0,0,0,2,0,2,0,0,14,4,6
KAF2217365,546,492,966,0,0,0,0,2,0,16,2,1,30,40,20
KAF2217366,226,213,694,0,0,0,0,0,0,4,0,0,0,10,2
KAF2217367,517,421,549,0,0,0,2,2,0,4,0,0,14,24,10
KAF2217368,6687,6195,4975,3,4,2,2,2,6,28,14,12,59,114,53
KAF2217369,2884,2666,2554,2,2,2,2,2,0,6,2,2,36,84,19
KAF2217370,719,731,785,0,0,0,0,0,2,8,4,2,12,42,27
KAF2217371,16397,13602,10878,2,0,0,0,0,3,0,8,14,34,97,40
KAF2217372,1538,1103,1035,0,2,0,0,0,0,2,0,0,6,12,16
KAF2217373,700,671,699,2,0,2,2,0,2,15,6,11,41,104,44
KAF2217374,59,60,53,0,0,0,0,0,0,0,0,0,0,2,2
KAF2217375,11041,9883,7113,7,4,8,10,2,11,86,67,25,437,1120,594
KAF2217376,9176,8344,5670,3,8,2,2,6,6,14,2,6,31,114,36
KAF2217377,195,135,171,0,0,1,0,0,0,0,0,0,4,0,0
KAF2217378,198,221,265,2,0,0,0,0,0,0,0,0,3,1,0
KAF2217379,4355,3884,4634,8,6,3,0,0,0,10,2,4,27,105,21
KAF2217380,37,32,52,0,0,0,0,0,0,0,0,2,0,0,0
KAF2217381,126,69,147,0,0,0,0,0,0,1,0,4,7,1,8
KAF2217382,29,22,45,0,0,0,0,0,0,2,0,0,2,0,0
KAF2217383,1488,1869,4172,0,0,0,0,0,0,26,2,4,15,30,34
KAF2217384,345,266,604,2,0,0,0,0,0,4,0,0,2,14,9
KAF2217385,382,366,383,0,0,0,0,0,2,2,0,0,12,44,12
KAF2217386,0,0,0,0,0,0,0,0,0,0,0,0,0,0,0
KAF2217387,2041,1876,1510,1,1,2,2,2,2,0,6,2,37,30,16
KAF2217388,1162,1034,958,0,0,0,0,0,2,2,1,4,38,39,26
KAF2217389,31768,20360,2561,10,2,10,0,0,0,4,0,2,13,30,12
KAF2217390,305,338,633,0,2,0,0,0,0,4,1,0,8,18,10
KAF2217391,77,104,147,0,0,0,0,0,0,4,0,0,1,4,0
KAF2217392,1159,1111,1654,0,2,0,4,1,2,8,0,2,31,51,19
KAF2217393,384,374,444,0,0,0,2,0,0,3,0,0,18,15,12
KAF2217394,169,131,157,0,0,0,0,0,0,0,0,0,6,3,3
KAF2217395,9613,8952,3061,8,9,5,12,0,4,38,9,3,47,137,78
KAF2217396,737,605,300,0,0,0,0,0,0,9,10,2,39,57,46
KAF2217397,7949,7309,3024,0,0,0,4,0,4,94,30,15,71,168,54
KAF2217398,1356,1102,901,2,2,0,0,0,0,5,1,0,16,34,23
KAF2217399,575,553,408,0,0,2,1,0,0,8,3,2,12,16,15
KAF2217400,0,0,0,0,0,0,0,0,0,0,0,0,0,0,0
KAF2217401,4356,3921,2343,0,0,7,0,2,2,11,6,8,42,75,24
KAF2217402,278,266,388,0,0,0,0,0,0,2,0,0,0,2,2
KAF2217403,1768,1601,1518,2,0,0,0,4,2,4,8,16,38,70,20
KAF2217404,814,686,523,0,0,0,2,0,0,5,1,2,7,41,9
KAF2217405,768,751,1564,0,0,0,4,2,0,8,1,0,12,31,24
KAF2217406,2606,2440,3358,0,4,0,6,2,6,47,8,8,73,134,70
KAF2217407,1522,1239,734,0,0,0,0,0,0,11,6,3,32,59,44
EFT00053797945,79,74,64,0,0,0,0,0,0,0,0,0,4,4,4
KAF2217408,11180,9281,7595,15,5,14,0,0,2,32,7,24,113,186,64
KAF2217409,369,319,636,0,0,0,0,0,2,5,4,2,8,24,17
KAF2217410,5530,4593,3689,0,2,2,0,2,0,12,6,8,50,93,41
KAF2217411,16,16,31,0,0,0,0,0,0,0,0,0,0,1,4
KAF2217412,56,35,102,0,0,2,0,0,0,0,0,2,0,4,0
KAF2217413,664,598,643,0,0,0,0,0,0,1,4,2,24,35,8
KAF2217414,1462,1458,1609,0,0,0,0,4,2,11,0,6,60,125,45
KAF2217415,1185,910,1086,0,0,0,0,0,1,6,2,5,24,21,10
KAF2217416,218,187,424,0,0,0,0,2,0,0,0,0,6,24,5
KAF2217417,441,409,1190,0,0,0,0,0,4,4,0,0,16,47,17
KAF2217418,105,113,228,0,0,0,0,0,0,3,0,0,1,2,0
KAF2217419,2285,1267,194,10,9,11,0,0,0,8,0,0,10,20,14
KAF2217420,17,13,22,0,0,0,0,0,0,0,0,0,0,3,2
KAF2217421,487,425,548,0,5,0,0,0,2,6,4,0,24,40,13
KAF2217422,376,351,415,0,0,0,0,0,0,2,0,6,15,25,10
KAF2217423,4923,6007,7442,0,0,2,0,2,0,8,10,8,60,197,88
KAF2217424,2841,3035,2871,0,0,0,0,0,0,4,0,0,41,70,45
KAF2217425,391,423,188,0,0,0,0,0,0,8,0,0,5,13,2
KAF2217426,60,51,58,0,0,0,2,0,0,0,0,0,2,7,4
KAF2217427,1499,1332,1270,0,0,0,0,0,2,3,0,1,7,15,13
KAF2217428,22,44,57,0,0,0,0,0,0,2,0,0,0,2,4
KAF2217429,392,353,703,0,0,0,6,0,2,2,4,0,7,53,22
KAF2217430,204,286,571,0,0,0,0,0,0,8,0,0,6,20,15
KAF2217431,434,458,193,0,0,0,0,0,0,0,0,0,0,2,0
KAF2217432,2918,2842,2696,2,2,4,5,0,0,7,10,6,10,79,20
KAF2217433,261,201,277,0,0,0,0,0,0,2,0,4,2,18,0
KAF2217434,1205,1360,2774,0,2,0,0,0,4,4,0,0,10,10,3
KAF2217435,1173,1067,1656,0,0,0,0,0,0,8,0,0,15,33,13
KAF2217436,204,165,228,0,0,0,0,0,0,6,0,0,6,15,11
KAF2217437,2729,2501,3117,2,0,0,0,2,0,19,8,8,76,243,92
KAF2217438,4829,5915,10952,0,0,2,3,4,5,42,27,9,150,340,200
KAF2217439,49,14,73,0,0,0,0,0,0,2,0,0,0,0,0
KAF2217440,1268,1087,1428,0,0,0,0,0,0,0,0,0,2,0,2
KAF2217441,25869,22096,9074,6,9,8,4,2,8,18,8,12,63,137,38
KAF2217442,983,981,575,0,0,2,0,0,0,5,0,0,12,26,13
KAF2217443,353,369,191,0,0,0,0,0,1,3,0,0,3,6,13
KAF2217444,2186,1971,2495,1,0,1,4,0,8,32,19,15,100,151,84
KAF2217445,4020,3850,3519,0,0,0,0,0,0,10,2,1,18,28,22
KAF2217446,1223,1075,561,2,0,0,0,0,0,5,0,4,5,13,8
KAF2217447,2087,1779,1426,0,0,0,6,3,2,10,0,2,24,36,20
KAF2217448,700,640,753,0,0,2,2,0,0,6,4,0,18,44,23
KAF2217449,415,475,1023,0,0,0,1,0,0,10,2,2,22,68,32
KAF2217450,955,942,1152,0,0,0,2,4,4,14,2,2,30,91,35
KAF2217451,640,442,332,0,0,0,0,0,0,7,3,4,17,33,19
KAF2217452,1347,1392,1350,2,0,2,0,0,2,13,5,4,34,33,24
KAF2217453,4179,4076,3560,2,0,0,0,3,0,8,2,6,39,82,32
KAF2217454,1577,1512,1443,0,0,1,0,0,2,3,0,4,12,22,14
KAF2217455,638,667,696,0,0,2,1,0,0,4,0,2,19,27,18
KAF2217456,790,724,862,0,0,0,0,2,0,2,0,0,6,30,6
KAF2217457,10592,8896,3648,2,1,0,2,0,0,41,11,18,101,168,84
KAF2217458,262,293,400,0,0,0,0,0,1,3,0,1,6,21,11
KAF2217459,171,195,218,0,0,0,2,0,0,1,0,0,12,26,6
KAF2217460,2609,2736,3307,0,0,0,0,0,2,10,3,4,30,35,9
KAF2217461,2471,1598,1269,30,20,26,0,2,0,8,0,0,56,85,65
KAF2217462,50,33,47,0,0,0,0,0,0,1,0,0,6,4,3
KAF2217463,205,245,315,0,2,0,0,0,2,0,2,2,10,14,14
KAF2217464,2520,2337,1949,2,0,0,4,0,12,22,0,5,50,132,40
KAF2217465,2674,2514,2986,2,2,2,0,4,0,22,4,0,51,102,53
KAF2217466,106,124,191,0,0,0,0,0,0,1,0,0,1,11,0
KAF2217467,105,80,148,0,0,0,0,0,0,0,0,0,0,0,2
KAF2217468,335,473,2643,0,0,0,4,4,0,8,0,4,10,26,9
KAF2217469,3963,4873,27725,0,0,0,6,2,13,55,2,2,64,122,58
KAF2217470,5,4,22,0,0,0,0,4,0,1,0,0,1,11,16
KAF2217471,302,262,287,0,0,2,2,0,0,6,6,4,21,60,21
KAF2217472,670,555,848,0,0,0,0,0,0,12,5,1,23,72,35
KAF2217473,1334,1367,1189,2,0,0,0,0,0,23,2,3,29,70,30
KAF2217474,16300,16099,8363,0,6,2,0,0,4,35,14,10,42,81,44
KAF2217475,10277,12294,4845,8,2,8,0,0,2,2,0,0,16,44,17
KAF2217476,95,58,73,0,0,0,0,0,0,0,0,0,0,0,1
KAF2217477,208,185,252,0,0,0,0,0,0,0,0,0,6,12,5
KAF2217478,277,209,291,0,0,0,0,0,0,0,0,0,11,27,1
KAF2217479,15,7,3,0,0,0,0,0,0,0,0,0,2,0,1
KAF2217480,808,726,518,0,0,0,0,0,0,10,0,0,28,45,21
KAF2217481,497,437,397,0,0,0,0,0,0,4,2,0,10,8,10
KAF2217482,1302,1302,950,1,0,0,1,0,0,5,4,2,18,27,15
KAF2217483,273,290,158,0,0,0,0,0,0,0,0,0,3,0,2
KAF2217484,44,31,75,0,0,0,0,0,0,0,0,0,0,3,6
KAF2217485,228,195,340,0,0,0,0,0,0,2,4,0,2,25,8
KAF2217486,763,832,1480,0,0,0,0,0,0,2,0,2,19,22,18
KAF2217487,17601,18965,32509,0,0,0,27,6,12,129,29,55,335,605,297
KAF2217488,1705,1426,3194,2,0,2,0,2,2,34,8,2,49,93,24
KAF2217489,7304,6269,4948,4,0,8,2,0,2,50,12,8,106,191,72
KAF2217490,1526,1503,1932,0,0,2,0,2,2,27,14,6,59,82,48
KAF2217491,2982,2931,4351,6,2,0,6,6,6,59,10,21,70,185,83
KAF2217492,11,5,36,0,0,0,0,0,0,1,0,0,1,3,2
KAF2217493,87,62,68,0,0,0,0,0,0,0,0,0,0,1,1
KAF2217494,945,859,712,2,0,0,0,0,0,0,4,2,18,47,12
KAF2217495,11528,6654,8120,3,0,0,2,0,13,46,6,14,84,273,109
KAF2217496,1500,1294,1145,2,2,0,0,2,1,9,6,12,22,50,27
KAF2217497,3423,2836,3044,0,0,2,0,0,0,16,2,10,17,38,1
KAF2217498,802,720,1004,2,0,0,0,0,0,3,0,0,15,25,12
KAF2217499,1092,1190,1838,0,0,0,0,0,2,3,0,0,9,12,12
KAF2217500,12023,16037,21917,17,4,3,3,0,4,11,4,11,73,121,61
KAF2217501,86,74,75,0,0,0,0,0,0,4,2,0,4,4,2
KAF2217502,92,133,182,0,0,0,0,0,0,0,0,0,2,8,2
KAF2217503,20,4,6,0,0,0,0,0,0,0,0,0,0,5,0
KAF2217504,598,447,362,2,0,0,0,0,0,1,2,0,8,19,7
KAF2217505,20,20,33,0,0,0,0,0,0,2,0,0,2,0,2
KAF2217506,143,122,195,0,0,0,0,0,2,12,2,3,17,14,20
KAF2217507,293,216,124,0,2,0,0,0,0,0,0,0,0,2,5
KAF2217508,2641,2326,738,2,2,0,0,0,0,2,0,2,14,14,21
KAF2217509,308,268,523,0,0,0,2,2,2,24,4,2,20,31,8
KAF2217510,6,17,22,0,0,0,0,0,1,0,0,0,0,3,0
KAF2217511,364,335,1003,0,0,0,0,4,0,7,0,0,4,10,4
KAF2217512,24,11,46,0,0,0,0,0,0,0,0,0,0,0,0
KAF2217513,835,751,800,0,0,0,5,0,0,4,10,0,26,34,26
KAF2217514,9171,7577,6670,4,6,3,11,2,8,67,15,27,184,374,122
KAF2217515,6750,5362,2710,2,4,6,5,0,2,10,2,2,28,34,25
KAF2217516,150,149,175,0,0,0,0,0,0,0,0,0,0,3,0
KAF2217517,53,58,75,0,0,0,0,0,0,4,0,0,6,10,0
KAF2217518,3,5,24,0,0,0,0,0,0,0,0,0,0,3,0
KAF2217519,61,61,59,0,1,0,0,0,0,0,0,0,0,2,2
KAF2217520,7714,6257,2475,22,14,22,0,0,2,4,2,2,39,50,35
KAF2217521,75,109,43,0,0,0,0,0,0,1,0,1,0,15,1
KAF2217522,6974,6198,3882,3,0,0,6,2,15,112,36,38,327,688,343
KAF2217523,66,46,130,0,0,0,0,0,0,0,0,0,0,0,0
KAF2217524,1499,1239,1374,2,0,0,0,0,2,8,0,0,42,95,42
KAF2217525,10044,8349,3215,4,0,4,2,4,0,16,4,5,32,106,37
KAF2217526,183,193,203,2,0,0,0,0,0,0,0,0,7,10,6
KAF2217527,3406,3765,5321,0,0,1,0,2,0,57,10,4,107,155,74
KAF2217528,259,242,536,0,0,0,2,0,2,0,2,0,4,4,0
KAF2217529,435,456,564,0,0,0,0,0,0,0,0,0,2,8,3
KAF2217530,3437,3003,3506,0,0,0,0,0,0,3,0,0,6,23,6
KAF2217531,470,432,843,0,0,0,0,2,0,6,0,2,14,12,8
KAF2217532,136,98,178,0,0,0,0,0,0,0,0,0,2,3,0
KAF2217533,106,85,186,0,0,0,0,0,0,2,0,0,16,4,19
KAF2217534,260,247,549,0,0,0,2,0,0,11,0,3,7,31,14
KAF2217535,1904,1858,3689,2,2,0,0,0,0,2,2,2,30,58,22
KAF2217536,472,473,788,0,0,2,0,0,2,11,0,2,19,21,4
KAF2217537,738,593,1839,0,0,2,2,0,0,2,0,6,7,23,27
KAF2217538,12,20,32,0,0,0,0,0,0,0,0,0,1,2,1
KAF2217539,598,453,449,0,2,0,4,0,4,2,0,6,17,61,26
KAF2217540,1416,1146,1325,4,4,6,0,0,0,20,16,20,190,228,134
KAF2217541,773,624,779,0,0,0,0,0,0,4,0,2,22,43,14
KAF2217542,121,101,52,0,0,0,0,0,0,0,0,0,4,2,1
KAF2217543,10339,9042,2209,11,3,0,2,0,0,1,0,2,50,130,22
KAF2217544,3360,2910,2357,0,0,0,2,0,2,4,7,7,23,35,7
KAF2217545,6377,6596,5848,2,0,0,0,0,0,9,0,0,24,30,15
KAF2217546,858,856,748,0,0,0,0,1,0,1,0,1,8,5,10
KAF2217547,120682,119609,48260,42,41,60,8,4,2,10,0,0,47,61,53
KAF2217548,5274,5295,3688,2,0,0,0,0,0,2,1,2,7,17,4
KAF2217549,153,63,66,0,0,0,0,0,0,6,0,0,2,4,0
KAF2217550,26,33,59,0,0,0,0,0,0,0,0,2,1,0,0
KAF2217551,224,224,675,0,0,0,0,0,0,6,4,2,16,22,15
KAF2217552,856,843,1243,0,0,0,0,0,0,4,4,0,14,12,6
KAF2217553,601,641,428,0,0,0,0,0,0,2,0,0,2,7,6
KAF2217554,9794,8603,6002,2,2,0,0,2,2,17,16,16,45,110,34
KAF2217555,249,238,318,2,2,0,0,2,0,4,0,0,2,9,10
KAF2217556,1456,1487,3584,1,0,0,13,4,26,15,8,5,51,133,74
KAF2217557,324,254,360,0,0,2,2,0,0,5,4,2,13,34,26
KAF2217558,80015,74870,70718,33,15,26,36,22,53,450,124,211,1084,2039,730
KAF2217559,282,254,272,0,0,0,0,0,0,12,0,2,11,14,8
KAF2217560,22,26,29,0,0,0,0,0,0,0,0,0,0,2,2
KAF2217561,646,486,506,0,0,0,0,0,0,4,0,2,27,24,3
KAF2217562,207,139,163,0,0,0,0,0,0,1,0,0,2,8,3
KAF2217563,377,305,649,0,0,0,0,1,2,2,2,0,2,14,5
KAF2217564,1825,1881,2767,0,0,2,3,2,0,12,2,2,19,34,12
KAF2217565,2414,1845,1662,0,0,0,2,0,0,20,8,18,30,67,31
KAF2217566,1545,1509,2048,4,2,0,0,0,4,9,4,6,42,72,66
KAF2217567,30629,26634,16065,0,5,7,16,6,8,44,9,18,110,209,131
KAF2217568,225,220,354,0,0,0,2,0,0,1,3,0,7,19,9
KAF2217569,311,256,393,0,0,0,0,0,2,1,6,2,5,22,14
KAF2217570,157370,138010,35402,29,15,30,28,18,25,129,32,37,273,574,217
KAF2217571,2953,2927,2766,0,0,0,0,4,2,28,8,6,79,165,116
KAF2217572,122,85,124,0,0,0,0,0,0,0,2,0,2,1,0
KAF2217573,12204,10521,6067,0,0,4,2,2,6,17,6,12,58,154,102
KAF2217574,6893,7083,5647,0,0,2,8,0,6,23,22,20,141,459,187
KAF2217575,2862,2085,1609,3,2,2,1,0,2,23,4,9,99,198,96
KAF2217576,723,647,920,0,0,0,1,0,2,21,6,4,44,99,44
KAF2217577,1032,868,973,0,0,0,0,2,0,11,0,8,37,68,33
KAF2217578,623,482,620,0,0,2,0,0,0,4,0,1,45,67,27
KAF2217579,136,176,382,0,0,0,0,0,0,2,0,2,18,24,14
KAF2217580,11,27,13,0,0,0,0,0,0,0,0,0,0,1,0
KAF2217581,268,309,323,0,0,0,2,0,2,12,10,10,41,105,48
KAF2217582,3585,3122,1857,0,2,0,2,0,2,16,2,4,52,115,49
KAF2217583,181,167,126,0,0,0,0,0,2,7,2,2,8,9,4
KAF2217584,1930,1821,2250,0,2,0,4,2,2,8,0,2,17,51,24
KAF2217585,1026,1166,1040,0,0,0,0,0,2,16,2,7,30,122,69
KAF2217586,265,262,331,0,0,0,0,2,0,28,5,4,113,317,158
KAF2217587,2053,1755,850,0,0,0,2,0,0,2,0,0,0,22,10
KAF2217588,557,606,660,0,0,0,0,0,0,5,9,6,19,30,7
KAF2217589,2021,2489,2664,0,0,0,0,0,0,0,0,1,27,43,44
KAF2217590,6503,6292,3107,0,0,0,0,0,4,0,0,0,4,18,11
KAF2217591,416,328,227,0,0,0,0,0,0,0,0,0,2,12,2
KAF2217592,1913,1870,1053,2,0,6,0,0,2,16,2,8,27,81,24
KAF2217593,4568,4590,6125,0,0,2,8,4,4,72,14,22,207,382,203
KAF2217594,11482,9542,2842,3,8,8,2,2,0,12,3,2,75,139,78
KAF2217595,215,210,210,0,0,0,0,0,2,10,0,0,9,24,23
KAF2217596,1308,1097,762,0,0,0,0,0,1,7,8,3,59,103,35
KAF2217597,1617,1472,948,2,4,0,0,0,3,13,8,3,46,97,30
KAF2217598,241,213,182,0,0,0,0,0,0,3,0,0,13,19,11
KAF2217599,0,0,0,0,0,0,0,0,0,0,0,0,0,0,0
KAF2217600,4029,3464,2504,0,0,0,2,2,4,16,7,2,81,124,44
KAF2217601,7606,8100,6442,0,0,4,6,2,0,31,2,9,76,129,73
KAF2217602,3173,3238,2133,0,0,0,3,0,2,24,2,8,53,124,50
KAF2217603,753,715,608,2,0,0,3,0,2,11,2,0,19,67,33
KAF2217604,7914,7480,10932,0,2,2,22,16,21,142,46,40,430,1024,417
KAF2217605,1442,1364,1779,0,0,0,2,4,2,6,2,0,12,42,17
KAF2217606,9165,9057,8132,4,2,5,4,2,12,41,7,14,129,288,189
KAF2217607,1114,958,600,2,0,0,0,0,0,5,4,4,21,66,41
KAF2217608,405,250,264,0,0,0,0,0,0,5,0,0,3,14,4
KAF2217609,626,655,381,0,0,0,0,0,2,4,0,0,6,16,5
KAF2217610,1841,1687,1028,0,0,0,2,2,0,14,4,3,16,38,16
KAF2217611,736,547,814,0,0,0,2,0,0,4,0,0,21,18,11
KAF2217612,4055,3569,3226,3,2,6,9,2,6,16,6,5,16,31,11
KAF2217613,6477,6874,12444,2,4,4,0,2,2,6,6,0,37,82,27
KAF2217614,323,298,539,0,0,0,0,0,0,5,1,0,19,50,17
KAF2217615,17428,15849,11054,10,2,8,10,16,17,111,76,24,685,1607,872
KAF2217616,38036,35216,21856,24,8,19,2,7,12,81,24,26,322,559,245
KAF2217617,2637,2064,766,0,0,0,0,2,2,9,0,0,26,73,51
KAF2217618,18886,13422,2905,4,2,0,2,2,0,6,2,0,24,45,33
KAF2217619,902,649,773,0,0,0,0,0,0,0,2,1,4,16,2
KAF2217620,2741,3590,8219,0,0,0,4,6,2,24,2,6,26,36,19
KAF2217621,400,413,679,0,0,0,0,0,0,6,4,0,19,22,12
KAF2217622,3615,2766,3072,0,2,0,2,0,4,11,2,6,79,107,65
KAF2217623,10089,9457,8466,3,0,5,0,2,4,6,1,6,44,70,24
KAF2217624,354,246,320,0,0,0,0,0,0,6,0,0,6,15,12
KAF2217625,1221,1023,1099,2,0,2,2,0,0,18,2,6,30,84,46
KAF2217626,252,211,276,0,2,0,0,0,0,10,0,2,20,41,29
KAF2217627,1134,1166,1831,0,4,0,0,0,0,11,4,0,41,83,56
KAF2217628,3864,3530,2037,0,2,2,0,0,0,2,4,4,18,46,25
KAF2217629,669,738,954,1,2,0,0,0,0,5,0,3,26,65,32
KAF2217630,36852,43526,45223,0,0,0,4,0,2,7,0,0,35,34,22
KAF2217631,1568,1658,2456,0,0,0,0,0,0,5,0,0,13,19,14
KAF2217632,1344,1202,1656,0,0,0,2,0,4,7,0,4,32,68,12
KAF2217633,3497,4727,8588,0,0,0,12,4,2,29,8,20,87,191,70
KAF2217634,447,668,1516,0,0,0,0,2,2,28,2,8,12,38,12
KAF2217635,204,178,609,0,0,0,0,0,0,0,0,1,12,20,9
KAF2217636,5101,5490,16384,0,0,0,23,10,12,129,30,12,160,302,188
EFT00053797946,0,0,0,0,0,0,0,0,0,0,0,0,0,0,0
KAF2217637,86244,77790,18198,20,9,22,15,8,26,165,42,43,252,432,191
KAF2217638,7394,6653,2634,4,5,0,9,6,8,40,22,24,116,266,94
KAF2217639,298,222,244,0,0,0,0,0,0,0,2,0,15,34,6
KAF2217640,598,509,630,2,0,0,0,0,0,4,2,4,23,52,24
KAF2217641,17,22,14,0,0,0,0,0,0,0,0,0,0,0,2
KAF2217642,53,46,113,0,0,0,0,0,0,0,1,1,0,9,2
KAF2217643,624,626,682,0,0,0,0,0,3,7,1,2,8,25,15
KAF2217644,917,774,1088,2,0,0,0,2,0,10,2,1,22,40,22
KAF2217645,14602,13568,10670,8,6,6,13,18,35,133,40,34,574,1393,648
KAF2217646,68,64,84,0,0,0,0,0,0,0,0,0,0,0,0
KAF2217647,1004,924,822,2,0,0,0,0,2,2,1,7,11,50,6
KAF2217648,387,365,203,0,0,0,0,0,0,0,0,0,2,5,6
EFT00053797943,14,14,18,0,0,0,0,0,0,0,0,0,0,2,2
KAF2217649,4771,3536,3674,4,0,2,2,4,12,64,22,14,199,414,203
KAF2217650,67,61,111,0,0,0,0,0,0,2,0,1,5,7,6
KAF2217651,34,33,60,0,0,0,0,0,0,0,0,1,2,2,4
KAF2217652,95,60,92,0,0,0,0,0,0,12,0,1,7,24,9
KAF2217653,161,133,129,0,0,0,0,0,0,0,0,2,0,3,6
KAF2217654,81,56,83,0,0,2,0,0,0,1,0,0,2,3,0
KAF2217655,122,138,114,0,2,0,0,0,0,2,0,0,2,8,2
KAF2217656,143,158,230,0,0,0,1,0,0,2,2,0,4,4,3
KAF2217657,37,38,35,0,0,0,0,0,0,2,0,2,2,4,2
KAF2217658,36,52,50,0,0,0,0,0,0,1,0,0,0,4,0
KAF2217659,478,508,968,0,0,0,0,0,0,9,0,6,32,45,27
KAF2217660,405,290,255,2,0,0,0,0,0,1,0,2,6,20,15
KAF2217661,1197,903,622,2,0,0,0,2,4,6,1,0,39,124,58
KAF2217662,50374,48037,30878,9,8,8,8,2,2,52,10,10,82,133,35
KAF2217663,20809,19747,15004,8,5,7,0,0,0,4,9,6,38,49,26
KAF2217664,4,5,3,0,0,0,0,0,0,0,0,0,0,0,0
KAF2217665,737,668,840,0,0,0,0,2,2,18,2,6,12,70,24
KAF2217666,1651,1569,2281,0,0,0,8,0,0,21,2,12,28,113,22
KAF2217667,353,359,373,0,0,0,0,0,0,61,10,16,86,187,87
KAF2217668,286,288,587,0,0,0,0,0,4,18,4,4,65,143,40
KAF2217669,71,27,45,0,0,0,0,0,0,0,1,0,2,6,4
KAF2217670,639,551,522,0,0,0,0,2,0,1,0,6,18,44,6
KAF2217671,747,810,956,0,0,0,0,0,0,4,0,2,10,22,15
KAF2217672,365,333,525,0,0,0,0,0,2,6,2,0,13,43,15
KAF2217673,490,655,961,2,0,0,0,0,0,0,0,2,4,0,5
KAF2217674,90,76,40,0,0,0,0,0,2,0,0,2,4,0,2
KAF2217675,10117,8940,3893,3,4,4,1,0,1,15,3,3,57,150,71
KAF2217676,1470,1358,1080,0,2,0,4,0,0,4,0,0,18,27,12
KAF2217677,852,831,1278,0,0,0,0,1,2,23,8,9,70,158,62
KAF2217678,97,131,216,0,0,0,0,2,0,7,0,2,8,14,4
KAF2217679,870,850,1152,0,0,0,0,0,0,4,3,2,23,34,12
KAF2217680,519,445,601,0,0,0,0,0,0,4,1,2,9,6,2
KAF2217681,472,383,497,0,0,0,2,0,0,15,14,26,41,51,25
KAF2217682,103,66,61,0,0,0,0,0,2,20,11,20,33,26,44
KAF2217683,129,214,242,0,0,0,0,1,0,0,1,2,15,25,3
KAF2217684,28,31,87,0,0,0,0,0,0,0,0,0,2,4,0
KAF2217685,2095,2110,4872,0,0,0,4,6,10,48,12,18,158,336,155
KAF2217686,4813,3947,3878,0,0,0,0,0,0,9,6,4,46,66,31
KAF2217687,542,371,488,0,0,0,0,0,2,2,2,0,21,19,10
KAF2217688,136,96,157,0,0,0,0,0,0,2,0,2,6,17,9
KAF2217689,7663,6427,3072,2,6,4,0,0,4,6,2,8,38,114,38
KAF2217690,1634,1312,1221,2,2,2,0,0,0,5,3,2,29,42,21
KAF2217691,245,338,380,0,0,0,0,0,0,4,12,2,12,15,20
KAF2217692,146,153,312,0,0,0,0,0,0,0,4,2,7,26,17
KAF2217693,46,46,106,0,0,0,0,0,0,2,0,0,6,4,2
KAF2217694,3181,3292,7744,0,0,0,4,2,4,32,0,14,32,87,42
KAF2217695,2125,1801,1524,0,0,0,0,0,0,18,8,10,44,62,27
KAF2217696,907,797,1849,0,0,2,3,2,2,24,4,6,30,22,25
KAF2217697,508,495,841,0,0,2,2,0,2,15,0,0,24,34,24
KAF2217698,1304,1170,1354,3,4,6,0,0,0,10,3,16,37,93,47
KAF2217699,655,508,981,2,0,2,2,0,0,8,2,0,6,45,12
KAF2217700,8192,7582,8274,2,6,0,6,0,3,24,8,9,75,103,26
KAF2217701,851,798,1059,0,0,0,2,2,0,2,3,5,24,30,20
KAF2217702,1117,1044,1461,0,2,0,2,0,0,4,4,4,23,71,26
KAF2217703,1330,1314,1588,0,0,0,0,0,0,9,6,2,24,52,16
KAF2217704,1427,1254,1969,0,0,0,0,2,0,56,10,14,76,167,105
KAF2217705,1381,1201,1236,0,0,0,0,0,2,37,18,26,129,132,90
KAF2217706,27,7,11,0,0,0,0,0,0,0,0,0,3,0,0
KAF2217707,1,11,15,0,0,0,0,0,0,0,0,0,3,0,0
KAF2217708,4871,4493,6238,0,0,0,0,0,2,11,0,2,33,49,21
KAF2217709,141,116,190,0,0,0,0,0,0,6,0,1,11,38,8
KAF2217710,101,101,81,0,0,0,0,0,0,1,0,4,6,18,6
KAF2217711,780,727,782,0,0,0,0,0,4,8,0,2,24,24,26
KAF2217712,3205,3014,2479,2,0,0,4,0,2,19,0,4,80,163,75
KAF2217713,466,489,733,0,0,0,0,0,0,4,0,0,13,30,15
KAF2217714,826,643,709,0,0,0,1,0,1,9,3,3,15,40,16
KAF2217715,524,441,708,0,0,0,4,2,2,11,10,2,20,74,21
KAF2217716,3255,2881,2148,0,1,4,0,0,2,9,1,7,38,59,36
KAF2217717,137,133,160,0,0,0,0,0,0,0,0,0,7,15,3
KAF2217718,1399,1269,699,0,0,0,2,2,0,8,1,0,2,16,3
KAF2217719,2140,1937,1117,0,0,2,0,0,0,7,0,2,12,13,7
KAF2217720,323,283,370,0,0,0,0,0,0,4,0,0,15,11,9
KAF2217721,12197,9986,1334,2,2,6,14,2,6,87,34,22,116,177,133
KAF2217722,478,471,358,0,0,0,0,0,0,0,0,0,0,0,0
KAF2217723,10681,9859,7525,2,0,2,0,6,0,5,0,7,21,37,16
KAF2217724,5151,4564,1867,0,1,0,0,0,0,8,2,2,10,27,15
KAF2217725,724,643,384,0,0,0,0,0,0,5,4,4,10,14,8
KAF2217726,15,13,23,0,0,0,0,0,0,0,0,0,4,0,0
KAF2217727,75,82,139,0,0,0,0,0,0,6,2,0,3,8,2
KAF2217728,240,169,449,0,0,1,0,0,0,2,6,2,29,29,17
KAF2217729,3,19,17,0,0,0,0,0,0,0,0,0,1,0,1
KAF2217730,396,602,1304,0,0,0,0,0,0,2,0,0,6,9,6
KAF2217731,42,61,172,0,0,0,0,0,0,0,0,0,0,0,0
KAF2217732,15,37,18,0,0,0,0,0,0,0,0,0,0,0,0
KAF2217733,2207,1904,1059,0,0,2,0,2,2,6,0,2,20,63,17
KAF2217734,460,410,727,0,0,0,0,0,0,3,0,4,31,31,17
KAF2217735,495,441,1096,0,0,0,0,2,0,1,2,0,14,42,16
KAF2217736,1007,1131,2778,2,0,2,0,2,2,18,0,0,54,79,56
KAF2217737,333,384,560,0,0,0,0,1,0,4,0,0,6,18,11
KAF2217738,33,36,75,0,0,0,0,0,0,0,0,0,5,2,4
KAF2217739,29,33,55,0,0,0,0,0,0,0,0,0,2,4,2
KAF2217740,2176,2008,1356,0,0,0,0,0,2,12,4,0,39,36,11
KAF2217741,587,556,864,0,0,2,2,0,0,8,0,2,11,22,10
KAF2217742,646,546,510,0,0,2,0,0,0,18,4,4,2,9,8
KAF2217743,1178,1183,807,0,0,0,0,0,2,10,0,0,24,71,28
KAF2217744,46081,41007,10197,12,12,18,11,6,16,156,36,37,224,480,215
KAF2217745,1417,1220,1084,4,2,0,0,0,0,4,0,2,16,38,12
KAF2217746,302,209,788,0,0,0,0,0,2,21,2,8,37,34,17
EFT00053797939,3,3,7,0,0,0,0,0,0,0,0,0,0,0,0
KAF2217747,1376,1288,1408,0,0,2,0,0,0,9,4,4,48,57,34
KAF2217748,820,792,968,0,2,0,0,0,2,4,4,3,25,44,26
EFT00053797937,0,0,2,0,0,0,0,0,0,0,0,0,0,0,0
KAF2217749,1229,1087,1006,0,0,0,14,4,8,22,2,1,24,53,35
KAF2217750,197,224,327,1,0,0,2,0,3,5,2,0,12,27,23
KAF2217751,37,36,75,0,0,0,0,0,0,0,0,0,2,4,2
KAF2217752,175,139,228,0,2,0,0,0,0,2,0,4,12,28,3
KAF2217753,609,466,534,0,0,0,0,0,0,4,2,0,35,46,10
KAF2217754,211,222,483,2,0,0,2,0,0,17,4,10,37,80,43
KAF2217755,14,40,62,0,0,0,0,0,0,0,0,0,4,10,1
KAF2217756,26,19,12,0,0,0,0,0,0,4,4,0,5,14,11
KAF2217757,75,69,135,0,0,0,0,0,0,4,4,0,4,19,7
KAF2217758,72,35,62,2,0,0,0,0,0,4,0,0,12,22,6
KAF2217759,29,5,42,0,0,0,0,0,0,0,2,0,1,5,2
KAF2217760,68,88,343,0,0,0,6,0,2,49,24,20,110,337,36
KAF2217761,24,30,50,0,0,0,0,0,0,0,0,0,0,3,2
KAF2217762,491,504,970,0,0,0,0,0,0,4,3,0,10,18,8
KAF2217763,250,196,373,0,0,2,0,0,0,6,4,4,13,15,8
KAF2217764,411,380,761,0,2,0,4,0,0,0,0,0,27,36,24
KAF2217765,127,130,194,0,1,0,0,0,0,2,0,0,9,19,16
KAF2217766,49,43,77,0,0,0,0,2,0,2,0,2,4,6,2
KAF2217767,17,41,45,0,0,0,0,0,0,0,0,0,8,6,4
KAF2217768,558,540,609,0,2,0,0,0,0,16,4,0,18,44,17
KAF2217769,196,207,188,0,0,0,0,0,2,0,2,2,15,19,12
KAF2217770,234,234,158,0,0,0,0,0,0,2,0,0,2,15,6
KAF2217771,8894,8588,21300,0,2,2,26,6,10,59,16,14,101,292,116
KAF2217772,777,670,620,0,0,0,0,0,0,10,2,9,60,93,60
KAF2217773,113,88,62,0,0,0,0,0,0,0,0,0,3,1,0
KAF2217774,97,89,93,0,0,0,0,0,0,0,0,0,2,3,0
KAF2217775,574,505,899,0,0,0,6,0,0,16,3,10,58,128,70
KAF2217776,558,597,1020,0,0,0,2,4,0,6,4,0,18,56,14
KAF2217777,5648,4384,3888,0,0,10,3,2,2,6,6,14,52,113,42
KAF2217778,30,20,24,0,0,0,0,0,0,0,0,4,3,1,0
KAF2217779,1981,1858,4234,2,0,0,2,2,6,31,11,2,10,43,24
KAF2217780,1,3,5,0,0,0,0,0,0,0,0,0,0,0,0
KAF2217781,2211,1884,1091,1,0,0,0,0,0,2,0,0,12,17,0
KAF2217782,7946,6783,4314,4,0,4,4,6,2,54,12,12,84,161,79
KAF2217783,959,1153,2833,0,0,0,0,2,0,0,0,4,36,73,32
KAF2217784,42,41,99,0,0,0,0,0,0,2,0,0,9,12,2
KAF2217785,259,214,493,0,0,0,3,0,0,4,0,0,1,6,17
KAF2217786,1862,1709,1673,2,2,2,0,0,4,4,0,8,34,44,14
KAF2217787,3381,3636,6369,0,0,4,0,2,2,20,10,8,56,87,38
KAF2217788,13653,15171,1332,0,0,0,0,0,0,4,4,0,2,37,10
KAF2217789,672,789,195,0,0,0,0,0,0,0,0,0,4,17,3
KAF2217790,168,157,247,0,0,0,0,0,0,5,2,1,11,30,8
KAF2217791,2493,2299,1101,0,0,0,0,0,0,10,0,2,25,32,9
KAF2217792,228,199,138,0,0,0,0,0,0,0,0,0,6,10,9
KAF2217793,6468,5551,5325,2,2,4,2,0,3,21,4,8,62,111,48
KAF2217794,162,165,295,0,0,0,0,0,0,2,0,0,8,15,6
KAF2217795,252,245,532,0,0,2,0,0,1,6,2,2,19,36,22
KAF2217796,330,309,447,0,0,0,0,0,0,0,0,0,11,24,17
KAF2217797,226,238,562,0,0,0,0,0,0,6,0,0,18,38,13
KAF2217798,250,244,196,0,0,0,0,0,0,2,2,0,6,14,3
EFT00053797944,0,0,0,0,0,0,0,0,0,0,0,0,0,0,0
EFT00053797940,16,18,17,0,0,0,0,0,0,0,0,0,0,0,0
KAF2217799,91,96,285,0,0,0,0,0,0,6,0,4,12,14,2
KAF2217800,48,41,80,0,0,0,0,0,0,0,0,0,7,4,6
KAF2217801,207,241,333,0,0,0,0,0,4,0,0,0,18,22,14
KAF2217802,33,37,116,0,0,0,2,2,0,25,4,6,19,81,12
KAF2217803,61,56,186,0,0,0,0,0,0,14,0,2,10,22,4
KAF2217804,63,79,225,0,0,0,0,0,0,25,6,14,46,68,35
KAF2217805,1159,1199,3731,0,0,0,0,0,0,0,2,0,2,6,10
KAF2217806,82,127,155,0,0,0,0,0,4,82,35,45,417,636,281
KAF2217807,1687,1277,993,6,0,0,0,0,0,2,6,4,13,25,22
KAF2217808,1487,1209,1221,0,0,2,0,0,0,2,2,6,23,26,4
KAF2217809,2793,2279,1044,8,0,0,0,0,2,12,2,0,44,69,22
KAF2217810,279,354,775,10,6,8,0,0,2,0,0,0,1,2,2
KAF2217811,2,4,15,0,0,0,0,0,0,0,0,0,0,0,0
KAF2217812,36,44,101,0,0,0,0,0,0,0,0,0,0,0,0
EFT00053797936,12,11,5,0,0,0,0,0,0,0,0,0,0,0,0
KAF2217813,5150,3903,1116,0,0,0,0,0,2,3,2,0,9,16,12
KAF2217814,0,0,0,0,0,0,0,0,0,0,0,0,0,0,0
KAF2217815,0,0,0,0,0,0,0,0,0,0,0,0,0,0,0
KAF2217816,2649,1984,2128,4,0,6,0,0,0,10,4,4,16,33,7
KAF2217817,292,254,243,0,0,0,0,0,0,0,0,2,0,1,1
KAF2217818,12274,10578,8247,6,4,2,2,2,2,29,9,10,79,137,41
KAF2217819,1454,1258,1325,0,0,0,0,0,0,1,0,2,25,44,19
KAF2217820,48,70,107,0,0,0,0,1,0,0,0,0,7,16,7
KAF2217821,194,191,209,0,0,0,0,0,0,0,0,0,2,9,10
KAF2217822,144,118,391,0,0,0,0,0,0,2,0,0,11,34,26
KAF2217823,168,170,784,0,0,1,0,0,0,8,0,2,41,89,28
KAF2217824,146,121,259,0,0,0,0,0,0,2,0,7,17,45,14
KAF2217825,224,182,784,0,0,0,0,2,0,6,0,0,18,26,4
KAF2217826,167,138,399,0,0,0,0,0,0,2,0,4,15,15,6
KAF2217827,3102,2912,3400,2,4,4,0,2,4,37,8,18,124,234,100
KAF2217828,16,8,10,0,0,0,0,0,0,0,0,0,0,1,0
KAF2217829,76,92,109,0,0,0,0,0,0,2,2,0,4,8,8
KAF2217830,52,62,84,0,0,0,0,0,0,2,0,0,2,7,0
KAF2217831,360,371,363,0,0,0,0,0,0,2,2,0,2,11,2
KAF2217832,168,171,234,0,0,0,0,0,0,2,0,0,17,14,1
KAF2217833,3424,2927,3599,0,2,2,0,0,0,20,8,7,23,70,48
KAF2217834,5179,4951,3428,0,0,2,5,2,0,30,6,6,60,97,38
KAF2217835,4277,3821,3079,0,0,0,2,2,8,24,10,4,75,173,70
KAF2217836,45,43,44,0,0,0,0,0,0,0,0,0,4,4,2
KAF2217837,100,164,212,0,0,0,0,0,0,0,2,0,2,8,2
EFT00053797938,5,7,2,0,2,0,0,0,0,0,0,0,1,0,0
KAF2217838,34,36,57,0,0,0,0,2,0,0,0,0,3,7,1
KAF2217839,283,175,232,0,0,0,0,0,2,21,6,10,37,85,36
KAF2217840,44,48,76,0,0,0,0,0,0,0,0,0,0,3,8
KAF2217841,3481,3228,1492,0,3,1,0,2,4,15,7,8,37,84,37
KAF2217842,407,406,437,2,0,0,0,0,0,0,4,3,6,21,11
KAF2217843,261,239,313,0,0,0,0,0,0,0,4,1,10,25,4
KAF2217844,18,16,28,0,0,0,1,0,0,0,0,0,0,2,0
KAF2217845,359,360,371,1,0,0,0,0,0,6,0,0,8,46,16
KAF2217846,248,286,639,0,0,0,2,0,0,6,0,2,8,17,4
KAF2217847,65,70,130,0,0,0,0,0,0,0,0,0,2,3,5
KAF2217848,3001,2464,1381,1,0,2,0,0,0,1,0,0,6,13,8
KAF2217849,246,235,437,0,0,0,0,0,0,2,0,4,2,8,2
KAF2217850,4256,3689,3519,2,0,4,0,0,4,10,12,8,84,122,56
KAF2217851,147,103,132,0,0,0,0,0,0,0,0,0,0,15,6
KAF2217852,39,41,66,0,0,0,0,0,0,3,0,2,11,43,12
KAF2217853,48,43,67,0,0,0,0,0,0,0,0,0,0,0,0
KAF2217854,8622,7320,3694,4,3,4,2,0,0,21,10,9,109,147,88
KAF2217855,3444,3145,2325,8,5,0,1,2,3,20,5,2,57,111,50
KAF2217856,367,288,211,0,0,0,0,0,0,0,2,0,4,13,10
KAF2217857,794,729,301,0,0,0,0,0,0,0,0,2,14,37,8
KAF2217858,8665,7746,2375,0,2,4,0,0,0,2,3,2,54,102,27
KAF2217859,26911,25213,19825,2,2,8,21,6,6,92,34,29,257,547,230
KAF2217860,2273,1895,1568,2,2,0,0,2,2,12,6,4,49,112,49
KAF2217861,1005,1014,1565,2,2,0,0,2,2,14,4,2,34,40,26
KAF2217862,128,173,288,0,0,0,0,0,0,2,0,2,9,22,21
KAF2217863,170,159,285,0,0,0,0,0,0,0,0,2,13,7,1
KAF2217864,532,657,891,0,0,0,0,0,2,5,4,10,62,72,35
KAF2217865,4670,3930,2169,2,0,2,2,0,2,14,8,2,33,77,22
KAF2217866,353,398,416,0,0,0,0,0,0,1,0,0,14,17,20
KAF2217867,1194,1064,1275,4,0,2,2,0,0,10,4,10,44,114,33
KAF2217868,1372,1426,1505,0,0,0,4,2,2,13,5,2,22,41,32
KAF2217869,91,68,77,2,0,0,0,0,0,0,0,0,0,10,2
KAF2217870,885,985,828,0,0,2,2,0,0,6,6,0,50,98,25
KAF2217871,299,235,259,0,0,0,0,0,0,1,2,2,5,11,3
KAF2217872,49,39,72,0,0,0,0,0,0,0,2,0,3,2,2
KAF2217873,43,52,101,0,0,0,0,0,0,0,0,2,13,20,2
KAF2217874,573,736,1360,0,0,0,2,2,4,10,10,12,19,76,29
KAF2217875,399,345,377,0,0,0,0,2,0,5,0,0,17,24,17
KAF2217876,36,41,52,0,0,0,0,0,0,0,0,0,2,8,2
KAF2217877,11267,10381,10804,4,4,8,5,6,20,145,32,54,319,490,197
KAF2217878,617,662,1125,0,0,0,0,0,2,8,0,2,23,53,23
KAF2217879,1337,1306,1514,2,0,4,0,5,3,25,9,9,57,113,52
KAF2217880,207,155,131,0,0,0,0,0,0,0,0,0,1,4,2
KAF2217881,23798,20471,11055,0,4,14,4,2,0,10,2,4,69,123,62
KAF2217882,1943,1682,1089,0,0,0,0,0,2,4,4,0,6,8,2
KAF2217883,244,173,210,0,0,0,0,0,0,0,0,0,2,0,0
KAF2217884,330,340,313,0,0,0,1,0,0,2,0,5,10,19,15
KAF2217885,576,388,273,0,0,0,0,0,0,5,4,4,15,16,21
KAF2217886,9,15,16,0,0,0,0,0,0,0,0,0,0,2,0
KAF2217887,43,46,29,0,0,2,0,0,0,0,0,0,2,5,4
KAF2217888,4464,3574,1508,4,2,5,0,0,0,5,0,4,21,54,21
KAF2217889,1155,1013,649,2,0,1,0,0,0,0,2,1,7,21,6
KAF2217890,841,669,432,0,0,0,2,2,0,2,3,7,16,56,16
KAF2217891,7935,5919,1967,2,4,8,2,2,0,8,1,6,35,77,10
KAF2217892,2468,1944,832,2,1,0,0,0,0,3,1,3,11,34,7
KAF2217893,295,283,561,0,0,0,2,0,0,6,2,2,6,20,14
EFT00053797941,6,2,21,0,0,0,0,0,0,0,0,0,1,5,0
KAF2217894,13,4,24,0,0,0,0,0,0,0,0,0,0,3,0
KAF2217895,4565,3766,3110,7,2,2,0,1,4,13,6,20,55,119,61
KAF2217896,749,937,1956,0,0,0,1,0,0,5,0,0,4,18,20
KAF2217897,287,245,220,0,0,0,0,0,0,2,0,0,8,5,4
KAF2217898,112,81,146,0,0,0,0,0,0,0,0,0,3,8,0
KAF2217899,98,102,140,0,0,0,0,0,0,0,0,1,3,9,3
KAF2217900,230,252,437,0,0,0,0,0,0,2,2,0,4,13,3
KAF2217901,31,28,22,0,0,0,0,0,0,0,0,0,0,2,0
KAF2217902,24,17,36,0,0,0,0,0,0,0,0,1,2,0,0
KAF2217903,1109,1121,1314,0,0,0,4,2,6,19,2,4,63,97,53
KAF2217904,36,28,104,0,0,0,0,0,0,0,0,0,2,0,2
KAF2217905,2116,2346,1337,0,2,0,0,0,0,8,0,2,16,28,14
KAF2217906,1310,1018,728,2,0,2,1,0,0,5,2,6,47,117,41
KAF2217907,48,41,94,0,0,0,0,0,0,2,0,0,0,8,2
KAF2217908,5662,4642,3695,5,4,3,4,1,4,33,6,10,67,154,49
KAF2217909,576,518,695,0,0,0,0,0,0,2,0,0,12,28,6
KAF2217910,2846,2528,1440,0,0,1,2,0,0,11,4,2,18,15,10
KAF2217911,19,16,20,0,0,0,0,0,0,0,0,0,0,0,0
KAF2217912,233,180,180,0,0,0,0,0,0,3,0,1,13,12,2
KAF2217913,50,44,36,0,0,0,0,0,0,1,0,0,0,0,2
KAF2217914,109,78,69,0,0,2,0,0,0,0,0,0,0,0,0
KAF2217915,976,778,757,0,0,0,0,0,4,2,2,2,10,17,4
KAF2217916,2231,1848,1676,4,0,2,1,0,0,14,3,9,46,69,27
KAF2217917,179,164,151,0,0,0,0,0,0,2,2,0,10,4,0
KAF2217918,145,190,160,0,2,0,0,0,0,1,0,0,4,11,1
KAF2217919,46,36,48,0,0,0,0,0,0,0,2,0,0,2,0
KAF2217920,9527,8162,4365,2,0,0,8,8,8,32,8,14,160,284,135
KAF2217921,4115,3929,1654,9,2,3,3,2,0,4,4,2,27,66,20
KAF2217922,267,213,132,0,0,0,0,0,2,0,0,0,0,4,0
KAF2217923,6387,5788,3045,0,0,2,2,2,4,30,5,6,77,152,61
KAF2217924,885,888,825,0,0,0,0,0,0,1,0,0,4,5,8
KAF2217925,1216,980,1087,0,0,0,0,0,0,2,0,0,9,19,4
KAF2217926,2915,2680,2539,0,0,0,0,0,2,10,10,3,78,157,64
KAF2217927,42,55,93,0,0,0,0,0,0,3,0,0,7,11,8
KAF2217928,1024,777,1013,0,0,0,0,0,0,0,0,2,10,34,11
KAF2217929,267,472,238,0,0,0,0,0,0,0,0,0,0,0,1
KAF2217930,51,61,60,0,0,0,0,0,0,0,0,0,0,8,2
KAF2217931,8758,9508,18937,2,0,4,18,4,12,60,20,14,216,436,179
KAF2217933,0,0,0,0,0,0,0,0,0,0,0,0,0,0,0
KAF2217932,14648,13433,8288,2,2,0,2,0,0,33,10,10,78,158,71
KAF2217934,2645,2338,1432,0,0,2,0,0,2,11,0,6,46,118,35
KAF2217935,81702,78718,65453,10,4,8,26,15,29,143,45,58,532,1011,467
KAF2217936,5742,5160,4397,4,2,4,4,0,6,38,6,8,67,196,46
KAF2217937,983,1023,793,0,0,0,0,0,0,12,4,2,28,46,22
KAF2217938,584,426,423,0,0,2,2,0,0,2,0,2,5,25,2
KAF2217939,456,574,1469,0,0,0,0,0,0,4,0,0,12,28,13
KAF2217940,1923,1549,1622,4,4,4,0,0,0,2,0,0,15,22,29
KAF2217941,402,480,1050,0,0,0,2,0,12,95,27,25,98,209,107
KAF2217942,1929,1484,1424,0,2,0,2,0,4,7,0,4,38,79,38
KAF2217943,956,939,621,0,0,0,0,0,0,6,0,6,13,38,7
KAF2217944,1034,846,1159,0,0,2,6,0,5,0,9,0,27,46,35
KAF2217945,4907,4145,4341,0,0,6,2,0,0,20,8,4,68,95,31
KAF2217946,289,292,247,0,0,0,0,0,5,4,2,3,21,53,27
KAF2217947,1420,1257,1630,0,0,2,0,1,4,15,6,16,68,125,72
KAF2217948,76,52,88,0,0,0,0,0,0,0,0,0,0,3,0
KAF2217949,589,524,685,2,0,0,0,2,2,10,0,0,18,38,19
KAF2217950,990,1370,5649,0,0,0,0,2,0,0,0,0,2,8,11
KAF2217951,586,514,563,0,0,0,0,0,0,2,0,0,8,16,0
KAF2217952,5273,4733,5169,2,2,6,6,0,2,18,4,2,39,79,44
KAF2217953,150,145,267,0,0,0,0,0,0,3,2,0,1,12,7
KAF2217954,331,260,227,0,0,0,0,0,0,0,1,0,4,4,0
KAF2217955,12675,12642,14748,11,2,0,18,8,20,143,30,29,376,980,499
KAF2217956,4893,4714,4022,0,4,0,4,0,6,16,6,12,44,89,41
KAF2217957,645,620,1078,0,0,0,0,0,2,3,0,0,9,30,22
KAF2217958,8632,8433,9621,4,2,5,0,0,0,23,8,14,49,109,32
KAF2217959,111,131,207,0,0,0,0,0,0,0,2,4,6,24,18
KAF2217960,301,311,658,0,0,0,0,3,0,0,0,0,12,24,7
KAF2217961,231,138,331,0,0,0,0,0,0,3,0,0,7,28,5
KAF2217962,268,289,1042,0,0,0,6,0,2,9,2,2,41,44,14
KAF2217963,1431,1302,1997,0,0,0,0,0,0,4,4,0,32,103,42
KAF2217964,728,695,1018,1,0,0,0,0,2,3,4,12,33,49,28
KAF2217965,6549,5960,5856,7,7,3,0,0,0,20,12,14,85,152,68
KAF2217966,1152,1060,660,1,0,2,0,0,6,16,0,4,12,50,18
KAF2217967,1725,1617,2195,0,0,0,2,2,6,29,12,2,69,139,51
KAF2217968,1,7,17,0,0,0,0,0,0,0,0,0,0,0,0
KAF2217969,180,226,465,0,0,0,0,0,2,8,0,2,8,24,16
KAF2217970,1390,1077,1425,2,0,0,0,1,0,4,4,0,22,35,17
KAF2217971,5469,5474,4053,2,4,8,2,0,3,9,6,1,19,37,9
KAF2217972,1470,1739,981,2,5,0,0,0,3,0,0,4,14,9,10
KAF2217973,1034,961,680,0,1,0,0,0,0,4,0,2,3,21,4
KAF2217974,12223,11619,12294,0,4,6,4,8,4,9,7,12,71,199,103
KAF2217975,6137,6081,5724,6,2,2,2,0,4,26,16,8,121,188,135
KAF2217976,57,81,78,0,0,0,0,0,2,1,0,0,0,0,7
KAF2217977,287,274,378,0,0,0,0,0,0,3,2,2,20,36,24
KAF2217978,1031,947,1062,2,0,0,0,2,0,14,4,2,15,59,28
KAF2217979,188,152,212,0,0,0,1,0,0,0,0,0,4,5,1
KAF2217980,1014,958,539,0,0,0,0,0,0,6,0,0,8,34,7
KAF2217981,788,761,1706,0,2,2,2,0,0,4,2,12,24,50,15
KAF2217982,703,553,665,0,0,0,0,0,3,1,3,0,22,31,15
KAF2217983,2632,2265,2771,4,6,8,0,0,0,27,14,8,56,124,31
KAF2217984,204,182,479,0,0,0,0,0,0,2,0,0,1,10,2
KAF2217985,1629,2090,3537,0,0,0,0,0,0,2,0,0,4,26,13
KAF2217986,12470,14724,16681,2,0,6,2,2,6,38,16,12,77,295,79
KAF2217987,269,232,82,0,0,0,0,0,0,0,0,0,0,0,2
KAF2217988,27694,21093,4916,8,10,14,0,0,0,7,0,0,25,57,24
KAF2217989,316,211,77,0,0,0,0,0,0,0,0,2,0,8,2
KAF2217990,193,129,71,0,0,0,0,0,0,0,0,0,0,8,3
KAF2217991,2995,2454,1724,2,0,2,0,0,0,5,2,2,30,83,47
KAF2217992,2385,2272,2854,2,0,0,4,0,4,42,26,18,131,333,148
KAF2217993,14,10,17,0,0,0,0,0,0,0,0,0,1,2,1
KAF2217994,19,23,32,0,0,0,0,0,0,0,0,0,0,2,0
KAF2217995,5412,5095,2672,8,4,6,0,2,2,31,8,10,85,227,96
KAF2217996,8863,8151,6670,4,2,2,2,0,2,10,4,3,32,75,15
KAF2217997,213,216,233,0,1,0,0,0,0,2,0,0,9,11,4
KAF2217998,20,28,27,0,0,0,0,0,0,2,0,0,2,0,0
KAF2217999,695,642,1078,0,0,2,0,0,0,0,0,0,10,31,18
KAF2218000,14896,12863,13337,18,2,12,2,2,0,39,10,16,131,257,72
KAF2218001,1039,1097,5524,0,0,0,12,0,2,55,10,10,83,166,101
KAF2218002,283,286,852,0,0,0,0,0,2,4,4,0,10,28,20
KAF2218003,1474,1299,206,0,0,0,0,0,0,0,0,0,4,2,2
KAF2218004,513,478,751,0,0,0,0,2,0,20,2,2,36,51,30
KAF2218005,3512,3633,7808,0,0,2,3,5,2,70,13,6,192,380,180
KAF2218006,12,16,13,0,0,0,0,0,0,0,0,0,0,2,0
KAF2218007,167,194,459,0,0,0,0,2,0,14,6,4,52,157,66
KAF2218008,1173,1594,2858,0,2,0,6,1,4,21,3,6,68,104,20
KAF2218009,1134,1276,2495,0,0,0,0,4,4,22,4,2,87,189,137
KAF2218010,10855,10530,9947,0,4,0,8,2,2,52,15,15,141,237,135
KAF2218011,4569,4306,5364,2,2,1,0,4,4,21,4,16,118,183,94
EFT00053797942,2,0,4,0,0,0,0,0,0,0,0,0,0,0,0
KAF2218012,2830,2499,2724,0,2,4,0,6,6,32,8,8,49,135,57
KAF2218013,4784,4775,3281,0,0,0,0,1,0,3,2,1,29,51,20
KAF2218014,865,655,714,2,2,0,4,0,0,4,2,0,17,33,33
KAF2218015,1172,841,1267,2,3,0,0,0,0,5,0,0,8,25,2
KAF2218016,60,38,59,0,0,0,0,0,0,0,0,2,3,0,0
KAF2218017,5480,4617,4751,0,4,2,2,0,0,10,6,12,24,64,26
KAF2218018,276,329,616,0,0,0,4,0,0,14,5,2,28,39,16
KAF2218019,6251,5384,4029,4,2,2,0,2,0,6,8,4,53,86,68
KAF2218020,4759,4251,3786,2,4,0,12,10,6,40,14,14,108,202,124
KAF2218021,8,1,13,0,0,0,0,0,0,0,0,0,0,0,0
KAF2218022,384,352,745,0,0,0,0,0,0,18,4,6,31,82,9
KAF2218023,3848,3242,2357,0,0,2,0,0,2,2,4,4,19,61,18
KAF2218024,43,33,42,0,0,0,0,0,0,2,0,0,10,9,2
KAF2218025,81,92,205,0,0,0,0,0,1,6,1,1,10,27,7
KAF2218026,402,378,810,0,0,0,0,0,3,25,2,15,38,141,55
KAF2218027,3356,2968,4157,0,2,2,12,6,4,53,10,26,115,223,84
KAF2218028,3977,3529,3356,2,2,2,2,0,0,40,11,15,120,216,122
KAF2218029,5136,4906,6819,6,2,3,0,0,2,18,2,0,34,73,32
KAF2218030,4446,3742,3907,2,4,0,0,0,0,10,2,3,20,69,13
KAF2218031,4921,4367,2408,0,0,0,0,2,0,4,0,2,7,18,4
KAF2218032,795,991,2559,0,0,0,0,2,2,6,4,4,24,68,20
KAF2218033,1786,1963,2593,0,0,3,0,0,2,12,4,14,68,92,20
KAF2218034,2,6,8,0,0,0,0,0,0,0,0,0,0,0,0
KAF2218035,12,8,38,0,0,0,0,0,0,0,0,0,0,0,0
KAF2218036,142,135,181,0,0,0,0,0,0,0,0,0,6,9,12
KAF2218037,348,317,340,0,0,0,0,0,0,4,0,0,1,10,8
KAF2218038,159,138,161,0,0,1,0,0,0,0,0,0,4,4,0
KAF2218039,3223,3057,2624,0,2,0,4,0,5,16,4,12,74,118,77
KAF2218040,338,266,285,0,0,0,0,0,4,6,0,8,14,28,14
KAF2218041,637,563,564,0,0,0,0,0,0,10,0,3,16,33,32
KAF2218042,363,161,104,0,0,0,0,0,2,40,7,12,70,94,78
KAF2218043,1421,1208,723,0,0,0,0,0,2,2,0,0,33,63,28
KAF2218044,3617,3487,1044,2,0,4,0,0,0,2,4,4,27,45,18
KAF2218045,4502,3958,3910,4,4,8,0,2,5,18,10,22,90,299,163
KAF2218046,30,18,16,0,0,0,0,0,0,0,0,0,0,6,0
KAF2218047,733,655,843,0,1,2,2,0,5,16,7,0,17,70,34
KAF2218048,2075,1873,1417,0,0,0,2,0,0,12,3,4,72,110,37
KAF2218049,273,247,325,1,0,0,0,0,2,0,0,3,1,14,0
KAF2218050,80,29,116,0,0,0,0,0,2,0,2,0,0,2,0
KAF2218051,589,484,734,2,0,0,0,0,2,8,9,4,28,50,27
KAF2218052,1141,1244,1954,0,0,0,0,0,0,4,2,0,8,31,16
KAF2218053,198,286,314,0,0,0,0,0,0,0,0,0,4,10,4
KAF2218054,4,2,6,0,0,0,0,0,0,0,0,0,0,2,0
KAF2218055,4247,1954,654,6,0,6,1,0,0,7,0,0,78,123,113
KAF2218056,1840,1590,1604,6,2,3,6,2,8,97,37,29,277,716,228
KAF2218057,69,67,106,0,0,0,0,0,0,2,3,1,8,4,2
KAF2218058,908,1050,2913,0,0,0,4,2,2,8,4,2,51,75,47
KAF2218059,1541,1407,1131,2,0,3,0,0,0,10,5,5,35,42,21
KAF2218060,36,24,46,0,0,0,0,0,0,0,0,1,2,3,8
KAF2218061,32,21,56,0,0,0,0,0,0,0,0,0,1,3,4
KAF2218062,27,39,69,0,0,0,0,0,0,0,0,0,2,3,0
KAF2218063,63,53,50,0,0,0,0,0,0,0,0,2,0,5,2
KAF2218064,6593,5643,5346,0,4,4,6,2,7,65,21,16,178,393,106
KAF2218065,29507,27874,13318,4,0,2,2,0,6,44,12,11,97,228,82
KAF2218066,322,292,190,0,0,0,0,0,0,2,4,0,4,6,4
KAF2218067,1523,1193,1629,0,0,0,0,0,0,2,0,0,2,33,11
KAF2218068,5274,4144,1841,0,2,9,0,0,4,18,2,2,61,122,23
KAF2218069,1040,1391,1599,0,0,0,0,0,0,2,4,0,4,35,19
KAF2218070,215,192,429,0,0,0,0,0,0,0,0,0,0,7,3
KAF2218071,16,20,31,0,0,0,0,0,0,0,0,0,0,0,1
KAF2218072,3176,2978,5383,7,0,6,2,0,4,29,4,17,31,103,37
KAF2218073,1928,1756,2713,8,0,1,1,1,2,10,4,5,25,33,9
KAF2218074,845,715,570,1,0,0,0,0,0,4,0,0,12,22,28
KAF2218075,331,255,335,0,0,0,0,0,0,0,0,0,2,2,8
KAF2218076,4,2,0,0,0,0,0,0,0,0,0,0,0,0,0
KAF2218077,54,71,126,0,0,0,0,0,0,0,0,0,0,0,0
KAF2218078,144,179,129,0,0,0,0,0,0,0,0,0,0,0,0
KAF2218079,96,107,239,0,0,0,0,0,0,0,0,0,0,5,4
KAF2218080,289,264,357,0,0,0,0,0,0,0,0,2,18,46,26
KAF2218081,22778,20640,16352,8,8,8,2,0,4,10,16,8,125,258,129
KAF2218082,1004,857,1113,0,0,0,0,2,0,6,2,0,27,53,17
KAF2218083,18,12,6,0,0,0,0,0,0,0,0,0,0,0,0
KAF2218084,10,6,8,0,0,0,0,0,0,0,0,0,2,0,2
KAF2218085,23495,21643,18614,12,9,17,11,20,33,173,60,68,858,1983,795
KAF2218086,98,107,169,0,0,0,0,0,0,4,0,0,6,10,2
KAF2218087,38,32,48,0,0,0,0,0,0,0,0,0,4,3,2
KAF2218088,10,18,16,0,0,0,0,0,0,0,0,0,0,0,0
KAF2218089,266,215,500,1,0,0,0,0,0,3,0,0,6,5,7
KAF2218090,117,120,220,0,0,0,0,0,0,0,0,0,3,4,0
KAF2218091,52,41,53,0,0,0,0,2,0,0,0,0,2,12,5
KAF2218092,7750,7064,3457,2,0,0,2,0,4,37,14,26,106,184,61
KAF2218093,21,9,31,0,0,0,0,0,0,2,6,8,2,21,4
KAF2218094,1338,1105,953,0,3,0,1,0,0,6,4,0,32,77,35
KAF2218095,2428,2487,5751,0,0,0,4,0,3,28,15,12,29,65,35
KAF2218096,1552,1423,1212,0,3,2,0,0,0,11,0,3,28,38,9
KAF2218097,352,286,355,0,0,0,1,0,1,2,0,2,4,13,10
KAF2218098,792,721,774,2,0,0,0,0,2,7,4,4,25,46,19
KAF2218099,67,60,127,0,0,0,0,0,0,0,0,0,2,2,3
KAF2218100,31,23,55,0,0,0,0,0,0,0,0,0,0,0,0
KAF2218101,30,35,48,0,0,0,0,0,0,0,0,0,0,8,4
KAF2218102,27,63,85,1,0,0,0,0,0,1,0,0,0,1,0
KAF2218103,11,9,34,0,0,0,0,0,0,0,0,0,0,0,0
KAF2218104,11,14,45,0,0,0,0,0,0,2,0,0,0,8,3
KAF2218105,1224,1062,1445,3,0,0,0,0,1,10,4,15,25,75,34
KAF2218106,497,429,527,0,0,0,0,0,1,0,10,0,18,34,15
KAF2218107,2043,2306,4875,0,0,0,3,3,2,13,10,5,37,126,37
KAF2218108,908,791,611,0,0,0,0,0,2,7,0,0,16,16,6
KAF2218109,467,520,584,0,0,0,2,0,0,8,6,2,8,50,11
KAF2218110,433,446,555,0,0,0,2,0,2,0,0,0,16,40,18
KAF2218111,503,330,206,0,0,0,0,0,0,2,0,0,6,17,8
KAF2218112,3548,3141,3431,2,4,0,2,2,6,30,0,6,31,64,14
KAF2218113,1046,811,952,0,0,5,0,0,2,15,1,2,23,46,20
KAF2216663,4,8,12,0,0,0,0,0,0,0,0,0,0,2,0
KAF2216664,25,28,60,0,0,0,0,0,0,0,0,0,4,1,2
KAF2216665,500,532,1074,0,0,0,0,0,0,4,2,6,6,46,14
KAF2216666,28,29,47,0,0,0,0,0,0,0,0,0,0,1,0
KAF2216667,13499,12635,13428,14,10,9,4,0,4,24,11,18,57,213,58
KAF2216668,1223,1082,903,3,0,2,0,0,1,2,0,0,8,38,5
KAF2216669,2404,2028,2247,0,0,0,0,0,0,16,4,2,46,86,41
KAF2216670,507,630,1414,0,0,0,4,0,0,11,4,1,42,58,51
KAF2216671,2302,2681,4027,0,0,0,6,8,1,22,18,8,91,226,126
KAF2216672,171,121,236,0,0,0,0,0,0,0,0,0,3,5,0
KAF2216673,121,100,189,0,0,0,0,0,0,0,0,0,0,1,1
KAF2216674,7,1,2,0,0,0,0,0,0,4,0,0,0,2,0
KAF2216675,78,46,63,0,0,0,0,0,0,2,0,0,12,6,0
KAF2216676,37532,34365,28227,4,4,2,16,10,26,186,68,107,487,940,434
KAF2216677,1063,1059,1104,0,0,0,4,0,2,31,8,4,27,25,13
KAF2216678,1756,1943,2766,0,0,0,8,4,2,22,6,4,33,123,39
KAF2216679,817,969,2019,0,0,0,6,0,6,16,8,2,54,65,40
KAF2216680,8389,6630,3682,8,1,10,3,2,8,23,6,6,77,237,80
KAF2216681,903,864,1338,0,0,0,2,0,0,4,0,6,3,28,19
KAF2216682,3730,3153,1746,0,0,2,0,0,3,9,4,10,26,77,18
KAF2216683,0,0,4,0,0,0,0,0,0,0,0,0,0,0,0
KAF2216684,41,24,33,0,0,0,0,0,0,4,0,0,0,4,0
KAF2216685,13,34,39,0,0,0,0,0,0,0,0,0,1,2,1
KAF2216686,28,26,36,0,0,0,0,0,0,0,0,0,1,3,6
KAF2216687,240,166,261,0,0,0,0,0,3,4,0,3,16,14,18
KAF2216688,12,10,17,0,0,0,0,0,0,0,0,0,0,0,0
KAF2216689,6,11,5,0,0,0,0,0,0,0,0,0,0,0,0
KAF2216690,559,587,490,0,0,0,0,4,0,8,2,3,19,41,21
KAF2216691,418,407,360,0,2,0,0,0,0,3,0,0,27,42,10
KAF2216692,97,137,195,0,0,0,0,0,0,0,2,0,0,6,0
KAF2216693,873,1064,3634,0,0,0,0,0,6,12,8,10,28,74,40
KAF2216694,1222,1924,4391,0,0,0,4,0,8,26,13,10,180,448,205
KAF2216695,152,133,139,0,2,0,0,0,0,0,0,0,0,9,3
KAF2216696,3007,2733,2080,2,0,0,2,0,6,4,0,4,6,25,4
KAF2216697,2686,2474,2707,2,0,4,2,2,2,22,10,6,62,121,44
KAF2216698,2855,2574,2888,2,1,2,0,0,2,16,3,2,84,77,32
KAF2216699,11,15,21,0,0,0,0,0,0,0,0,2,8,0,0
KAF2216700,68,91,86,0,0,0,0,0,0,0,0,0,4,2,2
KAF2216701,186,243,277,1,2,0,0,0,0,1,2,0,14,18,14
KAF2216702,4123,3527,1851,1,5,4,2,0,2,8,2,0,15,64,27
KAF2216703,1288,1135,2049,0,0,0,2,0,3,88,8,30,211,484,241
KAF2216704,319,245,441,0,0,0,0,0,0,6,3,0,11,44,11
KAF2216705,86,41,106,0,0,0,2,0,0,0,2,7,8,3,5
KAF2216706,1349,1079,883,2,0,0,0,2,0,10,4,3,19,46,6
KAF2216707,5265,3626,468,28,19,44,2,0,0,4,0,0,108,96,86
KAF2216708,1731,1836,2302,2,0,0,2,0,3,23,5,4,31,65,50
KAF2216709,2621,1788,1010,1,4,0,2,0,3,18,4,0,28,65,30
KAF2216710,8115,5990,1635,6,8,13,2,5,0,13,4,2,29,105,49
KAF2216711,54,29,7,0,0,0,0,0,0,0,0,0,0,0,0
KAF2216712,3326,3275,3204,4,0,6,2,0,0,2,0,0,26,48,47
KAF2216713,4327,3759,1479,0,2,2,0,0,0,18,4,1,17,45,25
KAF2216714,703,563,654,0,0,0,0,0,0,8,1,4,34,62,25
KAF2216715,708,816,568,0,0,0,0,0,0,0,0,2,3,9,6
KAF2216716,3908,3680,1662,0,0,2,0,0,0,8,0,0,28,72,36
KAF2216717,396,363,734,2,0,0,2,0,0,3,0,4,10,16,6
KAF2216718,244,180,267,0,0,0,0,0,0,2,0,4,0,10,2
KAF2216719,149,131,179,0,0,0,1,2,2,2,0,0,2,6,3
KAF2216720,84,68,94,0,0,0,0,0,0,0,0,0,0,0,0
KAF2216721,8397,9950,16153,0,0,2,6,0,0,4,6,10,48,88,79
KAF2216722,200,180,228,0,0,0,0,0,0,0,0,0,16,24,11
KAF2216723,27,29,31,0,0,0,0,0,0,0,0,0,1,1,0
KAF2216724,508,518,534,0,0,0,2,0,0,4,2,0,15,31,17
KAF2216725,6442,6795,17375,2,0,0,29,13,16,172,39,43,407,1140,343
KAF2216726,486,369,203,0,0,0,0,0,0,0,0,0,6,22,6
KAF2216727,5194,4071,2815,0,0,2,0,0,0,8,0,8,25,24,14
KAF2216728,2221,1880,1031,2,0,0,8,0,4,10,2,6,26,71,27
KAF2216729,95,54,140,0,0,0,0,0,0,2,0,0,5,6,4
KAF2216730,3557,3620,4127,0,2,2,0,0,0,8,0,4,8,28,12
KAF2216731,74,85,91,0,0,0,0,0,0,0,0,2,2,10,0
KAF2216732,782,1289,1676,0,0,0,0,0,0,2,0,0,0,2,6
KAF2216733,1397,1169,1057,0,0,2,0,0,0,4,0,4,2,8,8
KAF2216734,58,49,52,0,0,0,0,0,0,0,0,0,0,0,0
KAF2216735,6138,5080,6149,2,4,3,4,2,2,28,9,11,86,184,81
KAF2216736,1596,1226,632,0,0,0,0,1,0,6,0,0,25,34,23
KAF2216737,329,392,674,0,0,0,0,0,0,0,2,0,2,5,4
KAF2216738,76,78,87,0,0,0,0,0,0,0,2,1,4,24,10
KAF2216739,125,105,190,0,0,0,0,0,0,2,0,3,8,9,4
KAF2216740,1351,1240,2707,0,2,2,2,0,2,33,0,0,94,179,76
KAF2216741,62,51,70,0,0,0,0,0,0,2,0,0,4,1,1
KAF2216742,63,48,185,0,0,0,0,0,0,0,0,0,0,3,0
KAF2216743,391,342,948,0,0,0,0,0,0,4,0,2,22,12,4
KAF2216744,1219,976,1630,0,0,0,0,0,2,6,2,3,11,30,7
KAF2216745,564,508,580,1,0,0,0,0,0,2,0,0,3,2,4
KAF2216746,15,22,31,0,0,2,0,0,0,0,0,0,2,4,1
KAF2216747,4573,4025,3417,1,0,6,0,0,4,22,4,5,71,149,62
KAF2216748,3815,3329,3325,2,2,4,2,0,2,8,2,4,33,117,43
KAF2216749,2755,1850,601,2,2,2,0,0,2,4,0,0,6,4,5
KAF2216750,60,102,97,0,0,0,0,0,0,0,0,0,0,0,0
KAF2216751,631,720,2025,0,0,0,0,0,0,0,0,0,0,0,5
KAF2216752,621,621,560,0,0,0,0,0,0,2,2,2,12,12,14
KAF2216753,548,429,381,4,2,0,0,0,0,18,0,8,67,142,85
KAF2216754,4577,3536,1906,4,4,0,0,0,0,6,0,0,9,35,9
KAF2216755,829,695,491,0,0,0,0,0,0,16,0,1,14,52,22
KAF2216756,5720,5194,3574,0,1,2,0,2,4,16,6,18,52,93,57
KAF2216757,5,7,3,0,0,0,0,0,0,0,0,0,0,0,0
KAF2216758,1046,891,802,0,2,0,0,0,2,6,0,0,10,43,18
KAF2216759,2967,2821,2713,0,0,4,0,0,0,14,6,12,43,77,40
KAF2216760,0,0,0,0,0,0,0,0,0,0,0,0,0,0,0
KAF2216761,2,1,3,0,0,0,0,0,0,0,0,0,0,0,0
KAF2216762,5,0,8,0,0,0,0,0,0,0,0,0,0,0,0
KAF2216763,71,56,80,0,0,0,0,0,0,0,0,0,1,4,0
KAF2216764,1207,1120,897,0,2,0,2,0,0,4,0,0,5,12,12
KAF2216765,0,0,4,0,0,0,0,0,0,1,0,0,0,0,0
KAF2216766,159,120,132,0,0,0,0,0,0,5,4,0,3,8,1
KAF2216767,3934,3291,1922,2,0,0,0,2,0,8,2,2,26,44,38
KAF2216768,355,308,354,0,0,0,0,0,0,0,0,2,6,10,6
KAF2216769,560,454,604,0,0,0,0,0,0,6,4,4,11,28,7
KAF2216770,47,36,38,0,0,0,0,0,0,0,0,0,0,2,0
KAF2216771,3284,2766,2696,0,0,6,6,0,4,17,6,8,68,121,64
KAF2216772,1175,1050,1621,0,0,0,0,0,2,6,2,0,20,46,33
KAF2216773,1100,1029,718,0,0,0,0,0,0,2,0,0,25,25,22
KAF2216774,168,159,222,0,0,2,0,0,0,0,0,0,3,15,2
KAF2216775,106,131,167,0,0,0,0,0,0,6,0,0,4,8,4
KAF2216776,24,11,18,0,0,0,0,0,0,0,2,0,0,8,4
KAF2216777,628,541,1073,2,0,0,0,0,0,10,0,0,6,20,14
KAF2216778,0,0,0,0,0,0,0,0,0,0,0,0,0,0,0
KAF2216779,0,0,0,0,0,0,0,0,0,0,0,0,0,0,0
KAF2216780,1,7,12,0,0,0,0,0,0,0,0,0,2,4,0
KAF2216781,4,3,21,0,0,0,0,0,0,0,2,0,0,0,0
KAF2216782,12,15,40,0,0,0,0,0,0,0,0,0,0,0,0
KAF2216783,386,357,982,0,0,0,0,2,0,14,2,0,4,36,31
KAF2216784,4139,3155,1703,0,0,4,0,0,4,14,0,4,32,64,34
KAF2216785,15,19,44,0,0,0,0,0,0,2,0,0,1,0,6
KAF2216786,2177,1739,1062,2,0,2,0,0,0,17,4,9,38,64,20
KAF2216787,360,417,647,0,0,0,2,0,0,1,0,2,6,16,8
KAF2216788,1780,1562,1661,3,0,2,0,2,0,6,0,2,49,71,26
KAF2216789,40,52,17,0,0,0,0,0,0,0,0,0,2,0,0
KAF2216790,4146,3485,2643,1,2,4,2,2,1,6,5,9,59,133,43
KAF2216791,436,436,413,1,0,2,0,0,1,0,0,4,12,10,6
KAF2216792,614,591,499,0,0,0,0,0,0,8,0,0,13,20,18
KAF2216793,951,701,664,0,0,0,0,0,0,2,3,0,2,25,14
KAF2216794,712,556,354,0,0,2,0,0,0,0,2,0,0,4,0
KAF2216795,458,412,357,0,0,0,0,0,0,0,0,0,4,8,6
KAF2216796,93,55,203,0,0,0,0,0,0,0,0,2,6,20,17
KAF2216797,2593,2603,3044,0,2,0,0,2,4,35,9,8,77,90,50
KAF2216798,445,403,587,0,0,0,0,0,0,2,0,3,3,17,5
KAF2216799,110,146,240,0,0,0,0,0,0,1,0,0,2,0,2
KAF2216800,480,544,681,6,2,2,0,0,0,4,0,2,4,2,3
KAF2216801,1465,1443,1325,4,0,0,0,0,0,9,0,0,11,28,17
KAF2216802,1370,1395,1032,0,0,0,4,0,0,0,0,2,2,17,13
KAF2216803,39,38,40,0,1,0,0,0,2,0,0,0,0,0,0
KAF2216804,20,8,13,0,0,0,0,0,0,1,0,0,0,0,0
KAF2216805,77,84,84,0,0,0,0,0,0,18,2,8,10,25,2
KAF2216806,24,50,101,0,0,0,0,0,0,0,0,0,0,0,0
KAF2216807,235,196,408,0,0,0,4,0,0,0,4,0,8,14,3
KAF2216808,532,618,3545,1,0,0,8,2,2,21,6,21,29,39,11
KAF2216809,1316,1406,6088,0,0,0,4,3,5,26,8,41,38,70,23
KAF2216810,4,8,21,0,0,0,0,0,0,0,0,0,0,2,0
KAF2216811,422,408,572,0,0,0,0,0,0,4,1,2,8,14,6
EFT00053797948,0,0,0,0,0,0,0,0,0,0,0,0,0,0,0
KAF2216812,233,213,359,0,0,0,0,2,2,10,0,4,32,98,29
KAF2216813,478,411,478,0,0,0,0,0,4,7,0,2,12,33,10
KAF2216814,5066,4006,1815,1,2,6,0,2,4,20,2,6,55,70,40
KAF2216815,657,613,735,0,0,0,0,0,0,4,0,2,20,45,18
KAF2216816,6092,5332,4299,2,0,11,2,0,2,32,12,6,41,104,40
KAF2216817,909,732,1271,2,0,0,0,0,0,8,2,2,22,34,12
KAF2216818,3157,2844,1704,3,0,6,0,0,0,6,6,2,38,86,34
KAF2216819,4065,5364,5504,2,2,2,0,2,0,4,2,2,106,406,116
KAF2216820,1572,1479,1026,0,0,0,0,0,0,6,0,2,36,34,22
KAF2216821,5296,4509,2792,0,0,6,5,0,4,22,2,4,47,106,48
EFT00053797947,6,14,9,0,0,0,0,0,2,0,0,0,0,0,0
KAF2216822,7307,6950,9861,0,0,0,0,0,2,20,2,8,57,86,44
KAF2216823,9381,10019,11106,4,2,0,10,2,4,147,22,16,339,998,492
EFT00053797951,0,3,0,0,0,0,0,0,0,0,0,0,0,0,0
KAF2216824,121,127,67,0,0,2,0,0,0,5,2,0,12,19,12
KAF2216825,40803,36417,14331,10,3,10,2,2,3,21,8,14,96,185,55
KAF2216826,1006,874,625,0,2,0,2,2,4,0,1,2,74,90,37
KAF2216827,1009,962,979,0,0,2,0,0,0,2,0,2,32,36,12
KAF2216828,274,279,648,0,0,0,1,0,0,6,0,0,6,24,14
KAF2216829,3212,2829,4309,0,1,6,3,0,2,36,10,13,53,185,107
KAF2216830,1097,806,908,2,0,0,0,2,0,20,4,8,38,66,24
KAF2216831,31,17,41,0,0,0,0,0,0,0,0,0,0,0,0
KAF2216832,2778,2526,1956,0,0,0,0,0,4,14,2,6,47,132,63
KAF2216833,1025,1047,778,0,0,0,0,0,0,9,0,4,16,43,27
KAF2216834,285,268,245,0,0,0,0,0,0,1,0,0,12,22,6
KAF2216835,45,42,45,0,0,0,0,0,0,0,0,0,0,6,4
KAF2216836,40,40,128,0,0,0,0,0,0,2,0,0,2,6,0
EFT00053797950,0,2,0,0,0,0,0,0,0,0,0,0,0,0,0
KAF2216837,1755,1879,2984,2,0,2,0,0,2,2,2,0,22,42,10
KAF2216838,370,336,1022,0,0,4,2,0,2,4,2,4,23,34,1
KAF2216839,723,685,699,0,0,2,0,0,1,2,0,0,22,65,15
KAF2216840,710,693,430,0,0,0,0,0,0,6,0,0,2,17,4
KAF2216841,4545,4223,2495,2,2,0,4,0,4,17,5,7,22,68,42
KAF2216842,3190,3177,2330,0,0,0,0,0,0,10,0,4,24,54,36
KAF2216843,3263,2772,2065,2,2,7,2,0,6,8,5,3,21,50,20
KAF2216844,1640,1543,1375,0,2,0,2,0,2,14,6,2,34,68,39
KAF2216845,162,150,290,0,0,0,0,0,2,0,0,0,1,8,7
KAF2216846,379,374,568,0,0,2,0,0,0,0,4,3,10,18,14
KAF2216847,1192,1074,949,0,0,0,3,0,0,10,3,4,30,93,43
KAF2216848,45,28,64,0,0,0,2,0,0,0,0,0,0,0,0
KAF2216849,6341,6218,4205,4,0,2,0,2,4,10,5,6,83,139,51
KAF2216850,12242,12041,13160,2,11,14,4,0,4,20,7,11,54,78,26
KAF2216851,596,515,832,0,0,0,2,0,0,4,3,4,31,43,24
KAF2216852,16,10,40,0,0,0,0,0,0,0,0,0,2,0,0
KAF2216853,95,91,261,0,0,0,0,0,0,4,0,2,2,6,0
KAF2216854,12284,9887,11711,12,11,10,9,4,4,48,10,16,116,172,67
KAF2216855,8,12,9,0,0,0,0,0,0,0,0,0,0,0,0
KAF2216856,96,87,75,0,0,0,0,0,0,4,0,0,2,16,4
KAF2216857,1272,1080,681,0,0,0,0,0,0,1,3,2,5,27,13
KAF2216858,1094,986,717,0,0,0,0,0,0,0,0,0,12,23,17
KAF2216859,2545,2486,3392,4,2,0,6,4,6,67,12,16,168,319,136
KAF2216860,2034,1714,1666,0,0,0,0,2,2,37,12,6,88,155,87
KAF2216861,77,54,51,0,0,0,0,0,0,0,0,2,3,4,6
KAF2216862,68,36,151,0,0,0,0,0,0,0,0,0,0,0,0
KAF2216863,677,516,446,0,0,0,0,0,2,5,4,2,8,26,14
KAF2216864,1029,872,1423,0,0,0,1,0,0,18,3,1,17,50,26
KAF2216865,62,66,177,0,0,0,1,0,0,5,0,0,4,4,6
KAF2216866,26,59,65,0,0,0,0,0,0,0,0,0,6,1,0
KAF2216867,422,346,470,0,0,0,0,0,2,14,2,4,26,61,16
KAF2216868,504,415,758,0,0,0,0,0,6,10,3,0,12,47,17
KAF2216869,2113,2115,1173,2,4,2,4,0,0,0,4,4,26,56,24
KAF2216870,273,232,367,0,0,0,0,0,1,5,0,0,8,22,19
KAF2216871,224,138,216,0,0,0,0,0,0,2,0,0,6,10,1
KAF2216872,3143,3285,816,0,0,0,0,0,0,13,12,8,40,102,49
KAF2216873,167,128,131,0,0,0,0,0,0,1,0,2,3,18,4
KAF2216874,4367,3962,5102,2,4,10,2,2,0,22,10,6,110,195,73
KAF2216875,5250,4717,3305,0,0,2,0,0,4,12,2,4,38,48,22
KAF2216876,250,257,320,0,0,2,0,0,0,6,0,0,9,15,9
KAF2216877,881,743,823,0,0,0,0,4,0,6,0,2,37,52,24
KAF2216878,3312,2955,1885,0,0,4,0,0,0,9,1,3,31,25,15
KAF2216879,786,717,1535,0,0,0,0,0,2,4,2,4,13,5,3
KAF2216880,344,395,555,0,0,0,0,2,0,5,1,0,10,29,6
KAF2216881,145,132,197,0,0,4,0,0,0,2,0,0,3,3,6
KAF2216882,1294,1243,2021,0,0,2,0,2,2,18,0,10,32,108,35
KAF2216883,1956,1792,2517,2,2,0,4,4,2,40,22,6,71,207,92
KAF2216884,131,97,141,0,0,0,1,0,0,0,0,0,4,3,5
KAF2216885,163,178,212,0,0,0,0,0,0,5,0,0,10,6,4
KAF2216886,56,28,75,0,0,0,0,0,0,0,0,0,0,2,0
KAF2216887,795,745,512,0,0,0,2,0,2,5,11,2,39,54,28
KAF2216888,2028,1724,2080,4,0,6,4,0,0,22,10,3,28,63,33
KAF2216889,796,877,1471,0,0,0,0,0,2,2,0,0,15,30,13
KAF2216890,0,0,0,0,0,0,0,0,0,0,0,0,0,0,0
KAF2216891,622,533,974,4,0,2,0,0,0,4,0,2,7,4,2
KAF2216892,11,10,32,0,0,0,0,0,0,0,0,0,0,2,0
KAF2216893,65,53,64,0,2,0,0,0,0,0,0,0,4,0,0
KAF2216894,70,76,18,0,0,0,0,0,0,2,0,0,3,2,2
KAF2216895,52,64,58,0,0,0,0,0,0,0,0,0,6,8,6
KAF2216896,418,176,37,2,0,6,0,0,0,0,0,2,8,4,10
KAF2216897,1028,956,915,0,0,0,0,2,0,24,6,2,19,36,14
KAF2216898,182,138,78,0,0,0,0,0,0,2,0,0,4,6,2
KAF2216899,589,584,429,0,0,0,0,0,5,10,2,1,18,29,16
KAF2216900,354,225,226,0,0,0,0,0,0,4,0,0,5,14,5
KAF2216901,940,799,492,0,0,2,0,0,0,2,5,0,27,51,35
KAF2216902,2218,1823,1893,2,2,0,0,0,0,7,4,2,24,50,32
KAF2216903,53366,38440,2053,30,18,31,0,0,0,0,0,0,138,226,244
KAF2216904,6943,5107,728,6,2,8,3,0,0,0,0,2,46,56,64
KAF2216905,852,751,541,0,0,0,0,0,0,11,0,0,17,20,14
KAF2216906,279,310,869,0,0,0,0,0,0,10,4,8,75,127,60
KAF2216907,64,77,172,0,0,0,0,0,0,4,1,0,25,32,21
KAF2216908,294,236,163,0,0,0,0,0,2,27,15,22,138,150,59
KAF2216909,1997,1602,2217,0,0,0,10,0,4,43,12,6,67,172,63
KAF2216910,0,7,5,0,0,0,0,0,0,0,0,0,0,0,0
KAF2216911,114,129,219,0,0,0,0,0,0,2,0,0,6,8,7
KAF2216912,0,0,0,0,0,0,0,0,0,0,0,0,0,0,0
KAF2216913,0,4,4,0,0,0,0,0,0,0,0,0,0,0,0
KAF2216914,245,316,855,0,0,0,2,0,2,2,0,0,0,4,0
KAF2216915,44,40,50,0,0,0,0,0,0,2,0,0,2,0,0
KAF2216916,196,146,203,0,2,0,0,0,0,4,0,0,2,17,0
KAF2216917,321,253,387,0,2,0,0,0,2,4,0,2,22,41,16
KAF2216918,2763,2363,1446,3,0,0,0,2,0,12,2,4,40,115,30
KAF2216919,64,46,44,1,0,0,0,0,0,1,0,0,1,0,0
KAF2216920,814,848,1142,2,2,0,0,0,0,6,2,6,59,129,52
KAF2216921,938,934,1212,2,0,3,0,0,0,9,0,2,30,62,27
KAF2216922,286,344,258,0,0,0,0,0,0,2,2,0,8,16,18
KAF2216923,1425,1238,830,0,1,0,0,0,0,12,3,0,35,93,24
KAF2216924,225,213,154,0,1,0,0,0,0,3,4,2,24,12,14
KAF2216925,1092,1017,973,0,0,0,0,2,0,2,0,2,4,14,6
KAF2216926,0,0,2,0,0,0,0,0,0,0,0,0,0,0,0
KAF2216927,2,3,0,0,0,0,0,0,0,0,0,0,3,1,0
KAF2216928,1644,1471,2302,0,0,0,0,0,0,13,10,2,53,125,52
KAF2216929,6646,5259,3919,6,8,4,0,0,2,20,6,12,50,75,61
KAF2216930,349,280,302,0,0,0,0,0,0,2,0,0,6,15,0
KAF2216931,888,963,1646,0,0,0,0,0,0,0,0,0,2,2,2
KAF2216932,493,611,1161,2,0,0,0,0,0,0,0,2,2,13,4
KAF2216933,682,593,470,0,0,0,0,0,0,4,0,0,12,26,7
KAF2216934,1288,944,1451,0,0,0,0,2,5,4,5,6,13,44,24
KAF2216935,383,220,407,0,0,0,0,0,2,7,2,0,4,9,2
KAF2216936,6452,5508,4261,4,0,4,0,2,0,11,4,4,37,66,39
KAF2216937,200,240,282,0,0,0,0,0,2,16,4,4,24,50,22
KAF2216938,3359,2768,2117,0,2,0,0,3,7,26,6,10,65,140,52
KAF2216939,2335,1935,2767,0,0,0,0,0,2,36,10,8,78,140,69
KAF2216940,46,36,57,0,0,0,0,0,0,17,8,6,39,73,13
KAF2216941,0,0,0,0,0,0,0,0,0,0,0,0,0,0,0
KAF2216942,413,385,803,0,0,0,0,0,0,6,0,6,23,38,26
KAF2216943,31306,25146,6518,8,2,0,2,0,0,23,2,2,54,148,55
KAF2216944,1266,1152,1013,0,2,0,0,0,2,4,0,0,14,26,15
KAF2216945,358,338,410,2,0,0,0,0,0,4,0,0,18,43,9
KAF2216946,30,38,45,0,0,0,0,0,0,0,0,0,0,2,0
KAF2216948,0,0,0,0,0,0,0,0,0,0,0,0,0,0,0
KAF2216947,4839,4011,5576,0,0,1,0,2,6,20,5,14,56,151,53
KAF2216949,344,299,287,0,0,0,2,0,2,6,2,2,5,36,6
KAF2216950,7585,9111,51072,0,0,0,16,12,32,63,30,8,75,98,59
KAF2216951,17,13,27,0,0,0,0,0,0,0,0,0,0,2,0
KAF2216952,21335,14469,8271,75,37,112,14,38,54,253,74,107,862,2187,880
KAF2216953,472,313,617,0,0,4,0,0,0,14,0,6,15,65,15
KAF2216954,90,90,380,0,0,0,0,0,6,15,8,8,8,30,2
KAF2216955,287,240,453,0,0,0,0,0,0,2,0,0,2,15,6
KAF2216956,1245,1121,1355,0,0,0,0,0,0,14,3,7,37,81,40
KAF2216957,703,534,776,2,0,0,0,0,0,8,0,4,19,36,13
KAF2216958,2461,2252,2670,0,0,0,0,0,0,8,10,6,41,83,41
KAF2216959,780,733,1143,2,0,0,0,0,2,6,0,8,18,57,22
KAF2216960,378,375,516,0,0,0,0,2,0,4,4,0,23,41,16
KAF2216961,70,67,77,0,0,0,0,0,0,8,0,2,8,4,4
KAF2216962,188,191,200,0,0,0,0,0,0,2,0,0,0,4,4
KAF2216963,22,10,18,0,0,0,0,0,0,0,0,0,0,2,0
KAF2216964,1247,1032,1210,0,2,0,2,0,0,22,12,4,66,107,61
KAF2216965,2900,2780,2139,4,0,4,0,2,2,12,0,0,50,74,27
KAF2216966,9630,9065,6484,10,6,8,8,4,12,113,42,42,486,1183,592
KAF2216967,77,64,86,0,0,0,0,0,0,0,2,0,1,8,2
KAF2216968,142,90,185,0,0,0,0,0,4,4,2,2,3,15,9
KAF2216969,37,32,39,0,0,0,0,0,0,4,3,2,8,18,6
KAF2216970,4879,4282,5914,0,0,0,7,2,6,36,10,18,115,186,106
KAF2216971,290,224,406,0,0,0,0,0,0,2,2,0,6,18,2
KAF2216972,323,365,385,0,0,0,2,0,0,1,0,0,2,13,3
KAF2216973,594,702,857,2,0,0,0,0,0,6,4,0,4,10,2
KAF2216974,4008,3414,3143,4,2,6,0,0,6,18,8,14,109,171,91
KAF2216975,3,8,2,0,0,0,0,0,0,0,0,0,0,0,0
KAF2216976,2526,2137,2328,0,0,0,0,2,4,14,0,1,2,21,9
KAF2216977,3363,3007,2689,0,0,2,2,0,2,5,0,2,25,32,20
KAF2216978,576,519,1191,2,0,0,0,0,0,2,0,4,16,16,20
KAF2216979,1145,1060,762,0,0,0,0,0,2,9,4,2,9,55,14
KAF2216980,811,778,373,0,0,0,0,0,0,13,5,3,21,48,41
KAF2216981,249,161,146,0,0,2,4,2,2,0,1,0,21,51,18
KAF2216982,44148,48378,243331,2,0,0,86,51,74,345,78,124,796,1350,892
KAF2216983,191,218,788,0,0,0,2,0,2,3,2,0,4,12,9
KAF2216984,27498,24986,10890,2,2,4,8,2,10,46,6,24,53,146,63
KAF2216985,1303,1159,711,0,0,1,2,0,0,17,6,23,101,148,63
KAF2216986,3389,2862,2529,4,4,6,0,4,2,11,3,4,35,127,49
KAF2216987,223,210,439,0,0,2,0,0,4,6,0,0,14,24,10
KAF2216988,24,44,67,0,0,0,0,0,0,0,0,0,2,4,2
KAF2216989,283,272,278,0,0,0,0,0,0,1,0,0,1,1,1
KAF2216990,992,812,1032,4,0,0,0,0,2,7,0,4,9,14,3
KAF2216991,1898,1645,1607,1,0,0,0,0,0,13,2,2,56,92,56
KAF2216992,128,116,219,0,0,0,0,0,0,0,0,0,10,8,0
KAF2216993,61,62,96,0,0,0,0,0,0,0,1,0,5,0,2
KAF2216994,69,72,122,0,0,0,0,0,0,2,1,0,0,3,0
KAF2216995,2513,1921,1379,0,0,2,0,0,2,3,4,2,18,43,15
KAF2216996,179,143,148,0,2,0,0,0,0,1,0,0,6,6,6
KAF2216997,2,6,2,0,0,0,0,0,0,0,0,0,7,6,2
KAF2216998,200,220,415,0,0,0,0,0,0,0,0,0,6,10,0
KAF2216999,4337,5615,20708,0,0,0,10,0,4,52,8,16,162,324,115
KAF2217000,458,427,1294,0,0,0,0,0,2,2,0,0,22,15,11
KAF2217001,83,77,139,0,0,0,0,0,0,0,0,0,0,0,6
KAF2217002,74,70,108,0,0,0,4,0,0,2,0,2,8,5,11
KAF2217003,73,57,102,0,0,0,0,0,0,4,2,0,10,30,18
KAF2217004,390,294,508,0,2,0,0,0,0,14,2,0,14,29,24
KAF2217005,112,83,194,0,2,0,0,0,0,4,0,0,6,4,5
KAF2217006,784,729,1394,0,0,0,0,2,0,8,0,6,27,47,30
KAF2217007,64,69,96,0,0,0,0,0,0,0,2,0,1,3,0
KAF2217008,8981,8426,9901,0,0,3,1,0,4,10,4,19,83,137,90
KAF2217009,414,389,178,0,2,0,0,0,2,4,2,0,3,11,9
KAF2217010,150,134,233,0,0,0,0,0,0,0,0,0,0,2,2
KAF2217011,2704,2523,2525,0,0,0,0,0,0,4,0,0,9,13,5
KAF2217012,817,749,930,0,0,0,0,0,0,4,2,3,6,28,5
KAF2217013,1233,1223,2208,0,0,0,0,0,0,7,6,2,17,53,18
KAF2217014,15,31,53,0,0,0,0,0,2,0,0,0,0,6,0
KAF2217015,565,480,738,0,0,3,0,0,0,8,4,0,26,57,14
KAF2217016,130,90,263,0,0,0,0,0,0,6,0,2,4,8,6
KAF2217017,83,97,297,0,0,0,0,0,0,1,2,0,23,24,6
KAF2217018,27,64,73,0,0,0,0,0,0,1,0,0,0,3,2
KAF2217019,698,663,1192,0,0,0,0,0,3,13,6,3,32,65,38
KAF2217020,2489,2604,5733,0,0,0,0,0,2,52,4,20,46,53,23
KAF2217021,4406,4380,6726,0,4,0,6,2,4,24,11,17,80,203,76
KAF2217022,104,77,108,0,0,0,0,0,0,0,0,0,20,42,17
KAF2217023,420,375,355,0,0,0,2,0,0,12,2,1,26,64,26
KAF2217024,943,771,482,0,2,0,0,0,0,0,2,2,14,46,16
KAF2217025,595,494,462,10,0,6,0,0,0,2,2,0,2,12,8
KAF2217026,236,319,595,3,0,2,0,2,0,6,0,2,32,82,47
KAF2217027,501,685,2169,0,0,2,0,0,2,9,0,0,19,44,14
KAF2217028,1745,1584,1241,0,0,2,1,0,2,7,1,0,16,33,21
KAF2217029,1895,1537,1550,1,2,0,1,3,1,14,9,6,31,79,45
KAF2217030,77,64,158,0,0,0,0,0,0,1,0,0,0,3,3
KAF2217031,1767,2202,3870,6,0,0,0,2,0,8,8,6,32,98,40
KAF2217032,98,63,53,0,0,0,0,0,0,0,0,0,4,2,0
KAF2217033,2834,2685,2784,0,0,2,2,2,2,6,6,5,29,23,9
KAF2217034,2,2,2,0,0,0,0,0,0,0,0,0,0,0,0
KAF2217035,12,10,24,0,0,0,0,0,0,0,0,0,2,0,0
KAF2217036,523,415,440,0,0,0,2,0,0,44,18,31,156,175,71
KAF2217037,8717,8439,13988,6,1,4,0,0,0,15,0,7,33,62,15
KAF2217038,8944,9060,7191,0,1,2,4,0,8,58,8,24,114,224,134
KAF2217039,628,527,824,0,0,2,0,2,2,3,6,0,19,35,24
KAF2217040,300,265,188,0,0,0,2,0,1,0,1,6,10,14,9
KAF2217041,3507,2781,1257,0,0,2,0,0,6,79,46,28,160,293,247
KAF2217042,183,127,294,0,0,0,0,0,0,0,0,1,5,12,8
KAF2217043,1599,1431,1781,0,0,0,2,3,2,6,0,12,46,62,40
KAF2217044,1058,845,663,0,0,0,0,0,2,12,0,2,16,38,27
KAF2217045,783,792,729,0,0,0,0,0,0,2,0,1,12,31,24
KAF2217046,84,132,173,0,0,0,0,0,0,0,0,0,0,6,1
KAF2217047,1057,960,1462,0,0,0,2,0,2,6,2,10,19,61,22
KAF2217048,1684,1874,3233,2,2,0,6,0,2,29,10,4,63,134,59
KAF2217049,1964,1701,1554,0,0,4,0,0,2,4,0,2,24,65,20
KAF2217050,285,195,297,0,0,0,0,0,1,2,0,0,3,6,2
KAF2217051,12,4,6,0,0,0,0,0,0,0,0,0,0,0,0
KAF2217052,324,407,859,0,0,0,0,0,0,2,4,2,0,9,2
KAF2217053,622,766,1630,0,0,0,0,0,0,17,4,6,42,34,34
KAF2217054,101,93,219,0,0,0,0,0,0,6,2,0,2,4,2
KAF2217055,164,185,401,0,0,0,0,0,0,8,0,2,8,16,10
KAF2217056,297,242,411,0,0,0,0,0,1,1,2,2,6,39,8
KAF2217057,320,279,399,2,0,0,0,0,1,1,4,2,9,22,9
KAF2217058,19,15,41,0,0,0,0,0,0,0,0,0,0,6,0
KAF2217059,8292,6888,4204,6,5,2,3,0,5,41,21,21,86,201,75
KAF2217060,3175,2849,3566,2,0,0,8,0,2,26,5,4,72,111,46
KAF2217061,122,143,148,0,0,0,0,0,0,1,0,0,10,5,3
KAF2217062,6635,6371,6497,0,2,3,3,0,10,39,12,9,188,359,187
KAF2217063,319,295,366,0,0,0,0,0,4,0,0,0,9,32,15
KAF2217064,166,135,201,0,0,0,0,0,0,1,4,0,11,14,0
KAF2217065,166,148,279,0,0,0,0,0,0,4,0,0,6,12,2
KAF2217066,45,41,111,0,0,0,0,0,0,0,0,0,2,2,4
KAF2217067,764,700,1470,0,0,0,0,0,0,36,20,20,109,185,82
KAF2217068,330,328,2094,0,0,0,0,0,0,4,0,2,48,64,72
KAF2217069,728,550,1166,0,0,0,0,0,0,8,2,4,26,74,28
KAF2217070,1701,2335,4763,0,0,0,4,2,4,3,0,2,6,21,22
KAF2217071,282,188,153,2,0,0,0,1,0,0,0,1,1,2,5
KAF2217072,927,810,422,0,0,0,0,0,0,4,4,0,11,31,7
KAF2217073,3456,3028,1405,0,0,0,0,0,0,6,0,2,36,55,30
KAF2217074,353,313,189,0,0,2,0,0,0,5,3,1,2,14,20
KAF2217075,1290,948,871,0,0,0,0,0,2,10,4,0,42,65,39
KAF2217076,347,324,444,0,0,0,0,0,0,0,0,3,4,12,5
KAF2217077,27,29,49,0,0,0,0,0,0,0,0,0,0,0,0
KAF2217078,70,48,144,0,0,0,0,0,0,0,0,0,1,0,0
KAF2217079,3793,3504,2815,0,0,0,0,4,8,1,0,0,20,45,12
KAF2217080,17,25,65,0,0,0,0,0,0,0,0,0,0,0,0
KAF2217081,81,35,124,0,0,0,0,0,0,0,0,2,6,6,2
KAF2217082,1324,1248,1737,4,0,0,0,0,2,24,8,0,54,119,56
KAF2217083,3145,2664,2376,2,0,0,0,0,4,20,4,7,53,114,84
KAF2217084,1252,1132,976,0,0,0,0,0,0,4,0,7,35,70,21
KAF2217085,3686,3656,2594,3,0,0,0,1,0,5,0,3,11,32,17
KAF2217086,6642,6642,8249,2,0,1,2,4,6,56,15,5,131,240,112
KAF2217087,162,150,395,0,0,0,0,0,0,0,0,0,0,4,2
KAF2217088,19,26,54,0,0,0,0,0,0,0,1,0,0,0,0
KAF2217089,287,261,363,0,0,0,0,0,1,2,2,2,5,25,0
KAF2217090,415,463,273,0,0,2,0,0,0,1,1,0,11,11,4
KAF2217091,28,36,42,0,0,0,0,0,0,0,0,0,0,2,1
KAF2217092,7373,6452,4079,2,0,0,0,1,1,11,0,0,29,35,8
KAF2217093,91,62,3,0,0,0,0,0,0,0,0,0,0,0,0
KAF2217094,1159,1058,1694,0,0,0,3,0,2,46,15,6,66,161,82
KAF2217095,74,57,156,0,0,0,0,0,0,2,0,0,0,4,1
KAF2217096,350,418,282,0,0,0,0,0,0,0,1,0,5,16,17
KAF2217097,120,88,177,0,0,0,0,0,0,2,0,0,5,6,0
KAF2217098,29,20,27,0,0,0,0,0,0,0,0,0,0,3,0
KAF2217099,1088,965,1575,0,0,0,0,2,0,6,0,0,18,34,18
KAF2217100,113,126,182,0,0,0,0,1,0,4,2,0,6,14,3
KAF2217101,353,320,522,0,0,0,0,1,0,9,0,0,15,35,17
KAF2217102,1451,1524,2705,2,0,0,2,4,2,14,12,6,52,155,54
KAF2217103,2378,2640,3730,0,0,0,2,2,2,22,12,6,79,218,87
KAF2217104,850,942,818,0,0,0,0,0,0,9,0,2,15,27,31
KAF2217105,2189,2096,1156,0,3,0,0,0,0,16,2,11,36,89,52
KAF2217106,135,128,316,0,0,0,0,0,0,0,2,0,8,2,2
KAF2217107,358,437,1301,0,0,0,2,0,2,26,8,10,61,115,40
KAF2217108,519,479,540,0,0,0,0,0,2,5,0,0,13,28,18
KAF2217109,356,325,592,0,0,0,2,0,2,6,2,0,19,44,32
KAF2217110,146,127,247,0,0,0,0,0,0,2,0,0,6,8,6
KAF2217111,8470,7145,4433,3,0,5,0,0,1,27,13,7,91,147,91
KAF2217112,56158,64508,235220,0,0,0,86,46,93,581,117,152,830,1656,722
KAF2217113,87,109,204,0,0,0,0,0,0,0,0,0,4,3,0
KAF2217114,190,225,202,0,0,0,0,0,0,0,2,0,0,4,4
KAF2217115,1196,1076,1373,0,0,0,2,0,2,9,2,5,47,128,59
KAF2217116,11,7,19,0,0,0,0,0,0,0,0,0,4,1,2
KAF2217117,1364,1196,1248,0,0,0,0,0,0,4,0,0,8,14,14
KAF2217118,3216,2934,2713,0,0,0,0,0,0,4,0,5,12,16,6
KAF2217119,26734,24161,14749,8,4,10,4,4,4,24,8,11,60,161,57
KAF2217120,1911,1648,1712,0,2,0,0,0,6,5,0,7,28,75,33
KAF2217121,3803,4502,5264,0,0,4,0,4,4,12,7,6,87,176,70
KAF2217122,12447,10293,5504,4,6,18,0,0,6,12,4,12,75,113,30
KAF2217123,251,217,314,0,0,0,0,0,0,0,2,0,10,26,7
KAF2217124,95,59,118,0,0,0,0,0,0,0,0,0,2,10,0
KAF2217125,30441,25044,10568,6,6,8,3,12,12,49,12,35,226,377,218
KAF2217126,1969,1508,1174,0,0,0,0,0,0,31,3,4,100,262,125
KAF2217127,4571,3027,255,1,4,3,0,0,0,3,0,0,6,8,5
KAF2217128,584,774,1394,1,0,4,0,0,0,6,0,2,4,21,13
KAF2217129,806,700,1070,0,0,0,0,0,4,10,6,12,32,84,38
KAF2217130,1561,1386,1526,0,0,2,4,0,0,17,8,4,71,78,55
KAF2217131,1146,1161,1936,0,2,0,6,0,0,16,0,12,38,81,18
KAF2217132,188,267,294,0,2,0,0,0,0,2,0,0,2,16,2
KAF2217133,532,473,285,0,0,0,0,0,0,4,2,4,8,22,7
KAF2217134,3988,3326,2448,2,0,2,0,0,2,21,4,4,38,64,32
KAF2217135,680,614,244,0,0,0,0,0,0,8,2,2,8,10,0
KAF2217136,117,76,158,0,0,0,0,0,0,4,0,0,8,8,4
KAF2217137,208,163,236,0,0,0,0,0,0,3,0,0,2,6,2
KAF2217138,58,38,64,4,0,0,0,0,4,18,8,6,74,58,60
KAF2217139,8775,7774,4290,0,2,2,4,0,2,26,4,8,51,82,23
KAF2217140,4177,4607,4895,2,0,6,4,0,6,44,13,20,138,489,268
KAF2217141,1771,1828,2213,2,0,0,8,0,4,34,6,22,96,237,112
KAF2217142,6,4,12,0,0,0,0,0,0,0,0,0,0,0,0
KAF2217143,271,237,181,2,0,0,0,0,0,2,0,4,12,17,9
KAF2217144,2518,2551,1476,2,2,2,2,2,6,28,13,6,18,57,30
KAF2217145,3126,3995,10888,0,0,0,0,0,2,12,2,6,32,60,32
KAF2217146,844,792,670,2,2,0,0,1,2,4,0,0,20,38,15
KAF2217147,9638,7785,9232,6,0,2,14,2,7,84,10,23,255,393,192
KAF2217148,24497,19923,21002,6,9,4,12,2,16,100,38,42,266,514,197
KAF2217149,3965,3658,4737,3,2,2,1,2,4,23,0,4,52,136,43
KAF2217150,1019,1002,819,4,2,4,0,0,0,10,4,4,21,57,28
KAF2217151,511,388,515,0,4,0,0,0,0,2,2,0,6,22,10
KAF2217152,1566,1632,2127,0,0,0,0,0,0,8,6,0,13,60,26
KAF2217153,28591,29210,33470,6,0,3,1,1,1,47,12,6,162,265,146
KAF2217154,72,78,131,0,0,0,0,0,0,0,0,0,3,7,0
KAF2217155,269,274,626,0,0,0,0,0,0,7,0,2,11,21,10
KAF2217156,69,50,110,0,0,0,0,0,0,0,1,0,0,2,0
KAF2217157,9841,11243,14764,6,0,3,0,0,0,6,0,0,8,58,22
KAF2217158,276,254,493,0,0,0,0,0,2,29,2,13,5,16,13
KAF2217159,257,246,448,0,0,0,0,2,2,0,0,4,9,22,18
KAF2217160,273,260,396,0,2,1,2,0,0,0,0,0,5,21,9
KAF2217161,351,273,279,0,0,0,0,2,0,0,2,5,4,24,9
KAF2217162,264,253,303,0,0,0,0,0,0,4,0,2,10,28,15
KAF2217163,61,76,121,0,0,0,0,0,0,0,0,0,8,6,6
KAF2217164,43,14,55,0,0,0,0,0,0,0,2,0,4,4,0
KAF2217165,2211,1907,1644,2,0,0,0,0,2,16,1,4,48,109,44
KAF2217166,2421,2056,1709,2,0,0,5,0,8,16,1,0,58,68,28
KAF2217167,632,538,305,0,0,0,1,2,0,12,5,0,16,51,28
KAF2217168,189,164,121,0,0,0,0,0,0,5,2,0,2,13,9
KAF2217169,840,878,1832,0,0,0,2,4,4,22,6,6,73,143,66
EFT00053797949,19,12,27,0,0,0,0,0,0,0,0,0,2,5,2
KAF2217170,264,251,247,0,0,0,0,0,0,4,0,4,8,31,4
KAF2217171,380,402,889,0,0,1,0,0,0,6,2,0,13,18,14
KAF2217172,134,115,294,0,0,0,0,0,0,0,0,0,0,13,8
KAF2217173,39,37,112,0,0,0,0,0,0,2,0,0,0,2,4
KAF2217174,10,6,7,0,0,0,0,0,0,0,0,0,0,2,0
KAF2217175,1484,1445,2084,0,0,0,0,0,2,30,0,10,75,105,62
KAF2217176,250,221,247,0,0,0,0,0,0,3,0,0,8,25,17
KAF2217177,423,348,160,0,0,0,0,0,0,1,0,0,1,7,2
KAF2217178,9,12,6,0,0,0,0,0,0,0,0,0,0,8,2
KAF2217179,1436,1070,1149,3,0,2,0,0,0,6,2,4,7,30,6
KAF2217180,174,109,204,0,0,0,0,0,0,0,0,2,6,6,7
KAF2217181,6,2,10,0,0,0,0,0,0,0,0,0,0,0,0
KAF2217182,19,29,33,0,0,0,0,0,0,0,0,0,0,2,0
KAF2217183,289,307,209,0,0,0,2,0,0,4,0,4,17,22,6
KAF2217184,818,709,290,0,0,0,0,0,0,1,0,0,2,12,4
KAF2217185,150,103,124,0,0,0,0,0,0,0,0,4,5,10,6
KAF2217186,2345,2329,2057,2,0,0,0,0,0,4,0,0,12,4,13
KAF2217187,1029,1269,2333,0,0,2,0,0,0,13,0,4,17,44,29
KAF2217188,2486,3263,4378,0,0,0,0,0,0,2,0,2,1,14,2
KAF2217189,5790,4729,4280,5,2,8,0,0,0,4,2,6,8,20,8
KAF2217190,925,822,1367,0,0,4,0,0,0,22,0,0,22,48,33
KAF2217191,262,217,296,2,1,3,0,0,0,1,0,1,9,40,10
KAF2217192,325,253,447,0,0,0,0,0,0,1,0,3,3,20,8
KAF2217193,22456,19261,14803,6,8,10,0,2,10,18,2,6,50,123,47
KAF2217194,1546,1559,1241,0,2,0,0,0,0,0,0,2,7,2,4
KAF2217195,15636,13874,5988,2,10,6,0,2,2,18,6,2,53,113,34
KAF2217196,488,462,329,0,0,0,2,1,0,0,0,0,4,12,3
KAF2217197,3904,3353,2612,4,4,7,0,0,2,27,2,10,54,95,22
KAF2217198,507,525,705,0,0,0,0,0,0,4,0,2,15,33,19
KAF2217199,143,138,99,0,0,0,0,0,0,4,0,1,0,6,4
KAF2217200,3291,2580,3269,0,0,5,4,0,1,41,6,29,153,238,121
KAF2217201,1954,1912,3206,0,2,4,0,0,2,0,0,0,14,26,10
KAF2217202,8460,7021,2967,6,0,6,4,2,0,24,12,7,71,165,69
KAF2217203,589,558,801,0,0,0,0,0,2,2,0,0,23,32,9
KAF2217204,784,805,725,0,0,2,0,0,0,6,4,2,38,74,42
KAF2217205,144,144,178,0,0,1,0,0,0,1,2,0,2,0,6
KAF2217206,141,109,115,0,0,0,0,0,0,3,0,1,14,15,12
KAF2217207,1792,1568,2093,0,2,0,2,0,0,14,4,8,54,81,37
KAF2217208,91,90,213,0,0,0,2,0,0,2,0,0,7,7,6
KAF2217209,402,329,306,0,0,0,0,0,0,2,0,2,7,11,2
KAF2217210,1651,1391,454,0,0,2,0,0,2,0,2,2,5,18,14
KAF2217211,1371,1192,846,0,0,0,0,0,0,10,6,5,22,32,24
KAF2217212,92,48,80,0,0,0,0,0,0,8,0,0,0,8,2
KAF2217213,89,87,166,0,0,0,0,0,0,8,0,0,0,20,18
KAF2217214,51,71,62,0,0,0,0,0,0,0,0,0,8,10,0
KAF2217215,101,100,181,0,0,0,0,0,0,0,0,0,10,26,12
KAF2217216,130,115,202,0,0,0,0,0,0,2,0,2,2,12,2
KAF2217217,278,236,632,0,0,0,0,0,0,0,0,0,4,0,0
KAF2217218,264,186,476,0,0,0,0,0,4,6,0,0,4,4,0
KAF2217219,47,60,116,0,0,0,0,0,0,0,0,0,0,1,0
KAF2217220,238,230,458,0,0,4,0,0,0,4,0,1,8,10,2
KAF2217221,6495,4664,972,6,2,16,0,0,0,8,0,8,20,22,7
KAF2217222,3093,2589,1712,0,0,3,2,2,0,5,0,8,43,64,30
KAF2217223,2028,1792,1656,0,2,0,0,2,2,10,10,6,61,131,57
KAF2217224,354,297,424,0,0,0,0,0,0,2,1,0,16,12,6
KAF2217225,5359,3326,447,0,2,12,0,0,0,2,0,0,8,4,6
KAF2217226,6251,3886,434,11,5,12,0,0,0,0,0,6,7,9,2
KAF2217227,52,35,29,0,0,0,0,0,0,0,0,0,0,0,0
KAF2217228,16,8,33,0,0,0,0,0,0,0,0,0,0,0,0
KAF2217229,2,0,2,0,0,0,0,0,0,0,0,0,0,0,0
KAF2217230,308,298,818,0,0,0,0,0,0,2,0,2,10,18,8
KAF2217231,3060,2783,3326,4,0,2,2,4,4,14,8,12,69,128,62
KAF2217232,413,307,115,2,0,1,0,0,0,2,0,0,5,2,3
KAF2217233,4966,4104,1689,4,0,6,6,5,4,25,8,11,104,173,85
KAF2217234,19,7,25,0,0,0,0,0,0,0,0,0,0,0,2
KAF2217235,93,151,252,0,0,0,0,0,0,0,0,4,0,8,2
KAF2217236,28,31,61,0,0,2,0,0,0,2,0,0,0,1,0
KAF2217237,61,49,102,0,0,0,0,0,0,0,0,0,0,9,0
KAF2217238,38,58,85,0,0,0,0,0,0,0,0,1,4,2,2
KAF2217239,2,0,5,0,0,0,0,0,0,0,0,0,0,0,0
KAF2217240,5,10,16,0,0,0,0,0,0,0,0,0,0,0,0
KAF2217241,49,23,64,0,0,0,0,0,0,2,0,3,0,3,0
KAF2217242,927,900,1602,0,0,0,0,2,0,11,3,4,45,81,59
KAF2217243,2714,2406,2088,8,0,3,4,0,6,22,6,4,72,183,67
KAF2217244,67,35,40,0,0,0,0,0,0,0,0,0,6,5,1
KAF2217245,1077,814,529,2,0,0,4,4,20,391,156,303,1082,1313,504
KAF2217246,318,235,284,0,0,0,0,0,0,0,0,0,6,15,7
KAF2217247,4809,3811,2856,0,2,2,2,2,2,20,0,16,121,210,76
KAF2217248,26,31,42,0,0,0,0,0,2,2,0,0,0,4,10
KAF2217249,357,278,214,0,0,0,0,0,0,3,0,0,0,30,4
KAF2217250,44,37,42,0,0,0,0,0,0,2,0,0,4,10,6
KAF2217251,43,32,56,0,0,0,0,0,0,2,0,1,8,8,0
KAF2217252,2198,2074,2290,4,6,1,2,0,6,18,23,5,74,225,95
KAF2217253,808,816,1434,0,0,2,0,0,0,2,0,4,16,29,10
KAF2217254,671,629,1138,0,0,0,0,0,0,4,2,2,14,26,18
KAF2217255,1555,1579,2239,0,0,0,10,1,10,64,11,40,105,149,53
KAF2217256,149,103,231,0,0,0,0,0,0,3,0,0,3,4,5
KAF2217257,342,325,608,0,0,0,0,0,0,22,12,14,126,360,106
KAF2217258,539,425,325,0,0,2,0,0,2,34,10,6,27,41,17
KAF2217259,15,29,25,2,0,0,0,0,0,2,0,0,3,7,0
KAF2217260,19,19,36,0,0,0,0,0,0,0,2,0,0,2,5
KAF2217261,865,876,2374,0,2,0,0,2,0,16,0,0,20,71,32
KAF2217262,13,18,89,0,0,0,0,0,0,0,0,0,1,0,4
KAF2217263,18,11,24,0,0,0,0,0,0,0,0,0,0,0,2
KAF2217264,1125,892,1321,2,0,2,0,0,0,0,0,4,20,57,18
KAF2217265,2053,1927,1903,0,0,0,2,0,2,15,2,6,23,49,17
KAF2217266,490,431,703,0,0,0,0,0,0,4,0,0,18,9,0
KAF2217267,38,50,27,0,0,0,0,0,0,0,0,0,2,1,0
KAF2217268,18951,17602,5746,4,2,2,4,0,0,7,15,0,42,124,67
KAF2217269,1717,1660,575,0,0,2,0,0,0,8,2,0,26,45,6
KAF2217270,670,636,843,0,0,0,2,2,0,2,4,0,23,66,20
KAF2217271,639,449,441,0,0,0,0,0,2,4,2,0,10,65,28
KAF2217272,334,276,389,0,0,0,0,0,0,4,0,2,5,21,9
KAF2217273,2552,2342,5038,0,0,0,9,0,2,22,8,11,73,107,52
KAF2217274,202,144,127,0,0,0,0,0,0,0,0,0,4,1,1
KAF2217275,9654,12054,21771,0,2,0,0,0,3,6,2,3,33,53,36
KAF2217276,1710,1603,2391,4,2,0,2,0,0,2,4,2,42,59,30
KAF2217277,4527,3870,3954,6,5,3,0,0,0,13,2,10,45,92,11
KAF2217278,1587,1389,1418,0,0,0,0,0,2,2,0,0,10,33,12
KAF2217279,13420,10009,8179,2,7,10,2,0,4,14,6,7,144,202,213
KAF2217280,859,470,607,2,3,4,0,2,0,10,2,0,30,28,23
KAF2217281,804,445,665,2,4,3,0,0,0,0,2,0,5,12,12
KAF2217282,548,686,798,0,0,0,4,4,0,0,2,0,20,26,14
KAF2217283,274,255,747,0,0,0,0,0,6,6,0,0,17,16,7
KAF2217284,223,230,557,0,0,0,0,0,3,0,0,2,11,14,4
KAF2217285,4363,3794,7505,0,2,2,1,6,12,36,18,12,106,297,150
KAF2217286,3472,3032,1900,4,0,0,4,0,2,16,4,6,87,178,89
KAF2217287,3437,3300,2508,4,0,2,4,0,8,10,11,4,71,136,77
KAF2217288,326,293,408,0,0,0,0,2,0,7,0,0,14,28,10
KAF2217289,1615,1456,1676,2,0,6,2,1,2,29,4,8,72,161,60
KAF2217290,152,170,357,0,0,0,0,0,2,8,0,0,14,15,2
KAF2217291,113,130,280,0,0,0,0,0,0,2,0,2,3,14,4
KAF2217292,1,6,16,0,0,0,0,0,0,0,0,0,2,3,0
KAF2217293,5261,4908,5166,2,4,4,0,2,0,4,2,10,16,43,5
KAF2217294,75,47,30,0,0,0,2,0,0,48,23,31,95,152,75
KAF2217295,236,169,291,0,0,0,0,0,0,4,0,0,0,8,5
KAF2217296,33,45,42,0,0,0,0,0,0,0,0,0,0,1,0
KAF2217297,1338,1265,1483,4,0,0,4,2,2,8,2,0,30,57,34
KAF2217298,514,458,458,0,0,0,0,0,0,3,0,2,5,17,8
KAF2217299,1039,775,771,0,2,2,2,0,0,12,2,2,22,27,29
KAF2217300,834,906,910,0,0,0,0,0,0,1,2,0,6,6,9
KAF2217301,195,199,149,0,0,2,0,0,0,2,2,0,13,18,5
KAF2217302,26,41,26,0,0,0,0,0,0,0,0,0,3,6,2
KAF2217303,1318,1131,1483,4,2,0,0,4,0,47,12,14,94,213,68
KAF2217304,549,397,249,0,0,0,0,0,0,6,0,0,2,9,2
KAF2217305,2453,2153,1051,2,0,0,0,0,2,8,4,2,7,28,4
KAF2217306,87,105,379,0,0,0,0,0,0,8,0,0,12,26,28
KAF2217307,271,272,1025,0,0,0,6,0,0,1,0,0,4,19,8
KAF2217308,128,137,334,0,0,0,2,0,0,3,0,0,2,8,8
KAF2217309,665,795,1305,2,0,0,0,0,0,6,0,0,12,12,12
KAF2217310,6,7,25,0,0,0,0,0,0,0,0,0,0,0,0
KAF2217311,81,76,127,0,0,0,0,0,0,0,0,0,0,0,0
KAF2217312,221,146,235,0,0,0,0,1,0,1,0,0,2,17,6
KAF2217313,163,278,625,0,0,0,6,0,0,4,2,0,14,20,14
KAF2217314,718,929,1091,0,0,0,0,0,0,2,0,0,2,10,2
KAF2217315,232,261,612,0,0,0,2,0,0,0,4,0,2,6,10
KAF2217316,29,18,21,0,0,0,0,0,0,0,0,0,0,2,0
KAF2217317,3495,3025,2691,0,4,0,0,0,0,10,4,0,18,34,15
KAF2217318,241,224,189,2,0,0,0,0,0,6,2,0,0,10,8
KAF2217319,528,325,115,2,0,0,0,0,0,0,0,2,9,17,3
KAF2217320,4409,3886,3720,3,5,2,4,0,3,46,13,22,72,176,52
KAF2217321,313,224,372,0,0,0,0,0,2,14,0,2,17,52,24
KAF2217322,7667,6202,3495,6,6,4,0,4,4,1,0,0,42,37,42
KAF2217323,686,586,213,2,0,0,0,0,0,10,2,2,15,39,18
KAF2217324,12690,11156,1689,2,2,2,0,0,8,81,24,26,118,309,112
KAF2217325,233,286,286,0,0,0,0,0,0,5,0,0,14,37,12
KAF2217326,427,319,370,0,0,2,0,0,0,0,0,0,4,6,0
KAF2217327,456,380,515,0,0,0,0,2,0,4,0,0,20,33,15
KAF2217328,329,267,234,0,0,0,0,0,0,3,0,0,4,7,5
KAF2217329,15,9,16,0,0,0,0,0,0,0,0,0,0,0,0
KAF2217330,23,41,49,0,0,0,0,0,0,2,0,0,4,2,4
KAF2217331,306,263,404,0,0,0,0,0,0,4,4,0,16,10,2
KAF2217332,29,49,30,0,0,0,0,0,0,0,0,0,2,2,0
KAF2217333,2599,2154,2457,0,2,1,5,2,2,18,4,15,45,82,57
KAF2217334,5288,4790,2799,0,0,2,0,2,0,13,2,3,29,47,30
KAF2217335,4003,3403,1121,0,0,2,0,0,2,8,14,11,64,130,44
KAF2217336,476,415,456,0,0,0,0,0,0,4,2,2,13,33,17
KAF2217337,67,51,74,0,0,0,0,0,0,0,0,0,0,2,2
KAF2217338,0,0,2,0,0,0,0,0,0,0,0,0,0,0,0
KAF2217339,364,425,1124,0,0,0,2,2,2,24,6,14,24,18,12
KAF2217340,867,789,626,0,0,2,0,2,0,1,0,0,12,37,13
KAF2217341,650,576,403,0,0,0,0,0,0,0,0,0,3,9,4
KAF2217342,4030,3770,1826,4,2,4,0,0,1,11,7,3,21,40,23
KAF2217343,1753,1526,2109,0,0,2,0,2,0,2,2,3,32,75,51
KAF2217344,3412,3633,10562,2,2,0,3,0,2,14,7,18,45,74,45
KAF2217345,2125,2086,4036,0,0,0,2,0,0,12,0,2,28,29,34
KAF2217346,926,906,1526,1,0,0,2,0,2,8,2,4,11,43,12
KAF2217347,2535,2757,5157,2,0,0,2,2,0,51,2,24,127,245,114
KAF2217348,2588,2191,2376,0,2,2,0,0,0,9,8,4,48,70,25
KAF2217349,5218,4660,5410,2,4,1,8,10,0,88,28,22,314,650,301
KAF2217350,431,317,765,0,0,0,2,2,0,6,0,1,11,26,10
KAF2217351,1336,1179,2256,2,2,0,0,0,2,15,6,4,30,56,24
KAF2217352,67,53,121,0,0,0,0,0,0,2,0,0,5,5,2
KAF2217353,176,131,213,0,0,0,0,0,0,0,6,0,2,9,3
KAF2217354,324,282,371,0,0,0,0,3,1,2,2,2,14,21,14
KAF2217355,562,637,1660,0,0,0,6,2,0,10,6,1,28,71,28
KAF2217356,35,18,71,0,0,0,2,0,0,2,0,0,3,4,3
KAF2217357,36,23,37,0,0,0,0,0,0,0,2,0,0,2,2
KAF2217358,21,4,8,0,0,0,0,0,0,0,0,0,0,0,0
KAF2217359,30,22,19,0,0,0,0,0,0,0,0,0,0,0,2
KAF2217360,3113,2625,2362,2,0,0,2,0,1,19,4,10,38,77,29
KAF2217361,1369,1250,1472,0,0,4,0,0,0,9,6,4,71,147,64
KAF2217362,4587,3938,2903,0,0,6,0,4,4,28,1,16,119,286,128
KAF2217363,234,290,963,0,0,0,8,0,0,8,0,0,12,14,4
KAF2216116,43,14,30,0,0,0,2,0,0,0,0,0,0,0,0
KAF2216117,45,46,65,0,0,0,2,0,0,8,0,0,0,5,1
KAF2216118,1498,1197,1634,0,0,0,0,0,2,14,4,4,54,98,43
KAF2216119,1445,1483,791,2,0,0,0,0,0,3,0,0,5,6,9
KAF2216120,2014,1694,1098,2,0,2,0,0,0,8,0,0,22,26,4
KAF2216121,349,327,498,0,0,0,0,0,0,4,0,0,8,26,16
KAF2216122,609,544,773,0,0,0,5,4,0,4,2,5,30,23,13
KAF2216123,6,11,6,0,0,0,0,0,0,0,0,0,0,0,0
KAF2216124,7,10,6,0,0,0,0,0,0,0,0,0,3,1,0
KAF2216125,193,143,518,0,0,0,0,2,5,22,3,4,15,43,14
KAF2216126,669,770,2537,0,0,0,2,2,4,31,5,8,34,85,39
KAF2216127,1554,1470,1173,2,0,0,3,2,0,15,12,4,50,168,55
KAF2216128,897,768,1146,0,0,0,0,2,0,4,0,2,6,18,10
KAF2216129,232,230,206,0,0,2,0,0,0,0,0,0,0,0,4
KAF2216130,6751,5915,4293,5,4,2,0,4,2,27,15,12,152,349,140
KAF2216131,15941,14146,9324,14,7,2,12,6,24,172,45,50,744,1659,818
KAF2216132,895,719,707,0,0,0,0,0,0,2,0,2,24,47,12
KAF2216133,794,751,570,0,1,0,0,0,0,4,2,0,21,37,25
KAF2216134,4,0,1,0,0,0,0,0,0,0,0,0,0,0,0
KAF2216135,312,350,667,0,0,0,0,0,0,6,2,0,2,0,0
KAF2216136,1711,1698,909,0,0,0,0,0,0,4,0,0,7,17,4
KAF2216137,17,8,31,0,0,0,0,0,0,0,0,0,0,6,1
KAF2216138,18,25,54,0,0,0,0,0,0,0,0,0,2,1,0
KAF2216139,90,91,128,0,2,0,0,0,0,0,0,0,2,10,1
KAF2216140,2432,1979,1713,2,2,0,0,3,2,6,8,6,52,78,43
KAF2216141,143,156,254,0,0,0,0,0,0,0,0,0,4,19,7
KAF2216142,22,21,42,0,0,0,0,0,0,0,0,0,3,3,0
KAF2216143,49,42,66,0,0,0,0,0,0,0,0,2,1,1,2
KAF2216144,68,80,114,0,0,0,0,0,0,0,0,0,3,5,4
KAF2216145,1311,1169,1442,0,0,0,2,2,0,31,0,4,35,69,30
KAF2216146,17,3,18,0,0,0,0,0,0,0,0,0,0,0,0
KAF2216147,32,14,41,0,0,0,0,0,0,0,0,0,0,1,0
KAF2216148,8945,8295,7216,4,2,0,0,0,0,20,2,15,57,82,21
KAF2216149,5183,4489,4549,2,0,8,2,0,6,11,2,9,39,90,21
KAF2216150,822,861,813,0,0,0,0,0,0,3,0,0,5,15,7
KAF2216151,541,479,508,0,0,0,0,2,0,6,3,2,12,8,9
KAF2216152,3422,1696,464,0,0,0,0,0,0,2,0,0,0,8,13
KAF2216153,11,10,26,0,0,0,0,0,0,0,0,0,0,0,0
KAF2216154,2468,2312,2983,6,2,0,0,2,0,10,2,5,17,44,12
KAF2216155,1095,904,989,0,0,0,0,0,0,4,0,0,9,30,9
KAF2216156,658,567,505,1,0,0,0,0,0,4,4,4,36,49,13
KAF2216157,946,895,2117,0,0,0,2,0,1,10,4,2,26,56,12
KAF2216158,79,50,174,0,0,0,0,0,0,0,0,2,1,6,0
KAF2216159,508,537,2042,0,0,0,4,6,8,46,8,20,27,80,32
KAF2216160,254,284,444,0,2,0,0,0,0,0,0,0,5,15,3
KAF2216161,1306,1370,1806,2,0,0,0,0,2,4,0,0,6,22,12
KAF2216162,5446,5856,7734,1,0,0,0,0,2,26,19,12,121,265,133
KAF2216163,86,88,177,0,0,1,0,0,0,2,2,0,2,0,3
KAF2216164,257,304,236,0,0,0,0,0,3,0,0,0,18,22,3
KAF2216165,2411,2437,3605,0,0,2,2,2,0,20,4,2,21,40,9
KAF2216166,1730,1679,2929,0,0,6,0,0,0,29,8,9,70,133,41
KAF2216168,0,0,0,0,0,0,0,0,0,0,0,0,0,0,0
KAF2216167,929,796,1761,0,0,0,5,2,5,15,4,9,56,116,38
KAF2216169,480,330,498,0,0,0,0,2,0,3,4,2,19,76,31
KAF2216170,1517,1450,2425,0,0,0,0,1,6,13,15,8,92,190,101
KAF2216171,11,16,16,0,0,0,0,0,0,0,0,2,0,2,0
KAF2216172,451,396,614,0,0,0,0,0,0,22,14,24,82,200,86
KAF2216173,351,203,382,0,0,0,2,0,6,55,10,10,171,435,134
KAF2216174,280,255,427,0,0,0,2,0,2,24,8,9,38,68,28
KAF2216175,112,102,224,0,0,0,0,0,0,2,2,0,6,16,8
KAF2216176,3038,2647,2009,2,0,2,2,0,0,40,18,6,80,144,70
KAF2216177,5969,5238,5426,0,2,0,6,2,4,31,10,12,97,159,61
KAF2216178,400,340,389,0,2,0,0,0,2,4,2,2,24,35,24
KAF2216179,1022,1123,3189,0,0,0,15,0,4,18,9,2,75,199,111
KAF2216180,401,326,374,0,0,0,0,0,0,0,0,2,10,13,10
KAF2216181,394,284,396,0,0,0,2,0,0,5,0,0,4,27,4
KAF2216182,6835,6699,7186,0,0,2,6,4,1,30,10,15,61,150,81
KAF2216183,593,581,603,0,0,2,0,2,1,14,2,2,14,41,30
KAF2216184,790,698,1278,0,0,0,2,0,7,10,8,6,44,62,34
KAF2216185,2737,2253,2112,4,0,2,6,0,0,18,4,8,67,148,65
KAF2216186,2640,2188,681,2,0,0,0,0,0,2,2,0,11,24,2
KAF2216187,3301,3338,3256,0,2,0,2,2,4,21,16,6,136,394,213
KAF2216188,21364,19000,4393,10,6,4,8,6,4,26,12,8,101,234,102
KAF2216189,496,483,680,0,2,2,0,0,0,2,0,0,7,30,10
KAF2216190,1127,1156,1678,5,1,2,0,2,0,14,2,4,23,49,11
KAF2216191,3515,3168,2033,0,0,4,2,0,3,14,2,2,47,41,22
KAF2216192,27569,24989,19841,17,4,13,3,2,2,20,23,22,105,220,109
KAF2216193,8135,6973,5123,5,9,0,1,0,2,15,4,13,66,126,42
KAF2216194,6064,5822,6960,7,10,11,2,0,2,5,0,8,32,88,37
KAF2216195,2822,2650,2084,0,0,3,0,0,4,2,2,2,21,64,27
KAF2216196,1747,1652,1811,0,0,0,0,2,0,8,2,6,32,55,24
KAF2216197,320,356,412,0,0,0,0,0,0,6,0,0,17,20,8
KAF2216198,2761,3345,5014,0,0,2,16,8,10,78,19,18,289,668,277
KAF2216199,8,9,25,0,0,0,0,0,0,0,0,0,4,0,0
KAF2216200,136,167,197,0,0,0,0,0,0,5,0,0,6,13,2
KAF2216201,237,256,430,2,0,0,0,0,1,0,1,0,2,4,0
KAF2216202,13134,11821,10238,2,4,2,0,4,2,27,18,20,93,176,90
KAF2216203,4531,4264,4857,0,0,4,2,0,6,7,2,8,27,50,20
KAF2216204,0,0,0,0,0,0,0,0,0,0,0,0,0,0,0
KAF2216205,7347,5936,5328,6,2,4,0,6,2,49,8,12,92,208,89
KAF2216206,131,128,132,0,0,0,0,0,0,0,0,0,2,0,2
KAF2216207,4349,4343,7505,4,0,0,9,3,0,28,2,8,48,122,31
KAF2216208,1410,1793,2344,0,0,0,0,6,0,14,12,12,74,196,95
KAF2216209,894,886,2274,0,0,0,0,0,0,10,2,6,26,80,29
KAF2216210,1803,1655,2015,2,4,4,0,0,1,30,11,8,128,211,65
KAF2216211,92,97,51,0,0,0,0,0,0,0,0,0,0,10,9
KAF2216212,2072,2165,2029,2,0,2,0,2,12,15,12,6,81,266,129
KAF2216213,81,90,90,0,0,0,0,0,2,0,0,0,1,2,5
KAF2216214,742,667,928,2,0,0,0,0,0,2,2,4,11,31,26
KAF2216215,131,116,189,0,0,0,0,0,0,0,0,0,3,10,6
KAF2216216,1015,1204,2136,2,0,0,0,0,10,8,0,2,35,77,38
KAF2216217,1089,1006,1298,0,0,2,0,0,2,12,0,5,32,101,43
KAF2216218,1690,1624,2064,0,0,0,0,4,2,8,2,4,43,107,68
KAF2216219,1251,1431,2664,0,0,0,2,0,0,27,2,14,91,105,83
KAF2216220,478,616,1250,0,0,0,0,2,0,16,3,4,49,88,62
KAF2216221,1996,1698,1479,0,2,0,4,0,0,14,7,4,63,91,40
KAF2216222,2780,2801,3260,0,0,0,0,0,0,0,0,0,1,6,17
KAF2216223,87,57,95,0,0,0,2,0,0,10,2,10,28,30,25
KAF2216224,1207,1424,2592,0,0,0,0,0,2,8,2,1,5,16,16
KAF2216225,907,901,1220,4,2,0,0,0,0,9,8,6,34,68,38
KAF2216226,7289,7296,8759,2,1,2,0,0,0,6,5,0,11,31,20
KAF2216227,426,373,467,0,0,0,2,2,0,0,0,2,24,36,24
KAF2216228,54577,49880,45059,24,16,24,20,8,16,110,40,54,528,1251,475
KAF2216229,56,70,85,0,0,0,0,0,0,2,0,2,10,68,23
KAF2216230,1263,1271,2152,0,0,0,0,0,0,0,0,0,3,10,4
KAF2216231,843,781,550,0,0,2,0,0,0,2,0,0,15,36,6
KAF2216232,799,826,1286,0,0,0,0,0,0,8,2,1,10,31,13
KAF2216233,1158,961,2115,0,0,0,0,0,0,14,4,2,18,29,28
KAF2216234,2052,1806,1012,2,2,1,0,0,0,8,7,2,21,43,41
KAF2216235,3097,2809,1800,0,0,1,0,0,2,8,3,6,44,60,36
KAF2216236,4895,4588,3837,1,2,0,0,0,3,27,8,4,67,141,49
KAF2216237,283,320,406,0,0,0,0,0,0,3,0,1,10,12,3
KAF2216238,8971,8426,5948,8,8,10,4,6,20,84,55,35,479,1249,691
KAF2216239,314,270,366,0,0,0,0,0,0,10,3,1,13,40,13
KAF2216240,46,50,89,0,0,0,0,0,1,1,0,0,1,4,1
KAF2216241,46,42,32,0,0,0,0,0,0,0,0,0,0,0,2
KAF2216242,16535,15196,17250,6,0,0,0,0,2,2,4,4,39,77,52
KAF2216243,41271,37664,45601,15,14,13,8,2,8,46,14,20,164,445,166
KAF2216244,261,280,407,0,0,0,0,0,0,5,0,0,2,21,10
KAF2216245,11561,11718,21365,4,2,0,0,0,6,21,8,16,48,105,37
KAF2216246,1627,1733,3001,2,0,0,0,0,0,6,0,1,3,10,6
KAF2216247,52,41,104,0,0,0,0,0,0,0,0,0,0,1,0
KAF2216248,2920,2811,2754,0,0,0,2,0,4,18,8,4,80,161,60
KAF2216249,289,292,477,0,0,0,0,0,0,2,4,0,19,41,20
KAF2216250,374,358,555,2,0,2,0,0,0,10,0,0,7,12,18
KAF2216251,5071,4927,12252,0,0,0,2,6,8,21,0,2,75,188,85
KAF2216252,686,463,537,0,0,2,0,0,0,5,0,2,6,16,4
KAF2216253,1001,870,1133,4,2,0,2,0,6,12,16,11,71,158,60
KAF2216254,2777,2342,2153,0,0,2,0,0,2,8,2,7,16,36,14
KAF2216255,625,628,1064,0,0,0,0,0,4,8,4,6,22,58,34
KAF2216256,117,155,217,0,0,0,0,0,0,2,0,0,8,4,4
KAF2216257,25268,22597,17616,18,8,14,8,0,6,64,32,45,309,662,229
KAF2216258,9182,6329,2934,8,2,0,2,0,2,20,2,4,56,71,51
KAF2216259,972,708,744,0,0,0,4,0,0,12,0,6,25,57,24
KAF2216260,1521,1490,2517,0,0,0,4,0,4,44,10,24,132,237,152
KAF2216261,175,175,502,0,2,0,0,0,0,3,2,2,10,18,7
KAF2216262,358,294,540,0,0,0,0,0,0,6,7,5,22,39,15
KAF2216263,574,645,859,0,0,0,0,0,0,8,4,0,8,16,8
KAF2216264,137,172,409,0,0,0,0,0,2,6,2,8,42,70,22
KAF2216265,1438,1316,1217,0,0,2,0,0,0,14,4,9,33,88,64
KAF2216266,982,863,1613,0,0,0,0,0,2,10,2,4,30,56,31
KAF2216267,569,638,952,0,0,0,0,0,0,12,2,0,34,92,32
KAF2216268,31771,41708,118903,4,0,8,23,28,20,42,12,44,60,73,79
KAF2216269,922,926,1256,0,0,0,2,2,0,2,0,2,27,28,10
KAF2216270,208,169,361,1,0,0,0,0,0,1,0,1,9,10,2
KAF2216271,71,64,79,0,0,0,0,0,0,0,0,0,0,7,4
KAF2216272,929,647,45,5,0,2,4,0,2,0,2,0,4,4,6
KAF2216273,1189,917,785,0,0,0,2,4,1,6,0,1,15,38,8
KAF2216274,3383,3386,5309,0,0,2,2,0,2,17,7,10,58,118,35
KAF2216275,41098,42098,35386,2,6,12,6,4,18,76,17,27,275,508,189
KAF2216276,229,251,814,0,0,0,0,2,10,76,23,27,259,515,211
KAF2216277,1913,1702,3224,0,2,0,8,0,0,11,4,4,66,77,37
KAF2216278,237,168,363,0,0,0,0,0,0,0,2,2,11,24,12
KAF2216279,42,45,91,0,0,0,1,0,2,4,4,0,12,32,14
KAF2216280,3625,3128,2766,0,0,0,2,0,6,27,6,6,58,139,33
KAF2216281,133,106,125,0,0,0,0,0,0,1,0,1,1,1,7
KAF2216282,699,597,663,0,0,0,0,2,0,2,0,2,17,25,11
KAF2216283,407,361,859,0,0,0,0,0,0,4,0,0,8,50,26
KAF2216284,705,690,625,0,0,0,0,0,2,10,2,4,18,58,17
KAF2216285,12264,10893,3374,5,0,2,6,4,6,37,9,13,92,211,135
KAF2216286,7958,6730,12289,4,6,0,0,2,0,9,3,2,69,149,101
KAF2216287,8456,7298,4930,4,2,6,2,0,0,20,18,10,126,259,86
KAF2216288,2435,2188,2025,2,0,2,2,0,2,18,2,4,71,117,55
KAF2216289,2091,1644,1716,0,0,2,2,0,0,4,4,14,45,64,55
KAF2216290,34638,29698,28582,23,6,10,21,14,50,619,196,443,2153,3845,1075
KAF2216291,668,617,661,2,2,0,2,0,0,28,1,0,66,120,63
KAF2216292,2774,2169,1394,0,2,2,1,0,2,20,7,18,70,209,129
KAF2216293,6293,5340,3766,8,2,4,6,4,4,63,10,22,99,193,61
EFT00053797953,0,0,0,0,0,0,0,0,0,0,0,0,0,0,0
KAF2216294,521,412,1024,0,0,0,0,2,4,52,10,18,118,269,149
KAF2216295,386,404,636,0,0,0,0,0,0,2,0,0,11,37,11
KAF2216296,337,317,424,0,0,0,0,0,2,10,4,2,29,48,14
KAF2216297,1202,1022,1052,0,2,2,0,0,0,4,0,4,15,17,6
KAF2216298,2592,2722,2416,0,0,0,0,0,2,6,4,2,20,39,30
KAF2216299,547,517,1012,0,0,0,2,0,2,16,0,4,37,61,20
KAF2216300,4177,3860,4304,0,0,0,4,0,12,40,17,14,168,384,200
KAF2216301,2129,1945,2462,0,0,0,0,2,0,16,4,2,29,53,16
KAF2216302,3363,3740,13533,2,6,2,25,8,26,140,32,48,255,491,231
KAF2216303,91931,83072,22700,6,6,7,3,6,3,63,13,28,136,242,126
KAF2216304,599,575,1083,0,0,0,3,0,0,19,4,12,47,154,85
KAF2216305,1142,1055,961,4,0,0,0,0,4,8,0,4,26,60,17
KAF2216306,266,247,762,0,0,0,0,0,0,2,0,2,25,57,19
KAF2216307,2090,2013,1919,0,0,1,6,2,0,10,5,4,18,52,21
KAF2216308,316,318,310,0,0,0,0,0,0,0,2,0,4,20,13
KAF2216309,4945,4926,2836,0,0,2,0,0,0,4,0,4,16,35,15
KAF2216310,28872,25884,13041,5,3,2,0,0,3,19,14,4,75,140,79
KAF2216311,555,539,434,0,0,0,0,0,0,11,2,2,10,21,12
KAF2216312,429,355,571,0,0,0,0,0,2,39,12,8,38,102,36
KAF2216313,126,98,148,0,0,0,0,0,0,0,0,0,5,23,4
KAF2216314,1333,1269,1012,0,0,0,0,0,0,1,0,0,7,29,4
KAF2216315,330,353,466,0,0,0,0,0,2,10,2,2,24,49,21
KAF2216316,634,609,839,0,0,2,0,0,4,13,2,2,39,93,53
KAF2216317,458,459,563,0,0,0,0,0,0,4,2,0,6,13,8
KAF2216318,197,157,217,0,0,0,0,0,0,2,0,0,7,13,4
KAF2216319,2763,2433,1542,4,0,4,2,0,2,17,13,8,46,131,73
KAF2216320,4675,4020,3910,4,2,6,4,5,2,18,2,12,76,85,44
KAF2216321,3494,3024,2690,2,2,2,0,0,2,10,0,9,54,97,32
KAF2216322,6006,4806,2537,0,0,2,0,0,0,6,8,5,23,50,32
KAF2216323,100,109,228,0,0,0,1,0,0,4,4,0,5,15,3
KAF2216324,12891,11946,10006,2,0,4,14,6,10,51,17,21,179,271,151
KAF2216325,2461,2057,1711,0,0,2,2,0,0,20,11,4,14,70,48
KAF2216326,341,424,464,0,0,0,0,2,0,14,10,2,37,71,28
KAF2216327,9,0,4,0,0,0,0,0,0,0,0,0,2,0,0
KAF2216328,675,822,1054,0,0,0,0,0,0,7,2,0,26,78,33
KAF2216329,1168,897,866,2,0,0,0,0,0,4,2,0,27,126,11
KAF2216330,10779,8030,1177,0,4,2,8,2,3,14,6,10,36,58,32
KAF2216331,636,545,362,0,0,0,0,0,0,2,2,1,1,23,18
KAF2216332,2794,2547,2114,4,0,0,2,0,4,29,5,7,42,100,57
KAF2216333,942,791,913,0,0,2,0,0,0,8,3,4,39,39,10
KAF2216334,838,627,515,0,2,2,0,0,0,10,2,6,26,62,30
KAF2216335,4136,3978,4115,6,2,0,2,2,4,24,6,18,99,222,76
KAF2216336,531,391,414,0,0,0,0,0,2,9,1,2,50,76,31
KAF2216337,57,38,39,0,0,0,0,0,0,0,1,0,0,0,0
KAF2216338,1114,868,692,2,0,0,2,2,0,13,3,2,26,36,10
KAF2216339,924,850,1161,0,0,2,0,0,2,9,0,0,17,35,19
KAF2216340,550,543,1003,2,0,0,0,0,0,11,2,4,9,38,20
KAF2216341,755,697,1302,0,0,0,0,0,2,2,0,4,15,42,14
KAF2216342,1416,1210,605,4,0,0,0,0,0,8,4,0,26,31,6
KAF2216343,1222,941,661,0,0,0,0,0,0,6,0,4,25,36,8
KAF2216344,126,98,301,0,0,0,0,0,0,4,2,2,27,67,23
KAF2216345,1363,1646,5040,0,0,0,0,0,0,30,11,13,234,639,272
KAF2216346,133,80,99,0,0,0,0,0,0,0,0,4,2,8,2
KAF2216347,439,319,547,0,2,0,0,0,0,4,3,1,34,74,29
KAF2216348,329,324,517,0,0,0,2,0,2,3,0,0,12,20,16
KAF2216349,2707,2618,2525,0,0,0,2,2,6,25,7,22,108,236,99
KAF2216350,1883,1608,969,4,2,0,0,0,0,14,6,0,26,43,12
KAF2216351,30,30,25,0,0,2,0,0,0,0,0,0,2,2,2
KAF2216352,5561,4865,6641,10,1,0,2,0,4,20,7,10,52,94,40
KAF2216353,3690,3732,6346,4,2,4,2,2,4,35,4,8,172,289,133
KAF2216354,21,26,37,0,0,0,0,0,0,0,0,0,0,0,2
KAF2216355,95,68,89,0,0,0,0,0,0,2,0,0,2,11,0
KAF2216356,280,215,241,0,0,0,0,0,0,4,1,0,0,4,2
KAF2216357,13479,12270,12383,6,14,0,10,13,16,147,59,49,579,1257,649
KAF2216358,11473,10869,8018,4,6,4,10,4,16,99,49,26,409,1088,587
KAF2216359,27049,23406,20139,20,7,21,9,23,25,103,82,49,543,1374,526
KAF2216360,1763,1506,1371,2,0,2,4,1,0,22,4,4,50,113,75
KAF2216361,71,71,66,0,0,0,0,0,1,0,0,0,3,6,4
KAF2216362,376,424,1528,2,3,1,6,0,2,14,0,8,39,55,15
KAF2216363,1400,1332,1725,0,2,2,6,0,2,16,4,2,44,101,52
KAF2216364,4755,4203,2196,0,0,0,0,0,0,3,0,2,15,30,12
KAF2216365,490,438,530,0,0,0,0,0,0,11,0,2,17,40,18
KAF2216366,815,878,951,0,0,2,1,2,1,13,6,1,50,98,47
KAF2216367,1303,1237,1253,0,0,0,2,0,0,10,2,4,33,64,33
KAF2216368,7513,6390,4331,0,4,5,4,0,1,8,0,7,40,67,32
KAF2216369,488,506,666,0,0,0,0,2,0,0,0,0,6,15,1
KAF2216370,1479,1381,2337,0,0,3,4,2,4,22,2,2,52,215,70
KAF2216371,14020,12780,10173,5,10,6,0,0,0,4,5,7,56,77,30
KAF2216372,1362,1286,1964,0,0,0,4,2,0,20,8,2,28,98,41
KAF2216373,237,194,250,0,0,0,0,6,0,2,6,2,6,31,10
KAF2216374,12808,14358,9332,6,8,10,10,17,18,158,102,53,905,2289,1222
KAF2216375,522,512,443,0,2,0,0,0,0,4,6,1,17,38,19
KAF2216376,793,707,802,0,2,0,4,0,4,13,2,2,19,33,12
KAF2216377,83,103,222,0,0,0,0,0,0,2,1,4,6,22,9
KAF2216378,1142,929,1165,0,0,0,0,1,4,37,4,6,38,106,36
KAF2216379,231,286,546,0,0,0,0,0,0,2,0,0,7,31,10
KAF2216380,121,89,174,0,0,0,0,0,0,1,0,0,3,8,11
KAF2216381,819,759,1089,0,0,0,0,0,0,25,4,2,46,68,32
KAF2216382,438,525,122,0,0,0,0,0,0,2,2,0,0,2,2
KAF2216383,4992,4233,3249,2,4,2,0,0,0,6,6,8,52,81,49
KAF2216384,43,41,45,0,0,0,0,0,0,2,0,0,0,8,2
KAF2216385,1297,1110,1348,2,0,2,0,0,0,14,0,0,32,46,34
KAF2216386,5273,4117,2524,2,0,3,0,0,0,6,4,6,20,68,26
KAF2216387,14471,12597,9565,0,6,7,0,0,4,7,9,1,43,111,63
KAF2216388,1900,1848,2528,0,0,2,1,0,0,16,4,6,59,99,74
KAF2216389,1420,1487,2413,4,0,0,6,0,6,12,2,4,36,91,56
KAF2216390,179,201,351,0,0,0,2,0,0,3,0,0,11,12,2
KAF2216391,614,530,454,0,0,0,0,0,0,10,6,6,32,69,28
KAF2216392,139,140,112,0,0,0,0,0,0,0,0,0,2,0,1
KAF2216393,1433,1625,1906,0,0,0,0,0,0,12,2,0,21,59,43
KAF2216394,1471,1514,1678,0,0,0,2,0,0,4,0,2,21,29,19
KAF2216395,443,325,503,0,0,0,2,2,2,14,0,8,29,58,26
KAF2216396,3842,2917,1531,0,0,0,0,0,0,2,0,4,3,30,15
KAF2216397,548,345,398,0,2,2,2,0,2,6,4,4,107,304,179
KAF2216398,306,291,649,0,0,0,0,0,0,0,1,2,8,13,3
KAF2216399,40794,42747,64795,22,12,25,4,8,18,46,17,18,191,382,147
KAF2216400,317,260,361,0,0,0,2,0,1,3,0,0,14,24,15
KAF2216401,5564,4460,5137,4,6,3,5,8,4,48,6,19,91,222,57
KAF2216402,8735,7573,3972,4,0,0,0,0,0,21,7,8,43,68,22
KAF2216403,391,405,452,0,0,0,0,0,0,0,0,0,4,8,1
KAF2216404,122,107,168,0,0,0,0,0,0,4,0,0,7,10,4
KAF2216405,2053,1974,1935,0,0,0,0,0,0,20,2,6,70,123,56
KAF2216406,366,317,155,0,0,0,0,2,2,28,4,13,43,63,23
KAF2216407,5498,5161,6825,4,0,0,0,0,0,35,11,21,107,265,92
KAF2216408,6,10,8,0,0,0,0,0,0,2,0,0,0,1,0
KAF2216409,193,241,289,0,0,0,0,0,0,0,0,0,4,4,0
KAF2216410,2264,2013,1623,0,0,0,0,0,2,6,6,0,11,41,11
KAF2216411,1030,732,410,1,0,0,0,0,0,8,0,0,3,27,20
KAF2216412,39,60,18,0,0,0,0,0,0,0,2,0,2,6,0
KAF2216413,6105,5654,8793,2,0,2,0,4,4,27,8,4,52,108,32
KAF2216414,497,423,463,0,0,2,0,0,0,8,0,0,15,20,21
KAF2216415,662,621,622,2,2,0,0,2,0,6,2,6,8,40,19
KAF2216416,1054,871,251,0,0,0,0,2,0,4,0,6,19,59,25
KAF2216417,4774,4260,3697,0,2,0,3,2,8,37,5,7,104,243,98
KAF2216418,14541,12959,9453,8,4,4,4,8,4,41,13,13,229,468,203
KAF2216419,5806,5308,2470,2,0,4,2,0,0,12,4,4,38,65,24
KAF2216420,319,298,576,0,0,0,0,0,0,6,0,2,35,37,29
KAF2216421,4997,6677,16436,0,0,0,14,2,2,36,8,6,140,357,121
KAF2216422,2424,2034,1837,0,0,2,0,0,2,7,5,4,19,52,10
KAF2216423,768,595,605,0,0,0,2,8,10,37,2,4,61,191,92
KAF2216424,83,81,125,0,0,0,0,0,0,0,0,0,3,6,2
KAF2216425,1281,1166,1018,2,2,0,0,0,2,9,4,2,14,41,22
KAF2216426,785,789,1063,2,0,2,0,0,0,11,3,6,24,44,17
KAF2216427,201,184,301,0,0,0,0,0,0,0,0,0,2,14,0
KAF2216428,609,638,1032,0,2,0,0,0,0,12,4,5,25,50,28
KAF2216429,711,692,1014,0,0,0,0,0,0,2,0,4,16,34,4
KAF2216430,3231,2849,2014,1,0,1,4,0,0,16,12,4,61,79,35
KAF2216431,2088,1515,660,2,0,0,0,2,4,8,0,10,58,99,21
KAF2216432,5164,4926,2799,0,0,1,2,2,0,13,8,9,31,85,33
KAF2216433,90,58,175,0,0,0,0,0,0,5,0,2,2,7,2
KAF2216434,2684,2492,3054,2,2,2,2,4,0,14,10,4,78,87,46
KAF2216435,44,38,44,0,0,0,0,0,0,0,0,0,2,6,4
KAF2216436,91,138,151,0,0,0,0,0,2,2,2,0,6,15,16
KAF2216437,150,133,243,0,0,0,0,2,0,0,0,0,2,5,2
KAF2216438,740,817,1293,0,0,0,0,0,0,0,0,0,6,12,10
KAF2216439,282,268,379,0,0,0,0,0,0,4,4,4,16,28,11
KAF2216440,4786,4159,3739,0,0,6,5,2,2,33,9,21,110,228,106
KAF2216441,121,121,102,0,0,0,0,0,0,4,0,0,3,12,1
KAF2216442,952,856,920,0,0,0,0,0,0,0,0,0,14,38,12
KAF2216443,360,268,286,2,0,1,2,0,0,0,0,0,13,30,13
KAF2216444,937,1144,2791,0,0,0,0,2,0,12,3,4,16,67,24
KAF2216445,3716,3007,4074,2,0,0,6,0,2,14,4,6,27,67,28
KAF2216446,2575,3550,2743,0,0,0,0,0,0,5,7,1,42,82,40
KAF2216447,5808,6469,8494,0,0,0,0,0,0,4,4,2,21,42,5
KAF2216448,112,81,146,0,0,0,0,0,0,0,0,1,3,8,2
KAF2216449,0,0,0,0,0,0,0,0,0,0,0,0,0,0,0
KAF2216450,426,436,710,0,0,0,0,0,0,7,4,0,21,55,18
KAF2216451,807,630,623,1,0,0,0,0,0,5,1,4,8,29,0
KAF2216452,145,126,200,0,0,0,0,0,0,2,2,2,5,28,7
KAF2216453,3019,2765,3158,0,0,0,2,4,5,36,16,10,161,442,185
KAF2216454,1437,1519,1285,0,0,2,0,0,2,4,4,2,41,68,35
KAF2216455,1753,1693,386,2,3,0,0,0,2,4,2,8,18,63,26
KAF2216456,450,432,1448,0,0,0,2,0,0,6,2,5,39,144,85
KAF2216457,335,245,630,0,1,0,0,0,0,7,2,2,40,122,58
KAF2216458,732,612,659,2,1,0,2,0,0,2,0,4,6,29,10
KAF2216459,693,634,568,0,0,0,0,0,2,5,0,8,8,33,19
KAF2216460,348,307,350,0,0,0,0,0,2,3,2,0,14,26,7
KAF2216461,21,22,16,0,0,0,0,0,0,0,0,0,0,0,0
KAF2216462,2,4,11,0,0,0,0,0,0,0,0,0,0,0,1
KAF2216463,58,78,81,0,0,0,0,0,0,0,0,0,2,4,0
KAF2216464,20,26,30,0,0,0,0,0,0,1,0,0,2,4,2
KAF2216465,183,178,205,0,0,0,0,0,0,2,0,0,9,21,3
KAF2216466,184,200,273,0,0,0,0,0,0,3,2,0,7,29,7
KAF2216467,156,207,200,0,0,0,0,0,0,0,0,0,0,0,2
KAF2216468,18919,18965,9940,0,0,2,0,2,0,11,0,8,51,99,50
KAF2216469,3549,2625,1521,0,2,2,0,0,0,11,1,2,22,57,27
KAF2216470,1067,1037,1873,0,0,0,0,0,0,7,6,0,11,71,28
KAF2216471,1836,1808,2571,0,0,0,0,0,2,20,8,6,124,143,79
KAF2216472,7267,5837,4393,2,0,5,0,0,0,10,1,1,23,50,16
KAF2216473,445,413,319,0,0,0,0,0,0,3,0,0,3,5,2
KAF2216474,8612,8315,5198,1,3,5,2,0,2,19,8,6,77,142,89
KAF2216475,548,416,270,0,0,0,0,2,0,1,4,4,12,15,2
KAF2216476,8,13,5,0,0,0,0,0,0,0,0,0,0,0,0
KAF2216477,128,161,284,0,0,0,0,0,0,2,0,2,8,15,2
KAF2216478,3126,2642,2621,2,2,0,0,0,0,11,0,6,25,66,22
KAF2216479,2351,1932,2103,4,6,4,12,7,10,146,42,35,186,477,183
KAF2216480,323,332,305,0,2,2,0,0,0,0,0,1,13,13,6
KAF2216481,4988,3881,1465,8,4,8,0,0,2,4,8,2,22,41,20
KAF2216482,1027,796,941,0,0,0,0,0,0,0,0,0,0,8,0
KAF2216483,203,187,206,0,0,0,0,0,0,2,2,4,1,7,2
KAF2216484,242,198,256,2,0,0,0,0,0,2,0,2,5,19,6
KAF2216485,338,355,790,0,2,0,2,0,0,4,0,0,23,34,16
KAF2216486,479,410,421,2,0,0,0,0,0,2,0,2,21,28,17
KAF2216487,267,217,286,0,0,0,0,0,2,1,2,1,10,13,1
KAF2216488,44,56,98,0,0,0,0,0,0,0,0,0,0,0,4
KAF2216489,1470,1353,578,0,0,0,0,0,2,2,0,0,6,24,16
KAF2216490,166,111,203,0,0,0,0,0,0,0,0,0,13,22,12
KAF2216491,11666,10725,7246,0,2,6,2,2,4,28,6,20,91,151,44
KAF2216492,329,444,1114,0,0,0,0,2,0,29,5,5,56,112,20
KAF2216493,398,465,1227,0,0,0,2,2,1,18,8,0,45,144,56
KAF2216494,3218,2749,2029,0,0,0,2,0,1,15,4,4,36,72,35
KAF2216495,28054,27382,17733,2,4,2,6,0,2,25,4,16,72,120,40
KAF2216496,1987,2054,2607,0,0,0,2,0,0,12,4,7,32,110,33
KAF2216497,236,186,283,0,0,0,0,0,0,1,0,0,6,14,5
KAF2216498,1197,1023,1221,0,2,0,2,2,4,11,3,10,30,66,36
KAF2216499,1,0,6,0,0,0,0,0,0,0,0,0,0,0,0
KAF2216500,125,128,234,0,0,0,0,0,0,0,0,2,1,4,0
EFT00053797954,4,0,3,0,0,0,0,0,0,0,0,0,0,0,0
KAF2216501,75,112,210,0,0,0,2,0,0,0,0,0,4,9,4
KAF2216502,450,649,949,0,0,0,0,0,0,2,0,0,6,10,6
KAF2216503,1426,1161,582,0,2,2,2,0,2,7,0,4,35,83,19
KAF2216504,15749,14188,10757,18,3,12,16,8,22,171,118,59,748,1852,978
KAF2216505,5841,6534,15972,0,0,0,8,6,4,53,8,28,231,599,301
KAF2216506,1489,1376,704,0,0,0,0,2,0,2,0,8,21,25,15
KAF2216507,5691,5101,4518,2,0,2,4,2,2,48,12,16,103,194,74
KAF2216508,5955,5344,2381,0,0,0,2,0,0,12,6,8,58,136,57
KAF2216509,63,61,77,0,0,0,0,0,0,4,0,0,6,14,1
KAF2216510,498,539,1292,0,0,0,2,0,0,12,0,2,48,101,38
KAF2216511,500,441,1034,2,0,0,0,0,0,9,2,4,26,35,11
KAF2216512,6473,5780,5474,2,2,4,2,0,2,22,8,12,64,84,38
KAF2216513,813,714,707,0,0,0,0,0,0,12,3,3,51,60,50
KAF2216514,3712,3616,7048,0,0,0,4,2,2,42,8,7,104,179,63
KAF2216515,3590,3258,2996,0,1,2,0,0,6,17,4,15,64,93,48
KAF2216516,694,688,736,0,0,0,0,0,0,8,6,10,24,76,10
KAF2216517,18186,14875,16493,8,6,10,14,10,18,68,20,32,258,525,229
KAF2216518,175,195,325,0,0,0,0,0,1,4,3,0,18,23,7
KAF2216519,1563,1473,2520,3,0,3,1,1,0,12,2,4,40,103,41
KAF2216520,2056,1839,1832,4,6,4,0,0,0,2,10,4,32,95,36
KAF2216521,100,98,146,0,0,0,0,0,0,2,0,0,1,15,4
KAF2216522,40,52,84,0,0,0,0,0,0,2,0,2,3,14,6
KAF2216523,260,255,287,1,0,0,0,0,0,4,4,2,4,14,8
KAF2216524,1408,1220,988,0,0,0,2,0,0,21,2,2,46,67,55
KAF2216525,3500,3549,8745,0,2,4,4,0,0,44,2,6,42,95,18
KAF2216526,927,814,1150,0,0,0,0,0,4,7,3,2,17,50,29
KAF2216527,271,241,331,0,0,0,0,0,0,2,2,2,10,20,19
KAF2216528,96,95,159,0,0,0,0,0,0,6,0,0,8,14,2
KAF2216529,69,84,168,0,0,0,0,0,0,2,2,2,8,6,4
KAF2216530,808,642,754,0,0,0,0,0,0,0,0,0,6,4,4
KAF2216531,9650,8885,9041,3,0,0,0,0,0,11,5,10,22,68,31
KAF2216532,2048,1737,1785,2,2,0,0,2,2,6,2,3,48,84,44
KAF2216533,1360,1130,1587,0,2,2,0,0,2,4,0,4,10,24,10
KAF2216534,1429,1420,1306,0,0,0,0,4,0,14,4,4,42,92,36
KAF2216535,675,630,1139,0,0,1,2,0,2,18,6,1,36,103,15
KAF2216536,4329,3577,1019,4,0,0,2,0,2,12,3,2,33,30,14
KAF2216537,6019,5951,3741,0,2,0,3,0,0,9,2,6,68,150,120
KAF2216538,1616,1293,1060,0,0,4,2,0,0,10,8,4,19,70,23
KAF2216539,368,376,212,0,0,0,0,0,0,2,2,0,6,7,1
KAF2216540,128,126,286,0,0,0,2,0,2,0,4,0,6,10,8
KAF2216541,12,24,40,0,0,0,0,0,0,0,0,0,0,2,0
KAF2216542,20898,19330,15242,7,12,10,24,8,10,132,59,50,617,1542,772
KAF2216543,1670,1405,1081,2,0,0,0,0,2,9,0,3,17,48,12
KAF2216544,2916,2414,2929,0,0,0,0,0,0,14,8,10,73,161,48
KAF2216545,33,28,19,0,0,0,0,0,0,1,1,0,0,0,0
KAF2216546,1057,890,503,0,0,0,0,0,0,9,1,3,1,14,11
KAF2216547,2292,1965,990,2,0,0,4,0,0,12,0,0,9,31,14
KAF2216548,2375,2055,999,4,4,0,0,0,10,20,0,2,43,61,36
KAF2216549,29672,29549,20800,0,2,7,1,2,8,26,9,4,92,157,89
KAF2216550,5521,4951,2808,0,0,0,0,0,8,12,12,18,54,85,32
KAF2216551,1678,1347,1790,0,0,0,0,0,2,16,6,8,46,52,26
KAF2216552,13605,11365,7612,5,4,5,2,0,3,29,25,12,91,204,89
KAF2216553,349,330,512,0,0,0,0,0,0,2,0,0,14,53,26
KAF2216554,557,504,600,0,0,0,0,2,1,28,5,6,34,158,73
KAF2216555,843,818,419,0,0,0,0,0,0,7,7,1,15,16,9
KAF2216556,2205,1977,2298,4,0,0,0,0,4,8,4,6,18,44,11
KAF2216557,221,216,274,0,0,0,2,0,0,4,0,0,1,13,8
KAF2216558,743,780,749,0,0,0,2,0,0,12,4,0,17,36,31
KAF2216559,1128,1051,1210,0,0,0,0,2,0,15,2,8,51,86,36
KAF2216560,33,22,52,0,0,0,0,0,0,0,0,0,0,5,0
KAF2216561,93,103,161,0,0,0,0,0,0,2,0,0,4,4,2
KAF2216562,36,37,63,0,0,0,0,0,0,0,0,0,0,5,1
KAF2216563,767,689,715,0,0,0,0,0,0,8,2,4,22,85,18
KAF2216564,62,47,79,0,0,0,0,0,0,3,0,0,8,4,0
KAF2216565,212,165,199,0,0,0,0,0,0,3,0,0,6,12,3
KAF2216566,432,376,358,0,0,0,0,0,0,0,4,2,19,50,27
KAF2216567,13552,12358,4804,4,9,2,6,2,2,29,2,21,95,199,102
KAF2216568,3226,2843,2553,6,0,0,6,0,0,23,6,10,62,132,76
KAF2216569,173,143,182,0,0,0,0,0,0,4,0,8,30,27,18
KAF2216570,2479,2331,3516,0,0,2,4,2,10,32,4,6,74,112,50
KAF2216571,672,524,576,4,0,2,0,2,0,6,0,2,15,22,10
KAF2216572,24,8,12,0,0,0,0,0,0,0,0,0,0,2,0
KAF2216573,343,334,415,0,0,0,0,0,2,0,0,6,12,15,7
KAF2216574,747,631,626,0,2,0,0,0,0,6,6,4,17,48,15
KAF2216575,1077,980,766,0,0,0,0,0,0,12,4,0,18,35,5
KAF2216576,914,713,448,0,0,0,0,0,0,6,0,4,10,19,7
KAF2216577,667,643,637,2,0,2,0,0,0,4,2,2,18,56,15
KAF2216578,177,158,211,0,0,0,0,0,0,3,2,4,6,18,15
KAF2216579,876,731,375,2,0,0,2,0,0,0,0,0,9,22,8
KAF2216580,79,91,49,0,0,0,0,0,0,0,0,0,0,0,0
KAF2216581,1384,1149,876,2,0,0,0,0,0,6,3,0,28,53,21
KAF2216582,2554,2319,2098,0,0,0,0,1,2,6,2,4,27,46,29
KAF2216583,1466,1162,828,0,0,0,0,0,0,2,4,0,16,35,15
KAF2216584,735,520,414,0,0,0,0,0,0,0,1,2,16,15,8
KAF2216585,1493,1565,1185,0,0,0,1,0,0,8,2,0,11,24,8
KAF2216586,158,233,301,0,0,0,1,2,0,2,2,0,6,10,5
KAF2216587,11922,10480,4484,0,0,2,3,3,2,28,2,7,69,117,57
KAF2216588,561,553,179,1,0,2,0,0,0,0,1,0,10,33,7
KAF2216589,0,0,0,0,0,0,0,0,0,0,0,0,0,0,0
KAF2216590,571,520,756,0,0,0,1,0,0,0,0,0,7,28,11
KAF2216591,556,558,804,0,0,0,0,0,2,3,0,0,15,22,2
KAF2216592,778,733,2468,0,0,0,0,0,0,12,4,2,7,49,5
KAF2216593,337,280,447,0,2,0,0,0,0,14,8,2,24,42,13
KAF2216594,125,141,226,0,0,0,0,0,2,0,2,0,4,19,4
EFT00053797952,5,2,2,0,0,0,0,0,0,0,0,0,0,0,0
KAF2216595,47,53,100,0,0,0,0,0,0,0,0,0,12,14,5
KAF2216596,1171,1310,1771,2,4,0,0,2,0,3,6,3,37,81,54
KAF2216597,5216,5000,5717,6,8,4,2,0,0,30,10,10,75,168,32
KAF2216598,5165,4566,3838,6,4,8,4,4,4,20,10,12,107,236,129
KAF2216599,1596,1423,1249,0,0,0,0,2,0,0,2,6,18,25,21
KAF2216600,804,698,860,0,0,0,0,0,0,6,0,0,5,19,6
KAF2216601,44,46,46,2,0,0,0,0,0,2,0,0,0,0,0
KAF2216602,385,289,163,0,0,0,0,0,0,0,0,0,0,2,0
KAF2216603,2712,2019,1221,0,2,2,0,0,0,2,0,0,4,8,7
KAF2216604,202,217,406,0,0,0,0,0,0,0,0,0,2,4,0
KAF2216605,696,856,1132,0,0,0,0,0,2,0,0,0,18,18,12
KAF2216606,0,2,6,0,0,0,0,0,0,0,0,0,0,0,0
KAF2216607,2,10,15,0,0,0,0,0,0,0,0,0,0,0,0
KAF2216608,6075,6209,6057,0,0,0,0,0,0,6,0,4,13,19,10
KAF2216609,7644,8061,6485,0,0,0,0,0,3,24,15,11,84,191,90
KAF2216610,33501,34213,15675,0,2,4,0,0,4,14,4,2,55,135,40
KAF2216611,180,153,174,0,0,0,0,0,0,6,0,4,4,17,8
KAF2216612,451,468,1087,0,0,0,0,0,2,57,10,16,88,242,119
KAF2216613,217,281,549,0,0,0,0,0,2,14,8,1,22,51,32
KAF2216614,832,908,1315,0,0,0,4,0,4,23,6,8,46,75,40
KAF2216615,165,146,458,0,0,0,0,0,0,0,0,2,2,12,2
KAF2216616,20,24,82,0,0,0,0,0,0,0,0,0,0,1,4
KAF2216617,6984,4865,914,2,0,0,0,0,0,0,0,0,0,2,4
KAF2216618,721,644,1299,0,0,0,0,2,0,4,0,2,13,16,10
KAF2216619,644,506,252,0,0,0,0,0,0,2,0,4,5,25,11
KAF2216620,1201,1098,495,0,0,0,0,0,0,5,0,0,8,21,11
KAF2216621,1110,1077,391,2,0,0,0,0,0,6,2,2,10,25,9
KAF2216622,1729,1532,1922,0,0,0,0,2,4,18,2,2,33,51,26
KAF2216623,887,959,1369,0,0,2,2,0,0,10,2,4,50,90,19
KAF2216624,399,405,476,0,0,2,0,0,0,8,2,0,23,28,2
KAF2216625,2871,2645,3008,0,2,4,2,0,0,6,6,2,32,67,62
KAF2216626,241,167,184,2,2,0,0,0,0,0,0,0,4,19,5
KAF2216627,617,518,513,0,0,0,0,0,0,0,0,0,27,16,16
KAF2216628,1571,1372,1598,1,0,0,2,0,2,20,12,10,52,126,75
KAF2216629,368,297,340,0,0,0,0,0,0,9,0,2,9,44,12
KAF2216630,963,883,759,0,0,0,0,0,0,6,2,0,24,40,14
KAF2216631,195,157,228,0,0,0,0,0,0,1,0,0,6,8,2
KAF2216632,747,661,371,1,0,0,0,0,0,2,2,1,4,22,11
KAF2216633,727,529,306,0,1,0,0,0,0,12,1,5,19,40,13
KAF2216634,6534,6388,8738,0,0,4,8,0,8,56,15,13,162,341,127
KAF2216635,1857,1879,2269,0,0,0,3,0,8,79,18,16,114,327,189
KAF2216636,142,126,180,0,0,0,0,0,0,10,0,3,32,38,23
KAF2216637,726,749,1351,0,0,0,0,2,4,20,6,5,45,159,62
KAF2216638,54,76,99,0,0,0,0,0,0,2,0,0,2,8,1
KAF2216639,961,835,1212,0,0,0,4,0,0,0,4,0,15,12,21
KAF2216640,742,741,829,0,0,0,0,0,1,6,2,8,33,68,40
KAF2216641,108,140,215,0,0,0,0,0,0,6,1,1,24,61,21
KAF2216642,94,101,199,0,0,0,0,0,0,6,0,0,8,24,15
KAF2216643,1475,1182,1757,0,0,0,0,4,0,2,2,4,40,78,32
KAF2216644,1295,1183,776,0,0,0,0,0,0,14,4,1,29,62,28
KAF2216645,1817,1690,1957,4,4,2,2,2,0,12,2,6,28,54,4
KAF2216646,494,407,919,0,0,0,0,0,0,4,2,2,4,10,4
KAF2216647,1622,1427,1408,0,1,0,0,0,0,4,1,7,37,71,40
KAF2216648,201,202,916,0,0,0,0,0,0,10,0,2,22,73,14
KAF2216649,13,14,11,0,0,0,0,0,0,0,0,2,0,1,3
KAF2216650,2861,2798,1452,0,6,4,2,2,2,27,0,0,72,161,100
KAF2216651,3220,2726,1152,0,0,2,0,0,0,11,4,7,47,112,63
KAF2216652,457,380,491,0,0,0,0,0,0,1,0,0,11,17,9
KAF2216653,308,247,275,0,0,0,0,0,0,2,0,2,7,20,10
KAF2216654,914,800,653,0,0,0,2,0,0,4,0,0,13,10,5
KAF2216655,10961,10303,8149,4,2,6,8,5,8,43,12,15,201,467,153
KAF2216656,12352,10937,9151,6,2,6,4,6,4,36,21,9,248,432,209
KAF2216657,1248,1118,2128,0,0,0,7,4,8,70,13,24,123,273,99
KAF2216658,3536,3003,1856,0,0,0,0,0,0,12,2,6,8,31,2
KAF2216659,3727,3425,3024,2,2,4,6,2,6,14,18,2,83,157,34
KAF2216660,291,223,401,0,2,0,0,1,0,7,2,2,15,19,10
KAF2216661,286,259,258,0,0,0,0,0,2,2,0,4,13,36,11
KAF2216662,43,40,32,0,0,0,0,0,0,0,0,0,3,2,3
KAF2215548,237,206,341,2,0,0,0,0,0,2,1,3,5,55,27
KAF2215549,742,822,1053,0,0,0,0,0,0,6,0,6,45,49,30
KAF2215550,1062,1036,1356,0,0,0,2,1,0,4,2,2,10,19,5
KAF2215551,972,943,1339,2,0,0,0,2,0,4,2,4,7,17,8
KAF2215552,3590,3590,6930,0,0,0,2,2,6,22,14,16,113,253,115
KAF2215553,57,44,100,0,0,0,0,0,0,1,0,0,3,6,4
KAF2215554,2031,2327,3686,0,0,0,6,0,2,48,16,8,73,244,79
KAF2215555,802,695,836,0,0,0,0,0,2,2,2,2,25,42,22
KAF2215556,9862,8150,11111,4,2,8,2,5,2,21,8,12,147,305,127
KAF2215557,21,27,35,0,0,0,0,0,0,0,0,0,2,6,4
KAF2215558,1095,1005,681,0,0,0,2,0,0,2,2,2,24,33,14
KAF2215559,527,247,100,0,4,5,0,0,0,8,2,0,4,23,7
KAF2215560,156,192,443,0,0,0,0,0,0,4,0,2,12,10,16
KAF2215561,2547,2371,3845,2,0,0,6,0,8,30,12,10,41,89,22
KAF2215562,222,267,639,0,0,0,0,0,0,4,3,4,27,97,52
KAF2215563,99076,103091,128964,9,6,13,8,14,28,188,76,67,667,1421,656
KAF2215564,887,717,632,0,0,0,8,0,2,6,2,0,23,48,13
KAF2215565,136,144,390,0,0,0,0,0,2,16,2,2,18,52,14
KAF2215566,338,316,450,0,0,0,0,0,0,2,4,0,6,2,4
KAF2215567,86,71,99,0,0,0,0,0,0,0,0,0,1,2,4
KAF2215568,10426,9413,6146,18,8,25,0,4,2,42,2,6,76,169,80
KAF2215569,100,122,258,0,0,0,2,0,0,1,0,2,1,16,1
KAF2215570,152,152,326,0,0,0,0,0,0,2,0,0,13,26,8
KAF2215571,613,494,268,0,2,0,0,0,2,7,0,0,2,12,14
KAF2215572,402,405,793,0,0,0,0,0,0,4,0,0,6,14,4
KAF2215573,8040,7344,8396,0,0,6,10,5,16,107,16,23,314,708,300
KAF2215574,650,592,895,0,0,0,0,0,0,7,0,0,10,46,12
KAF2215575,3511,3135,6958,4,2,3,2,2,5,20,0,12,20,46,24
KAF2215576,1334,1291,1465,4,0,2,2,0,4,10,7,6,35,76,37
KAF2215577,3899,3958,4843,5,0,4,2,1,9,40,12,22,118,293,106
KAF2215578,7932,6849,8398,2,4,2,0,2,4,15,0,8,60,125,57
KAF2215579,664,602,578,0,0,0,2,0,0,4,0,4,9,20,15
KAF2215580,374,328,180,0,0,0,0,0,0,3,0,0,8,16,5
KAF2215581,831,843,444,0,0,0,0,0,2,2,0,0,18,51,24
KAF2215582,657,610,461,0,0,0,0,0,0,2,0,2,17,22,8
KAF2215583,989,783,801,0,0,0,0,0,0,8,4,1,15,39,11
KAF2215584,618,557,559,0,2,0,0,0,0,0,0,2,14,14,4
KAF2215585,40261,36081,13911,12,4,2,0,0,8,40,8,12,86,221,96
KAF2215586,394,454,754,0,0,0,0,0,0,2,2,2,18,42,8
KAF2215587,9150,8372,10762,8,4,6,10,9,13,87,38,20,300,680,269
KAF2215588,121,101,87,0,0,0,0,0,0,0,0,0,3,4,8
KAF2215589,342,320,466,4,0,2,2,0,0,4,3,1,29,81,39
KAF2215590,779,683,1165,0,0,0,2,0,2,52,18,12,123,283,139
KAF2215591,1606,1623,3640,0,0,0,0,0,0,2,2,0,21,37,15
KAF2215592,14,3,12,0,0,0,0,0,0,0,0,0,3,0,0
KAF2215593,24087,28391,92645,0,0,2,0,1,12,15,4,6,59,97,118
KAF2215594,882,786,996,0,0,2,0,0,0,0,0,2,26,26,17
KAF2215595,10160,8722,5019,4,0,4,4,4,4,29,6,1,113,225,115
KAF2215596,5422,4684,2164,0,0,0,0,0,0,8,0,2,30,55,41
KAF2215597,3214,2785,1670,4,0,2,3,0,0,19,15,9,49,100,46
KAF2215598,1131,998,406,0,2,0,0,0,2,3,0,1,14,36,13
KAF2215599,1955,1643,1726,0,0,0,2,0,0,9,2,5,18,47,25
KAF2215600,730,670,1319,0,0,0,4,2,4,14,4,2,51,56,56
KAF2215601,305,313,580,2,0,0,0,0,0,4,2,2,14,20,10
KAF2215602,157,136,223,0,0,0,0,0,0,4,0,0,7,10,10
KAF2215603,213,181,206,0,0,0,0,0,0,2,0,2,12,7,6
KAF2215604,410,563,1751,0,0,0,2,0,0,68,49,49,188,379,178
KAF2215605,69,70,136,0,0,0,0,0,0,2,0,0,4,7,3
KAF2215606,635,574,577,0,0,2,1,0,0,6,0,2,27,54,33
KAF2215607,805,628,865,0,0,2,0,1,2,14,8,5,81,113,42
KAF2215608,213,209,271,0,0,0,0,0,0,4,2,0,10,20,14
KAF2215609,3318,2779,3491,4,0,2,2,0,0,13,2,4,22,47,12
KAF2215610,36,34,20,0,0,0,0,0,0,0,0,0,2,0,0
KAF2215611,636,537,767,0,0,0,2,0,1,3,2,0,29,47,26
KAF2215612,2070,1787,3474,0,0,0,0,2,8,37,12,10,105,219,99
KAF2215613,278,212,254,2,0,0,0,0,0,1,0,0,9,9,4
KAF2215614,1023,826,1206,0,0,2,2,0,0,10,0,2,17,61,25
KAF2215615,707,869,1138,0,0,0,8,2,4,6,4,2,10,24,16
KAF2215616,123,77,87,0,0,0,0,0,0,0,0,0,10,10,5
KAF2215617,2978,2597,2512,4,1,0,2,0,6,7,2,5,42,109,31
KAF2215618,4049,3695,2853,2,4,2,0,0,0,2,2,6,36,37,8
KAF2215619,1179,952,902,0,0,0,0,0,0,3,0,2,4,18,4
KAF2215620,3491,2846,1494,2,0,4,0,0,6,12,2,0,32,53,37
KAF2215621,2960,2708,3921,6,2,0,1,2,0,8,2,0,26,56,13
KAF2215622,6478,5307,4928,3,0,1,0,0,0,14,4,8,32,67,28
KAF2215623,88,64,57,0,0,0,0,0,0,0,0,0,2,6,2
KAF2215624,19,15,20,0,0,0,0,0,0,0,0,0,0,4,4
KAF2215625,904,904,1367,0,0,0,0,0,0,8,2,6,30,37,21
KAF2215626,583,472,601,0,0,0,0,0,0,9,0,4,11,18,30
KAF2215627,119,124,235,0,0,0,2,0,0,0,0,0,2,5,2
KAF2215628,69,101,271,0,0,0,0,4,0,15,10,10,36,47,32
KAF2215629,221,275,568,0,0,0,3,0,0,4,4,2,4,36,17
KAF2215630,149,133,259,0,0,0,0,0,0,1,0,2,18,27,14
KAF2215631,205,201,289,0,0,0,0,0,0,2,4,0,19,34,38
KAF2215632,1404,1085,1564,0,0,0,4,0,5,59,12,14,102,261,63
KAF2215633,229,201,347,0,0,0,0,0,2,1,0,2,2,13,6
KAF2215634,24,36,21,0,0,0,0,0,0,0,0,1,0,0,0
KAF2215635,4570,4308,7583,0,0,0,0,0,0,6,4,2,29,48,24
KAF2215636,13470,12579,5697,2,2,4,8,0,4,65,26,29,139,275,119
KAF2215637,5320,4712,3789,2,0,0,2,0,1,26,3,10,80,130,91
KAF2215638,211,178,196,0,0,0,0,0,0,0,0,0,0,8,2
KAF2215639,226,223,334,0,0,0,0,0,0,0,6,0,8,34,10
KAF2215640,92,72,88,0,0,0,0,0,0,0,0,0,4,12,0
KAF2215641,1348,1417,3483,0,2,0,6,2,0,20,12,6,138,175,83
KAF2215642,1090,741,671,0,0,2,2,0,0,13,5,10,64,145,57
KAF2215643,2719,2256,1112,0,0,2,1,0,2,19,19,4,75,131,62
KAF2215644,22868,20459,3881,18,14,26,6,4,6,32,30,15,90,206,150
KAF2215645,7558,6992,4216,2,0,4,0,2,2,6,8,8,28,56,14
KAF2215646,342,337,731,0,0,0,0,0,0,0,0,0,2,6,18
KAF2215647,292,287,285,0,0,2,0,0,2,0,0,0,5,21,7
KAF2215648,226,190,295,0,0,0,0,0,0,21,0,3,24,38,13
KAF2215649,1772,1528,1350,0,0,0,0,0,0,7,0,2,24,28,8
KAF2215650,97,109,210,0,0,0,2,0,0,2,0,0,0,9,11
KAF2215651,1235,1031,916,0,0,0,0,0,2,2,10,4,44,69,43
KAF2215652,109,133,279,0,0,0,4,2,6,14,2,8,2,6,0
KAF2215653,6003,5417,7005,5,3,4,2,0,2,32,7,13,65,127,40
KAF2215654,331,284,587,0,0,2,0,2,0,5,0,5,5,16,4
KAF2215655,490,442,956,0,0,0,0,0,0,5,0,3,11,25,12
KAF2215656,1790,1365,832,0,0,0,0,2,2,10,6,4,33,42,40
KAF2215657,4149,3763,4239,0,0,0,2,0,4,20,4,10,63,128,70
KAF2215658,1553,1321,2060,0,0,0,8,0,4,50,10,4,53,151,35
KAF2215659,950,781,899,0,0,2,2,2,6,2,2,4,41,70,18
KAF2215660,2970,2622,1300,0,4,0,2,0,0,8,2,0,27,51,39
KAF2215661,555,442,294,0,0,0,2,0,2,6,4,4,7,15,12
KAF2215662,1190,1173,1954,4,4,0,0,0,0,10,4,2,18,72,17
KAF2215663,47,66,131,0,0,0,0,0,0,0,0,0,0,4,8
KAF2215664,75,73,198,0,0,0,0,0,0,0,0,0,8,8,6
KAF2215665,41,20,39,0,0,0,0,0,0,0,0,0,2,4,0
KAF2215666,257,216,286,2,0,0,0,0,0,6,2,0,4,9,6
KAF2215667,1938,1648,831,2,1,0,0,1,2,98,20,15,79,207,104
KAF2215668,1052,1235,2169,0,0,0,0,4,4,52,11,11,47,128,80
KAF2215669,8375,8691,5306,0,2,0,4,2,6,42,9,5,51,113,58
KAF2215670,50,77,26,0,0,0,0,0,0,0,0,0,0,0,0
KAF2215671,323,331,495,0,0,1,0,0,0,1,0,0,7,18,13
KAF2215672,378,435,431,0,4,0,0,0,0,3,0,0,10,20,12
KAF2215673,1596,1869,1974,0,0,5,2,0,0,5,5,0,29,64,27
KAF2215674,515,452,744,0,0,0,0,0,0,0,6,4,34,20,17
KAF2215675,92,118,104,0,0,2,0,0,0,3,2,0,4,12,1
KAF2215676,5,12,19,0,0,0,0,0,0,0,0,0,0,0,0
KAF2215677,2,0,5,0,0,0,0,0,0,0,0,0,0,0,0
KAF2215678,33,12,15,0,0,0,0,0,0,0,0,0,2,3,4
KAF2215679,75,51,52,0,0,0,0,0,0,0,0,0,1,3,0
KAF2215680,288,270,321,0,0,0,0,0,0,0,0,5,14,6,6
KAF2215681,413,433,533,0,2,2,0,0,0,3,1,4,19,31,18
KAF2215682,474,401,583,0,0,0,0,0,2,6,0,2,17,113,47
KAF2215683,7193,7908,8198,3,6,3,0,8,6,34,14,18,158,443,165
KAF2215684,8021,6629,4683,2,0,4,0,0,2,23,0,6,53,159,52
KAF2215685,375,366,1010,0,0,0,8,0,4,14,2,0,17,40,22
KAF2215686,1033,1081,1343,0,0,2,2,0,0,29,4,6,57,84,31
KAF2215687,508,481,664,0,0,2,0,0,0,5,2,0,19,33,25
KAF2215688,1560,1516,2291,0,0,2,0,0,0,18,1,0,23,64,32
KAF2215689,783,632,515,2,2,0,0,0,2,0,0,0,15,14,16
KAF2215690,76,82,142,0,0,0,0,0,0,6,0,3,4,24,8
KAF2215691,4502,3792,3126,4,0,4,0,0,6,10,0,11,28,53,27
KAF2215692,874,854,671,0,0,0,0,0,4,9,4,2,16,47,35
KAF2215693,126,138,185,0,0,0,0,0,0,4,6,2,10,22,6
KAF2215694,46,40,75,0,0,0,0,0,2,4,2,10,26,36,10
KAF2215695,28,27,19,0,0,0,0,0,0,2,0,0,2,4,0
KAF2215696,65,49,81,0,0,0,0,0,0,0,2,0,2,10,4
KAF2215697,72,77,39,0,0,0,0,0,0,0,0,0,8,4,8
EFT00053797934,2,4,6,0,0,0,0,0,0,0,0,0,0,0,0
KAF2215698,150,167,432,0,0,0,2,0,0,4,2,0,55,107,30
KAF2215699,73,87,110,0,0,0,0,0,2,2,0,0,4,6,4
KAF2215700,351,270,386,0,0,0,0,0,0,7,0,0,12,37,19
KAF2215701,249,232,192,4,0,0,0,0,0,0,0,0,11,20,4
KAF2215702,287,233,138,0,0,0,0,0,2,6,2,2,13,32,11
KAF2215703,19995,12393,1189,20,8,20,4,2,8,118,74,54,488,1353,562
KAF2215704,1835,1492,900,5,0,2,0,0,4,17,8,4,43,93,64
KAF2215705,1294,1057,999,2,0,2,4,0,1,18,2,2,51,121,67
KAF2215706,770,736,1076,0,0,0,0,0,0,13,9,9,34,66,40
KAF2215707,1121,1015,2088,0,0,0,4,6,8,67,24,37,129,227,101
KAF2215708,2550,2143,1590,0,2,0,4,0,0,8,2,8,46,65,28
KAF2215709,5170,4000,2599,5,0,2,2,0,2,8,8,6,38,58,22
KAF2215710,955,699,588,0,0,0,0,0,0,5,2,0,3,16,7
KAF2215711,556,514,610,0,0,0,0,0,0,2,0,2,8,42,6
KAF2215712,352,225,316,0,0,2,0,0,0,2,2,0,8,23,6
KAF2215713,874,925,1094,0,0,0,0,1,0,4,10,0,20,21,12
KAF2215714,2764,2459,2087,2,0,0,0,0,6,23,5,0,66,156,70
KAF2215715,37,46,88,0,0,0,0,0,0,24,10,2,26,40,27
KAF2215716,89,94,172,0,0,2,0,0,0,0,0,0,1,7,0
KAF2215717,188,195,399,0,0,0,0,0,0,0,2,1,6,19,8
KAF2215718,363,361,587,2,0,0,0,0,0,2,4,0,7,8,5
KAF2215719,369,365,140,0,0,0,0,0,0,2,0,0,2,7,0
KAF2215720,101,115,70,0,0,0,0,0,0,8,2,4,2,9,5
KAF2215721,1314,1375,805,0,0,2,0,0,0,1,0,4,17,18,5
KAF2215722,8653,7555,5795,1,2,2,0,0,2,20,8,7,48,123,26
KAF2215723,901,767,1090,0,0,0,0,0,0,10,0,0,24,48,10
KAF2215724,4,16,20,0,0,0,0,0,0,0,0,0,0,0,0
KAF2215725,0,4,2,0,0,0,0,0,0,0,0,0,0,1,2
KAF2215726,0,2,3,0,0,0,0,0,0,0,0,0,0,0,0
KAF2215727,8,8,0,0,0,0,0,0,0,2,0,0,0,0,0
KAF2215728,51,45,46,0,0,0,0,0,0,0,0,0,2,3,2
KAF2215729,2768,2334,749,2,2,0,0,0,0,18,4,4,40,44,18
KAF2215730,146,236,135,0,0,0,0,0,0,2,0,0,2,0,6
KAF2215731,53,53,46,0,0,0,0,0,0,0,0,2,8,3,6
KAF2215732,22,14,16,0,0,0,0,0,0,0,0,0,2,0,0
KAF2215733,18,0,12,0,0,0,0,0,0,0,0,0,2,0,2
KAF2215734,0,0,0,0,0,0,0,0,0,0,0,0,0,0,0
KAF2215735,0,0,0,0,0,0,0,0,0,0,0,0,2,4,0
KAF2215736,0,0,0,0,0,0,0,0,0,0,0,0,0,0,0
KAF2215737,0,2,0,0,0,0,0,0,0,0,0,0,0,2,14
KAF2215738,11,0,18,0,0,0,0,0,0,2,0,0,0,2,0
KAF2215739,5,0,5,0,0,0,0,0,0,0,0,0,0,0,0
KAF2215740,38,31,56,0,0,0,0,0,0,22,6,2,28,60,45
KAF2215741,2197,2172,3407,2,0,4,2,2,0,36,8,10,128,238,128
KAF2215742,24,22,32,0,0,0,0,0,0,0,0,1,0,0,2
KAF2215743,953,735,380,0,2,2,0,0,2,4,4,3,27,55,26
KAF2215744,959,967,1177,0,0,0,0,0,2,7,2,6,32,104,24
KAF2215745,24,43,82,0,0,0,0,0,0,0,0,0,0,0,0
KAF2215746,333,382,1939,0,0,0,0,0,2,2,0,0,12,35,14
KAF2215747,409,410,1294,0,0,0,0,0,0,2,3,0,16,45,25
KAF2215748,394,525,1578,0,0,0,4,0,0,20,9,2,24,60,26
KAF2215749,399,471,2430,0,0,0,0,2,2,4,0,4,2,6,5
KAF2215750,718,849,1852,0,0,1,4,0,0,28,4,6,80,212,72
KAF2215751,123,104,197,0,0,0,0,0,0,0,0,2,4,6,2
KAF2215752,2165,2018,1359,2,0,2,1,0,2,8,0,2,11,33,13
KAF2215753,3324,2919,4092,2,1,4,0,6,0,13,0,7,53,150,71
KAF2215754,206,231,343,0,0,0,2,0,0,6,6,2,8,14,22
KAF2215755,404,351,297,0,0,0,0,0,0,0,0,0,4,13,2
KAF2215756,1035,875,527,0,0,0,0,0,0,2,0,0,9,16,7
KAF2215757,16055,13423,3453,0,0,2,0,0,0,4,0,0,16,25,14
KAF2215758,3281,2447,2056,0,2,0,2,2,2,2,4,6,27,52,31
KAF2215759,1153,801,812,3,0,0,1,0,0,3,0,0,13,32,11
KAF2215760,910,623,249,0,0,0,0,0,0,2,6,0,12,30,12
KAF2215761,89,41,38,0,0,0,0,0,0,0,0,0,0,0,0
KAF2215762,51,37,17,0,0,0,0,0,0,0,0,0,0,0,4
KAF2215763,402,360,414,0,0,0,0,0,0,4,2,2,10,30,20
KAF2215764,447,494,693,0,0,0,0,0,0,4,0,0,16,27,9
KAF2215765,94,110,206,0,0,0,0,0,0,0,0,0,2,9,0
KAF2215766,56,58,140,0,0,0,0,0,0,0,0,0,0,12,1
KAF2215767,1142,1113,2042,0,0,0,2,0,2,14,2,4,22,67,15
KAF2215768,619,515,392,2,0,2,0,0,0,8,2,1,32,60,25
KAF2215769,390,331,262,1,0,0,0,0,0,0,0,0,12,18,4
KAF2215770,405,355,256,0,0,2,2,0,0,2,2,0,8,4,7
KAF2215771,149,72,122,0,0,0,0,0,0,1,0,0,2,4,0
KAF2215772,41,20,13,0,0,0,0,0,0,2,0,0,0,0,0
KAF2215773,3163,2730,2944,0,0,0,3,0,2,16,0,4,43,81,32
KAF2215774,4546,3687,2347,0,0,0,2,0,0,13,4,8,46,141,52
KAF2215775,305,310,303,0,0,0,0,0,0,7,0,2,16,26,12
KAF2215776,7185,6255,6072,0,6,8,0,0,1,33,12,23,92,249,104
KAF2215777,12798,10682,5123,2,6,8,0,0,0,10,4,4,35,59,14
KAF2215778,258,255,323,0,0,0,2,0,0,8,2,6,2,24,7
KAF2215779,397,355,411,0,0,0,0,0,0,3,3,4,6,20,9
KAF2215780,240,234,284,0,0,0,0,0,1,0,0,0,27,30,11
KAF2215781,51,58,60,0,0,0,0,0,0,0,0,0,2,13,7
KAF2215782,520,426,115,1,1,0,0,0,2,0,0,0,4,6,1
KAF2215783,13961,11793,3177,7,2,10,2,4,0,26,6,8,30,82,20
KAF2215784,206,183,301,0,0,0,2,0,0,2,0,0,0,9,0
KAF2215785,59,47,41,0,0,0,0,0,0,1,0,0,0,1,0
KAF2215786,10,16,35,0,0,0,0,0,0,10,12,13,109,137,62
KAF2215787,70,61,36,0,0,0,0,0,0,0,0,0,4,2,4
KAF2215788,676,521,339,0,0,2,0,0,0,4,0,0,9,17,3
KAF2215789,1208,1091,668,0,2,1,0,1,0,0,0,0,20,17,37
KAF2215790,3184,2663,1642,0,0,2,0,3,0,2,4,4,39,60,33
KAF2215791,16761,14325,6397,3,2,2,2,0,4,16,2,0,27,54,25
KAF2215792,56,59,113,0,2,0,0,0,0,2,0,0,6,6,2
KAF2215793,71,92,196,0,0,0,0,0,0,2,2,1,20,77,20
KAF2215794,3151,2939,3179,4,0,8,0,0,2,16,6,3,37,57,44
KAF2215795,330,326,571,0,0,0,0,0,4,26,2,2,27,45,30
KAF2215796,1036,975,1008,0,0,0,0,0,6,57,20,21,133,204,83
KAF2215797,1118,1097,1133,0,0,0,2,0,0,4,2,0,12,42,24
KAF2215798,1236,1358,882,0,0,0,0,0,0,0,0,0,1,3,1
KAF2215799,1569,1394,2261,0,4,0,2,0,0,15,9,3,74,137,81
KAF2215800,259,201,420,2,0,0,2,0,0,1,0,0,20,25,16
KAF2215801,205,217,451,0,0,0,0,0,0,6,0,4,8,17,15
KAF2215802,349,329,665,2,0,2,0,0,0,20,4,6,28,72,28
KAF2215803,226,139,178,0,0,0,0,0,0,0,0,0,6,9,0
KAF2215804,421,330,407,3,2,2,6,2,8,5,2,2,78,151,69
KAF2215805,66,55,192,0,0,0,0,0,0,0,0,0,0,8,0
KAF2215806,18,32,66,0,0,0,0,0,0,0,0,0,0,0,2
KAF2215807,194,144,485,0,0,0,0,0,0,2,0,0,11,16,10
KAF2215808,753,1145,2216,0,0,0,0,0,2,29,16,24,58,151,56
KAF2215809,58,85,175,0,0,0,0,0,0,0,0,2,4,6,4
KAF2215810,194,166,231,0,0,0,0,0,0,3,0,0,0,12,11
KAF2215811,0,11,10,0,0,0,0,0,0,0,0,0,0,2,0
KAF2215812,20,25,37,0,0,0,0,0,0,0,0,1,1,2,1
KAF2215813,0,0,0,0,0,0,0,0,0,0,0,0,0,0,0
KAF2215814,2060,1702,2309,0,0,0,2,0,2,12,2,1,46,52,34
KAF2215815,46,36,18,0,0,0,0,0,0,0,0,0,0,0,0
KAF2215816,5543,5738,4763,0,0,0,6,2,4,72,18,16,140,420,159
KAF2215817,11117,10410,10585,2,0,8,12,5,12,90,27,48,342,682,366
KAF2215818,827,771,662,0,0,0,2,0,3,2,2,3,24,52,43
KAF2215819,753,778,898,0,0,0,1,0,2,9,9,3,31,142,65
KAF2215820,2388,2272,1813,2,0,0,2,0,0,9,0,3,17,25,14
KAF2215821,3491,3192,2783,0,4,2,0,0,0,10,2,4,32,49,14
KAF2215822,949,1098,1508,0,2,2,0,0,0,4,6,1,38,52,29
KAF2215823,1092,832,448,0,0,0,0,4,0,2,2,8,10,20,13
KAF2215824,3338,2794,6405,2,0,0,0,4,2,73,20,20,135,236,119
KAF2215825,428,425,2207,0,0,0,0,0,0,0,0,0,1,6,3
KAF2215826,446,468,2072,0,0,0,0,0,0,2,0,0,2,5,2
KAF2215827,861,1054,3129,0,0,0,6,0,0,35,12,8,35,102,56
KAF2215828,103,122,279,0,0,0,0,0,0,0,2,0,7,5,3
KAF2215829,63,43,72,0,0,0,0,0,1,0,2,0,5,0,0
KAF2215830,309,254,331,0,0,0,0,0,0,2,0,0,8,26,12
KAF2215831,168,178,239,0,0,0,0,0,0,3,0,2,0,15,2
KAF2215832,2676,2136,1070,2,2,4,0,0,0,5,6,1,21,28,18
KAF2215833,137,67,44,0,0,0,0,0,0,3,0,0,3,5,2
KAF2215834,32,43,84,0,0,0,2,0,0,1,0,0,3,0,2
KAF2215835,220,246,326,0,0,0,2,0,4,0,0,0,11,29,8
KAF2215836,370,351,1206,0,0,0,1,2,0,14,0,2,10,28,12
KAF2215837,356,336,405,0,0,0,0,0,0,2,2,2,27,37,20
KAF2215838,109,119,242,0,0,0,0,0,2,2,0,0,10,12,6
KAF2215839,343,377,656,0,2,0,0,0,0,6,0,8,19,75,19
KAF2215840,962,893,1988,0,0,0,6,10,0,22,4,10,19,88,19
KAF2215841,15328,13254,9517,2,6,12,14,14,22,144,68,47,643,1644,740
KAF2215842,2608,2457,2301,2,2,0,2,0,0,22,2,8,43,87,20
KAF2215843,2646,2351,3221,4,2,6,0,2,2,23,6,9,28,115,65
KAF2215844,1578,1570,1310,0,0,2,4,2,0,6,0,0,25,44,27
KAF2215845,2061,1999,1498,0,0,0,0,0,0,6,3,2,17,36,13
KAF2215846,280,262,334,0,0,0,0,0,0,3,0,3,29,190,74
KAF2215847,302,430,1045,0,0,0,0,0,2,13,0,0,48,141,73
KAF2215848,374,391,464,0,0,0,0,0,0,2,0,2,26,48,19
KAF2215849,105,68,137,0,0,0,0,0,0,0,0,0,1,6,0
KAF2215850,2159,2088,2929,0,0,0,0,0,2,22,6,8,70,98,58
KAF2215851,143,176,236,0,0,0,0,0,0,4,0,0,4,7,3
KAF2215852,1205,1164,1174,0,0,0,0,0,0,9,2,2,28,116,46
KAF2215853,3771,3091,1753,0,2,2,0,4,0,2,4,0,21,38,20
KAF2215854,130,72,47,0,0,0,0,0,0,0,0,0,0,0,0
KAF2215855,1392,1379,1610,2,0,0,2,0,2,51,6,16,48,129,78
KAF2215856,835,931,1361,0,0,0,0,0,2,2,2,4,12,12,10
KAF2215857,8886,7618,7946,0,4,2,6,0,4,55,18,28,158,370,202
KAF2215858,975,770,716,0,0,0,0,0,0,14,5,6,13,26,22
KAF2215859,215,175,185,2,0,0,0,0,0,2,0,2,10,11,5
KAF2215860,2190,1963,1286,0,0,2,0,0,2,16,6,2,43,67,27
KAF2215861,219,210,281,0,0,0,0,0,0,0,0,0,6,12,6
KAF2215862,2309,2248,4150,0,1,0,0,0,0,18,10,12,181,368,170
KAF2215863,8620,8013,9641,0,0,6,8,0,2,45,20,12,136,320,150
KAF2215864,423,426,547,0,0,0,2,4,2,8,2,1,30,70,21
KAF2215865,1860,1762,1691,0,0,1,6,0,2,6,4,0,64,81,40
KAF2215866,2619,2460,3354,0,0,2,6,2,4,31,2,4,63,123,30
KAF2215867,111,70,280,0,0,0,0,0,0,2,0,0,9,14,2
KAF2215868,132,94,256,0,0,0,0,0,0,5,0,0,6,8,3
KAF2215869,3345,2894,3417,2,2,0,0,0,0,13,2,6,58,79,25
KAF2215870,4,4,6,0,0,0,0,0,0,0,0,0,2,4,0
KAF2215871,510,528,998,0,0,0,0,0,0,6,2,4,10,14,8
KAF2215872,10972,8544,7449,2,0,0,10,0,10,84,14,20,110,236,99
KAF2215873,1281,925,661,0,0,0,0,1,0,2,0,2,13,46,12
KAF2215874,15566,13822,9750,2,5,4,0,2,2,28,8,8,61,114,28
KAF2215875,83,60,84,0,0,0,0,0,0,0,0,0,5,8,1
KAF2215876,35,30,38,0,0,0,0,0,2,0,0,0,1,0,0
EFT00053797935,2,2,2,0,0,0,0,0,0,0,0,0,0,0,0
KAF2215877,17,35,60,0,0,0,0,0,1,12,6,4,15,52,25
KAF2215878,15311,13576,9934,10,2,8,15,15,29,138,50,74,619,1285,507
KAF2215879,1769,1603,1521,0,0,2,2,0,4,26,9,10,69,183,51
KAF2215880,121,117,122,0,0,0,0,2,0,4,0,0,6,8,3
KAF2215881,353,330,390,0,0,0,0,0,0,2,0,2,12,20,4
KAF2215882,303,226,260,0,0,2,0,0,0,4,0,2,18,6,9
KAF2215883,108,122,292,0,0,0,0,0,0,0,0,0,10,14,4
KAF2215884,1152,1339,2976,0,0,4,4,4,2,14,2,17,84,100,32
KAF2215885,515,444,484,0,0,0,0,0,0,29,16,13,135,241,110
KAF2215886,305,221,406,2,0,0,3,0,0,25,2,8,88,103,76
KAF2215887,157,162,156,2,0,0,0,2,0,21,7,10,85,147,90
KAF2215888,235,168,115,0,0,0,0,0,0,44,40,36,423,572,311
KAF2215889,74,54,58,0,0,0,0,0,2,11,6,4,69,85,38
KAF2215890,1046,1036,2713,0,0,0,0,0,0,10,0,2,15,35,10
KAF2215891,707,520,361,0,0,2,0,0,0,6,6,2,16,26,16
KAF2215892,2260,1628,457,0,0,0,0,0,2,0,2,2,8,11,12
KAF2215893,29354,25239,10524,6,2,9,2,2,2,55,10,21,111,273,132
KAF2215894,762,726,1231,0,2,1,2,0,0,11,6,2,48,72,44
KAF2215895,509,456,784,0,0,2,0,0,0,2,2,0,23,20,6
KAF2215896,22,34,45,0,0,0,0,0,0,2,0,0,2,1,0
KAF2215897,761,576,549,0,0,0,0,0,0,3,2,4,4,10,9
KAF2215898,175,158,164,0,0,0,0,0,0,2,0,0,2,7,0
KAF2215899,62,40,62,0,0,0,0,0,0,0,0,0,2,3,4
KAF2215900,12180,14403,17024,0,0,2,2,2,6,30,6,12,89,269,109
KAF2215901,8014,7722,5435,10,4,6,0,0,0,12,8,10,27,42,19
KAF2215902,28,38,39,0,0,0,0,0,0,0,0,2,0,0,0
KAF2215903,5802,6054,9403,0,0,2,8,2,1,26,6,12,54,73,34
KAF2215904,4380,3349,1406,0,0,1,3,0,0,5,4,1,17,41,26
KAF2215905,813,607,416,0,0,0,0,0,0,4,1,2,4,20,7
KAF2215906,6338,5626,7336,2,4,5,4,8,20,73,44,22,212,468,252
KAF2215907,2648,2549,1984,2,0,0,0,0,0,20,0,2,36,63,6
KAF2215908,4076,3756,2981,0,0,2,12,0,8,90,14,14,106,153,93
KAF2215909,19157,16951,4605,0,0,0,2,0,2,12,4,5,18,59,24
KAF2215910,873,680,588,0,0,0,2,0,0,6,0,0,44,53,14
KAF2215911,6394,5852,6351,0,8,2,5,2,6,18,10,6,75,160,61
KAF2215912,14967,12753,5881,2,2,8,3,2,6,0,2,0,14,40,26
KAF2215913,4,14,22,0,0,0,0,0,0,2,0,0,0,0,0
KAF2215914,175,152,260,0,0,0,0,0,0,2,0,2,4,17,0
KAF2215915,16,16,25,0,0,0,0,0,0,0,0,0,0,0,0
KAF2215916,3466,3551,4896,0,0,0,0,0,0,7,0,0,11,18,15
KAF2215917,356,317,578,0,0,1,0,0,2,6,0,0,13,18,14
KAF2215918,311,269,353,2,0,0,0,0,0,6,6,8,22,51,32
KAF2215919,3617,3051,3838,0,2,2,6,0,0,18,6,17,69,115,38
KAF2215920,3545,3295,2005,4,2,4,0,0,0,9,2,4,13,55,18
KAF2215921,1370,1431,1385,0,0,0,2,0,0,6,0,1,15,44,15
KAF2215922,1057,1034,808,0,0,0,0,0,0,1,1,0,7,9,10
KAF2215923,83785,82315,46990,8,10,8,21,7,22,88,43,18,214,350,153
KAF2215924,241,203,170,0,0,0,0,0,0,0,2,0,5,11,7
KAF2215925,486,311,435,0,0,2,0,2,0,12,4,1,11,46,21
KAF2215926,479,489,527,0,2,0,2,0,0,10,2,4,8,38,30
KAF2215927,427,334,99,2,0,0,0,4,0,10,0,4,9,23,2
KAF2215928,177,164,80,0,0,0,0,0,0,4,1,1,8,13,0
KAF2215929,92,83,196,0,0,0,0,0,0,1,0,0,4,8,4
KAF2215930,182,181,307,0,0,0,0,0,0,2,0,0,16,17,12
KAF2215931,667,530,546,0,0,0,0,0,0,2,0,0,16,14,22
KAF2215932,12975,12845,3310,0,0,4,2,6,4,7,9,8,39,118,66
KAF2215933,2247,2006,850,2,0,2,0,0,2,12,6,4,19,34,26
KAF2215934,2721,2488,1001,0,0,0,0,0,0,2,0,0,5,43,13
KAF2215935,60,55,76,0,0,0,0,0,0,2,0,0,0,4,0
KAF2215936,9,11,28,0,0,0,0,0,0,1,0,0,1,1,0
KAF2215937,5732,6335,6026,2,0,2,6,6,14,27,16,16,190,635,324
KAF2215938,168,108,278,2,0,0,0,0,0,3,0,0,5,17,4
KAF2215939,201,194,274,2,0,0,0,0,0,4,0,2,9,14,4
KAF2215940,585,549,482,0,0,0,0,0,1,0,2,2,13,36,8
KAF2215941,972,872,1244,0,0,0,2,0,0,19,2,12,42,57,53
KAF2215942,1526,1697,1587,0,0,0,0,0,2,6,2,0,26,25,19
KAF2215943,294,249,230,0,0,0,0,0,0,0,1,2,8,5,4
KAF2215944,551,435,373,0,0,0,0,0,2,3,0,0,2,17,5
KAF2215945,6198,5553,3080,0,1,0,0,0,0,11,4,2,35,77,25
KAF2215946,16412,14499,12153,0,3,2,0,0,0,0,4,0,13,29,11
KAF2215947,740,688,722,0,0,0,2,1,2,8,2,2,18,59,12
KAF2215948,1681,1427,1882,0,0,0,0,0,2,37,16,31,68,117,57
KAF2215949,3480,3139,1856,0,4,4,0,0,0,38,7,25,83,163,68
KAF2215950,19468,15870,6135,42,10,34,4,4,2,37,6,6,158,296,126
KAF2215951,7642,5607,1462,2,2,2,0,1,0,8,1,3,39,90,26
KAF2215952,2020,2154,3548,0,0,0,18,10,8,45,12,12,80,197,89
KAF2215953,1711,1877,2733,0,0,2,0,0,0,8,2,4,23,37,18
KAF2215954,15,20,26,0,0,0,0,0,0,0,0,0,0,2,2
KAF2215955,3680,3306,5338,2,0,2,0,0,0,12,0,4,25,35,32
KAF2215956,425,348,676,0,0,0,0,0,0,0,0,0,0,2,3
KAF2215957,114428,105272,95425,14,6,20,6,4,12,34,8,13,140,298,132
KAF2215958,923,898,832,0,0,0,0,2,3,3,0,2,16,28,9
KAF2215959,10814,9526,5944,7,2,3,0,0,0,23,1,3,49,109,49
KAF2215960,30323,25974,17397,12,4,6,2,1,9,10,13,19,127,288,127
KAF2215961,7540,7065,7341,5,0,3,4,0,1,24,13,1,112,221,88
KAF2215962,6422,5664,3137,2,2,0,2,0,4,28,8,0,48,131,38
KAF2215963,1288,1042,1454,2,0,0,5,0,0,6,2,2,45,109,56
KAF2215964,176,146,321,0,0,0,0,0,0,2,0,2,3,9,11
KAF2215965,981,800,1875,0,2,0,0,0,0,2,2,3,12,32,6
KAF2215966,1952,1958,2774,0,0,0,0,0,2,16,14,2,87,146,67
KAF2215967,303,346,468,2,0,0,0,2,0,3,2,5,25,37,10
KAF2215968,2275,2696,9422,0,0,0,0,0,0,2,0,0,17,16,16
KAF2215969,1717,1613,1412,0,0,2,2,0,0,14,12,2,47,128,60
KAF2215970,231,234,186,0,0,0,0,0,0,0,0,1,3,15,1
KAF2215971,70,36,55,0,0,0,0,0,0,0,0,0,0,11,3
KAF2215972,164,140,184,0,0,0,0,0,2,10,2,0,8,13,14
KAF2215973,573,473,534,0,0,0,4,0,0,6,0,0,8,32,12
KAF2215974,699,480,1067,0,0,0,0,0,4,12,14,6,35,48,24
KAF2215975,174,198,549,0,0,0,4,0,2,20,14,2,42,97,38
KAF2215976,160,155,299,0,1,0,0,0,0,2,0,0,2,21,2
KAF2215977,641,519,599,0,0,0,0,0,4,11,9,2,36,86,24
KAF2215978,2705,2273,2235,4,2,0,3,0,0,13,8,10,53,129,50
KAF2215979,21,22,22,0,0,0,0,0,0,0,0,0,0,2,2
KAF2215980,22,46,47,0,0,0,0,0,0,0,0,0,3,10,2
KAF2215981,30,36,90,0,0,0,0,0,0,0,0,0,6,0,0
KAF2215982,4587,3713,2345,0,0,0,6,1,8,61,24,23,89,193,145
KAF2215983,742,751,609,0,0,0,2,0,2,8,0,3,15,59,31
KAF2215984,74,62,104,0,0,0,0,0,0,4,0,0,4,11,3
KAF2215985,954,862,803,0,0,0,2,2,0,9,2,4,33,70,20
KAF2215986,1123,1003,686,0,2,0,0,0,1,9,0,1,17,32,18
KAF2215987,1324,889,390,0,0,0,0,0,0,0,0,0,8,4,0
KAF2215988,215,230,549,0,0,0,2,0,2,2,0,0,10,18,4
KAF2215989,1628,1444,1900,0,0,3,4,2,0,8,13,12,109,224,144
KAF2215990,1634,1416,1538,2,2,1,4,0,0,12,0,4,28,49,22
KAF2215991,3507,3284,2985,2,0,2,0,0,1,19,0,0,26,52,33
KAF2215992,1190,1065,917,0,0,0,0,0,1,5,0,2,10,32,22
KAF2215993,261,407,671,0,0,0,2,0,0,5,3,0,12,36,13
KAF2215994,348,371,426,0,2,2,0,0,0,0,0,4,11,17,4
KAF2215995,30,43,63,0,0,0,0,0,0,0,0,0,0,2,2
KAF2215996,60,35,73,0,0,0,0,0,0,0,0,0,0,3,0
KAF2215997,3628,3316,4291,0,0,0,0,0,0,5,2,3,14,40,17
KAF2215998,57,36,51,0,0,1,0,0,0,0,0,0,4,4,2
KAF2215999,144,136,169,0,0,0,0,0,0,0,0,0,6,11,3
KAF2216000,9170,8072,5535,2,8,12,0,2,2,26,12,4,94,238,74
KAF2216001,1629,1432,2928,0,0,0,0,0,2,5,2,0,13,39,21
KAF2216002,860,796,1331,2,0,0,0,0,0,16,0,2,10,22,10
KAF2216003,4846,4416,5985,0,2,2,0,2,8,21,8,14,50,121,29
KAF2216004,2509,2379,3311,0,2,0,0,0,2,24,12,10,41,106,23
KAF2216005,55,60,58,0,0,0,0,0,0,0,0,0,11,5,3
KAF2216006,168,149,378,0,0,0,0,0,4,5,0,0,4,24,6
KAF2216007,6593,6745,4438,0,0,2,6,2,4,13,2,0,22,33,16
KAF2216008,1097,966,1064,2,1,2,0,0,0,5,4,0,18,34,2
KAF2216009,8238,7391,4373,8,0,6,0,0,2,24,10,4,96,211,54
KAF2216010,47,31,44,0,0,0,0,0,0,0,0,0,0,0,0
KAF2216011,209,193,243,0,0,0,0,0,0,1,0,0,14,32,11
KAF2216012,1563,1127,954,0,0,0,0,0,0,0,2,0,20,25,2
KAF2216013,44,50,66,0,0,0,0,0,0,0,0,0,2,3,0
KAF2216014,89,66,235,0,0,0,0,0,0,0,0,0,12,21,6
KAF2216015,148,176,994,0,0,0,0,0,0,4,0,0,8,10,1
KAF2216016,400,342,457,0,0,0,0,0,0,3,2,2,15,55,22
KAF2216017,1325,1238,915,0,0,0,0,2,0,18,8,6,35,93,39
KAF2216018,2750,2648,1759,0,0,6,2,0,4,7,6,0,10,48,24
KAF2216019,54,35,50,0,0,0,0,0,0,0,0,0,0,0,0
KAF2216020,1922,1741,2148,2,0,2,10,7,13,954,236,275,2028,3881,1678
KAF2216021,371,403,703,0,0,0,0,2,0,3,0,2,25,21,19
KAF2216022,878,655,940,2,0,7,1,0,0,13,8,8,46,117,52
KAF2216023,1569,1308,1671,0,0,0,0,1,0,13,0,7,31,64,23
KAF2216024,567,552,673,0,0,3,0,0,0,5,2,4,19,39,3
KAF2216025,898,719,743,0,0,0,0,0,0,6,0,9,19,34,21
KAF2216026,2371,2096,3736,0,0,2,4,2,2,72,10,12,152,256,109
KAF2216027,624,563,517,0,0,0,0,0,4,13,4,4,10,31,6
KAF2216028,682,1136,2736,0,2,0,0,0,2,2,0,0,0,8,2
KAF2216029,82,64,181,0,0,0,0,0,0,4,0,0,3,14,7
KAF2216030,587,708,2573,2,0,0,4,6,2,36,4,6,98,236,104
KAF2216031,509,422,703,0,0,0,0,0,2,10,2,2,18,39,15
KAF2216032,269,243,174,0,2,0,0,0,0,4,0,0,0,7,5
KAF2216033,245,195,1368,0,0,0,0,0,2,6,0,8,54,80,22
KAF2216034,682,759,1139,4,0,0,6,4,6,83,20,12,129,306,114
KAF2216035,565,437,590,2,0,2,2,2,0,7,4,2,23,64,23
KAF2216036,306,216,269,0,0,0,0,0,0,8,0,0,13,32,14
KAF2216037,9140,8736,7304,6,4,4,12,0,21,113,39,18,451,919,370
KAF2216038,983,964,1044,2,0,0,0,0,2,6,0,4,26,55,21
KAF2216039,114,109,149,0,0,0,0,0,0,10,0,0,10,18,10
KAF2216040,55,57,107,0,0,0,2,0,0,0,0,0,4,2,2
KAF2216041,60,63,171,0,0,0,0,0,0,1,2,0,1,12,4
KAF2216042,2268,2229,1815,0,4,2,0,0,0,4,0,4,18,23,21
KAF2216043,11038,10991,7423,6,0,2,4,0,0,28,2,5,42,93,51
KAF2216044,234,231,300,0,0,0,0,0,0,2,0,1,6,7,2
KAF2216045,3946,3618,1999,2,2,2,2,0,2,8,0,6,43,100,38
KAF2216046,3,5,4,0,0,0,0,0,0,0,0,0,0,0,0
KAF2216047,40466,34276,25814,32,10,28,10,14,16,121,28,44,208,442,196
KAF2216048,11034,10272,8417,8,12,10,7,9,10,84,44,20,500,1151,560
KAF2216049,162,183,200,2,0,0,0,0,0,6,2,4,29,56,15
KAF2216050,135,136,240,0,0,0,0,0,0,18,2,16,18,34,14
KAF2216051,1261,1047,1208,0,2,3,0,0,0,6,2,2,44,46,9
KAF2216052,394,389,708,0,0,0,0,1,0,0,4,2,11,24,3
KAF2216053,10798,9172,10021,6,6,0,14,12,14,164,46,50,340,752,325
KAF2216054,7441,6445,3618,3,2,10,14,12,27,133,37,36,445,1020,384
KAF2216055,1524,1283,664,0,0,2,2,0,2,4,2,2,23,52,16
KAF2216056,990,861,813,0,0,2,1,0,0,12,6,2,43,65,27
KAF2216057,0,0,0,0,0,0,0,0,0,0,0,0,0,0,0
KAF2216058,38,19,51,0,0,0,0,0,0,0,0,0,1,0,0
KAF2216059,2972,2769,3497,2,0,0,6,0,10,32,16,10,109,317,141
KAF2216060,2874,2529,2057,0,2,0,0,0,2,4,2,2,16,51,10
KAF2216061,4565,4351,6387,2,2,3,0,4,4,8,2,0,57,118,41
KAF2216062,139,87,174,0,0,0,0,0,0,0,0,0,7,14,4
KAF2216063,267,180,444,0,0,0,0,1,2,9,2,9,28,48,21
KAF2216064,298,256,323,0,0,0,2,0,0,5,5,3,38,75,22
KAF2216065,850,733,559,0,0,0,0,0,0,5,1,2,20,29,14
KAF2216066,4368,4562,4589,0,0,4,6,0,0,68,4,11,166,471,252
KAF2216067,3182,2673,5079,0,0,0,2,0,0,19,2,0,37,138,40
KAF2216068,6,12,14,0,0,0,0,0,0,0,0,0,0,2,0
KAF2216069,7,7,4,0,0,0,0,0,0,1,0,1,0,0,0
KAF2216070,1079,898,756,2,2,0,2,0,8,64,11,15,70,160,48
KAF2216071,263,187,275,0,0,0,0,0,0,4,0,1,10,27,14
KAF2216072,5975,4595,1004,6,4,4,0,2,0,20,6,4,50,112,43
KAF2216073,1186,1001,1173,0,0,0,0,0,0,5,0,1,7,26,3
KAF2216074,700,744,909,0,0,0,0,0,0,3,0,3,2,13,5
KAF2216075,15274,14384,9890,4,0,0,0,0,2,33,12,7,78,188,58
KAF2216076,137,110,229,0,0,0,0,0,0,3,0,1,3,6,0
KAF2216077,5118,5509,8234,0,0,0,0,0,5,19,6,5,127,227,88
KAF2216078,7558,6761,4559,4,0,0,6,2,6,66,18,12,187,520,256
KAF2216079,1659,1277,1632,8,10,10,15,12,61,248,83,73,1009,3544,1228
KAF2216080,501,522,1262,0,0,0,1,0,0,1,1,0,9,17,3
KAF2216081,14,5,8,0,0,0,0,0,2,0,0,0,2,2,0
KAF2216082,4777,4199,2288,2,0,4,4,2,4,33,8,10,40,45,20
KAF2216083,3536,3550,4700,3,0,4,10,4,4,51,6,16,117,261,88
KAF2216084,96,77,220,0,0,0,0,0,0,0,0,0,0,1,1
KAF2216085,5497,4954,6925,2,2,4,0,0,0,24,6,15,60,118,44
KAF2216086,487,525,998,0,0,0,0,0,2,6,2,2,39,69,22
KAF2216087,2048,1713,1485,2,1,0,0,0,0,10,7,7,45,86,8
KAF2216088,460,411,431,0,2,0,0,0,2,8,0,6,24,40,16
KAF2216089,191,196,234,0,0,0,2,0,0,2,0,0,17,19,8
KAF2216090,412,404,748,0,0,0,0,0,0,11,0,4,15,21,12
KAF2216091,522,525,643,2,0,0,0,0,0,16,4,2,49,104,47
KAF2216092,3665,2846,1875,0,0,0,0,2,0,6,0,6,11,35,9
KAF2216093,571,397,356,0,0,0,0,0,0,0,0,0,0,4,4
KAF2216094,535,491,675,0,0,0,0,2,2,0,3,2,14,21,4
KAF2216095,362,338,602,0,0,0,0,0,4,7,4,6,25,50,33
KAF2216096,1195,1193,1831,0,2,0,0,0,0,14,0,4,26,33,16
KAF2216097,54,44,93,0,0,0,0,0,0,0,0,0,2,4,1
KAF2216098,148,153,205,0,0,0,0,0,0,4,0,1,6,2,4
KAF2216099,131,133,325,0,0,0,0,0,0,0,0,2,2,10,0
KAF2216100,7715,5868,902,2,0,7,2,0,0,8,2,3,22,46,21
KAF2216101,191,171,219,0,0,0,0,0,0,0,0,0,1,4,4
KAF2216102,449,393,457,2,0,0,0,2,2,0,2,0,14,24,11
KAF2216103,5353,5203,5466,2,0,4,8,6,8,65,30,14,275,631,280
KAF2216104,542,548,594,0,0,2,0,0,0,0,0,0,5,9,11
KAF2216105,407,321,510,0,0,0,0,0,1,6,6,2,55,128,61
KAF2216106,545,405,707,0,0,0,0,0,2,8,0,2,23,55,22
KAF2216107,29,38,48,0,0,0,0,0,0,0,0,0,0,0,0
KAF2216108,12,18,41,0,0,0,0,0,0,0,0,2,0,0,0
KAF2216109,158,122,227,1,0,0,0,0,2,0,1,0,7,6,4
KAF2216110,224,188,435,0,0,0,0,0,2,2,1,0,12,12,9
KAF2216111,1,5,7,0,0,0,0,0,0,0,0,0,0,4,0
KAF2216112,104,75,117,0,0,0,0,0,0,0,0,0,1,4,8
KAF2216113,0,2,0,0,0,0,0,0,0,0,0,0,0,0,0
KAF2216114,0,0,0,0,0,0,0,0,0,0,0,0,0,0,0
KAF2216115,0,0,0,0,0,0,0,0,0,0,0,0,0,0,0
KAF2215076,12655,11950,9553,8,6,9,0,4,4,16,0,8,53,86,38
KAF2215077,0,0,0,0,0,0,0,0,0,0,0,0,0,0,0
KAF2215078,14,13,26,0,0,0,0,0,0,0,0,0,0,0,0
KAF2215079,151,106,134,0,0,0,0,0,0,4,0,0,6,18,4
KAF2215080,9296,8554,7313,2,0,0,0,0,0,10,0,0,27,30,43
KAF2215081,52195,37029,9723,44,48,79,2,0,0,6,0,0,71,130,165
KAF2215082,15,14,15,0,0,0,0,0,0,0,0,0,0,2,0
KAF2215083,9885,6126,1613,8,8,12,0,2,0,4,0,0,44,75,61
KAF2215084,248,167,314,0,0,0,0,0,0,4,0,4,10,12,9
KAF2215085,67,41,62,0,0,0,0,0,0,0,2,0,3,7,0
KAF2215086,2368,2071,2832,0,0,0,8,4,0,17,0,2,38,54,24
KAF2215087,1191,1025,720,4,0,0,0,0,0,11,6,2,57,77,30
KAF2215088,2176,2066,3062,2,2,0,10,2,0,25,6,8,45,95,59
KAF2215089,1417,1285,2096,1,0,4,1,0,2,15,2,5,68,129,94
KAF2215090,177,185,236,2,0,2,0,0,0,1,2,2,7,4,1
KAF2215091,2882,2815,4542,0,0,5,0,0,2,15,4,7,28,61,26
KAF2215092,8029,9580,18029,2,6,2,2,2,4,11,0,6,54,110,43
KAF2215093,1109,723,510,0,0,1,0,0,0,4,0,0,20,25,10
KAF2215094,79,60,59,0,0,0,0,0,0,0,0,0,3,2,3
KAF2215095,90,62,46,0,0,0,1,0,0,0,0,0,4,0,2
KAF2215096,3111,2797,1056,0,0,0,2,0,0,2,3,4,28,48,22
KAF2215097,49,40,57,5,3,10,0,0,2,4,2,0,6,9,2
KAF2215098,32018,30004,32218,5,2,10,12,14,22,247,60,89,575,938,437
KAF2215099,1472,1231,2017,4,0,2,0,0,0,6,0,0,16,26,9
KAF2215100,17,17,49,0,0,0,0,0,0,0,1,0,4,4,3
KAF2215101,29574,35750,57518,0,0,0,0,0,0,10,0,4,110,225,186
KAF2215102,2292,2128,3345,0,2,0,0,0,2,4,2,0,8,22,8
KAF2215103,5590,7237,18113,2,0,0,16,4,8,88,5,12,4,55,9
KAF2215104,447,384,295,0,0,0,1,0,0,8,0,2,4,18,0
KAF2215105,4536,3850,1585,8,0,2,6,2,16,96,40,46,225,438,262
KAF2215106,3190,2680,1534,0,2,0,0,0,0,12,0,0,18,77,36
KAF2215107,54,69,36,0,0,0,0,0,0,0,0,0,0,0,0
KAF2215108,114,111,172,0,0,0,0,0,0,0,0,1,3,9,2
KAF2215109,656,550,303,0,0,0,1,0,0,2,1,0,13,31,11
KAF2215110,229,203,414,0,0,0,0,0,2,8,0,2,20,44,19
KAF2215111,6,14,25,0,0,0,0,0,2,0,0,0,0,0,0
KAF2215112,52,72,89,0,0,0,0,0,0,4,0,0,0,0,0
KAF2215113,799,702,921,0,0,0,2,0,0,2,0,0,19,31,12
KAF2215114,335,318,327,0,0,0,0,0,2,5,1,2,16,32,25
KAF2215115,222,215,310,0,0,0,0,0,0,0,0,2,5,22,6
KAF2215116,10745,9066,4932,0,0,2,4,2,4,53,12,6,89,203,127
KAF2215117,2050,1529,445,3,0,0,2,0,1,6,0,0,8,22,8
KAF2215118,917,794,1300,0,1,0,0,0,6,13,4,4,21,74,28
KAF2215119,5,2,6,0,0,0,0,0,0,0,0,0,0,0,0
KAF2215120,1079,1058,1649,1,0,0,1,1,2,8,2,6,12,37,25
KAF2215121,579,614,946,2,0,1,1,2,0,9,0,2,12,20,17
KAF2215122,472,435,563,0,0,0,0,0,0,2,4,0,17,24,12
KAF2215123,1714,1384,1359,0,0,0,0,0,2,20,2,8,49,137,62
KAF2215124,49,58,127,0,0,0,0,0,0,1,0,0,0,3,4
KAF2215125,44,30,67,0,0,0,0,0,0,0,0,0,0,2,0
KAF2215126,29,28,79,0,0,0,0,0,0,0,0,0,0,2,0
KAF2215127,36,57,98,0,0,0,0,0,0,0,0,0,0,8,2
KAF2215128,205,186,413,0,0,0,0,2,0,4,0,0,10,17,6
KAF2215129,0,0,0,0,0,0,0,0,0,0,0,0,0,0,0
KAF2215130,2919,2611,2695,2,0,0,0,2,4,7,1,0,24,36,8
KAF2215131,609,581,818,1,0,2,0,2,0,2,1,0,16,34,13
KAF2215132,45,52,64,0,0,0,0,0,0,6,0,0,0,17,8
KAF2215133,511,382,926,2,0,0,0,4,2,4,0,2,28,46,10
KAF2215134,23,21,26,0,0,0,0,0,0,0,0,0,1,2,1
KAF2215135,472,534,977,0,0,0,0,0,0,8,6,6,25,48,28
KAF2215136,1974,1763,1110,2,1,0,0,2,0,5,7,2,41,66,33
KAF2215137,2188,2012,1361,3,0,0,2,0,0,17,4,10,59,125,66
EFT00053797955,2,3,3,0,0,0,0,0,0,0,0,0,0,0,0
KAF2215138,1652,1808,2683,0,0,0,2,0,2,8,6,8,57,102,55
KAF2215139,2,0,4,0,0,0,0,0,0,0,0,0,0,0,0
KAF2215140,10,2,2,0,0,0,0,0,0,0,0,0,0,0,0
KAF2215141,7,24,52,0,0,0,0,0,0,2,0,0,0,2,0
KAF2215142,237,187,268,0,0,0,0,0,0,2,0,0,4,18,6
KAF2215143,52,48,64,0,0,0,0,0,0,1,0,0,0,2,0
KAF2215144,16,5,46,0,0,0,0,0,0,0,0,0,0,4,0
KAF2215145,3280,3006,3226,0,0,2,0,4,2,31,18,38,162,265,104
KAF2215146,5322,4876,3536,0,2,0,2,0,0,10,4,4,58,87,50
KAF2215147,742,675,679,0,0,0,0,0,0,6,2,2,2,5,2
KAF2215148,4389,4018,2653,1,0,0,1,0,2,12,2,4,39,109,56
KAF2215149,3594,2513,2632,0,0,4,2,0,0,14,6,2,33,57,55
KAF2215150,16,17,23,0,0,0,0,0,0,16,8,5,43,72,63
KAF2215151,530,445,511,0,0,0,0,0,0,14,0,0,12,23,23
KAF2215152,6711,6197,5036,2,1,2,6,2,6,34,27,9,108,237,94
KAF2215153,562,555,445,0,1,0,0,0,0,5,9,0,22,64,44
KAF2215154,1226,1012,837,0,2,0,0,0,0,1,2,0,32,28,26
KAF2215155,20,21,40,0,0,0,0,1,0,2,0,0,2,2,1
KAF2215156,487,459,536,0,0,0,0,0,0,7,0,2,3,4,2
KAF2215157,254,250,202,0,0,0,0,0,0,0,0,2,0,0,0
KAF2215158,202,132,192,0,0,0,0,0,0,3,0,2,2,4,2
KAF2215159,77,92,216,0,0,0,0,0,0,4,2,0,5,16,8
KAF2215160,913,698,681,2,0,2,0,0,0,12,2,2,34,108,27
KAF2215161,1778,1443,1211,0,2,0,2,0,0,14,4,6,40,101,37
KAF2215162,3760,3470,3866,0,2,2,0,2,0,12,3,2,30,70,35
KAF2215163,1140,889,598,0,2,0,0,2,2,6,0,2,17,64,29
KAF2215164,358,384,477,0,0,0,0,2,2,6,2,2,25,51,22
KAF2215165,5507,5204,3564,4,0,2,0,0,0,6,2,18,31,47,23
KAF2215166,85,105,57,0,0,0,0,0,0,0,0,0,0,2,0
KAF2215167,88,77,62,0,0,0,0,0,0,0,0,0,1,0,0
KAF2215168,55,56,46,0,0,0,0,0,1,0,2,0,0,0,2
KAF2215169,1090,960,826,2,0,0,0,0,1,10,2,8,15,47,23
KAF2215170,8297,6888,5905,0,2,1,4,0,2,20,8,7,60,72,33
KAF2215171,1022,1218,5927,0,0,2,26,4,12,36,2,10,58,108,99
KAF2215172,5,8,33,0,0,0,0,0,0,0,0,0,2,0,0
KAF2215173,150,89,79,0,0,0,0,0,0,0,0,0,0,3,0
KAF2215174,5359,4239,3304,0,4,6,0,0,2,22,4,17,70,161,80
KAF2215175,3576,3013,4289,0,0,0,2,0,2,21,8,13,109,170,56
KAF2215176,404,376,575,0,0,0,0,0,4,6,2,2,6,16,8
KAF2215177,646,564,441,0,2,0,0,0,0,2,0,2,6,37,21
KAF2215178,156,155,182,0,0,0,0,0,0,3,0,4,45,24,12
KAF2215179,2024,1771,1859,0,1,0,2,0,2,12,6,6,45,73,26
KAF2215180,1870,1619,1738,1,0,2,0,0,4,7,2,8,31,73,38
KAF2215181,329,297,482,0,0,0,0,2,0,6,2,0,20,26,10
KAF2215182,4041,3191,2016,0,1,1,2,0,0,6,10,1,72,94,47
KAF2215183,189,172,228,0,0,2,0,0,2,0,0,0,2,8,2
KAF2215184,722,541,1016,2,0,0,0,0,0,10,0,0,25,21,21
KAF2215185,2194,2313,5304,0,2,0,4,2,2,14,4,4,71,81,41
KAF2215186,722,623,525,0,0,0,0,0,6,18,6,0,14,56,20
KAF2215187,160,128,151,0,0,0,0,0,0,2,2,0,0,6,2
KAF2215188,12599,12895,19079,0,0,4,14,2,12,100,28,29,203,436,175
KAF2215189,287,248,253,0,0,0,0,0,0,12,0,6,7,18,31
KAF2215190,360,298,255,2,0,0,1,0,0,3,2,2,6,16,5
KAF2215191,1794,1471,1125,0,0,0,0,0,0,12,6,0,11,21,16
KAF2215192,438,424,355,0,0,0,0,0,0,4,0,0,2,16,4
KAF2215193,1695,1536,1611,0,0,0,0,0,0,9,2,2,14,51,14
KAF2215194,121,104,111,0,0,0,2,0,0,0,0,2,5,8,0
KAF2215195,366,365,888,0,2,0,2,4,6,13,4,6,20,68,29
KAF2215196,1498,1396,520,0,0,1,1,0,0,0,2,0,13,17,11
KAF2215197,2531,1951,693,4,0,4,0,0,0,5,0,5,16,41,13
KAF2215198,1,2,0,0,0,0,0,0,0,0,0,0,0,0,0
KAF2215199,2837,2549,2790,0,0,0,2,0,2,12,2,2,30,74,22
KAF2215200,1490,1259,1447,1,0,0,2,0,2,6,0,2,39,90,18
KAF2215201,37,28,53,0,0,0,0,0,0,0,0,0,0,1,1
KAF2215202,2003,1837,2802,0,2,2,0,0,0,17,3,3,26,53,28
KAF2215203,911,787,831,2,1,0,2,0,0,4,3,2,22,23,16
KAF2215204,402,358,432,2,0,0,0,0,2,1,1,0,6,29,6
KAF2215205,253,271,573,0,0,0,4,0,0,0,0,0,12,22,12
KAF2215206,5120,4253,3504,0,4,0,0,1,2,20,2,6,52,57,19
KAF2215207,2119,1650,1173,2,0,2,0,0,2,6,4,0,19,20,17
KAF2215208,2296,1959,882,2,0,4,0,0,0,6,4,0,30,35,16
KAF2215209,1717,1606,706,0,1,0,0,2,0,8,2,0,35,53,34
KAF2215210,807,748,1192,0,0,0,2,0,4,34,20,26,74,96,55
KAF2215211,471,458,358,0,0,0,0,0,0,7,0,2,16,25,6
KAF2215212,1689,1461,1632,2,0,1,2,0,2,18,2,3,24,43,35
KAF2215213,1260,1060,1122,2,0,2,0,0,1,27,7,5,70,117,59
KAF2215214,2330,1965,2000,12,0,8,8,8,27,176,36,69,223,589,199
KAF2215215,1173,934,1447,3,2,8,0,0,0,2,0,6,55,101,33
KAF2215216,1143,955,1499,0,0,2,2,2,0,17,2,10,18,66,28
KAF2215217,174,155,98,0,0,0,0,1,0,0,0,0,7,2,4
KAF2215218,1063,1075,451,0,0,0,0,0,2,5,2,4,13,24,9
KAF2215219,585,487,769,0,0,0,0,2,0,0,2,0,12,36,11
KAF2215220,415,390,1058,2,0,2,2,0,0,9,0,6,18,25,10
KAF2215221,76,52,149,0,0,0,0,0,0,0,0,1,7,9,15
KAF2215222,5599,5499,6031,0,2,2,2,0,10,50,10,24,175,355,150
KAF2215223,2513,2514,1911,0,4,0,0,2,12,20,8,4,73,209,116
KAF2215224,811,744,759,4,0,0,0,0,0,2,0,0,6,14,7
KAF2215225,255,202,144,0,1,0,0,0,0,2,0,2,4,4,0
KAF2215226,297,287,317,0,0,0,0,0,0,5,0,0,2,10,0
KAF2215227,659,507,558,0,0,0,2,0,0,0,0,6,43,71,25
KAF2215228,29421,24100,13407,9,4,16,9,5,10,93,19,34,218,547,243
KAF2215229,1577,1574,1062,0,0,0,0,2,0,1,0,2,13,52,15
KAF2215230,163,134,151,0,0,0,0,0,0,1,0,0,0,8,4
KAF2215231,988,997,1071,2,0,2,0,0,0,6,0,0,12,50,16
KAF2215232,6034,5376,6431,6,0,2,0,0,2,9,2,6,41,100,31
KAF2215233,430,420,718,0,0,0,0,4,2,6,0,0,8,28,8
KAF2215234,162,133,218,0,0,0,0,0,2,0,0,0,6,9,7
KAF2215235,904,852,1333,0,0,0,0,1,2,8,2,2,44,82,43
KAF2215236,365,348,540,0,0,2,0,2,0,18,2,0,9,47,18
KAF2215237,1671,1457,2406,0,2,0,2,0,0,10,8,8,54,50,20
KAF2215238,3138,2741,3103,0,4,0,0,0,6,27,5,6,45,99,38
KAF2215239,420,354,430,0,0,0,0,0,0,1,0,0,11,16,10
KAF2215240,0,0,0,0,0,0,0,0,0,0,0,0,0,0,0
KAF2215241,222,206,204,0,0,0,0,0,0,1,2,2,4,16,9
KAF2215242,5653,4926,4653,2,3,2,0,0,2,31,14,10,69,167,48
KAF2215243,916,875,435,0,0,0,1,0,2,10,2,7,24,45,20
KAF2215244,352,348,658,0,0,0,1,0,0,6,2,0,18,51,15
KAF2215245,2355,2327,1431,0,0,2,2,0,4,7,10,8,46,92,56
KAF2215246,255,237,529,0,0,0,0,0,0,2,0,2,32,61,13
KAF2215247,545,440,606,0,0,0,0,0,0,10,2,4,41,52,38
KAF2215248,107,112,147,0,0,0,0,0,0,2,0,0,16,12,17
KAF2215249,285,256,418,0,0,0,0,0,2,12,0,0,12,13,16
KAF2215250,17,29,18,0,0,0,0,0,0,0,0,0,0,0,0
KAF2215251,4303,3665,3095,4,2,2,0,2,6,27,16,4,74,154,84
KAF2215252,30,27,30,0,0,0,0,0,0,0,0,0,0,2,0
KAF2215253,2,2,4,0,0,0,0,0,0,0,0,0,0,0,0
KAF2215254,7,2,8,0,0,0,0,0,0,0,0,0,0,0,0
KAF2215255,2393,2306,4596,0,0,0,0,0,2,18,5,2,44,114,54
KAF2215256,6,0,17,0,0,0,0,0,0,0,0,0,0,0,1
KAF2215257,4987,5309,11552,0,0,0,3,10,6,11,8,8,20,40,12
KAF2215258,141,186,343,0,0,0,0,0,0,2,0,0,0,2,0
KAF2215259,103,108,244,0,0,0,0,0,0,2,2,0,10,12,8
KAF2215260,33,50,221,0,0,0,0,0,0,4,0,0,2,10,4
KAF2215261,94,59,171,0,0,0,0,0,0,5,2,0,9,20,13
KAF2215262,225,217,511,0,0,0,3,0,0,9,2,1,23,51,20
KAF2215263,660,619,856,0,0,0,0,0,0,4,0,0,23,26,30
KAF2215264,4262,3361,2473,6,2,4,0,2,2,10,0,6,64,89,57
KAF2215265,1953,1802,1595,0,0,0,0,0,0,2,0,0,14,15,0
KAF2215266,340,308,639,0,2,0,0,0,6,10,0,4,26,38,22
KAF2215267,10029,8371,1917,0,0,3,0,0,0,12,4,2,26,82,31
KAF2215268,1914,2366,3647,2,0,2,2,4,10,21,2,8,89,176,85
KAF2215269,432,503,1168,0,0,0,0,2,4,10,2,6,18,75,36
KAF2215270,336,314,636,0,0,0,0,0,0,14,2,8,16,40,14
KAF2215271,238,332,434,0,0,0,4,6,2,34,6,14,65,97,44
KAF2215272,229,270,665,0,0,0,2,2,4,8,2,4,28,53,20
KAF2215273,605,585,853,0,0,4,0,0,0,14,2,4,20,38,10
KAF2215274,526,425,519,0,0,1,0,0,0,0,0,0,10,17,14
KAF2215275,967,801,784,0,0,2,2,0,0,8,2,2,20,33,20
KAF2215276,95,113,164,0,0,0,0,0,1,2,2,1,6,18,18
KAF2215277,766,595,281,0,0,0,2,0,0,7,6,0,24,50,25
KAF2215278,101,76,136,0,0,0,0,0,0,2,0,0,2,12,0
KAF2215279,150,118,119,0,0,0,0,0,0,3,4,4,0,11,4
KAF2215280,1013,951,1470,0,2,2,2,0,2,12,1,0,28,85,16
KAF2215281,55,53,110,0,0,0,2,0,2,0,0,0,2,11,0
KAF2215282,940,907,903,0,0,0,0,0,8,12,2,10,53,94,32
KAF2215283,1745,1647,2510,0,0,0,2,4,2,14,8,2,45,72,50
KAF2215284,595,420,126,0,0,0,0,0,0,0,0,0,8,8,11
KAF2215285,223,282,155,2,0,0,0,0,0,0,0,0,4,8,2
KAF2215286,4196,3549,1746,0,2,4,2,0,2,25,6,6,70,162,70
KAF2215287,983,749,760,2,0,0,0,0,0,8,4,6,31,53,12
KAF2215288,595,637,497,0,1,0,2,0,0,6,0,0,2,14,0
KAF2215289,43,20,69,0,0,0,0,0,0,2,0,0,0,0,1
KAF2215290,79,63,167,0,0,0,0,0,0,4,0,0,2,6,2
KAF2215291,112,94,167,0,0,0,0,0,0,0,0,2,10,20,6
KAF2215292,0,6,2,0,0,0,0,0,0,0,0,0,0,0,0
KAF2215293,109,167,397,0,0,0,0,0,2,2,0,0,0,10,4
KAF2215294,282,281,319,0,0,0,0,0,0,10,12,6,26,80,34
KAF2215295,12,17,32,0,0,0,0,0,0,0,0,0,4,0,0
KAF2215296,518,471,1276,0,0,0,4,0,0,21,0,4,23,59,8
KAF2215297,46,28,64,0,0,0,0,0,0,0,0,1,1,0,4
KAF2215298,1622,1547,1890,0,0,0,5,0,0,20,0,6,48,173,80
KAF2215299,2479,2111,2234,0,1,3,4,0,4,26,14,8,75,149,57
KAF2215300,488,550,1057,0,0,1,3,0,4,10,0,4,14,47,12
KAF2215301,452,538,1212,0,0,0,0,0,0,3,0,0,22,25,5
KAF2215302,29789,26395,19491,19,4,19,13,7,4,35,13,13,127,246,100
KAF2215303,2559,2361,4255,0,0,0,2,2,0,8,4,6,28,46,24
KAF2215304,1590,1536,2443,0,2,0,0,0,0,7,0,2,22,16,8
KAF2215305,719,802,1941,0,0,2,0,0,0,0,0,0,11,47,22
KAF2215306,861,824,686,0,0,0,0,0,0,11,0,0,16,23,4
KAF2215307,954,1119,1087,2,0,0,2,0,2,4,0,0,10,42,24
KAF2215308,138,155,71,0,0,0,0,0,2,0,0,0,2,0,0
KAF2215309,514,495,166,0,0,0,0,0,0,4,6,4,23,26,56
KAF2215310,780,739,1485,0,0,0,0,0,0,10,2,2,16,90,26
KAF2215311,542,506,1154,0,0,0,0,0,0,6,2,0,22,46,30
KAF2215312,769,798,1258,0,2,0,2,0,2,6,4,2,8,42,14
KAF2215313,174,147,270,0,0,0,0,0,0,6,0,0,4,8,0
KAF2215314,19018,17026,11165,4,8,6,8,2,4,22,2,2,26,61,18
KAF2215315,285,308,463,0,0,0,0,0,0,0,0,0,4,8,12
KAF2215316,191,157,115,0,0,0,0,0,0,0,0,0,0,0,3
KAF2215317,79,67,109,0,0,0,0,0,0,3,0,0,0,1,0
KAF2215318,543,462,865,0,0,0,0,0,0,7,1,0,11,28,12
KAF2215319,182,133,356,0,0,0,0,0,2,7,0,4,5,11,6
KAF2215320,735,638,459,0,0,0,0,1,0,2,0,0,6,7,8
KAF2215321,23,48,155,0,0,0,0,0,0,3,0,0,3,11,2
KAF2215322,0,0,0,0,0,0,0,0,0,0,0,0,0,0,0
KAF2215323,77,92,107,0,0,0,0,0,0,2,0,0,4,8,8
KAF2215324,133,139,151,0,0,0,0,0,2,1,0,0,2,2,1
KAF2215325,43,52,119,0,0,0,0,0,0,0,0,0,0,0,0
KAF2215326,2932,2412,2281,0,0,0,5,0,3,17,4,19,61,115,44
KAF2215327,352,264,78,0,0,0,0,0,0,0,0,0,0,10,0
KAF2215328,1221,891,790,0,4,0,0,3,0,4,4,5,18,46,24
KAF2215329,21121,20869,5313,0,0,11,7,6,2,24,9,10,85,161,79
KAF2215330,6919,6189,4858,2,2,0,0,0,2,15,4,4,41,79,34
KAF2215331,1552,1404,1637,0,0,0,0,2,1,9,0,0,20,34,8
KAF2215332,359,395,861,0,0,0,2,4,2,40,4,8,47,118,66
KAF2215333,152,139,261,0,0,0,0,2,2,7,0,0,8,15,4
KAF2215334,10973,10091,7543,3,2,6,1,4,5,8,2,2,37,82,29
KAF2215335,8688,9491,13981,0,0,0,2,8,12,172,56,50,386,932,377
KAF2215336,717,756,1008,0,0,0,0,0,0,0,0,0,0,5,6
KAF2215337,4196,4281,4643,0,0,0,1,0,0,13,2,6,20,42,10
KAF2215338,589,572,676,0,0,2,1,0,0,2,0,0,3,12,6
KAF2215339,17896,18479,18925,8,0,8,3,4,4,46,10,10,132,287,121
KAF2215340,7681,7153,7542,2,0,2,0,1,0,6,0,3,8,29,14
KAF2215341,1745,1621,2532,0,0,2,0,0,0,46,4,12,81,127,51
KAF2215342,594,601,951,0,0,0,0,2,0,10,2,9,34,49,25
KAF2215343,3460,3765,5489,0,0,1,5,4,8,19,7,0,34,78,21
KAF2215344,19519,19972,26454,2,0,5,25,0,21,107,33,35,190,382,136
KAF2215345,2134,2229,2501,0,0,2,2,0,2,4,10,0,24,109,31
KAF2215346,943,839,548,1,0,0,2,0,0,2,2,0,6,33,12
KAF2215347,290,301,214,0,0,0,0,0,0,2,0,0,2,16,12
KAF2215348,185,197,394,0,0,0,0,0,0,15,5,0,50,56,24
KAF2215349,980,909,1422,0,0,0,0,0,0,22,2,0,13,71,15
KAF2215350,2519,2287,845,4,0,0,2,0,1,8,0,2,31,52,35
KAF2215351,1067,1219,1694,2,10,8,0,0,0,2,0,0,0,20,6
KAF2215352,359,351,622,0,0,0,4,0,0,5,0,2,14,18,2
KAF2215353,1206,1019,837,4,0,0,0,0,0,0,0,4,33,34,4
KAF2215354,2506,2707,5448,0,2,0,0,0,0,12,2,5,25,45,16
KAF2215355,28,37,102,0,0,0,0,0,0,0,0,0,2,2,1
KAF2215356,241,323,526,0,0,0,0,0,0,0,8,0,12,34,2
KAF2215357,3936,3902,2715,0,0,2,4,0,2,23,2,6,79,134,58
KAF2215358,1241,1259,1644,0,0,0,0,0,0,12,0,0,34,89,34
KAF2215359,110,124,203,0,0,2,0,0,0,0,0,4,5,3,4
KAF2215360,1496,1390,989,1,2,3,0,0,0,8,4,0,34,59,30
KAF2215361,692,774,337,0,0,0,0,0,0,0,2,0,8,43,20
KAF2215362,7355,6453,3782,6,4,6,2,0,2,35,14,24,85,268,98
KAF2215363,191,197,634,0,0,0,0,0,0,6,0,0,6,21,3
KAF2215364,94,73,232,0,0,0,0,0,0,0,0,0,0,4,0
KAF2215365,2198,1993,1175,1,0,2,0,0,0,3,4,0,10,34,3
KAF2215366,905,846,699,0,0,0,0,0,0,4,7,4,37,52,37
KAF2215367,1961,1766,1504,0,0,0,2,2,0,10,4,1,68,135,80
KAF2215368,885,885,1564,0,2,0,8,0,4,29,4,2,74,154,96
KAF2215369,120,156,295,0,0,0,0,0,0,1,0,0,1,6,0
KAF2215370,129,98,174,0,0,0,0,0,0,0,0,0,4,4,0
KAF2215371,1110,970,798,2,0,0,0,0,6,20,0,0,16,31,21
KAF2215372,1401,989,541,0,0,0,2,2,0,68,20,38,58,140,32
KAF2215373,796,823,1173,0,0,0,0,0,0,4,4,2,0,16,5
KAF2215374,307,429,826,0,0,0,2,0,4,6,8,2,8,47,13
KAF2215375,454,543,1079,2,0,0,0,0,2,12,2,7,27,40,20
KAF2215376,1455,1174,818,0,0,3,0,0,0,3,2,2,17,44,24
KAF2215377,8766,7880,7510,0,2,6,12,2,14,61,18,14,199,466,228
KAF2215378,6697,5905,5643,2,0,0,2,0,0,35,13,8,79,156,103
KAF2215379,6598,6667,5489,4,0,4,4,0,0,6,0,3,14,38,4
KAF2215380,603,597,701,1,2,0,0,0,0,14,0,2,19,45,20
KAF2215381,106,101,128,0,0,0,0,0,0,10,2,0,15,59,14
KAF2215382,265,215,508,0,0,0,0,0,2,4,2,0,10,15,8
KAF2215383,169,199,410,0,0,0,0,0,0,2,0,0,6,7,6
KAF2215384,17,21,33,0,0,0,0,0,0,0,0,0,3,1,0
KAF2215385,885,759,1516,0,2,0,6,2,8,20,0,4,16,75,38
KAF2215386,625,461,356,0,0,0,0,0,0,6,0,1,9,17,12
KAF2215387,410,414,277,0,0,0,0,0,0,2,0,0,2,13,3
KAF2215388,256,268,240,0,0,0,0,0,0,2,2,0,0,14,1
KAF2215389,11166,8073,3740,1,0,0,0,0,0,2,0,0,12,55,9
KAF2215390,2617,2319,1950,2,2,6,0,0,2,10,3,4,35,24,15
KAF2215391,2174,2588,2849,0,4,0,2,2,2,33,17,12,115,342,206
KAF2215392,4452,4234,5213,0,0,0,2,0,0,4,3,4,27,31,20
KAF2215393,19,24,24,0,0,0,2,0,0,2,7,0,2,15,6
KAF2215394,490,391,350,0,0,0,0,0,0,2,2,2,13,10,10
KAF2215395,1328,1165,508,0,0,0,0,2,4,14,2,2,50,102,59
KAF2215396,1465,1236,1375,2,0,2,4,0,0,10,2,4,29,50,22
KAF2215397,1138,1168,2657,4,0,2,0,6,2,18,4,4,73,231,48
KAF2215398,26752,24127,20464,12,2,12,2,4,8,65,8,22,143,326,141
KAF2215399,594,675,2512,0,0,0,0,0,0,1,0,0,10,26,10
KAF2215400,128,127,323,0,0,0,0,0,0,4,0,0,12,28,18
KAF2215401,163,192,413,0,0,0,0,0,0,1,0,1,4,4,1
KAF2215402,40,31,7,0,0,0,0,0,0,0,0,1,3,10,6
KAF2215403,90,93,71,0,0,0,0,0,0,0,0,1,3,9,5
KAF2215404,15,20,13,0,0,0,0,0,0,1,0,0,0,1,1
KAF2215405,12694,10704,4231,5,0,2,2,0,6,11,12,12,81,168,57
KAF2215406,3082,2820,2657,2,0,3,0,0,2,16,10,2,37,91,43
KAF2215407,674,498,658,0,0,0,0,0,0,11,2,2,16,27,4
KAF2215408,28,25,38,0,0,0,0,1,0,0,1,0,0,1,1
KAF2215409,85,72,90,0,0,0,0,0,0,0,0,0,4,9,4
KAF2215410,577,556,516,0,0,0,0,0,0,4,1,1,9,21,4
KAF2215411,625,643,671,0,0,0,0,0,0,5,1,2,12,13,13
KAF2215412,1137,1028,1473,0,0,0,0,0,0,0,0,0,0,10,2
KAF2215413,201,201,203,0,0,0,0,0,0,8,1,0,4,22,11
KAF2215414,121,110,122,0,0,0,0,0,0,2,0,4,15,18,12
KAF2215415,1429,1261,1415,0,0,2,0,0,0,8,9,4,30,78,16
KAF2215416,408,401,566,0,0,4,0,0,0,0,2,2,8,41,10
KAF2215417,124,89,153,0,0,0,1,0,0,0,0,0,6,4,6
KAF2215418,157,151,218,0,0,0,0,0,0,4,2,0,24,35,7
KAF2215419,745,561,273,0,0,0,2,6,8,51,28,36,174,312,203
KAF2215420,1294,1489,2908,0,0,0,14,4,8,79,12,10,101,186,146
KAF2215421,105,55,50,0,0,0,0,2,0,2,0,2,7,20,7
KAF2215422,1319,809,1052,24,12,16,0,0,0,2,0,0,2,24,14
KAF2215423,856,696,1190,4,2,0,0,0,0,6,0,4,14,17,10
KAF2215424,227,197,326,0,0,0,0,0,0,3,0,0,4,12,4
KAF2215425,4421,4205,3553,2,2,0,0,2,1,16,4,0,33,83,31
KAF2215426,1744,2219,3919,0,0,0,2,0,0,0,0,0,4,9,4
KAF2215427,2618,2246,2572,0,2,0,0,0,0,4,2,7,27,43,16
KAF2215428,626,629,1170,0,0,0,0,2,2,12,4,2,30,52,26
KAF2215429,1111,1058,1153,0,0,0,0,0,0,2,0,2,23,40,16
KAF2215430,1459,1142,1571,0,0,0,0,2,0,75,12,42,191,284,137
KAF2215431,8710,7294,3356,1,2,0,0,0,1,10,2,6,35,79,26
KAF2215432,142,119,145,0,0,0,0,0,0,0,0,0,0,0,1
KAF2215433,530,406,513,2,0,0,0,1,0,4,0,2,7,27,20
KAF2215434,398,393,409,0,0,0,0,1,0,0,2,0,9,12,5
KAF2215435,232,278,413,0,0,0,0,0,0,0,4,2,10,20,14
KAF2215436,4086,3527,2408,0,0,0,1,0,2,20,4,5,59,92,25
KAF2215437,1695,1790,2402,0,0,0,2,0,2,5,2,4,20,35,37
KAF2215438,6247,3569,1349,2,2,0,0,0,0,5,0,2,38,73,70
KAF2215439,22,15,27,0,0,0,1,0,2,0,0,0,3,2,2
KAF2215440,5112,4096,3701,0,0,4,4,4,6,42,8,10,84,147,76
KAF2215441,4719,5290,4624,0,0,0,0,0,2,0,2,0,3,20,14
KAF2215442,35,42,146,0,0,0,0,0,0,0,0,0,0,4,2
KAF2215443,2094,1808,1605,0,2,2,0,0,0,2,0,0,32,63,19
KAF2215444,443,381,734,0,0,0,2,0,0,7,0,0,16,17,7
KAF2215445,6934,6472,4732,0,0,0,0,4,2,20,0,10,45,104,36
KAF2215446,498,370,320,0,0,0,0,0,0,7,0,2,10,8,10
KAF2215447,952,638,363,0,0,0,2,0,0,2,2,2,9,18,11
KAF2215448,28638,23056,15400,36,26,32,16,2,0,14,6,8,80,128,70
KAF2215449,504,468,423,2,0,0,0,0,0,1,6,4,14,20,7
KAF2215450,29434,25910,10761,16,2,14,4,2,6,84,16,26,132,262,87
KAF2215451,894,758,486,4,0,0,2,0,0,5,0,0,17,74,24
KAF2215452,46,22,69,0,0,0,0,0,0,0,0,0,17,24,7
KAF2215453,1149,870,475,0,0,0,0,1,2,26,8,16,76,186,51
KAF2215454,31,25,8,0,0,0,0,0,0,0,0,0,0,2,0
KAF2215455,81,66,40,0,0,0,0,0,0,0,0,0,0,10,0
KAF2215456,536,589,1030,0,0,0,0,0,2,4,0,2,6,31,12
KAF2215457,97,100,181,0,0,0,0,0,0,0,0,1,2,12,0
KAF2215458,49,63,188,0,2,0,0,0,0,0,2,0,2,14,2
KAF2215459,692,601,941,2,0,2,0,0,0,2,0,0,2,9,7
KAF2215460,235,147,143,0,0,0,0,0,0,2,0,2,2,1,4
KAF2215461,38,45,8,0,0,0,0,0,0,0,0,0,1,9,0
KAF2215462,1200,1127,169,2,0,0,0,0,0,2,0,2,0,16,6
KAF2215463,2227,2105,2055,0,0,2,5,0,4,22,8,7,51,156,86
KAF2215464,1178,1029,355,0,0,2,0,0,0,0,0,0,5,12,5
KAF2215465,558,561,1533,0,2,0,2,2,4,34,6,2,67,162,76
KAF2215466,280,375,880,0,0,0,0,0,4,28,8,7,51,46,43
KAF2215467,525,556,1411,0,0,0,0,0,2,10,6,4,36,64,35
KAF2215468,15025,13188,10829,0,2,0,0,0,0,4,0,4,20,35,15
KAF2215469,640,516,460,0,0,0,0,0,0,12,1,4,12,44,18
KAF2215470,4487,4891,4691,4,2,0,2,0,0,0,8,2,20,97,38
KAF2215472,0,0,0,0,0,0,0,0,0,0,0,0,0,0,0
KAF2215471,955,727,659,0,0,0,0,0,0,8,2,1,25,43,16
KAF2215473,589,508,473,0,0,0,0,0,0,6,0,1,25,22,12
KAF2215474,109,119,132,0,0,0,0,0,0,6,0,4,10,10,0
KAF2215475,4260,3533,2182,4,2,2,4,2,2,52,12,12,32,66,33
KAF2215476,29,21,31,0,0,0,0,0,0,0,2,0,2,8,3
KAF2215477,3273,2402,1512,0,0,4,0,0,0,17,2,19,5,13,10
KAF2215478,8791,7553,9561,12,10,10,6,4,10,137,77,79,269,447,178
KAF2215479,3825,3786,5573,2,0,0,0,0,4,2,2,0,14,26,23
KAF2215480,548,434,442,2,0,0,0,0,2,12,4,12,89,156,80
KAF2215481,1605,1272,870,2,0,2,2,0,0,6,3,2,35,73,31
KAF2215482,19105,16903,9457,18,12,19,4,6,11,53,13,31,322,626,233
KAF2215483,3062,3018,3167,0,0,0,6,0,2,45,12,4,90,179,107
KAF2215484,131,136,122,0,0,0,0,0,2,2,0,0,1,0,6
KAF2215485,635,650,633,1,0,0,0,0,4,4,4,2,12,23,14
KAF2215486,1894,1914,1609,2,2,0,0,0,0,10,2,2,26,52,13
KAF2215487,1513,1361,1499,0,0,2,0,2,2,2,0,2,21,30,8
KAF2215488,5017,4524,4297,2,6,4,2,2,8,52,12,14,60,132,50
KAF2215489,138,108,148,2,0,0,0,0,0,0,0,0,3,11,2
KAF2215490,808,789,1085,2,0,2,2,0,2,22,3,0,38,111,53
KAF2215491,836,796,1105,0,0,1,2,2,4,14,11,6,65,203,96
KAF2215492,974,943,638,0,0,0,0,0,0,6,0,4,18,19,6
KAF2215493,2,0,0,0,0,0,0,0,0,0,0,0,0,0,0
KAF2215494,98,78,212,0,0,0,0,0,0,6,0,2,11,33,14
KAF2215495,1170,849,787,0,0,2,0,0,0,2,2,0,41,62,50
KAF2215496,575,440,539,0,0,4,0,0,2,3,11,4,18,40,18
KAF2215497,6878,5882,3684,0,0,3,2,0,0,11,4,8,37,83,15
KAF2215498,3457,2969,1647,7,4,0,0,0,2,14,0,8,60,103,57
KAF2215499,1075,853,162,2,0,0,0,0,2,2,1,0,4,18,19
KAF2215500,684,527,96,0,0,2,0,0,0,0,0,0,5,13,6
KAF2215501,909,843,676,0,0,0,3,0,0,15,0,2,38,72,33
KAF2215502,290,387,701,0,0,0,0,0,0,4,2,2,8,9,3
KAF2215503,1781,1497,909,0,0,2,0,0,4,8,0,0,38,76,24
KAF2215504,481,395,495,0,0,0,0,0,1,6,2,0,6,12,12
KAF2215505,123,123,411,0,0,0,0,0,2,6,0,0,12,19,17
KAF2215506,1723,1822,6031,1,0,0,6,2,8,38,6,12,41,114,51
KAF2215507,656,683,1482,0,0,0,0,0,0,8,1,2,25,74,34
KAF2215508,1070,1022,1631,0,2,0,2,0,7,14,3,13,48,56,25
KAF2215509,677,606,950,0,0,0,0,0,0,10,0,5,11,51,33
KAF2215510,15,12,22,0,0,0,0,0,0,3,4,2,9,43,12
KAF2215511,38474,34895,19643,14,10,20,34,17,28,177,71,66,724,1751,781
KAF2215512,13259,13127,7621,2,2,0,2,0,0,22,6,14,66,94,43
KAF2215513,573,683,395,0,0,0,0,0,0,1,0,0,2,8,3
KAF2215514,343,337,249,0,0,0,0,0,0,0,0,2,2,5,10
KAF2215515,899,753,1642,0,0,0,2,0,2,6,2,2,26,35,25
KAF2215516,222,172,339,0,0,0,0,0,0,3,2,3,15,8,11
KAF2215517,1227,1452,1568,0,0,2,0,0,0,13,5,5,30,54,18
KAF2215518,2365,2205,2460,2,0,0,0,0,2,38,10,8,50,94,48
KAF2215519,168,124,440,0,1,0,0,0,0,4,0,6,0,11,4
KAF2215520,138,103,396,0,1,0,0,1,0,0,0,3,4,21,0
KAF2215521,3039,2729,4286,0,0,0,0,0,4,13,6,4,49,108,63
KAF2215522,62,62,85,0,0,0,0,0,0,0,1,0,2,19,7
KAF2215523,2765,2514,2430,2,2,0,2,0,0,6,6,2,42,94,32
KAF2215524,112,138,317,0,0,0,0,0,0,0,0,2,2,0,0
KAF2215525,79,51,145,0,0,0,0,0,0,0,0,4,6,4,5
KAF2215526,1862,2069,6186,0,0,4,4,6,10,8,5,11,25,62,14
KAF2215527,198,212,289,0,0,0,0,0,0,3,1,0,3,12,16
KAF2215528,189,186,337,0,0,0,0,0,0,4,0,0,5,11,10
KAF2215529,649,642,920,0,0,2,0,2,2,10,0,0,16,26,26
KAF2215530,615,500,684,0,0,0,0,0,0,3,0,0,9,22,15
KAF2215531,256,186,278,0,0,0,0,0,0,1,0,0,0,11,3
KAF2215532,502,304,70,0,0,0,0,0,2,6,2,4,4,7,4
KAF2215533,543,407,481,0,0,0,0,3,0,9,0,0,27,46,17
KAF2215534,243,221,207,2,0,0,0,0,0,11,1,2,33,35,29
KAF2215535,5202,4927,3343,0,2,2,3,0,6,28,0,6,73,147,35
KAF2215536,20861,22169,32773,0,0,0,0,0,0,8,4,2,70,115,67
KAF2215537,53,67,79,0,0,0,0,0,0,0,0,0,4,9,10
KAF2215538,1666,1773,2235,0,1,1,0,0,2,5,0,6,31,62,33
KAF2215539,4403,3941,4831,0,0,2,2,0,0,6,2,1,31,62,19
KAF2215540,947,789,751,0,0,0,2,0,2,8,0,2,7,13,10
KAF2215541,906,915,1366,18,2,6,0,2,2,10,7,6,108,204,66
KAF2215542,219,174,319,0,0,0,0,0,2,1,0,0,8,18,2
KAF2215543,61,67,95,0,0,0,0,0,0,1,0,0,2,4,0
KAF2215544,15124,14967,17073,0,0,2,0,0,2,4,0,2,16,50,10
KAF2215545,4664,4440,3872,0,0,2,0,0,0,12,6,0,26,78,25
KAF2215546,118,106,109,0,0,0,0,0,0,0,0,0,7,1,0
KAF2215547,2346,2080,1704,8,0,0,2,0,4,16,12,4,74,133,83
KAF2214556,804,662,462,0,0,0,0,0,2,6,4,4,18,38,14
KAF2214557,3673,3516,3584,2,2,2,4,4,4,36,4,8,93,201,111
KAF2214558,5742,6400,7252,2,4,2,6,12,10,53,28,25,149,521,209
KAF2214559,208,174,240,0,0,0,0,0,0,0,0,0,30,24,22
KAF2214560,1945,1889,2664,0,0,2,0,2,0,12,2,11,14,26,12
KAF2214561,168,161,165,0,0,0,0,0,0,0,0,0,8,23,10
KAF2214562,398,368,546,0,0,2,0,2,0,4,0,0,15,21,15
KAF2214563,185,232,576,0,3,0,2,0,0,15,8,12,7,8,0
KAF2214564,4988,4566,2630,5,2,2,2,0,0,6,2,4,63,117,78
KAF2214565,1187,1173,828,0,0,0,0,0,1,8,0,0,23,65,37
KAF2214566,1051,1072,1304,0,0,0,2,0,4,12,2,0,22,90,48
KAF2214567,1405,1306,1057,2,0,0,0,0,4,18,0,11,16,44,28
KAF2214568,1663,1631,2374,0,0,4,0,2,2,14,3,5,54,91,33
KAF2214569,669,607,766,2,3,2,2,0,7,8,5,7,41,138,58
KAF2214570,90,151,314,0,1,0,0,0,1,8,0,0,11,31,19
KAF2214571,1084,967,912,0,1,2,1,0,4,16,6,6,20,44,17
KAF2214572,464,505,871,0,0,0,0,0,0,4,4,4,14,38,23
KAF2214573,1656,1315,946,0,0,2,0,0,4,9,6,2,67,103,71
KAF2214574,3319,2781,1493,2,0,0,0,0,0,28,4,8,28,37,26
KAF2214575,1291,1260,2426,0,0,0,0,0,2,16,5,10,35,69,38
KAF2214576,217,178,283,0,0,0,0,0,0,2,3,0,9,20,2
KAF2214577,258,167,279,0,0,0,1,0,0,0,2,0,13,13,7
KAF2214578,1053,1020,628,0,0,2,4,0,2,6,0,0,17,57,24
KAF2214579,211,215,179,0,0,0,0,0,0,2,0,2,9,16,1
KAF2214580,990,868,826,0,1,4,0,0,1,11,5,2,25,88,38
KAF2214581,16252,14374,12305,8,12,24,17,14,20,179,52,59,693,1652,714
KAF2214582,1623,1665,1947,0,2,0,2,0,4,13,14,16,57,142,83
KAF2214583,189,192,341,2,0,0,0,0,0,4,2,0,6,17,3
KAF2214584,8448,8307,11097,2,0,2,2,0,0,2,0,0,25,88,32
KAF2214585,2031,1732,1311,0,0,0,2,0,6,26,6,22,72,114,70
KAF2214586,1146,1081,1257,0,0,0,6,0,4,10,0,4,35,82,24
KAF2214587,1749,1325,1128,0,2,0,4,0,2,16,4,6,25,40,37
KAF2214588,175,196,266,0,0,0,0,0,0,6,0,3,39,42,23
KAF2214589,154,131,107,0,0,0,0,0,0,2,0,0,4,2,2
KAF2214590,374,315,409,0,0,0,0,0,0,4,4,3,16,47,25
KAF2214591,2289,1910,1652,0,0,0,0,0,6,8,0,4,33,29,18
KAF2214592,730,759,1621,0,0,0,2,0,0,3,3,1,23,97,48
KAF2214593,123,172,148,0,0,0,0,0,0,2,2,0,4,7,5
KAF2214594,1667,1488,2363,0,0,0,4,2,0,24,2,10,55,144,70
KAF2214595,3713,3532,4581,0,3,0,7,0,15,46,8,14,73,237,79
KAF2214596,1267,968,1006,0,0,2,2,0,2,4,0,1,15,51,12
KAF2214597,1426,1098,927,1,0,0,0,0,0,4,0,3,14,29,19
KAF2214598,9413,8342,5882,3,2,2,5,12,22,120,40,29,498,1245,545
KAF2214599,6343,5724,6540,0,2,4,2,2,0,4,3,7,29,112,24
KAF2214600,3508,2985,2112,0,0,0,2,2,2,6,5,4,28,70,19
KAF2214601,775,545,1339,0,0,0,1,2,0,15,9,4,43,75,27
KAF2214602,1259,1132,1538,0,0,2,0,2,6,18,4,8,41,126,64
KAF2214603,280,235,304,0,0,0,0,0,0,8,0,0,9,12,6
KAF2214604,573,636,757,0,0,2,0,0,0,10,0,2,22,47,25
KAF2214605,2426,2135,1009,0,0,2,0,0,4,6,3,6,26,22,18
KAF2214606,134,129,189,0,0,0,0,0,0,3,0,2,14,42,14
KAF2214607,18891,13537,3041,19,10,14,51,12,22,197,77,55,676,1415,487
KAF2214608,263,244,317,0,0,0,5,2,2,3,1,6,19,38,7
KAF2214609,943,864,2145,2,0,2,2,0,0,7,3,2,10,21,14
KAF2214610,66,67,37,0,0,0,0,0,0,0,0,0,0,0,0
KAF2214611,22449,26880,58967,2,2,4,2,8,4,53,20,36,191,365,160
KAF2214612,2922,2499,2803,2,0,0,2,0,1,15,6,4,33,54,29
KAF2214613,20095,15815,7131,19,16,18,4,4,5,91,14,45,272,589,260
KAF2214614,651,617,833,0,0,0,2,0,0,4,0,5,30,45,38
KAF2214615,657,752,840,4,0,0,0,0,2,4,6,1,21,58,43
KAF2214616,2430,2025,1737,0,0,0,4,0,2,14,0,2,47,76,39
KAF2214617,9911,8753,5009,2,0,10,0,0,2,16,4,2,40,84,50
KAF2214618,4553,4165,5177,5,2,2,6,0,0,26,6,10,90,198,75
KAF2214619,25,31,72,0,0,0,0,0,1,0,0,6,3,11,2
KAF2214620,105,120,217,0,0,0,0,0,0,2,0,2,10,26,15
KAF2214621,2387,2396,3119,0,0,0,10,4,6,22,14,12,151,465,163
KAF2214622,5615,5582,6906,2,0,3,14,4,25,54,28,26,221,594,277
KAF2214623,1662,2150,7596,2,4,0,4,0,2,53,33,20,386,860,416
KAF2214624,226,173,564,0,0,1,0,0,0,8,0,6,14,63,14
KAF2214625,907,778,450,0,2,0,2,0,2,12,4,0,29,21,18
KAF2214626,595,533,506,0,0,0,0,0,1,2,0,2,22,49,13
KAF2214627,1034,827,855,0,0,0,0,1,0,5,10,1,40,61,44
KAF2214628,1186,984,928,2,0,2,0,2,0,10,2,1,63,118,64
KAF2214629,425,351,456,0,0,0,0,0,2,1,0,0,11,31,9
KAF2214630,149,112,238,0,0,0,0,0,0,0,0,0,8,8,8
KAF2214631,17506,16356,12153,10,2,13,23,15,29,172,81,45,751,1925,855
KAF2214632,619,513,534,0,0,0,0,0,0,14,2,5,22,74,27
KAF2214633,1585,1356,1042,2,0,0,2,0,4,19,2,10,53,73,38
KAF2214634,123,103,265,0,0,0,0,0,0,2,0,0,6,16,8
KAF2214635,574,699,1281,0,0,0,0,0,0,11,0,2,54,88,41
KAF2214636,6854,6959,6964,0,4,2,0,0,8,5,0,2,22,91,33
KAF2214637,171,189,407,0,2,0,2,0,0,1,4,4,16,36,26
KAF2214638,0,0,0,0,0,0,0,0,0,0,0,0,0,0,0
KAF2214639,2138,2131,1841,0,2,4,0,0,2,8,0,4,54,107,56
KAF2214640,852,858,698,0,0,0,0,0,0,1,0,2,10,22,4
KAF2214641,816,762,664,0,0,0,0,0,0,2,2,6,16,32,20
KAF2214642,4759,4376,5865,2,2,2,2,0,0,14,7,6,61,129,59
KAF2214643,429,388,525,0,0,0,2,0,0,0,3,0,8,36,24
KAF2214644,555,564,674,1,0,0,0,2,0,4,0,0,12,30,22
KAF2214645,2394,2098,1465,0,0,2,0,0,0,4,0,0,21,36,15
KAF2214646,174,217,238,0,0,0,0,0,0,4,2,0,2,2,0
KAF2214647,55,58,61,0,0,0,0,0,0,2,0,2,4,3,2
KAF2214648,598,563,485,0,0,0,0,0,0,9,4,0,15,78,13
KAF2214649,650,499,480,0,0,0,3,0,0,16,1,11,47,119,56
KAF2214650,497,392,325,0,0,0,2,0,1,5,3,2,40,38,21
KAF2214651,1641,1552,749,0,0,0,0,0,2,8,4,0,19,70,27
KAF2214652,16104,13981,11724,4,8,10,13,10,28,105,47,54,373,726,354
KAF2214653,7592,6835,5472,2,4,2,0,0,0,29,18,9,71,165,81
KAF2214654,4207,3587,3043,0,0,0,0,4,2,12,8,8,93,185,52
KAF2214655,3377,2850,5059,2,2,4,6,3,10,45,38,14,333,775,330
KAF2214656,1778,1489,1500,2,0,2,0,0,0,12,12,6,28,41,20
KAF2214657,830,829,1182,0,0,0,0,0,2,8,2,1,7,24,22
KAF2214658,165,148,99,0,0,0,0,0,0,2,2,0,3,11,1
KAF2214659,719,685,445,0,0,0,0,0,0,8,0,0,22,45,22
KAF2214660,12930,12234,8403,2,4,14,12,6,12,117,34,24,510,1179,606
KAF2214661,11287,9316,3403,6,2,4,2,0,4,30,2,13,75,85,23
KAF2214662,672,595,632,3,0,2,0,0,0,4,0,0,12,36,15
KAF2214663,698,632,548,0,0,0,0,0,0,8,2,0,28,68,32
KAF2214664,8408,9609,7734,7,10,6,16,2,6,46,28,8,188,426,189
KAF2214665,7333,7459,5416,10,10,13,4,4,2,31,8,4,172,412,211
KAF2214666,750,864,1715,0,0,0,2,0,4,22,4,6,55,101,54
KAF2214667,1905,1723,1195,0,0,0,0,0,0,4,2,0,11,19,8
KAF2214668,87,78,161,0,0,0,0,0,0,2,0,6,6,8,4
KAF2214669,816,736,1576,0,0,2,2,0,0,12,12,4,28,41,14
KAF2214670,6604,5087,12324,9,2,6,4,2,0,44,11,18,38,130,64
KAF2214671,74,45,43,0,0,0,0,0,0,0,0,0,4,10,0
KAF2214672,104,69,106,0,0,0,0,0,0,0,0,0,4,14,2
KAF2214673,144,96,185,0,0,0,0,0,0,0,2,2,2,10,4
KAF2214674,293,213,400,2,0,0,0,0,0,14,2,0,10,32,14
KAF2214675,8806,7201,1589,4,0,2,0,2,1,14,6,2,28,47,23
KAF2214676,273,312,225,0,0,2,0,0,0,3,1,6,9,16,7
KAF2214677,1659,1415,414,0,0,2,0,0,0,2,1,0,5,15,2
KAF2214678,1361,1358,1392,0,2,0,0,0,0,16,0,4,42,136,44
KAF2214679,1039,1049,1163,2,0,2,0,0,1,4,0,0,14,31,6
KAF2214680,74,82,149,0,0,0,0,0,0,2,0,0,14,56,20
KAF2214681,1875,1603,2204,4,2,2,0,0,1,14,2,6,42,80,24
KAF2214682,1404,1437,1823,0,0,0,0,2,3,1,0,0,6,18,12
KAF2214683,2448,2405,3287,0,2,1,1,2,2,16,9,6,21,83,23
KAF2214684,548,520,751,0,0,0,0,1,2,13,4,4,36,86,31
KAF2214685,636,696,1806,0,0,0,0,0,1,10,5,6,30,31,16
KAF2214686,1639,1414,775,0,2,0,0,0,2,4,6,6,27,54,30
KAF2214687,66,36,23,0,0,0,2,2,1,1047,162,280,740,1339,705
KAF2214688,615,564,489,0,0,2,2,0,0,10,2,8,31,52,41
KAF2214689,1775,1830,1762,2,0,0,6,2,0,12,6,7,23,46,19
KAF2214690,5437,5994,8923,0,2,0,0,0,6,18,4,2,53,80,42
KAF2214691,894,844,1563,0,2,0,0,0,4,4,12,4,80,201,95
KAF2214692,1003,740,769,0,4,0,4,2,4,10,2,2,32,92,34
KAF2214693,245,216,278,0,0,0,0,0,0,2,0,4,8,27,11
KAF2214694,464,366,522,0,0,2,2,2,4,92,14,14,41,54,18
KAF2214695,3458,3183,1227,6,2,4,6,0,4,12,6,0,41,77,39
KAF2214696,3042,2481,2890,4,2,2,2,0,2,13,2,27,63,142,79
KAF2214697,3108,3093,3699,2,0,0,4,0,11,35,14,5,91,211,127
KAF2214698,39,53,90,0,0,0,2,0,0,12,0,0,52,95,34
KAF2214699,195,177,378,0,0,0,0,0,0,2,2,0,15,29,6
KAF2214700,121,87,241,0,0,0,0,0,0,2,0,0,8,10,3
KAF2214701,2230,2216,2517,0,0,1,2,0,4,42,6,14,78,167,79
KAF2214702,470,497,527,0,0,0,0,2,0,4,0,0,7,7,2
KAF2214703,4393,3700,3418,0,0,3,4,0,5,17,7,6,23,82,44
KAF2214704,6969,6649,7398,2,4,0,2,5,5,48,9,24,86,171,44
KAF2214705,21,17,18,0,0,0,0,0,0,0,0,0,0,1,0
KAF2214706,498,358,810,1,0,2,0,0,0,8,5,0,32,67,36
KAF2214707,4519,4186,2890,4,2,0,0,0,0,22,4,10,88,185,55
KAF2214708,10936,9894,5311,3,0,2,5,0,4,32,11,9,49,116,32
KAF2214709,640,528,985,3,4,0,2,1,2,46,25,34,145,246,91
KAF2214710,1044,933,1220,0,0,2,4,0,4,10,4,8,60,108,46
KAF2214711,8130,7663,2494,2,0,2,1,0,2,16,2,7,20,59,22
KAF2214712,4339,3611,3431,0,2,0,2,4,12,95,34,21,229,395,226
KAF2214713,531,393,497,0,0,0,0,2,0,2,0,0,0,14,1
KAF2214714,97,86,100,0,0,0,0,0,0,0,0,2,3,10,0
KAF2214715,1205,1108,1773,0,0,0,0,0,2,10,2,6,16,27,11
KAF2214716,1001,927,960,0,0,0,0,0,1,8,6,0,31,56,33
KAF2214717,469,418,750,0,0,1,4,2,0,5,2,0,22,51,16
KAF2214718,3082,2305,1613,7,2,1,2,2,1,19,9,8,92,144,68
KAF2214719,2840,2518,2053,0,0,0,2,0,0,8,0,4,18,23,16
KAF2214720,10800,5785,3861,2,0,6,4,0,0,20,6,14,69,163,38
KAF2214721,697,668,1106,2,0,1,0,0,0,6,0,3,31,27,14
EFT00053797956,1,2,0,0,0,0,0,0,0,0,0,0,0,0,0
KAF2214722,2,0,0,0,0,0,0,0,0,0,0,0,0,0,0
KAF2214723,41,52,113,0,0,0,0,0,0,7,0,0,2,3,3
KAF2214724,28,33,65,0,0,0,0,0,0,0,2,0,0,3,0
KAF2214725,129,102,163,0,0,0,0,2,0,2,0,0,0,2,1
KAF2214726,99,90,132,0,0,0,0,0,0,0,4,1,6,8,2
KAF2214727,391,321,489,0,0,0,0,0,2,5,0,2,20,36,20
KAF2214728,705,722,1711,0,0,2,1,0,0,74,6,20,123,328,179
KAF2214729,14722,13507,16762,4,4,10,5,4,14,67,46,26,194,628,303
KAF2214730,1377,1224,1188,2,0,0,0,0,0,1,6,6,20,51,11
KAF2214731,312,374,794,0,0,0,2,0,0,7,21,6,31,81,30
KAF2214732,1739,1328,1292,0,0,2,0,0,1,20,6,2,35,88,48
KAF2214733,462,210,119,0,0,0,0,0,0,2,0,2,6,13,6
KAF2214734,0,6,3,0,0,0,0,0,0,0,0,0,0,0,0
KAF2214735,1910,1839,1656,2,0,2,0,2,2,32,11,7,89,170,115
KAF2214736,40,15,15,0,0,0,0,0,0,0,0,0,0,2,0
KAF2214737,22,45,48,0,0,0,0,0,0,0,0,0,2,0,2
KAF2214738,70606,57668,48760,23,13,17,2,8,18,137,42,47,382,736,341
KAF2214739,2691,2244,1569,2,2,0,2,2,2,12,8,4,65,154,87
KAF2214740,1074,899,1005,2,0,0,2,0,2,14,4,2,34,67,22
KAF2214741,1580,1524,1600,2,0,0,0,6,4,18,0,7,30,58,23
KAF2214742,3732,3373,4145,2,0,4,0,2,4,18,10,14,70,235,94
KAF2214743,66,39,33,0,0,0,0,0,0,0,4,0,0,7,0
KAF2214744,1563,1369,2039,0,0,4,0,2,5,7,5,3,69,135,58
KAF2214745,1646,1501,1945,0,0,0,0,2,8,32,6,2,56,142,57
KAF2214746,29833,23744,2155,1,0,8,0,0,0,9,0,0,8,53,29
KAF2214747,555,513,709,0,0,0,2,0,2,5,0,2,20,11,12
KAF2214748,259,252,975,0,0,0,0,0,0,2,0,2,20,60,24
KAF2214749,64,74,292,4,0,0,0,0,2,0,2,0,8,15,9
KAF2214750,110,70,192,0,0,0,0,0,0,0,0,0,6,8,6
KAF2214751,17847,19099,37873,0,8,8,4,3,26,39,64,47,360,651,326
KAF2214752,5,8,11,0,0,0,0,0,0,0,0,0,0,0,0
KAF2214753,6494,5687,5344,0,2,2,4,4,8,15,10,7,43,92,23
KAF2214754,1163,1040,927,0,0,2,0,0,1,4,2,2,21,31,19
KAF2214755,608,353,525,2,0,0,2,0,1,1,0,2,8,26,5
KAF2214756,950,799,1309,0,2,2,0,0,0,8,0,0,28,62,29
KAF2214757,3317,2595,2041,4,2,2,3,0,0,8,10,10,52,105,41
KAF2214758,515,513,536,2,0,0,2,0,2,0,2,0,6,16,10
KAF2214759,1959,1570,1435,0,0,0,0,0,4,10,0,0,18,39,18
KAF2214760,559,560,1035,0,0,0,3,0,0,4,0,2,9,26,8
KAF2214761,491,432,1108,0,0,0,0,0,2,0,2,1,10,26,9
KAF2214762,471,372,892,0,0,0,0,0,0,12,0,0,7,28,11
KAF2214763,662,497,902,2,0,0,2,0,4,6,4,1,12,15,8
KAF2214764,853,686,355,0,0,0,0,0,2,4,1,0,6,24,12
KAF2214765,2606,2256,2012,2,2,2,2,2,0,15,8,10,52,162,93
KAF2214766,5564,5500,5864,10,2,2,0,4,8,49,8,16,138,280,119
KAF2214767,1692,1526,1858,0,0,0,2,0,6,18,0,4,52,113,30
KAF2214768,449,410,318,0,0,1,0,1,0,0,0,0,6,18,3
KAF2214769,1352,1300,1582,0,0,1,0,1,2,14,14,12,37,62,36
KAF2214770,9355,11163,11991,5,2,2,5,2,0,41,23,6,66,275,164
KAF2214771,1069,1810,2591,0,0,0,4,6,1,6,3,5,51,153,66
KAF2214772,55,73,71,0,0,0,0,0,0,0,0,0,0,0,2
KAF2214773,171,195,155,0,0,0,0,0,0,2,0,0,4,12,4
KAF2214774,1261,1231,1130,0,0,0,0,0,0,14,0,2,34,38,42
KAF2214775,1782,1639,1056,2,2,4,0,0,2,10,0,10,26,54,25
KAF2214776,378,350,505,0,0,0,0,0,1,6,2,0,24,41,15
KAF2214777,763,617,546,0,0,0,0,0,3,9,0,0,17,42,22
KAF2214778,2507,2181,1695,2,0,2,0,0,2,3,1,2,20,58,16
KAF2214779,13943,11066,6426,4,2,0,8,0,8,26,12,24,83,177,67
KAF2214780,227,181,371,0,0,0,2,0,2,8,1,9,6,67,13
KAF2214781,795,724,797,0,0,0,0,0,0,4,0,8,33,54,31
KAF2214782,3677,3009,2373,2,7,0,4,0,6,9,2,4,26,81,30
KAF2214783,5103,4895,5910,2,4,2,8,6,6,38,7,20,244,718,295
KAF2214784,9571,9565,9702,6,0,4,0,2,4,90,30,18,245,519,258
KAF2214785,30567,22945,14385,3,2,6,10,6,20,165,50,45,391,885,329
KAF2214786,2582,2456,2686,0,0,0,2,4,6,40,18,8,105,278,153
KAF2214787,1907,1610,1375,0,0,2,0,0,0,13,7,0,32,66,32
KAF2214788,1694,1317,1186,2,0,4,2,0,0,12,2,2,18,44,34
KAF2214789,4235,3542,4113,4,4,4,6,7,6,55,4,24,115,254,104
KAF2214790,593,631,1032,0,0,0,0,0,0,5,6,2,38,76,31
KAF2214791,3959,3319,4017,0,0,0,0,2,4,22,2,6,50,102,40
KAF2214792,2705,2279,3114,2,0,6,2,0,4,14,4,8,36,68,18
KAF2214793,1186,1145,590,2,0,0,2,0,2,14,10,2,19,29,26
KAF2214794,24047,22227,24035,12,2,5,0,0,0,13,8,6,31,100,42
KAF2214795,1148,988,684,2,0,0,0,0,0,8,13,2,67,131,68
KAF2214796,707,757,1711,0,0,0,0,2,0,2,2,10,49,118,59
KAF2214797,404,398,841,0,0,0,2,0,0,4,2,6,18,37,20
KAF2214798,257,254,255,0,0,2,0,0,0,0,0,1,8,10,4
KAF2214799,210,235,224,0,0,0,0,0,0,3,0,2,3,17,3
KAF2214800,6,12,14,0,0,0,0,0,0,0,0,0,0,1,0
KAF2214801,8106,7549,10615,3,0,1,4,4,0,38,12,19,84,128,55
KAF2214802,615,601,492,4,0,0,0,0,0,4,2,0,8,26,14
KAF2214803,928,1004,1425,0,0,0,0,0,4,6,6,4,39,89,40
KAF2214804,2972,2806,2719,0,0,3,1,2,0,8,8,2,30,50,45
KAF2214805,54,66,30,0,0,0,0,0,0,0,0,0,3,5,2
KAF2214806,1089,967,1060,0,0,0,0,0,0,12,2,0,27,49,9
KAF2214807,3442,3064,2369,0,2,2,9,0,2,30,10,4,73,132,71
KAF2214808,3426,2910,1613,0,6,4,2,2,0,9,4,12,60,163,91
KAF2214809,1842,1716,2110,0,2,4,2,0,0,9,4,13,36,99,48
KAF2214810,2158,2320,2722,0,2,0,2,0,8,14,2,6,85,178,76
KAF2214811,78,76,205,0,2,0,0,0,0,2,0,2,6,6,2
KAF2214812,2227,2017,4083,2,0,2,0,0,0,17,4,4,39,49,20
KAF2214813,5606,4853,4807,4,4,4,2,4,2,20,2,5,53,115,53
KAF2214814,3787,3235,2760,0,0,0,0,0,6,12,4,0,56,138,42
KAF2214815,538,530,373,0,0,0,0,0,0,12,0,0,11,25,9
KAF2214816,230,208,216,0,0,1,0,0,0,2,0,0,35,31,25
KAF2214817,977,631,316,0,0,2,0,0,0,4,0,4,14,20,12
KAF2214818,10926,9698,4482,2,0,6,8,2,0,22,8,12,53,130,80
KAF2214819,6921,6418,5591,2,2,6,14,4,2,42,28,18,201,525,226
KAF2214820,4954,4591,7050,0,4,0,0,2,0,14,6,10,27,67,16
KAF2214821,23,26,42,0,0,0,0,0,0,0,0,0,1,0,1
KAF2214822,443,440,657,0,0,0,0,0,0,10,0,7,45,87,47
KAF2214823,1088,1000,921,2,0,0,5,0,0,7,4,0,32,143,32
KAF2214824,4273,4099,3926,4,2,4,0,0,0,7,8,6,26,88,24
KAF2214825,14027,12826,11199,8,2,4,18,12,14,277,78,131,554,1222,431
KAF2214826,6855,6722,8701,2,0,6,7,2,2,56,17,35,135,225,126
KAF2214827,4592,3662,3588,0,0,2,2,0,4,20,3,26,61,102,27
KAF2214828,892,999,1979,4,2,2,0,0,4,13,2,1,38,68,24
KAF2214829,440,375,422,0,0,0,0,0,0,0,0,0,13,9,7
KAF2214830,450,408,487,0,0,0,0,0,0,4,1,0,8,19,15
KAF2214831,207,154,158,0,0,0,0,0,0,0,2,0,18,46,14
KAF2214832,605,579,577,2,0,0,2,0,2,6,5,2,31,85,40
KAF2214833,3345,2913,2952,0,0,0,2,0,4,29,6,9,72,142,59
KAF2214834,60,91,84,0,0,0,0,0,1,2,2,0,3,4,2
KAF2214835,257,190,334,0,0,0,1,0,0,9,3,3,16,46,11
KAF2214836,228,175,286,0,0,0,0,0,0,6,6,0,27,55,30
KAF2214837,4137,4078,5093,0,0,2,8,4,10,35,15,20,141,352,162
KAF2214838,3559,3348,3765,2,2,7,6,0,6,39,12,10,167,425,246
KAF2214839,7503,7280,7514,5,3,6,6,0,6,86,20,33,152,310,154
KAF2214840,2271,2237,2870,0,2,2,2,4,2,32,4,21,117,239,130
KAF2214841,1256,1418,1539,0,0,2,0,2,0,22,7,12,71,259,104
KAF2214842,738,751,613,0,0,2,0,0,2,8,0,6,12,16,6
KAF2214843,4639,4023,3783,2,4,2,5,0,1,14,14,9,48,120,55
KAF2214844,2984,2667,2242,0,2,0,2,4,2,27,12,9,88,224,108
KAF2214845,1811,1425,1762,4,0,0,3,0,2,24,3,11,56,114,44
KAF2214846,3536,2882,1565,1,0,2,0,0,0,4,0,0,5,6,9
KAF2214847,12758,10876,5818,4,0,6,3,0,0,15,4,2,30,77,29
KAF2214848,51,44,54,0,0,0,0,0,0,0,0,0,0,6,2
KAF2214849,590,646,772,0,0,0,4,0,0,12,0,0,58,114,62
KAF2214850,651,846,936,0,0,0,2,14,9,7,6,10,165,502,185
KAF2214851,8,18,12,0,0,0,0,1,2,2,0,0,36,199,67
KAF2214852,195,158,209,0,0,0,0,0,0,2,1,0,14,18,8
KAF2214853,2694,2347,2194,2,2,5,2,0,0,20,10,6,88,147,62
KAF2214854,408,414,614,2,0,2,0,0,0,4,2,2,55,140,61
KAF2214855,808,677,740,0,0,0,0,0,6,28,7,2,96,242,105
KAF2214856,5016,4543,3503,2,2,0,4,0,2,14,0,5,30,73,20
KAF2214857,1519,1361,707,0,0,0,2,0,0,4,2,4,4,59,23
KAF2214858,25217,22191,7587,4,4,6,0,4,2,20,10,10,108,172,71
KAF2214859,209,226,509,0,0,0,2,0,0,21,4,10,13,37,21
KAF2214860,216,149,181,0,0,0,2,0,0,4,1,0,12,29,13
KAF2214861,792,745,449,0,0,0,0,0,0,14,4,4,13,51,28
KAF2214862,314,253,313,0,0,0,0,0,0,2,2,4,18,42,24
KAF2214863,768,585,511,1,0,0,0,1,0,6,4,2,26,48,23
KAF2214864,1946,1916,1945,0,0,0,0,0,2,12,2,0,34,67,30
KAF2214865,42039,40584,43944,14,13,12,40,26,50,288,102,90,947,1992,823
KAF2214866,986,1081,1092,0,0,2,2,0,0,5,0,0,6,32,10
KAF2214867,9645,8192,7492,2,4,4,0,6,5,32,22,18,144,256,124
KAF2214868,1526,1146,931,0,0,0,0,0,0,4,6,0,22,38,11
KAF2214869,635,614,365,0,0,1,0,2,2,0,2,0,28,55,17
KAF2214870,6156,6012,9842,0,2,4,0,0,0,4,5,5,36,48,40
KAF2214871,1551,1484,2647,0,0,0,0,0,0,17,8,7,79,111,50
KAF2214872,579,591,1054,0,0,0,0,0,0,10,0,0,18,41,12
KAF2214873,12,26,25,0,0,1,0,0,0,0,0,0,0,2,0
KAF2214874,2069,1994,1763,2,1,0,4,2,0,29,10,10,59,129,61
KAF2214875,19129,17789,14406,6,3,22,16,9,38,173,105,53,1058,2682,1535
KAF2214876,2510,2200,1586,2,4,0,4,0,0,10,6,8,45,102,40
KAF2214877,18008,16886,13146,15,16,6,28,22,26,200,98,66,976,2345,1302
KAF2214878,5096,4841,6431,0,2,4,0,2,2,45,25,24,165,316,164
KAF2214879,4632,3934,3068,2,3,6,4,2,0,7,0,0,35,64,33
KAF2214880,526,477,269,0,1,0,0,0,0,0,0,0,2,30,7
KAF2214881,4407,3615,2316,4,1,0,2,2,0,20,0,13,74,150,75
KAF2214882,475,606,1514,0,0,0,0,0,0,12,1,3,39,43,28
KAF2214883,5644,5647,9316,2,0,0,0,0,0,4,0,2,26,20,6
KAF2214884,1063,790,633,6,0,6,2,0,0,3,8,0,23,72,13
KAF2214885,1519,1239,673,0,0,4,2,2,0,4,0,2,24,50,21
KAF2214886,10806,12812,22562,20,4,5,0,6,1,26,9,6,60,108,68
KAF2214887,1705,2148,3098,1,2,1,0,2,1,14,3,4,47,82,23
KAF2214888,9429,10722,16131,6,2,13,18,7,15,73,28,41,256,432,151
KAF2214889,133,111,96,0,4,3,0,0,0,0,0,0,0,6,0
KAF2214890,43,36,79,0,0,0,0,0,0,0,0,0,0,4,2
KAF2214891,363,402,421,0,0,2,0,2,0,2,6,6,14,72,18
KAF2214892,1261,1300,2180,3,2,4,4,0,0,2,4,10,14,58,32
KAF2214893,3582,3728,3280,0,0,0,0,0,0,14,4,4,49,203,87
KAF2214894,5917,5234,3980,2,2,0,0,0,0,9,8,12,49,128,64
KAF2214895,64441,48945,7900,2,8,2,4,0,2,22,2,7,200,452,218
KAF2214896,798,895,1698,0,0,0,5,0,2,16,6,5,54,170,86
KAF2214897,198,208,390,0,0,0,0,0,0,8,0,0,12,30,10
KAF2214898,1112,858,1456,4,0,0,0,2,0,8,2,12,40,93,22
KAF2214899,2088,1704,1413,0,2,0,2,2,0,8,2,6,28,94,33
KAF2214900,60,64,63,0,0,0,0,0,0,2,0,0,4,3,3
KAF2214901,3898,3387,2503,0,0,2,2,0,2,12,3,13,51,126,45
KAF2214902,6274,5429,2113,0,0,8,0,0,0,5,0,6,32,41,22
KAF2214903,3282,2435,1888,2,0,0,0,2,1,132,31,63,356,697,313
KAF2214904,1925,1986,3475,0,0,0,2,2,0,20,8,4,36,101,52
KAF2214905,1113,1156,1490,0,0,1,4,0,6,12,6,2,40,123,63
KAF2214906,592,538,556,0,0,0,0,0,0,5,2,1,27,44,10
KAF2214907,630,670,672,0,0,0,2,0,0,6,4,2,12,36,12
KAF2214908,1125,941,1307,0,0,0,0,0,0,4,2,2,30,45,38
KAF2214909,6349,6063,3589,0,2,0,6,0,6,20,6,2,22,74,25
KAF2214910,506,497,1147,0,0,0,0,0,2,48,10,17,115,149,74
KAF2214911,34,32,31,0,0,0,0,0,0,0,0,0,0,6,0
KAF2214912,2022,1461,673,0,0,0,0,0,4,11,4,0,17,21,10
KAF2214913,1711,1163,412,0,2,2,0,0,0,2,0,2,10,19,8
KAF2214914,843,591,376,2,0,0,2,0,0,8,0,3,11,32,0
KAF2214915,997,826,633,1,0,0,0,0,0,5,0,7,16,35,27
KAF2214916,242,272,470,0,0,0,6,0,0,6,2,2,8,23,25
KAF2214917,763,836,623,0,0,0,2,0,4,2,4,2,20,45,24
KAF2214918,416,299,339,0,0,0,0,4,5,3,0,0,4,27,10
EFT00053797958,20,24,18,0,0,0,0,0,0,0,0,0,5,2,1
KAF2214919,36,66,99,0,0,0,0,0,0,0,0,0,4,0,2
KAF2214920,1462,1381,1065,0,2,0,0,0,0,6,4,0,22,35,21
KAF2214921,1571,1518,1248,0,0,0,0,0,0,1,0,2,16,19,8
KAF2214922,2511,2420,1578,0,2,0,2,0,2,18,2,2,31,51,20
KAF2214923,716,890,1711,0,0,0,0,0,0,5,0,2,10,41,19
KAF2214924,1080,716,538,0,0,0,0,0,2,9,4,0,16,34,24
KAF2214925,6488,4980,3097,4,0,1,6,3,7,46,15,18,132,214,113
KAF2214926,16,22,11,0,0,0,0,0,0,0,0,0,0,0,1
KAF2214927,460,439,451,0,0,0,0,0,0,2,0,0,0,4,0
KAF2214928,6897,6084,6570,0,0,4,1,2,0,2,3,3,19,41,14
KAF2214929,2148,1869,2016,0,1,0,0,0,0,0,6,0,16,25,1
KAF2214930,2835,2672,4383,0,8,0,2,2,4,42,18,4,122,250,90
KAF2214931,8826,10942,7974,0,2,0,0,0,5,14,8,4,83,299,126
KAF2214932,15,13,4,0,0,0,0,0,0,0,0,0,0,9,2
KAF2214933,8,6,24,0,0,0,0,0,0,0,0,0,0,4,0
KAF2214934,77,58,69,0,0,0,0,0,0,2,0,0,1,12,0
KAF2214935,378,378,250,0,0,0,2,0,0,7,4,0,15,18,8
KAF2214936,678,720,426,0,0,1,0,0,2,1,5,0,12,10,16
KAF2214937,542,473,635,2,0,0,2,0,2,4,0,4,13,28,44
KAF2214938,965,883,2095,0,0,2,0,0,0,9,2,2,35,51,29
KAF2214939,1621,1362,1999,2,3,0,2,0,2,11,2,9,68,146,57
KAF2214940,0,0,0,0,0,0,0,0,0,0,0,0,0,0,0
KAF2214941,161,159,272,0,0,0,2,0,0,14,0,0,16,28,23
KAF2214942,17,22,36,0,0,0,0,0,0,0,0,0,0,6,0
KAF2214943,2102,1795,3055,2,2,0,0,0,2,30,0,9,42,81,19
KAF2214944,814,697,995,0,0,0,2,0,2,13,0,5,31,51,34
KAF2214945,198,234,434,0,0,0,1,0,2,4,3,2,7,19,2
KAF2214946,197,146,200,0,0,0,0,0,2,8,0,12,18,17,29
KAF2214947,2138,1848,1964,0,2,4,2,0,2,16,0,6,34,58,17
KAF2214948,5142,4370,3743,2,2,2,6,2,4,16,9,10,72,122,35
KAF2214949,338,236,446,0,0,0,1,0,0,5,0,8,5,17,10
KAF2214950,16,6,9,0,0,0,0,0,0,0,0,0,1,0,0
KAF2214951,660,564,397,0,2,0,0,0,0,1,0,0,3,14,8
KAF2214952,499,468,294,1,1,0,0,0,0,0,0,0,6,11,7
KAF2214953,2828,2541,2107,1,0,4,0,0,0,9,4,4,6,25,10
KAF2214954,3870,3732,4963,4,0,2,0,2,4,5,0,0,34,30,24
KAF2214955,171,175,324,0,0,0,0,0,0,2,0,0,2,0,0
KAF2214956,95,110,165,2,0,0,0,0,0,0,0,0,5,5,0
KAF2214957,77,53,122,0,0,0,0,0,0,2,0,1,2,10,7
KAF2214958,1012,993,1715,0,0,0,0,0,2,6,6,0,4,46,13
KAF2214959,4408,4390,5932,3,2,4,2,0,2,118,28,28,225,414,237
KAF2214960,27,33,69,0,0,0,0,0,0,0,0,0,1,3,1
KAF2214961,27,26,85,0,0,0,0,1,0,2,0,0,6,7,1
KAF2214962,131,136,82,0,0,0,0,0,0,0,0,0,8,14,10
KAF2214963,331,275,293,0,0,0,0,0,0,0,0,1,8,26,8
KAF2214964,4066,3505,5280,0,0,0,0,2,2,14,12,2,23,26,8
KAF2214965,789,773,733,0,0,0,0,0,0,8,0,4,29,45,29
KAF2214966,1190,1054,1441,5,4,0,0,0,2,12,0,1,48,86,32
KAF2214967,261,235,463,0,0,0,0,0,0,9,2,0,4,33,5
KAF2214968,317,208,237,0,2,1,0,0,0,0,0,1,0,3,2
KAF2214969,2977,2510,2059,0,0,2,0,0,2,7,0,10,16,38,11
KAF2214970,1106,983,1298,0,2,2,2,0,6,4,0,4,40,68,26
KAF2214971,450,403,344,0,0,0,0,0,0,11,1,0,20,34,6
KAF2214972,1361,1249,500,0,4,2,0,0,0,4,0,0,12,30,20
KAF2214973,1991,1886,2401,0,4,0,0,2,4,26,5,8,51,165,92
KAF2214974,2579,2493,2537,4,0,0,2,0,2,0,4,0,9,29,10
KAF2214975,2060,1993,2552,2,0,0,0,0,0,7,0,2,22,58,24
KAF2214976,121,128,269,0,0,0,2,0,2,2,0,0,9,6,4
KAF2214977,45,48,81,0,0,0,0,0,0,0,0,0,0,4,0
KAF2214978,10,9,37,0,0,0,0,0,0,0,0,0,0,0,0
KAF2214979,2717,2885,12781,0,0,0,2,4,2,13,2,8,36,66,11
KAF2214980,4431,4351,3447,4,10,0,8,0,14,36,32,14,125,277,127
KAF2214981,2372,1806,1580,2,2,2,0,0,0,17,12,8,50,99,43
KAF2214982,495,430,375,0,0,0,0,0,0,4,2,6,14,38,10
KAF2214983,51836,43278,24327,35,18,35,2,5,7,49,22,29,271,561,289
KAF2214984,2850,2430,2492,6,6,3,9,6,8,37,11,6,193,419,186
KAF2214985,34,26,25,0,0,0,0,0,0,2,0,0,2,1,2
KAF2214986,10,0,10,0,0,0,0,0,0,0,0,0,0,1,2
KAF2214987,788,732,985,0,0,0,2,0,0,20,3,6,56,126,87
KAF2214988,2669,2679,3330,0,0,0,0,2,2,4,0,2,15,35,16
KAF2214989,1540,1510,3002,0,0,0,2,0,2,30,0,10,62,166,58
KAF2214990,465,395,749,2,0,0,2,0,0,8,0,0,30,36,24
KAF2214991,347,435,877,0,0,0,2,0,2,9,2,2,28,53,24
KAF2214992,1455,1247,1179,0,0,0,0,3,0,2,1,2,17,30,12
KAF2214993,1346,1157,935,2,0,0,0,0,2,4,3,2,21,32,29
KAF2214994,899,880,876,2,0,0,2,0,0,17,0,0,37,88,22
KAF2214995,64,64,124,0,0,0,0,0,0,0,0,0,0,4,2
KAF2214996,378,273,200,0,0,0,0,0,0,3,1,6,10,19,8
KAF2214997,215268,162387,26164,32,37,64,5,0,8,14,4,2,61,128,68
KAF2214998,14766,11836,4143,2,3,4,0,0,4,15,5,9,48,115,58
KAF2214999,499,452,380,0,0,0,0,0,0,0,0,0,3,13,7
KAF2215000,3835,3262,2762,1,2,10,4,0,10,17,2,16,129,344,100
KAF2215001,10055,9562,7334,3,2,6,3,0,0,0,2,0,12,42,34
KAF2215002,11036,11194,14439,0,0,4,11,10,18,165,40,26,715,1555,694
KAF2215003,2376,1885,2315,2,2,0,2,2,2,13,6,0,36,48,15
KAF2215004,652,626,1394,2,0,0,2,4,4,13,4,4,35,52,34
KAF2215005,7401,6722,4403,8,0,11,4,6,7,53,12,17,134,358,135
KAF2215006,4985,4341,2628,0,2,2,0,0,0,14,0,1,2,44,8
KAF2215007,4073,3866,3994,2,0,0,0,0,1,4,4,2,20,32,10
KAF2215008,13414,11318,7721,3,6,4,0,1,1,8,6,6,38,80,45
KAF2215009,4387,3629,4328,6,2,5,4,1,10,50,10,6,123,289,90
KAF2215010,1004,1022,1275,0,2,0,0,0,0,3,2,2,13,37,20
KAF2215011,6233,5817,3022,0,2,0,0,0,2,18,6,3,53,114,41
KAF2215012,1600,1325,1516,0,0,2,0,0,2,0,2,3,36,54,46
EFT00053797957,6,4,3,0,0,0,0,0,0,0,0,0,0,0,0
KAF2215013,2088,1910,748,0,0,0,3,0,3,5,0,1,4,13,3
KAF2215014,2008,2200,3454,0,2,0,4,0,0,4,2,4,13,42,36
KAF2215015,45,49,83,0,0,0,0,0,0,0,1,0,4,6,0
KAF2215016,2400,1957,2944,2,0,0,2,0,2,12,5,9,29,56,19
KAF2215017,114,133,242,0,0,0,0,0,0,2,0,0,4,18,1
KAF2215018,41,34,125,0,0,0,0,0,0,0,0,0,0,0,0
KAF2215019,395,376,564,0,1,1,0,0,0,5,2,0,17,21,4
KAF2215020,196,225,393,0,0,0,0,0,0,2,0,0,6,11,1
KAF2215021,4,4,0,0,0,0,0,0,0,0,0,0,0,0,0
KAF2215022,9569,11040,18287,2,2,11,2,0,4,30,8,6,106,208,110
KAF2215023,5636,4570,3198,2,0,4,0,0,2,8,10,4,51,99,28
KAF2215024,1061,916,1120,0,0,0,0,2,0,20,10,4,45,70,31
KAF2215025,123,99,267,0,0,0,0,0,0,0,0,2,13,15,5
KAF2215026,10824,9574,14827,10,4,21,6,8,10,77,30,45,286,668,219
KAF2215027,504,349,310,0,0,1,0,0,0,0,0,0,4,11,1
KAF2215028,3041,2560,2596,8,2,2,0,5,0,21,6,11,93,157,48
KAF2215029,7,0,14,0,0,0,0,0,0,0,0,0,0,0,1
KAF2215030,504,572,1148,0,0,0,2,2,4,22,4,8,37,72,44
KAF2215031,3720,3745,4543,2,0,2,4,4,8,33,14,20,177,369,123
KAF2215032,821,951,1577,0,0,1,0,0,6,26,0,17,74,92,46
KAF2215033,14051,12526,12888,6,10,17,0,0,4,30,19,9,106,233,114
KAF2215034,1757,2025,3429,0,0,0,2,0,0,7,0,0,6,9,7
KAF2215035,1224,1153,1172,0,2,0,0,2,0,12,0,6,27,64,13
KAF2215036,2097,1836,1513,0,2,6,0,0,0,16,2,4,24,38,20
KAF2215037,505,463,304,0,0,2,0,0,0,4,0,0,2,8,13
KAF2215038,4200,3354,3008,0,3,4,2,0,2,22,3,4,66,185,71
KAF2215039,1466,1124,712,2,0,0,0,0,0,3,0,0,8,20,4
KAF2215040,110,132,155,0,0,0,0,0,0,12,2,2,9,8,10
KAF2215041,7561,9591,10655,8,0,4,8,2,4,40,21,18,146,361,174
KAF2215042,222,253,312,0,0,0,0,0,0,0,0,2,5,5,1
KAF2215043,1491,1720,2608,0,0,2,0,0,4,18,2,0,26,53,28
KAF2215044,213,179,329,0,3,0,0,2,2,6,4,0,13,36,17
KAF2215045,1,1,0,0,0,0,0,0,0,0,0,0,0,0,0
KAF2215046,0,12,7,0,0,0,0,0,0,2,0,0,0,2,0
KAF2215047,1286,1212,1645,0,0,0,8,0,9,71,8,47,201,385,190
KAF2215048,511,593,1302,0,0,0,2,0,0,4,4,9,24,53,17
KAF2215049,58,36,70,0,0,0,0,0,0,2,0,0,0,0,6
KAF2215050,6025,4493,3342,6,2,2,0,0,0,19,0,12,53,109,48
KAF2215051,76,46,23,0,0,0,0,0,0,0,0,0,0,4,0
KAF2215052,6794,7761,3102,0,0,0,0,0,0,0,0,0,8,10,7
KAF2215053,1009,757,395,0,1,4,0,0,0,9,0,1,9,21,21
KAF2215054,110,84,71,0,0,0,0,0,0,0,0,4,8,22,18
KAF2215055,20507,14521,3693,2,6,3,4,0,6,38,14,28,140,231,115
KAF2215056,703,745,1567,0,0,2,0,0,0,1,2,0,2,8,10
KAF2215057,99,123,106,0,0,0,0,0,0,4,0,0,2,4,0
KAF2215058,151,159,89,0,0,0,0,0,0,2,0,2,2,4,6
KAF2215059,362,340,482,0,0,0,0,0,0,0,3,4,20,15,15
KAF2215060,116,77,113,0,0,0,0,0,0,1,0,0,0,2,2
KAF2215061,6536,6797,7823,0,2,4,4,4,12,32,8,8,126,248,102
KAF2215062,2332,1961,1568,4,2,4,0,0,0,6,2,0,22,42,8
KAF2215063,25,13,22,0,0,0,0,0,0,1,0,0,0,4,2
KAF2215064,16,3,14,0,0,0,0,0,0,0,0,0,0,0,0
KAF2215065,24,22,53,0,0,0,0,0,0,0,0,0,2,0,0
KAF2215066,693,890,2109,0,0,0,2,4,8,9,6,4,18,79,11
KAF2215067,769,645,942,0,1,0,0,0,0,7,0,0,10,19,11
KAF2215068,255,305,314,0,0,0,6,0,0,4,0,0,2,0,1
KAF2215069,921,725,842,0,0,0,0,0,0,7,2,0,13,25,5
KAF2215070,5283,4928,1876,6,4,1,6,0,2,6,2,2,43,74,27
KAF2215071,2253,2107,1448,2,2,0,4,0,4,18,8,4,58,108,69
KAF2215072,506,385,456,0,0,2,0,0,2,5,4,6,12,26,20
KAF2215073,79234,70627,72967,52,37,55,12,25,20,115,22,37,278,572,230
KAF2215074,2947,2415,2291,0,0,2,2,0,0,4,2,0,11,11,12
KAF2215075,905,726,1113,2,0,0,0,0,0,14,0,0,4,15,6
KAF2214178,312,251,335,0,0,0,0,0,4,10,2,2,20,31,12
KAF2214179,2,0,0,0,0,0,0,0,0,0,0,0,0,0,0
KAF2214180,0,0,0,0,0,0,0,0,0,0,0,0,0,0,0
KAF2214181,51,79,113,0,0,0,0,0,0,0,0,0,4,7,2
KAF2214182,19117,16698,7660,2,4,6,2,0,4,26,4,4,50,116,66
KAF2214183,1010,1010,2434,0,0,0,0,0,6,12,6,10,40,57,24
KAF2214184,46,54,58,0,0,0,0,0,0,0,0,0,0,0,2
KAF2214185,423,462,652,0,0,2,0,0,2,22,4,2,29,59,18
KAF2214186,1027,949,1027,8,2,2,0,0,4,41,28,38,178,231,65
KAF2214187,32,26,31,0,0,0,0,0,0,1,0,0,1,9,9
KAF2214188,378,355,341,0,1,0,1,0,0,0,1,0,1,10,2
KAF2214189,6779,5946,4059,2,2,2,0,0,2,19,0,10,29,50,15
KAF2214190,11,6,20,0,0,0,0,0,0,0,0,0,0,0,1
KAF2214191,2350,1987,2096,0,0,0,0,2,4,20,8,10,49,99,52
KAF2214192,749,631,940,0,0,0,0,0,2,8,2,4,24,60,24
KAF2214193,6413,5942,4671,2,2,2,0,2,2,10,2,10,53,124,46
KAF2214194,1079,929,1049,0,0,0,0,0,0,12,6,4,32,80,56
KAF2214195,157,149,654,0,0,0,0,0,0,6,0,0,0,9,2
KAF2214196,1322,1161,1338,2,0,0,0,0,6,4,0,4,23,65,23
KAF2214197,1365,1124,1615,3,0,0,0,0,0,16,0,0,17,52,18
KAF2214198,1576,1594,2005,0,0,2,2,2,0,18,5,11,57,104,76
KAF2214199,949,724,759,2,0,0,0,0,2,2,0,10,22,20,14
KAF2214200,507,458,473,0,0,0,0,0,0,5,2,2,12,18,6
KAF2214201,3772,3867,4998,0,0,2,4,6,2,56,15,10,149,338,239
KAF2214202,945,830,751,0,0,0,0,0,0,4,4,4,10,39,29
KAF2214203,3908,3396,3300,1,2,4,2,2,0,5,7,0,28,43,12
KAF2214204,4456,3953,3035,2,0,4,2,0,0,27,11,20,80,159,94
KAF2214205,411,311,554,0,0,0,0,0,2,24,3,12,44,121,50
KAF2214206,1273,1026,1620,0,0,0,1,0,0,6,2,8,38,59,20
KAF2214207,91,94,148,0,0,0,0,0,0,4,0,3,28,73,33
KAF2214208,353,272,299,0,0,0,2,0,0,4,6,10,27,67,21
KAF2214209,420,382,519,0,0,0,0,0,0,4,2,0,31,29,32
KAF2214210,140,79,164,0,0,0,0,0,0,4,4,6,23,19,12
KAF2214211,31,37,88,0,0,0,0,0,0,0,2,0,7,5,6
KAF2214212,146,136,206,0,0,0,0,0,0,0,0,0,6,18,6
KAF2214213,111,111,189,0,0,0,0,0,0,6,0,0,24,34,34
KAF2214214,62,72,111,0,0,2,2,0,0,12,0,6,16,30,14
KAF2214215,119,125,249,0,1,0,2,0,0,7,5,10,16,24,5
KAF2214216,787,795,1773,0,1,0,0,2,1,11,3,6,26,44,42
KAF2214217,157,122,248,0,0,0,0,2,0,0,2,0,2,21,5
KAF2214218,5370,4623,2738,2,2,0,2,0,0,35,8,16,117,207,93
KAF2214219,883,624,561,0,0,0,0,0,2,2,0,2,6,24,4
KAF2214220,1525,1596,2999,0,2,2,1,0,7,16,6,6,42,92,31
KAF2214221,410,407,638,0,0,0,0,0,1,2,7,6,16,31,6
KAF2214222,139,122,270,0,0,0,0,0,0,0,2,6,10,20,6
KAF2214223,8,8,9,0,0,0,0,0,0,0,0,0,1,0,0
KAF2214224,1,5,10,0,0,0,0,0,0,46,13,10,9,13,19
KAF2214225,121,172,92,0,0,0,0,0,6,28,6,12,30,26,10
KAF2214226,26,63,46,0,0,0,0,0,0,18,2,4,27,29,27
KAF2214227,84,75,99,0,0,0,0,0,0,7,2,8,26,33,40
KAF2214228,461,389,316,0,0,0,2,0,2,190,86,121,251,270,262
KAF2214229,71,89,50,0,0,0,0,0,0,14,8,9,35,56,20
KAF2214230,897,971,555,0,0,0,2,2,4,145,51,85,145,243,143
KAF2214231,472,324,350,0,0,0,0,0,2,69,42,36,157,217,79
KAF2214232,597,530,1019,0,0,1,0,0,0,4,0,2,22,39,19
KAF2214233,3728,3616,3209,4,0,4,2,0,5,10,16,13,53,108,26
KAF2214234,384,399,593,2,0,0,0,0,0,0,2,4,18,21,13
KAF2214235,118,95,215,0,0,0,0,0,0,0,0,0,4,6,0
KAF2214236,257,281,840,0,0,0,0,0,0,8,0,3,32,73,42
KAF2214237,1333,1207,1442,0,0,0,0,0,2,10,4,0,46,65,39
KAF2214238,249,240,377,2,2,0,0,0,0,2,2,2,8,14,4
KAF2214239,737,598,691,2,0,0,2,0,2,3,5,3,15,36,16
KAF2214240,933,978,1163,0,0,0,2,0,5,9,0,9,16,11,30
KAF2214241,196,295,385,0,0,0,0,0,0,0,0,2,56,141,42
KAF2214242,4696,3228,1683,6,2,10,0,2,0,5,0,0,19,45,19
KAF2214243,386,263,391,0,0,0,0,0,0,2,0,0,5,13,4
KAF2214244,422,345,528,0,2,2,0,0,2,0,0,2,14,14,8
KAF2214245,1634,1285,320,4,6,3,0,0,0,0,0,0,6,19,4
KAF2214246,156,104,162,0,0,0,0,0,0,2,0,0,0,0,4
KAF2214247,78,86,233,0,0,0,0,0,2,0,0,0,1,5,0
KAF2214248,463,612,1203,0,0,0,0,0,0,2,2,0,4,19,12
KAF2214249,7,12,4,0,0,0,0,0,0,0,0,0,0,0,0
EFT00053797959,4,14,10,0,0,0,0,0,0,0,0,0,0,0,0
KAF2214250,1695,1439,2251,0,2,4,0,0,0,10,8,1,37,47,20
KAF2214251,347,328,687,0,0,0,0,0,0,0,0,0,4,6,2
KAF2214252,249,214,434,0,0,0,0,0,0,7,0,0,12,30,5
KAF2214253,363,294,313,0,0,0,0,0,2,4,2,2,18,62,27
KAF2214254,3368,4501,7794,12,6,13,2,0,0,9,0,2,2,16,0
KAF2214255,69,69,136,0,0,0,0,0,0,2,2,1,3,8,4
KAF2214256,291,319,476,2,0,0,0,0,2,0,4,8,12,24,15
KAF2214257,11415,10317,9996,0,2,4,8,2,8,97,48,43,251,641,341
KAF2214258,438,328,19,0,0,0,0,0,0,0,0,0,0,0,1
KAF2214259,3929,4172,4447,4,6,4,0,0,0,4,0,6,32,48,18
KAF2214260,572,498,1202,0,0,0,0,2,0,29,2,12,45,37,29
KAF2214261,45,37,64,0,0,0,0,0,0,2,0,1,5,7,1
KAF2214262,34,44,54,0,0,0,0,0,0,1,2,1,2,2,0
KAF2214263,822,778,1598,3,0,0,2,0,2,12,2,10,39,75,28
KAF2214264,7167,6486,5774,2,0,2,2,2,8,20,15,7,67,106,27
KAF2214265,3882,4201,5949,2,2,0,6,0,8,18,14,5,80,145,53
KAF2214266,730,627,657,0,0,0,2,0,0,4,2,0,12,21,2
KAF2214267,630,598,1083,0,0,0,0,0,0,2,0,4,14,36,16
KAF2214268,539,485,595,0,0,0,2,0,0,51,6,5,49,104,48
KAF2214269,0,0,0,0,0,0,0,0,0,0,0,0,0,0,0
KAF2214270,137,124,232,0,2,0,0,0,0,0,0,0,4,20,9
KAF2214271,2406,1865,919,0,1,0,0,0,0,0,0,6,4,20,5
KAF2214272,6545,6107,2789,0,0,3,2,0,0,14,6,12,58,115,40
KAF2214273,1822,1718,3454,0,0,2,8,2,12,389,61,146,351,995,428
KAF2214274,26,27,30,0,0,0,0,0,0,0,0,0,1,0,0
KAF2214275,514,372,280,0,0,0,0,0,0,0,2,0,0,4,2
KAF2214276,1289,968,729,2,0,0,3,0,0,13,0,2,13,51,21
KAF2214277,248,255,454,0,0,0,2,0,2,2,0,0,5,8,6
KAF2214278,369,263,168,3,0,0,0,0,0,0,2,0,2,10,2
KAF2214279,418,340,514,0,0,0,0,0,0,9,3,1,26,37,14
KAF2214280,236,255,404,0,0,0,0,0,0,0,2,0,9,32,12
KAF2214281,1313,1364,1303,0,0,0,3,0,4,19,12,16,56,144,67
KAF2214282,1890,1886,2149,0,0,0,0,0,4,22,0,11,53,81,26
KAF2214283,1738,1536,2001,2,4,2,2,2,0,24,0,10,65,59,39
KAF2214284,336,250,200,0,0,0,0,0,0,0,0,0,2,7,4
KAF2214285,1510,1187,1379,2,0,0,0,0,2,2,4,0,26,64,36
KAF2214286,463,365,387,0,0,0,0,0,0,4,0,0,7,12,18
KAF2214287,2732,2893,4915,4,0,2,0,0,2,26,12,6,96,181,108
KAF2214288,1190,1096,1895,0,0,0,0,0,0,8,0,0,25,40,16
KAF2214289,2645,2349,2938,0,1,2,3,0,1,13,2,5,27,56,47
KAF2214290,140,120,182,0,0,0,0,0,2,0,0,0,4,17,4
KAF2214291,608,675,1551,2,0,0,0,0,6,14,2,12,28,70,32
KAF2214292,80,67,104,0,0,0,0,0,0,2,0,0,5,0,0
KAF2214293,1857,1661,1389,0,0,0,6,12,19,77,22,13,67,152,40
KAF2214294,13,16,14,0,0,0,0,0,0,0,0,0,1,0,0
KAF2214295,190,201,373,0,0,0,0,0,0,0,0,0,6,9,0
KAF2214296,1097,898,1034,0,0,0,0,0,0,6,4,0,34,32,5
KAF2214297,323,227,277,0,0,0,0,0,1,2,2,0,24,55,17
KAF2214298,38,30,32,0,0,0,0,0,0,2,0,0,10,23,12
KAF2214299,479,461,385,0,2,0,2,0,2,3,0,2,10,31,11
KAF2214300,515,459,435,0,0,2,0,0,2,1,0,0,6,20,3
KAF2214301,8754,6968,4363,14,1,6,7,0,2,24,12,12,170,305,123
KAF2214302,546,530,1355,0,0,0,0,0,0,25,2,4,35,69,26
KAF2214303,9,8,13,0,0,0,0,0,0,0,0,0,0,0,0
KAF2214304,5,0,21,0,0,0,0,0,0,0,0,0,0,0,0
KAF2214305,0,2,10,0,0,0,0,0,0,0,0,0,0,0,0
KAF2214306,4,13,22,0,0,0,0,0,0,0,0,0,0,0,0
KAF2214307,315,236,317,2,0,0,2,0,2,23,2,2,28,48,32
KAF2214308,1441,1455,1236,0,0,2,2,2,2,14,5,8,60,130,49
KAF2214309,203,221,213,2,0,0,0,0,0,0,0,2,6,10,6
KAF2214310,933,1012,2335,0,0,0,1,3,2,6,0,1,21,22,36
KAF2214311,29,53,42,0,0,0,0,0,0,1,0,0,0,15,0
KAF2214312,8192,8035,5440,0,0,4,0,2,0,12,6,14,43,95,28
KAF2214313,2008,1974,2393,2,0,0,0,0,4,12,6,6,23,81,28
KAF2214314,99,68,99,0,0,0,0,0,0,2,0,0,0,2,8
KAF2214315,253,304,543,0,0,0,0,0,0,8,0,2,20,44,32
KAF2214316,1523,1347,1758,0,0,0,4,0,4,18,10,9,78,113,41
KAF2214317,218,183,416,0,0,0,0,0,0,5,0,2,7,42,14
KAF2214318,26,24,33,0,0,0,0,0,0,0,0,0,0,0,0
KAF2214319,21,19,32,0,0,0,0,0,0,2,0,0,0,6,2
KAF2214320,570,572,635,2,0,0,0,0,4,12,0,0,16,36,23
KAF2214321,63,59,81,0,0,0,0,0,0,25,8,14,52,59,23
KAF2214322,674,742,1639,0,0,0,0,4,4,42,14,11,103,183,108
KAF2214323,1115,954,1190,0,0,0,1,4,1,12,4,12,45,75,52
KAF2214324,962,917,958,2,0,0,2,0,0,11,7,10,47,66,46
KAF2214325,129,137,109,0,0,0,0,0,0,2,2,0,6,9,2
KAF2214326,105,100,189,0,0,0,0,0,0,0,0,0,4,6,4
KAF2214327,217,191,336,1,0,0,0,0,0,0,0,0,5,9,4
KAF2214328,166,158,122,0,0,0,1,0,0,4,0,0,3,14,3
KAF2214329,1180,1134,1076,0,2,0,1,0,0,12,2,2,17,58,34
KAF2214330,23,18,33,0,0,0,0,0,0,0,0,2,2,4,4
KAF2214331,15,15,17,0,0,0,0,2,0,0,1,0,4,0,0
KAF2214332,51,31,105,0,0,0,0,0,0,4,4,0,10,17,10
KAF2214333,0,0,0,0,0,0,0,0,0,0,0,0,0,0,0
KAF2214334,2360,1996,827,0,0,4,2,0,0,9,0,0,23,61,13
KAF2214335,10515,8671,3071,10,4,13,8,2,6,20,5,20,72,110,48
KAF2214336,489,385,126,0,0,0,0,0,0,1,0,0,8,28,7
KAF2214337,103,66,112,0,0,0,0,0,0,1,0,0,2,3,0
KAF2214338,1373,1086,1572,0,0,0,4,0,4,13,2,4,18,66,25
KAF2214339,1421,1204,1190,0,0,0,0,0,4,7,0,2,23,51,8
KAF2214340,298,241,264,0,0,0,0,0,0,2,2,1,4,4,3
KAF2214341,470,421,431,0,0,0,0,0,2,4,0,0,7,21,6
KAF2214342,435,373,234,0,0,0,0,0,3,19,8,0,64,78,62
KAF2214343,37,53,43,0,0,0,0,0,0,8,2,0,4,4,2
KAF2214344,365,369,579,0,0,0,0,3,0,4,0,4,15,45,19
KAF2214345,375,327,632,0,0,1,0,0,2,0,2,0,13,15,8
KAF2214346,337,266,250,0,0,0,0,0,0,7,4,0,2,14,3
KAF2214347,504,406,667,0,0,0,0,0,0,2,0,2,0,3,3
KAF2214348,810,665,1057,1,0,0,0,0,2,0,0,3,4,7,2
KAF2214349,223,209,405,0,0,0,1,0,0,2,0,2,4,8,12
KAF2214350,1407,1160,1234,0,0,4,6,0,0,13,0,0,22,37,15
KAF2214351,415,518,1581,0,0,0,0,0,0,0,0,0,0,4,2
KAF2214352,220,192,463,0,0,0,0,0,0,4,0,6,18,40,18
KAF2214353,1931,1915,2587,0,0,0,6,4,2,19,5,5,15,83,31
KAF2214354,3944,3449,4266,0,2,0,2,0,0,4,3,4,18,21,18
KAF2214355,1876,2190,4602,0,0,0,1,4,7,24,12,8,40,86,41
KAF2214356,818,824,1000,0,1,0,0,2,2,6,2,2,14,39,25
KAF2214357,23,20,29,0,0,0,0,0,0,0,0,0,0,2,0
KAF2214358,895,691,498,0,2,2,1,0,0,0,5,4,14,16,14
KAF2214359,6876,6335,7028,2,2,2,3,2,1,18,6,7,92,139,38
KAF2214360,937,795,1264,0,0,0,4,0,0,19,2,6,23,87,30
KAF2214361,117,121,195,0,0,0,0,0,0,1,0,4,3,9,7
KAF2214362,7046,6617,7551,8,6,0,2,0,4,16,7,8,116,178,76
KAF2214363,417,394,770,0,0,0,0,0,0,12,4,4,20,40,12
KAF2214364,487,486,958,0,0,0,0,0,1,4,0,4,24,40,24
KAF2214365,1998,1894,1778,0,0,0,6,2,3,25,8,2,67,157,62
KAF2214366,14904,13827,9912,4,2,2,4,2,10,68,12,18,132,348,138
KAF2214367,2494,2293,1039,0,0,0,4,0,0,6,2,0,16,31,13
KAF2214368,251,258,317,0,0,0,0,0,0,6,0,0,10,23,9
KAF2214369,373,386,847,0,0,0,2,0,0,0,0,2,14,29,12
KAF2214370,18668,19158,21703,3,8,4,17,11,20,210,58,60,712,1656,808
KAF2214371,29183,29525,32570,4,5,11,4,6,38,209,88,78,829,1692,950
KAF2214372,742,720,1852,2,2,0,0,0,2,0,0,3,32,42,18
KAF2214373,1754,1272,1029,0,0,0,0,0,0,14,2,5,27,59,19
KAF2214374,2050,1817,2315,2,0,0,0,0,2,14,2,2,35,63,39
KAF2214375,8,14,18,0,0,0,0,0,0,0,1,0,0,0,0
KAF2214376,14,21,41,0,0,0,0,0,0,0,0,0,2,3,1
KAF2214377,59,61,122,0,0,0,0,0,0,2,0,0,1,2,4
KAF2214378,205,187,180,0,0,0,0,0,2,4,0,0,1,22,6
KAF2214379,260,234,158,0,0,0,0,0,0,9,0,2,14,18,6
KAF2214380,811,647,341,0,0,0,0,0,4,4,4,0,8,20,4
KAF2214381,913,746,521,0,2,1,0,0,0,7,2,4,12,54,19
KAF2214382,7522,6842,5765,4,2,4,2,0,0,23,19,14,132,301,133
KAF2214383,371,304,434,2,0,0,0,0,2,4,2,3,4,2,4
KAF2214384,13,11,19,0,0,0,0,0,0,0,0,0,0,0,0
KAF2214385,1535,1652,2602,0,2,2,0,0,2,6,0,0,13,34,10
KAF2214386,2289,2111,3784,0,2,2,0,2,5,31,10,7,38,87,34
KAF2214387,6959,6210,5168,2,2,2,0,0,4,25,4,6,12,38,37
KAF2214388,614,483,363,0,0,2,4,0,2,2,0,0,16,9,13
KAF2214389,2118,1772,767,0,0,0,0,0,2,4,0,4,14,33,15
KAF2214390,493,443,510,0,0,2,0,0,0,6,0,2,4,14,0
KAF2214391,2380,2257,3924,4,0,2,0,0,2,4,6,2,20,43,23
KAF2214392,885,702,1064,2,0,0,0,0,0,5,0,0,32,38,26
KAF2214393,1044,969,976,0,2,0,2,2,0,11,2,0,37,66,26
KAF2214394,400,357,431,0,0,0,0,0,2,2,2,0,19,38,13
KAF2214395,1425,1225,1759,2,2,2,0,0,2,8,0,4,14,89,28
KAF2214396,5002,6604,12266,4,5,7,4,6,4,30,14,10,107,352,103
KAF2214397,318,300,710,0,0,0,0,0,2,2,2,0,6,12,9
KAF2214398,1747,1572,830,0,4,2,0,0,0,7,3,2,17,74,31
KAF2214399,107569,95417,77760,32,15,13,25,18,32,229,43,85,557,1164,509
KAF2214400,13565,12634,7762,4,6,6,14,3,12,103,57,24,503,1394,736
KAF2214401,1348,974,346,2,0,0,0,0,0,10,0,2,15,52,8
KAF2214402,79349,71766,22722,4,10,8,0,2,2,17,6,3,46,95,24
KAF2214403,40,29,30,0,0,0,0,0,0,0,0,0,0,1,1
KAF2214404,45,24,39,0,0,0,0,0,0,0,0,0,0,0,1
KAF2214405,762,924,1362,0,0,0,4,2,6,22,4,0,17,44,43
KAF2214406,43,24,70,0,0,0,0,0,0,2,0,0,6,14,10
KAF2214407,81,78,146,0,0,0,2,0,0,0,0,0,0,0,2
KAF2214408,155,149,168,0,0,0,2,0,0,2,0,4,5,14,4
KAF2214409,173,182,549,0,0,0,1,0,0,3,2,0,9,21,12
KAF2214410,44,66,188,0,0,0,1,0,0,0,0,0,3,5,3
KAF2214411,465,481,532,0,2,0,1,0,0,4,0,6,12,18,6
KAF2214412,482,208,274,0,0,0,2,2,0,22,10,14,32,77,37
KAF2214413,5967,5518,3110,0,4,2,0,0,0,6,2,8,28,50,25
KAF2214414,14113,16112,18330,4,3,4,6,10,8,30,14,8,97,330,140
KAF2214415,380,218,79,0,0,0,2,1,2,22,6,12,41,66,31
KAF2214416,202,264,249,0,0,0,0,0,0,4,0,0,2,6,2
KAF2214417,400,363,401,0,0,2,0,0,0,4,0,0,7,18,10
KAF2214418,173,178,190,0,0,0,0,0,0,3,0,0,5,16,2
KAF2214419,33,24,24,0,0,0,0,0,0,4,0,0,0,6,4
KAF2214420,1561,1412,1704,2,0,8,2,3,0,28,2,8,44,126,33
KAF2214421,424,427,732,0,0,0,0,0,0,0,0,4,8,7,6
KAF2214422,785,776,827,0,2,0,0,0,2,10,2,8,31,41,49
KAF2214423,597,615,500,0,0,1,0,0,2,9,5,4,37,72,36
KAF2214424,238,224,285,0,2,0,0,0,0,14,2,6,27,44,19
KAF2214425,52,60,121,0,0,0,0,0,0,7,2,2,13,24,11
KAF2214426,178,139,260,0,0,0,0,0,2,2,4,4,28,36,28
KAF2214427,1940,1803,2415,2,0,0,0,2,0,20,2,7,51,79,53
KAF2214428,736,677,717,2,0,0,0,0,4,5,8,0,22,68,20
KAF2214429,3677,3350,4108,0,1,4,2,0,2,18,5,10,50,78,41
KAF2214430,134,101,239,0,0,0,0,0,0,3,1,2,6,24,10
KAF2214431,62,71,110,0,0,0,0,0,0,0,0,0,0,14,6
KAF2214432,316,298,468,0,0,0,0,0,0,0,0,1,2,10,12
KAF2214433,49,33,110,0,0,0,0,0,0,0,0,0,0,3,4
KAF2214434,8,5,15,0,0,0,0,0,0,0,0,0,0,2,2
KAF2214435,172,196,623,2,0,0,2,0,1,3,2,0,11,74,28
KAF2214436,3212,3929,6396,0,2,0,0,16,2,40,10,2,317,664,219
KAF2214437,1,0,2,0,0,0,0,0,0,0,0,0,0,0,0
KAF2214438,0,0,0,0,0,0,0,0,0,0,0,0,0,0,0
KAF2214439,305,279,365,0,0,0,0,0,0,1,0,0,4,6,10
KAF2214440,1890,2031,1688,0,0,0,2,2,4,6,4,12,40,87,42
KAF2214441,2663,2678,2513,1,0,0,2,0,2,8,2,4,54,123,109
KAF2214442,16841,13948,6880,16,0,4,4,2,2,49,15,4,113,206,83
KAF2214443,1200,1258,1505,0,0,4,6,2,2,10,8,4,26,55,27
KAF2214444,6351,5823,6077,2,2,0,0,2,0,8,2,2,27,59,23
KAF2214445,1685,1554,2062,0,4,5,2,0,0,2,4,2,40,64,10
KAF2214446,259,297,454,0,0,0,0,0,2,26,4,2,42,41,38
KAF2214447,18,31,93,0,0,0,0,0,0,1,0,0,8,10,2
KAF2214448,32,35,65,0,0,0,0,0,0,1,0,0,3,0,1
KAF2214449,635,553,547,2,0,0,0,2,2,8,2,2,20,45,4
KAF2214450,1178,972,787,0,2,0,0,0,2,10,0,4,24,40,18
KAF2214451,3836,3805,7724,0,0,1,2,0,2,16,6,2,33,99,38
KAF2214452,264,217,316,0,0,0,0,0,1,4,0,2,5,17,6
KAF2214453,2794,2372,1734,0,2,4,2,0,2,9,0,6,19,32,28
KAF2214454,185,132,117,0,0,2,0,0,0,2,0,3,4,5,6
KAF2214455,118,104,94,0,0,0,0,0,0,0,1,0,3,4,1
KAF2214456,3083,2515,1790,2,0,2,1,0,0,2,1,5,18,46,9
KAF2214457,2257,2160,1097,2,0,2,0,0,0,0,0,0,3,2,4
KAF2214458,519,384,452,0,0,0,0,0,0,8,2,2,26,52,24
KAF2214459,1075,940,1316,0,2,0,0,0,2,10,0,6,18,33,6
KAF2214460,1471,1271,1230,0,0,0,0,0,2,26,2,3,32,53,24
KAF2214461,732,654,753,0,0,0,0,0,0,14,2,2,18,38,15
KAF2214462,350,253,230,0,0,2,0,0,0,7,0,2,6,2,2
KAF2214463,11196,9491,6701,4,2,8,8,5,11,39,18,15,138,300,114
KAF2214464,120,74,179,0,0,0,0,0,0,0,0,2,6,2,0
KAF2214465,672,742,1156,0,0,0,0,2,0,10,6,8,24,66,33
KAF2214466,344,379,1087,0,0,0,0,0,0,2,0,2,8,13,2
KAF2214467,17,21,34,0,0,0,0,0,0,0,0,0,0,0,2
KAF2214468,2,2,6,0,0,0,0,0,0,0,0,0,0,0,0
KAF2214469,2196,1780,487,0,0,0,0,0,2,0,0,3,6,10,5
KAF2214470,1725,1710,2859,0,0,2,0,2,6,27,4,8,65,144,78
KAF2214471,10,20,44,0,0,0,0,0,0,0,0,0,0,0,0
KAF2214472,4,0,23,0,0,0,0,0,4,0,0,8,6,12,0
KAF2214473,1487,1230,1416,0,0,0,0,0,2,14,2,2,29,40,18
KAF2214474,317,336,518,0,0,0,0,0,0,0,0,0,0,12,4
KAF2214475,70,68,78,0,0,0,0,0,0,0,0,0,0,0,0
KAF2214476,5991,5374,5607,1,4,6,8,4,0,2,7,12,26,82,26
KAF2214477,14057,14329,4655,0,2,0,0,0,0,0,0,0,10,12,4
KAF2214478,1388,1367,1763,0,0,0,0,0,2,15,0,1,21,70,30
KAF2214479,147,134,200,0,0,0,0,0,2,4,4,6,10,37,14
KAF2214480,16,14,12,0,0,0,0,0,0,2,0,0,3,0,0
KAF2214481,1487,795,470,4,2,3,0,0,0,37,6,8,42,38,28
KAF2214482,4937,3455,1029,2,2,0,0,0,0,3,0,0,20,30,13
KAF2214483,379,344,374,0,0,0,0,2,0,0,0,6,19,18,12
KAF2214484,859,756,417,0,0,2,0,0,2,0,8,2,16,21,2
KAF2214485,6050,5744,6375,0,2,2,8,2,2,28,14,10,76,146,93
KAF2214486,1096,908,710,2,0,1,0,0,4,2,4,1,12,41,20
KAF2214487,138,97,80,0,0,0,0,0,4,2,0,1,5,14,8
KAF2214488,144,150,201,0,0,0,2,0,0,4,0,0,38,205,71
KAF2214489,330,293,563,0,0,0,0,0,0,8,0,0,11,14,4
KAF2214490,933,659,798,0,0,0,0,0,0,5,0,2,17,40,24
KAF2214491,302,283,282,0,0,0,0,0,0,3,0,0,5,7,2
KAF2214492,2876,3123,3105,0,0,0,0,0,0,3,0,0,25,47,35
KAF2214493,5340,5766,7570,0,0,0,2,2,6,46,26,20,141,332,189
KAF2214494,1412,1486,3028,0,0,0,0,6,2,34,8,10,100,143,85
KAF2214495,1255,1079,3043,6,10,6,2,0,0,11,0,2,12,18,19
KAF2214496,152,139,353,0,0,0,0,0,0,0,2,0,4,2,2
KAF2214497,2895,2295,1897,2,2,0,0,0,0,9,0,5,17,36,9
KAF2214498,1616,1704,2264,8,0,0,4,0,2,14,2,3,16,52,23
KAF2214499,1180,1089,1799,0,2,1,4,0,0,2,3,0,18,59,10
KAF2214500,402,306,328,0,0,0,0,0,0,0,0,2,8,18,0
KAF2214501,0,2,7,0,0,0,0,0,0,0,0,0,0,2,0
KAF2214502,0,2,8,0,0,0,0,0,0,0,0,0,0,0,0
KAF2214503,230,210,709,0,0,0,0,0,0,12,2,3,12,48,21
KAF2214504,48,26,45,0,0,0,0,0,0,0,0,0,3,2,2
KAF2214505,64,61,51,0,0,0,0,0,0,0,0,0,1,10,2
KAF2214506,141,170,194,0,0,0,0,0,2,2,0,0,8,16,11
KAF2214507,346,323,788,0,0,0,0,0,2,6,2,14,16,28,14
KAF2214508,7552,8060,8194,0,0,7,0,0,0,40,10,28,46,61,28
KAF2214509,719,636,511,0,0,0,0,0,1,2,0,0,6,15,6
KAF2214510,52,40,54,0,0,0,4,0,4,150,21,86,158,212,92
KAF2214511,492,360,495,0,0,0,2,0,2,7,4,3,28,66,41
KAF2214512,10,1,10,0,0,0,0,0,0,0,0,1,0,2,0
KAF2214513,0,0,1,0,0,0,0,0,0,0,0,0,0,0,0
KAF2214514,12,10,13,0,0,0,0,0,0,0,0,0,0,0,2
KAF2214515,459,371,576,0,0,0,0,0,0,4,4,2,10,26,2
KAF2214516,224,279,559,0,0,0,0,0,2,12,0,6,14,29,7
KAF2214517,41,51,50,0,0,0,0,0,0,0,0,0,2,10,2
KAF2214518,1327,1441,2124,0,0,2,0,2,6,21,2,2,48,115,40
KAF2214519,3612,3336,3177,0,0,0,0,4,2,23,0,4,64,88,33
KAF2214520,422,441,491,0,0,0,0,0,1,5,0,1,13,19,16
KAF2214521,646,510,1079,0,0,2,0,0,0,3,5,2,9,34,18
KAF2214522,371,341,532,0,0,0,0,0,0,1,4,0,6,23,9
KAF2214523,4392,4431,4567,2,2,0,10,9,12,35,28,13,170,468,236
KAF2214524,17288,15343,11148,8,4,6,6,0,2,26,6,20,75,134,67
KAF2214525,2777,2384,1473,2,2,2,0,2,0,10,2,4,18,52,27
KAF2214526,953,894,829,1,0,3,1,1,1,0,1,0,6,6,9
KAF2214527,5299,4418,4148,2,4,2,4,0,4,14,6,6,31,67,13
KAF2214528,1190,1167,1398,1,0,0,0,0,7,16,7,4,67,110,89
KAF2214529,54,42,70,0,0,0,0,2,4,0,0,2,4,8,4
KAF2214530,903,840,820,0,0,0,0,0,0,12,2,6,15,41,19
KAF2214531,26,26,68,0,0,0,0,0,0,0,0,0,1,4,3
KAF2214532,6,1,27,0,0,0,0,0,0,0,0,0,0,1,0
KAF2214533,537,556,1186,0,0,0,0,0,4,5,2,2,7,38,16
KAF2214534,290,342,752,0,0,0,0,0,2,3,2,0,11,51,11
KAF2214535,88,100,220,2,0,0,0,0,0,4,0,1,0,5,2
KAF2214536,3976,3169,2188,0,4,6,2,0,0,22,4,4,30,100,55
KAF2214537,1217,1315,1285,0,0,0,2,0,0,4,0,0,18,86,27
KAF2214538,182,135,134,0,0,0,0,0,0,2,0,2,6,12,2
KAF2214539,922,656,454,4,0,2,0,2,0,6,0,0,8,8,3
KAF2214540,376,255,162,1,0,0,0,0,1,4,0,2,2,19,7
KAF2214541,1348,1351,2315,2,0,4,0,0,0,6,1,6,20,28,5
KAF2214542,3332,2825,2207,5,2,4,6,6,2,33,10,8,90,195,87
KAF2214543,3374,3312,5013,0,2,0,0,2,0,8,6,6,66,171,40
KAF2214544,66,47,109,0,0,0,0,0,0,0,0,0,4,3,0
KAF2214545,43,33,112,0,0,0,0,0,0,2,0,0,0,7,1
KAF2214546,12,19,30,0,0,0,0,0,0,0,0,0,2,0,0
KAF2214547,13,14,15,0,0,0,0,0,0,0,0,0,0,2,1
KAF2214548,538,495,657,0,0,0,0,2,0,2,0,0,4,27,14
KAF2214549,526,589,424,0,0,2,0,0,0,0,1,0,3,29,17
KAF2214550,25,38,57,0,0,0,0,0,0,0,2,0,2,6,2
KAF2214551,3492,3295,3078,2,0,4,2,0,2,10,2,2,52,151,42
KAF2214552,571,507,879,0,0,0,0,0,0,6,5,2,17,29,11
KAF2214553,401,468,694,0,0,0,0,0,1,1,0,0,11,27,5
KAF2214554,953,783,867,2,0,0,0,0,0,8,6,8,24,42,30
KAF2214555,226,202,212,0,0,0,0,0,0,4,0,0,2,5,0
KAF2213780,1224,1234,782,2,0,2,0,0,0,11,2,2,31,46,24
KAF2213781,169,116,130,0,0,0,0,0,0,16,0,2,24,65,26
KAF2213782,402,340,459,0,0,0,2,2,0,5,3,0,2,24,4
KAF2213783,4902,4433,2940,5,2,0,2,0,0,6,1,10,64,74,48
KAF2213784,196,201,258,0,0,0,0,0,0,0,0,0,5,7,8
KAF2213785,1278,1482,3534,4,0,2,2,4,6,20,4,10,65,143,57
KAF2213786,979,795,594,0,2,0,2,0,0,5,2,0,11,29,8
KAF2213787,253,183,118,0,0,0,0,0,0,1,0,0,3,10,0
KAF2213788,1,1,2,0,0,0,0,0,0,0,0,0,0,0,0
KAF2213789,86,52,56,0,0,0,0,0,0,2,0,0,0,0,0
KAF2213790,46,48,46,0,0,0,0,0,0,0,0,0,2,2,0
KAF2213791,839,782,1048,0,0,0,2,2,4,9,2,4,23,28,25
KAF2213792,603,473,341,2,2,2,2,0,6,17,2,3,87,242,104
KAF2213793,419,299,308,0,0,0,4,0,1,4,0,2,13,36,12
KAF2213794,809,817,733,2,0,0,0,0,0,3,0,4,25,70,58
KAF2213795,15749,13315,6818,0,6,9,4,2,14,81,56,34,210,375,176
KAF2213796,0,0,0,0,0,0,0,0,0,0,0,0,0,0,0
KAF2213797,24,38,21,0,0,0,0,0,0,1,0,0,1,6,2
KAF2213798,977,861,2164,0,0,2,0,0,0,8,2,0,26,45,22
KAF2213799,7858,5680,445,2,2,2,0,0,0,3,2,0,9,20,11
KAF2213800,115341,98356,16124,37,26,20,36,16,26,77,27,20,323,712,304
KAF2213801,452,289,191,0,0,2,0,0,2,7,0,1,11,12,14
KAF2213802,400,308,150,0,0,0,0,0,1,8,2,0,7,7,3
KAF2213803,609,662,513,0,0,0,0,0,1,0,0,0,8,19,8
KAF2213804,825,728,1560,0,2,2,0,0,6,6,6,4,14,21,13
KAF2213805,139,153,260,0,0,0,0,0,0,0,0,0,2,16,7
KAF2213806,42,39,37,0,0,0,0,0,0,0,0,0,0,4,0
KAF2213807,435,290,201,0,0,0,0,0,0,0,0,1,6,8,4
KAF2213808,293,188,143,0,0,0,0,0,0,1,0,1,3,11,9
KAF2213809,259,224,738,2,0,0,2,4,0,69,10,15,156,401,38
KAF2213810,1126,943,786,2,0,0,0,2,4,3,2,4,17,49,22
KAF2213811,1029,1024,1093,0,0,0,2,0,0,10,0,4,13,31,6
KAF2213812,68027,65770,60516,4,18,14,5,22,44,319,128,126,951,1658,793
KAF2213813,664,960,2003,0,0,0,0,0,0,8,0,10,8,11,15
KAF2213814,185,164,452,0,0,0,10,0,2,20,4,4,53,76,23
KAF2213815,771,913,938,0,0,0,0,0,2,10,2,0,33,97,36
KAF2213816,696,549,487,0,0,0,0,0,0,7,2,4,7,34,18
KAF2213817,595,460,457,0,0,0,0,0,4,16,10,8,59,184,77
KAF2213818,8207,7355,4195,0,1,0,0,0,0,5,1,8,29,32,18
KAF2213819,6513,5746,6110,3,0,2,5,0,4,37,8,23,134,154,93
KAF2213820,18,10,17,0,0,0,0,0,0,0,0,0,0,2,2
KAF2213821,44,55,64,0,0,0,0,0,0,2,0,0,4,9,6
KAF2213822,26,34,61,0,0,0,0,0,0,2,0,0,1,2,0
KAF2213823,2912,3065,2767,4,0,0,0,2,2,10,2,6,21,45,8
KAF2213824,1169,1004,482,0,0,0,0,0,0,5,5,0,9,30,20
KAF2213825,1119,900,713,0,0,0,1,0,0,8,0,1,24,37,27
KAF2213826,768,782,908,0,0,0,0,0,0,7,0,2,13,41,7
KAF2213827,11105,9450,5651,2,0,0,2,2,2,24,0,4,44,66,28
KAF2213828,7759,8211,11103,16,8,8,0,0,0,4,4,2,29,45,34
KAF2213829,248,210,368,0,0,2,0,0,0,12,0,0,10,15,6
KAF2213830,2948,2485,2187,14,2,2,6,4,0,4,4,2,14,32,7
KAF2213831,1224,1012,499,0,0,0,0,0,1,9,3,7,22,32,15
KAF2213832,1635,1402,1231,0,0,0,0,0,2,7,0,2,16,48,17
KAF2213833,959,766,493,2,0,2,0,0,0,6,1,0,13,25,12
KAF2213834,7,19,7,0,0,0,0,0,0,0,0,0,0,0,3
KAF2213835,26,18,11,0,0,0,0,0,0,4,0,0,4,0,0
KAF2213836,245,272,518,0,0,0,2,0,2,5,1,0,7,12,8
KAF2213837,3877,3603,1865,0,0,0,0,0,4,10,2,5,22,46,40
KAF2213838,533,480,363,0,0,0,0,0,1,0,0,2,8,15,3
KAF2213839,1422,1353,1039,0,0,0,0,0,2,9,0,1,9,11,4
KAF2213840,2552,2342,1675,0,1,0,0,0,0,14,2,0,20,59,34
KAF2213841,207,174,212,0,0,2,0,0,0,4,0,0,8,6,2
KAF2213842,510,487,331,0,0,0,0,0,0,0,1,2,14,31,12
KAF2213843,732,531,81,0,0,0,0,0,0,4,0,0,2,4,4
KAF2213844,1103,943,1069,0,0,2,2,0,0,19,5,8,23,29,9
KAF2213845,1006,899,914,2,0,0,0,0,0,6,6,10,26,29,12
KAF2213846,4892,4313,5808,4,2,0,2,6,0,20,2,13,49,89,30
KAF2213847,3456,3069,4694,6,0,0,0,0,2,20,4,20,69,164,45
KAF2213848,256,228,874,0,0,0,0,0,2,10,3,6,28,50,17
KAF2213849,183,174,601,0,0,0,0,0,0,15,2,2,208,557,232
KAF2213850,396,408,821,0,0,0,0,0,0,4,4,0,147,324,124
KAF2213851,929,883,810,0,0,0,0,0,0,4,0,0,4,23,3
KAF2213852,3057,2494,1689,2,2,2,1,2,0,21,10,8,28,90,44
KAF2213853,669,770,2644,0,0,0,0,0,2,6,2,0,20,26,23
KAF2213854,2475,1634,525,2,0,0,0,0,0,0,0,0,3,6,2
KAF2213855,48,51,114,0,0,0,0,0,0,0,0,0,1,6,2
KAF2213856,127,75,305,0,0,0,0,0,0,0,1,0,4,6,3
KAF2213857,73,54,88,0,0,0,0,0,0,0,0,0,4,2,1
KAF2213858,157,102,194,0,0,0,0,0,0,2,0,0,4,10,0
KAF2213859,35,44,39,0,0,0,0,0,0,1,0,0,3,2,0
KAF2213860,1417,1306,2042,0,0,0,0,0,2,20,10,0,31,112,42
KAF2213861,60,60,47,0,0,0,0,0,0,0,0,0,0,0,0
KAF2213862,28,23,20,0,0,0,0,0,2,0,0,0,0,0,0
KAF2213863,4305,4500,1707,2,0,0,0,2,0,1,1,7,28,70,10
KAF2213864,396,377,452,0,0,0,0,0,0,9,4,0,9,5,3
KAF2213865,3080,3016,1752,0,0,0,0,6,6,118,22,26,37,67,41
KAF2213866,1972,1652,1158,0,1,0,0,0,0,20,4,2,26,55,32
KAF2213867,3369,3206,3796,0,0,4,0,4,6,26,6,12,72,136,74
KAF2213868,35,22,21,0,0,0,0,0,0,0,0,0,0,1,0
KAF2213869,4522,4006,1669,0,0,0,0,4,0,34,6,8,78,118,54
KAF2213870,445,344,332,0,0,0,0,0,0,15,0,6,25,38,14
KAF2213871,3631,3242,3005,2,0,0,0,0,0,4,6,10,50,123,84
KAF2213872,5380,4199,3027,0,1,1,0,0,2,6,2,2,14,40,23
KAF2213873,16786,16460,11318,8,2,6,10,8,10,48,20,18,199,451,220
KAF2213874,3904,4076,3706,2,0,0,6,4,2,26,14,12,81,219,110
KAF2213875,40,25,63,0,0,0,0,0,0,3,0,1,1,2,4
KAF2213876,1191,933,1141,2,2,0,2,0,2,9,0,3,40,56,21
KAF2213877,174,106,265,0,0,0,0,0,0,0,0,2,4,29,6
KAF2213878,2851,2380,2292,0,0,2,2,0,0,19,2,6,37,100,34
KAF2213879,111,94,141,0,0,0,0,0,0,2,0,0,9,23,6
KAF2213880,5655,4864,4260,6,2,2,0,0,2,18,6,10,50,107,34
KAF2213881,5984,5615,6174,0,0,2,2,0,0,38,3,10,55,73,44
KAF2213882,2516,2358,1730,2,0,1,6,4,2,24,8,8,71,157,77
KAF2213883,19,18,16,0,0,0,0,0,0,0,0,0,0,0,0
KAF2213884,8,23,30,0,0,0,0,0,0,5,0,0,3,9,7
KAF2213885,218,215,312,0,0,0,2,2,2,0,0,0,10,25,7
KAF2213886,4072,3727,5740,4,0,0,0,0,0,14,8,7,117,306,137
KAF2213887,2131,1787,1304,0,0,0,0,0,0,6,0,6,40,58,28
KAF2213888,150,108,268,0,0,0,0,0,0,14,2,0,13,40,18
KAF2213889,430,415,384,0,0,0,2,0,0,6,1,4,14,30,12
KAF2213890,1904,1521,1271,2,0,2,0,0,2,14,2,12,27,84,27
KAF2213891,320,260,386,2,0,0,0,0,0,0,2,2,9,24,10
KAF2213892,196,131,226,0,2,0,0,0,0,2,1,0,15,14,15
KAF2213893,2476,2075,1079,2,0,0,2,4,2,14,4,6,16,77,23
KAF2213894,73,73,40,0,0,0,2,0,0,3,0,0,0,0,3
KAF2213895,55,45,28,0,0,0,0,0,0,2,0,0,3,0,1
KAF2213896,7390,6886,4667,0,0,4,2,0,4,11,2,2,43,107,41
KAF2213897,1061,1032,914,2,0,1,0,2,0,5,3,3,29,54,50
KAF2213898,947,786,530,0,0,2,2,0,0,6,2,2,10,25,22
KAF2213899,1311,1083,779,0,0,0,0,0,0,2,0,2,34,68,12
KAF2213900,457,541,1146,0,0,0,2,0,0,12,6,6,25,46,32
KAF2213901,116,114,165,0,0,0,0,0,0,2,4,0,2,4,6
KAF2213902,1019,1105,2110,0,0,0,0,0,0,2,0,0,0,12,4
KAF2213903,1599,1360,2177,0,0,2,0,0,0,21,2,4,32,75,25
KAF2213904,263,215,330,0,2,0,0,0,1,4,0,2,6,10,7
KAF2213905,83,66,79,0,0,0,0,0,0,0,0,0,0,2,0
KAF2213906,438,310,383,0,0,0,0,0,0,0,0,0,2,15,0
KAF2213907,5205,4649,4479,4,2,4,2,0,0,18,6,10,33,71,14
KAF2213908,7408,6416,5011,4,4,2,1,4,0,26,2,5,89,159,69
KAF2213909,3348,3134,1049,0,0,3,0,0,0,10,0,0,16,37,37
KAF2213910,1048,882,462,0,2,0,2,0,0,9,2,0,8,29,11
KAF2213911,473,452,462,0,0,0,0,0,0,0,0,4,13,47,19
KAF2213912,194,141,155,0,2,0,0,0,0,2,0,0,13,12,10
KAF2213913,12771,10857,5402,10,2,5,6,6,7,53,22,25,152,363,152
KAF2213914,4955,4498,5511,0,1,4,0,2,6,6,0,6,20,44,25
KAF2213915,778,967,6425,0,0,0,12,2,2,18,2,6,38,60,47
KAF2213916,388,269,311,0,0,0,0,0,0,0,0,2,11,6,13
KAF2213917,1155,1015,772,0,0,0,2,0,0,2,0,2,15,60,13
KAF2213918,2454,2368,1132,0,1,0,0,0,0,4,1,1,10,47,32
KAF2213919,537,466,353,0,0,0,0,0,0,3,3,0,10,19,12
KAF2213920,20106,13770,922,28,24,16,0,0,0,1,1,0,5,10,6
KAF2213921,1457,1359,786,0,0,0,0,0,0,12,1,12,32,63,22
KAF2213922,433,509,945,0,0,0,4,0,8,7,2,4,57,209,109
KAF2213923,480,435,468,0,0,0,0,2,0,3,0,0,36,27,24
KAF2213924,30,22,70,0,0,0,0,0,0,0,0,0,0,4,0
KAF2213925,2,6,20,0,0,0,0,0,0,0,0,0,0,0,0
KAF2213926,3561,3577,1971,0,0,0,6,10,12,19,7,8,46,87,18
KAF2213927,6786,6525,6322,10,6,2,2,2,8,27,6,8,65,186,58
KAF2213928,14,18,18,0,0,0,0,0,0,0,0,0,2,1,0
KAF2213929,56,69,145,0,0,0,0,0,0,0,0,0,4,18,11
KAF2213930,35,43,62,0,0,0,0,0,0,0,0,0,0,0,0
KAF2213931,6,3,3,0,0,0,0,0,0,0,0,0,2,0,0
KAF2213932,5666,6012,5608,2,0,0,0,4,12,46,13,8,163,519,249
KAF2213933,916,842,1207,2,0,0,0,0,0,2,0,1,2,17,8
KAF2213934,27537,25239,16782,0,2,2,0,0,0,18,2,2,31,69,30
KAF2213935,2523,2446,4235,0,0,2,2,0,0,9,0,6,7,23,7
KAF2213936,831,624,644,2,0,0,0,2,0,14,0,3,39,66,26
KAF2213937,2315,1975,1460,0,0,0,0,0,4,2,1,2,30,48,18
KAF2213938,48,48,88,0,0,0,0,0,0,0,0,0,0,0,0
KAF2213939,35283,33034,68635,5,6,18,2,0,2,47,18,22,117,274,100
KAF2213940,2322,1987,1469,2,0,4,2,2,0,6,8,6,9,32,22
KAF2213941,355,377,374,0,0,0,0,0,0,4,0,2,22,59,24
KAF2213942,0,0,2,0,0,0,0,0,0,0,0,0,0,0,0
KAF2213943,147,115,291,0,0,0,0,0,0,2,0,0,10,22,5
KAF2213944,187,219,261,0,0,0,0,0,0,0,0,0,9,18,7
KAF2213945,606,502,523,4,0,0,0,0,0,2,2,2,6,24,7
KAF2213946,420,352,499,0,0,1,0,0,0,10,0,0,13,31,14
KAF2213947,15266,13055,15458,14,14,14,8,4,2,49,16,32,135,248,105
KAF2213948,1121,952,1160,0,0,0,0,0,2,12,4,0,106,129,70
KAF2213949,3167,3686,6335,0,0,0,4,2,6,18,19,13,143,337,165
KAF2213950,3026,3046,687,0,0,0,0,0,0,1,0,2,15,14,8
KAF2213951,9,6,51,0,0,0,0,0,0,0,0,1,0,0,1
KAF2213952,4644,5360,11731,2,0,2,14,11,22,140,62,69,485,1091,392
KAF2213953,2776,2543,2809,2,0,8,2,0,2,6,6,10,53,94,66
KAF2213954,213,197,272,2,0,0,0,0,0,2,2,0,6,16,7
KAF2213955,1672,1486,1084,0,2,0,6,4,6,7,4,4,65,112,40
KAF2213956,91,120,204,2,0,0,1,0,0,0,1,3,17,20,16
KAF2213957,374,324,526,0,0,0,2,0,2,10,2,2,21,48,15
KAF2213958,10,25,23,0,0,0,0,0,0,2,0,0,1,0,0
KAF2213959,230,196,298,0,0,0,0,0,0,0,0,0,1,5,2
KAF2213960,714,689,1775,0,0,2,0,2,4,15,8,2,30,85,31
KAF2213961,23391,23592,16246,8,2,6,8,2,6,52,20,17,172,315,128
KAF2213962,1656,1460,1129,0,0,0,0,0,0,0,0,0,21,31,27
KAF2213963,153,141,246,0,0,0,2,0,2,15,0,2,25,66,16
KAF2213964,153,121,246,0,0,0,0,0,0,3,6,2,14,23,8
KAF2213965,156,161,290,0,0,0,0,0,3,2,0,0,7,7,1
KAF2213966,2881,2778,4163,0,0,0,0,0,6,19,4,6,37,78,36
KAF2213967,973,796,747,1,0,0,0,0,2,9,6,4,30,84,22
KAF2213968,1656,1515,1798,0,2,2,4,2,6,22,1,2,41,103,40
KAF2213969,1563,1594,2352,2,2,0,2,0,7,18,4,7,62,121,51
KAF2213970,687,762,1112,0,0,0,2,0,2,4,4,2,12,32,12
KAF2213971,796,653,331,0,0,0,0,0,0,0,0,0,4,10,3
KAF2213972,5061,4291,2321,4,0,0,0,0,2,19,6,16,60,77,26
KAF2213973,119,71,130,0,0,0,0,0,0,26,4,8,95,122,50
KAF2213974,267,173,226,0,0,2,0,0,0,8,0,0,12,28,0
KAF2213975,365,507,171,0,0,0,0,0,0,0,0,0,6,4,0
KAF2213976,106,75,87,0,0,0,0,0,0,0,0,0,0,0,0
EFT00053797961,43,40,25,0,0,0,0,0,0,1,0,0,1,2,1
KAF2213977,4367,3885,3386,4,2,2,6,8,8,67,33,17,137,344,214
KAF2213978,705,663,831,0,1,0,2,0,4,15,0,2,42,83,42
KAF2213979,12,6,16,0,0,0,0,0,0,0,0,0,2,2,0
KAF2213980,350,282,514,0,0,0,0,0,0,9,2,1,6,31,9
KAF2213981,1819,1775,2150,2,0,0,0,2,0,14,2,6,46,107,34
KAF2213982,46,23,35,0,0,0,0,0,0,2,0,0,0,2,0
KAF2213983,2079,1678,1144,4,0,0,0,2,0,4,8,4,44,56,30
KAF2213984,220,178,145,0,0,0,0,0,0,4,0,0,0,3,2
KAF2213985,146,193,432,0,0,0,0,0,0,2,2,2,6,4,2
KAF2213986,93,72,143,0,0,0,0,0,0,2,2,1,7,7,4
KAF2213987,725,650,1127,0,1,2,2,2,3,16,2,2,24,24,21
KAF2213988,2175,2071,1625,1,0,3,0,0,5,23,4,10,45,35,25
KAF2213989,2393,2284,2007,1,0,1,0,0,5,0,2,3,19,46,30
KAF2213990,11721,13416,10105,0,0,0,0,0,0,9,0,0,25,46,37
KAF2213991,274,288,252,0,0,0,0,0,0,0,0,0,0,1,2
KAF2213992,6671,6813,8466,6,2,2,2,2,0,10,4,6,30,71,39
KAF2213993,450,502,1282,3,0,0,0,0,0,0,2,0,12,18,8
EFT00053797962,0,2,0,0,0,0,0,0,0,0,0,0,1,0,0
KAF2213994,100,70,85,0,0,0,2,0,2,4,0,1,5,16,4
KAF2213995,11319,10429,9230,4,1,4,10,2,14,89,38,38,559,1257,503
KAF2213996,3260,3296,8212,2,0,2,0,0,2,17,4,3,29,65,36
KAF2213997,706,677,1239,0,0,0,2,0,0,10,0,0,20,48,27
KAF2213998,475,461,730,0,0,0,0,0,2,6,0,0,4,25,7
KAF2213999,827,688,631,3,0,0,0,0,0,0,0,0,0,13,5
KAF2214000,2061,1518,1541,1,2,2,0,0,4,0,0,0,1,14,12
KAF2214001,684,733,831,0,0,0,0,0,0,5,0,2,19,29,4
KAF2214002,611,489,671,0,0,0,0,0,0,2,0,4,12,40,14
KAF2214003,491,415,536,2,0,0,0,0,0,0,2,1,8,22,19
KAF2214004,710,469,487,0,0,0,0,0,2,2,0,4,8,22,10
KAF2214005,437,367,562,2,0,0,0,0,0,4,2,0,16,12,6
KAF2214006,2349,1917,1874,0,2,0,0,0,0,10,4,4,25,83,28
KAF2214007,62,69,114,0,0,0,0,0,0,3,0,0,10,8,2
KAF2214008,5183,5291,9976,0,0,2,0,0,9,24,2,6,55,97,27
KAF2214009,19,22,9,0,0,0,0,0,0,0,0,0,0,0,2
KAF2214010,47,78,162,0,0,0,0,0,0,6,2,0,2,13,4
KAF2214011,141,140,273,0,0,0,0,0,0,0,0,0,9,19,8
KAF2214012,441,435,548,0,0,0,2,2,0,4,5,1,14,35,7
KAF2214013,1840,1716,2993,2,2,4,0,0,4,22,16,6,64,108,55
KAF2214014,14,15,38,0,0,0,0,0,0,0,0,0,4,0,0
KAF2214015,22,43,39,0,0,0,0,0,0,0,0,1,0,2,4
KAF2214016,23,13,17,0,0,0,0,0,0,0,0,0,0,0,0
KAF2214017,1063,822,567,0,0,0,0,0,0,6,0,0,10,24,18
KAF2214018,84,72,155,0,0,0,0,0,0,0,0,0,0,10,6
KAF2214019,66,73,130,0,0,0,0,0,0,1,0,0,1,8,5
KAF2214020,26,29,69,0,0,0,0,0,2,4,0,4,3,7,0
KAF2214021,3881,3328,1046,4,0,0,0,0,0,2,2,0,24,34,11
KAF2214022,538,643,480,0,0,0,0,0,0,7,4,1,25,75,34
KAF2214023,97,67,107,0,0,0,0,0,0,0,1,0,7,15,3
KAF2214024,559,537,574,0,0,0,0,0,0,28,6,15,29,80,36
KAF2214025,4451,4370,2144,0,0,0,2,0,2,11,2,0,30,92,32
KAF2214026,2230,2024,2245,0,0,0,6,0,0,2,8,12,36,49,28
KAF2214027,3454,4322,3434,0,0,0,0,0,0,0,4,0,18,41,24
KAF2214028,813,936,1026,0,0,0,0,0,0,2,0,0,21,65,22
KAF2214029,2492,2075,2204,2,2,0,0,0,2,28,8,8,103,207,83
KAF2214030,247,299,312,0,0,0,0,0,0,3,2,0,8,19,17
KAF2214031,3496,2858,2026,0,0,4,0,2,0,4,2,7,20,35,26
KAF2214032,651,428,868,0,1,2,1,0,4,10,5,2,46,70,32
KAF2214033,63,55,35,0,0,0,0,0,0,0,0,0,0,0,4
KAF2214034,2424,1858,613,0,0,0,0,0,0,0,0,0,10,6,22
KAF2214035,2,3,8,0,0,0,0,0,0,0,0,0,0,0,0
KAF2214036,358,453,496,2,0,0,0,0,0,0,0,0,13,61,22
KAF2214037,144,122,105,0,0,0,0,0,0,0,1,2,7,16,12
KAF2214038,232,237,204,0,0,0,0,0,2,6,2,4,19,30,11
KAF2214039,58,60,47,0,0,0,0,0,0,2,0,0,2,2,0
KAF2214040,27,32,48,0,0,0,0,0,0,0,0,0,5,4,2
KAF2214041,1084,865,850,0,0,2,0,0,2,8,2,0,33,55,22
KAF2214042,122,131,252,0,0,2,0,0,0,0,0,0,8,27,9
KAF2214043,30,34,57,0,0,0,2,0,0,0,0,0,0,6,0
KAF2214044,1468,1989,2429,0,2,0,0,2,2,6,8,2,24,149,40
KAF2214045,465,471,261,0,0,0,0,0,0,0,1,0,5,6,8
KAF2214046,1241,1255,1327,0,0,0,0,0,0,4,0,0,28,60,32
KAF2214047,148,106,232,0,0,0,0,0,0,0,0,0,0,3,0
KAF2214048,7,3,4,0,0,0,0,0,0,0,0,0,0,0,0
KAF2214049,100,61,141,0,0,0,0,0,0,0,0,0,2,4,4
KAF2214050,29,31,125,0,0,0,0,0,0,0,0,0,0,2,2
KAF2214051,444,413,638,0,0,0,0,0,4,0,0,0,6,24,6
KAF2214052,150,159,236,0,0,0,0,0,0,2,0,0,15,6,6
KAF2214053,282,277,307,0,2,0,0,2,0,2,0,0,11,14,5
KAF2214054,183,202,482,0,2,0,0,0,0,4,0,2,2,6,4
KAF2214055,77,76,83,0,0,0,0,0,0,0,0,0,0,4,0
KAF2214056,1866,1609,1723,0,0,0,0,0,0,10,2,2,16,16,21
KAF2214057,304,186,282,0,0,0,0,0,0,0,0,0,6,2,0
KAF2214058,868,405,343,2,0,0,0,0,0,7,0,1,10,22,17
KAF2214059,21702,11908,9687,14,8,7,5,0,9,43,20,21,148,380,199
EFT00053797963,0,0,0,0,0,0,0,0,0,0,0,0,0,0,0
KAF2214060,12,6,11,0,0,0,0,0,0,0,0,0,2,0,0
KAF2214061,341,246,443,0,0,0,3,0,0,0,0,0,10,15,6
KAF2214062,28,11,17,0,0,0,0,0,0,0,0,0,1,0,2
KAF2214063,0,2,2,0,0,0,0,0,0,0,0,0,2,1,0
KAF2214064,4,12,9,0,0,0,0,0,0,0,0,0,0,1,0
KAF2214065,161,135,281,0,0,0,1,0,0,0,0,0,3,6,4
KAF2214066,690,703,903,0,0,0,0,1,2,22,8,2,18,57,20
KAF2214067,106,85,131,0,0,0,0,0,0,0,0,0,0,6,0
KAF2214068,6,4,9,0,0,0,0,0,0,0,0,0,4,1,2
KAF2214069,221,148,368,0,0,0,0,0,2,3,2,3,23,61,62
KAF2214070,241,215,387,0,0,2,0,0,0,0,2,2,3,16,7
KAF2214071,3961,3434,1625,0,2,0,2,0,4,9,2,1,20,24,6
KAF2214072,12221,11158,13864,4,4,20,2,2,2,10,0,4,78,107,66
KAF2214073,7068,6076,4762,2,4,8,0,0,8,18,1,3,39,68,15
KAF2214074,4843,4499,8421,0,0,0,2,0,6,8,8,12,72,74,41
KAF2214075,191,207,329,0,0,0,0,0,0,3,2,0,19,23,7
KAF2214076,2217,1620,1300,1,4,0,0,0,0,28,22,12,100,182,79
KAF2214077,674,751,1920,0,0,0,2,2,0,14,2,0,49,60,15
KAF2214078,334,347,273,0,0,0,0,0,2,2,2,0,6,13,6
KAF2214079,552,493,877,0,0,2,0,0,0,2,0,0,17,43,18
KAF2214080,350,420,1310,0,0,0,2,0,0,10,0,1,30,48,20
KAF2214081,119,158,120,0,0,0,0,0,0,0,2,0,5,8,2
KAF2214082,0,0,1,0,0,0,0,0,0,0,0,0,0,0,0
KAF2214083,16,22,50,0,0,0,0,0,0,0,0,0,3,0,0
KAF2214084,6770,7011,11613,3,4,2,4,2,2,2,4,2,18,35,17
KAF2214085,1433,1377,1110,0,0,1,0,0,0,4,2,4,29,47,26
KAF2214086,3697,3831,3111,0,2,2,0,0,0,8,2,4,18,47,23
KAF2214087,58272,52583,35778,8,6,12,20,24,16,228,76,87,585,1203,434
KAF2214088,627,646,573,0,0,2,0,0,0,8,2,0,6,13,8
KAF2214089,867,906,1103,0,0,0,0,0,0,6,0,2,16,28,6
KAF2214090,573,608,462,0,0,0,0,0,0,3,0,2,12,37,5
KAF2214091,21498,20241,12815,3,4,5,4,8,22,192,54,48,774,1697,708
KAF2214092,1239,990,935,0,0,0,1,0,1,11,2,0,25,56,26
KAF2214093,4991,5086,5206,0,2,2,2,8,6,44,4,10,124,319,164
KAF2214094,3237,3309,5518,2,0,0,2,4,8,53,22,4,166,465,180
KAF2214095,1132,935,630,0,2,0,0,0,0,8,2,5,32,33,20
KAF2214096,1252,645,359,0,4,0,2,2,0,61,19,30,137,258,125
KAF2214097,419,407,537,0,0,0,0,0,0,0,0,0,10,11,3
KAF2214098,7377,6529,3934,2,2,2,0,0,2,11,1,12,32,62,20
KAF2214099,393,326,279,0,0,0,0,0,0,9,6,0,10,25,7
KAF2214100,1630,1331,1011,0,0,0,0,0,0,4,0,3,16,36,16
KAF2214101,14880,14440,11823,6,0,2,4,2,4,20,10,5,26,85,29
KAF2214102,8976,8162,6898,9,0,2,2,0,2,12,6,14,23,70,44
KAF2214103,251,184,170,0,0,0,0,0,0,0,0,0,0,10,3
KAF2214104,15,14,20,0,0,0,0,0,0,0,0,0,2,0,0
KAF2214105,1044,929,372,0,0,0,0,0,0,0,0,0,0,2,0
KAF2214106,123,149,323,0,0,0,0,0,0,65,8,12,125,286,94
KAF2214107,18,17,16,0,0,0,0,0,0,0,0,0,0,10,5
KAF2214108,12,7,29,0,0,0,0,0,0,0,0,0,1,0,0
KAF2214109,764,745,1135,0,0,0,2,0,8,240,45,106,359,835,313
KAF2214110,6,9,19,0,0,0,0,0,0,0,0,0,2,0,0
KAF2214111,471,452,938,0,0,0,0,0,0,7,1,6,15,46,10
KAF2214112,911,778,1236,0,0,2,0,0,4,4,2,1,11,34,14
KAF2214113,7571,6105,3557,10,5,9,6,2,4,18,4,12,78,96,41
KAF2214114,351,310,130,0,2,0,0,0,0,0,0,0,2,0,2
KAF2214115,1914,1669,2300,2,4,0,1,0,2,29,3,0,57,142,64
KAF2214116,926,768,563,0,0,2,0,0,0,8,2,0,16,37,18
KAF2214117,3,8,6,0,0,0,1,0,0,0,0,0,0,2,0
KAF2214118,47,74,50,0,0,0,0,0,0,0,0,0,0,1,0
KAF2214119,164,142,193,0,0,0,0,0,0,0,0,0,8,7,0
KAF2214120,575,513,652,0,0,0,0,0,0,4,0,4,14,43,25
KAF2214121,1249,1056,693,0,0,0,0,0,2,1,1,0,16,45,19
KAF2214122,354,296,397,0,0,2,0,0,0,11,3,7,59,91,21
KAF2214123,15,4,11,0,0,0,0,0,0,0,1,0,1,2,0
KAF2214124,4017,2835,3564,3,6,0,0,0,2,20,8,12,66,124,30
KAF2214125,771,804,741,2,0,0,0,0,0,2,0,0,13,26,0
KAF2214126,3735,2821,538,0,2,0,0,2,4,94,57,32,307,634,178
KAF2214127,2149,1967,2043,0,2,4,0,0,0,10,2,0,24,31,26
KAF2214128,349,306,853,0,0,2,2,0,0,2,0,0,14,16,16
KAF2214129,176,173,272,0,0,0,0,0,0,2,0,0,0,4,2
KAF2214130,119,102,159,0,0,0,0,0,0,0,0,0,1,4,0
KAF2214131,956,996,1298,0,0,0,0,0,0,30,2,0,33,82,67
KAF2214132,11,11,14,0,0,0,0,0,0,0,0,0,0,2,0
KAF2214133,871,679,799,2,0,2,0,0,0,2,0,2,34,64,21
KAF2214134,78,76,78,0,0,0,0,0,0,0,0,0,2,0,0
KAF2214135,34343,26292,8287,12,4,12,2,2,2,32,8,30,137,284,106
KAF2214136,1832,1638,2275,0,2,0,2,0,1,1,0,0,9,36,19
KAF2214137,69,99,82,0,0,0,0,0,0,0,0,0,0,2,0
KAF2214138,194,153,342,0,0,0,0,0,0,0,0,0,0,2,0
KAF2214139,28,21,59,0,0,0,0,0,0,0,0,0,0,0,0
KAF2214140,9297,11237,12926,2,0,2,2,0,2,6,2,0,6,18,8
KAF2214141,4406,4246,4238,0,0,0,0,8,2,22,2,4,52,85,36
KAF2214142,149,122,135,0,0,0,0,0,0,0,0,0,0,4,0
KAF2214143,118,123,99,0,0,0,0,0,0,0,0,0,0,6,0
KAF2214144,494,422,314,0,0,2,0,0,0,2,2,2,4,5,2
KAF2214145,1352,950,768,2,0,0,0,0,0,17,2,0,42,71,45
KAF2214146,171,144,182,0,0,0,0,0,0,4,0,2,0,8,2
KAF2214147,783,784,956,0,0,0,0,2,2,4,0,0,5,30,2
KAF2214148,789,747,1260,0,0,0,0,0,0,10,8,0,14,44,10
KAF2214149,464,543,1291,0,0,0,4,0,4,8,10,12,58,180,80
KAF2214150,979,832,1437,0,0,2,0,0,0,0,0,0,8,7,12
KAF2214151,7286,7844,8728,6,0,0,2,0,0,8,6,0,28,49,20
KAF2214152,575,369,328,0,0,0,0,0,0,0,4,2,6,11,2
KAF2214153,3408,2912,1554,2,0,2,2,0,8,10,4,2,32,41,38
KAF2214154,1603,1258,1053,4,0,2,2,0,0,6,2,10,27,43,16
KAF2214155,1308,1246,2210,2,2,2,0,0,1,14,6,0,22,68,26
KAF2214156,237,166,182,0,0,0,0,0,0,1,0,1,8,12,8
KAF2214157,14,8,6,0,0,0,0,0,0,0,2,2,2,11,1
KAF2214158,59,50,175,0,0,0,0,0,0,0,0,2,2,2,1
KAF2214159,11,18,13,0,0,0,0,0,0,2,0,0,6,2,0
KAF2214160,4883,4617,6673,2,0,10,0,0,2,14,2,4,30,57,26
KAF2214161,1105,833,621,4,2,2,0,0,6,15,0,7,60,153,84
KAF2214162,54,41,62,0,0,0,0,0,0,0,0,0,2,8,2
KAF2214163,668,516,686,0,2,0,0,0,2,16,0,10,38,74,30
KAF2214164,219,197,451,0,0,0,0,0,0,6,6,2,18,25,10
KAF2214165,2905,2521,4347,2,2,4,0,2,8,20,6,6,52,97,44
KAF2214166,2665,2760,2994,0,0,2,0,0,6,6,4,0,46,76,39
KAF2214167,353,307,331,0,0,0,0,0,0,2,0,0,9,39,9
KAF2214168,6121,6091,9776,4,2,0,18,10,10,66,27,20,208,525,247
KAF2214169,9333,10399,15214,2,0,2,22,18,38,219,86,55,609,1409,679
KAF2214170,576,291,309,0,2,0,1,2,0,80,38,34,210,525,204
KAF2214171,958,826,792,1,0,1,0,2,0,4,7,8,22,67,30
KAF2214172,3535,3007,1958,5,0,0,2,1,2,9,0,6,25,60,16
KAF2214173,154,107,140,0,0,0,0,0,0,6,4,0,11,9,5
EFT00053797960,2,0,0,0,0,0,0,0,0,0,0,0,0,0,1
KAF2214174,324,285,256,0,0,0,0,0,2,1,6,1,12,32,11
KAF2214175,290,356,502,0,0,0,0,0,0,0,0,0,7,16,9
KAF2214176,212,204,373,0,0,0,0,0,0,2,0,1,5,27,15
KAF2214177,124,102,196,2,0,0,0,0,0,6,2,0,9,14,5
KAF2213357,2,4,2,0,0,0,0,0,0,0,0,0,0,0,0
KAF2213358,152,197,545,0,0,0,0,0,0,0,2,0,1,2,2
KAF2213359,1080,871,567,2,0,2,1,0,0,5,2,0,11,33,19
KAF2213360,2812,2506,1714,0,0,0,2,0,2,6,10,10,91,182,64
KAF2213361,3419,2935,1652,2,0,0,0,0,0,10,4,2,41,131,52
KAF2213362,1588,1342,1722,2,0,0,0,0,1,26,7,6,79,147,64
KAF2213363,6166,4861,4189,2,3,2,6,10,8,37,13,18,154,366,145
KAF2213364,135,110,218,0,0,0,0,0,0,4,0,0,4,6,4
KAF2213365,2556,2257,1526,0,0,0,1,2,0,10,2,10,16,42,26
KAF2213366,6078,5540,3572,4,2,4,0,2,0,20,6,2,34,64,55
KAF2213367,522,454,503,0,0,0,0,0,2,39,17,13,42,66,26
KAF2213368,127,59,92,0,0,0,0,2,1,9,16,9,33,61,25
KAF2213369,874,864,910,2,0,4,0,0,0,0,0,0,26,20,6
KAF2213370,244,227,265,0,0,0,1,0,0,0,0,0,0,1,2
KAF2213371,0,0,0,0,0,0,0,0,0,0,0,0,0,0,0
KAF2213372,11,14,30,0,0,0,0,0,0,0,0,0,0,0,2
KAF2213373,559,638,1718,0,0,0,0,0,2,9,0,2,12,11,10
KAF2213374,477,522,810,2,0,0,6,0,0,5,4,0,13,24,3
KAF2213375,869,810,2146,0,0,0,0,0,0,0,0,2,6,18,6
KAF2213376,1697,1365,1292,2,0,0,0,4,2,24,8,22,73,105,42
KAF2213377,219,232,209,0,0,0,0,0,2,4,2,2,20,27,10
KAF2213378,139,140,393,2,0,0,0,0,0,3,0,0,10,20,19
KAF2213379,108,102,210,0,0,0,0,0,0,2,0,0,8,19,12
KAF2213380,0,2,0,0,0,0,0,0,0,0,0,0,0,0,0
KAF2213381,97,129,197,0,0,0,1,0,0,3,0,3,5,15,7
KAF2213382,3070,2594,3879,2,2,0,2,2,8,29,10,5,67,153,78
KAF2213383,14766,13064,9457,0,2,2,3,4,13,58,8,20,165,302,129
KAF2213384,909,735,592,0,2,0,0,0,0,2,0,0,4,0,0
KAF2213385,323,236,157,0,0,0,0,0,0,2,0,0,0,5,2
KAF2213386,544,354,269,0,2,0,0,0,0,0,0,0,0,0,0
KAF2213387,3,1,12,0,0,0,0,0,0,0,0,0,0,0,0
KAF2213388,159,156,123,0,0,0,0,0,0,0,0,0,4,0,6
KAF2213389,157,117,136,0,0,0,0,0,1,1,0,0,14,8,5
KAF2213390,2217,2077,2131,2,0,0,0,0,0,19,12,8,82,170,58
KAF2213391,2383,2027,1509,0,2,2,2,0,0,8,8,2,24,58,20
KAF2213392,1867,1918,3063,2,0,0,4,0,0,19,4,2,29,59,36
KAF2213393,758,659,496,0,0,0,0,0,2,13,4,4,19,72,26
KAF2213394,518,615,866,0,0,0,0,0,2,6,0,2,17,34,16
KAF2213395,810,782,1177,0,0,0,2,2,2,16,4,8,22,89,39
KAF2213396,251,295,870,0,0,0,0,0,2,6,2,0,26,30,14
KAF2213397,16,11,17,0,0,0,0,0,0,0,0,0,2,0,0
KAF2213398,258,232,337,0,0,2,0,0,0,2,0,2,4,21,2
KAF2213399,0,0,2,0,0,0,0,0,0,0,0,0,0,0,0
KAF2213400,222,231,451,0,0,0,0,0,0,12,0,2,0,14,4
KAF2213401,488,598,2282,0,2,0,0,0,2,3,4,4,8,30,14
KAF2213402,36,18,44,0,0,0,0,0,0,0,0,0,0,2,0
KAF2213403,133,134,218,0,0,0,0,0,0,0,0,0,6,4,2
KAF2213404,1859,1629,2040,6,0,2,5,2,0,39,6,10,59,108,46
KAF2213405,989,841,1319,0,1,0,0,2,0,2,2,0,11,13,0
KAF2213406,1553,1707,2987,0,0,2,6,0,0,0,2,0,11,37,10
KAF2213407,41486,34764,3920,2,2,6,0,2,0,6,2,4,22,52,30
KAF2213408,921,1084,1672,0,0,0,0,1,4,0,0,0,1,6,5
KAF2213409,1736,1741,3250,0,0,0,2,0,0,0,0,0,10,8,9
KAF2213410,11397,11442,15238,10,6,11,2,2,2,16,4,4,35,101,49
KAF2213411,276,275,349,0,1,0,0,0,2,2,0,0,18,15,4
KAF2213412,126,104,89,0,0,0,0,0,0,0,0,0,0,4,2
KAF2213413,1721,1404,1548,0,0,2,0,0,0,14,5,4,28,44,17
KAF2213414,150,146,191,0,0,0,0,0,2,2,0,2,6,16,6
KAF2213415,523,518,499,0,0,0,2,0,0,5,2,0,14,30,26
KAF2213416,1001,814,929,0,0,0,4,2,0,6,0,0,20,39,22
KAF2213417,430,375,198,0,0,0,0,0,0,7,1,0,8,17,30
KAF2213418,106,81,130,0,0,0,0,0,0,0,0,0,2,9,13
KAF2213419,208,161,261,0,0,0,0,0,0,2,0,2,0,16,0
KAF2213420,90,96,123,0,0,0,0,3,2,95,37,77,390,499,301
KAF2213421,97,108,142,0,0,0,0,0,0,0,0,0,2,3,5
KAF2213422,5,4,13,0,0,0,0,0,0,0,0,0,0,0,0
KAF2213423,587,548,608,4,0,2,0,0,0,3,0,2,14,39,9
KAF2213424,562,477,515,0,0,0,0,0,0,2,0,0,6,16,4
KAF2213425,1319,1319,995,0,2,0,0,0,0,4,4,2,33,48,22
KAF2213426,1211,1188,1880,0,0,2,2,0,2,15,4,0,43,75,15
KAF2213427,312,358,615,0,0,0,0,0,0,10,4,4,20,60,12
KAF2213428,1157,1075,893,0,2,0,2,0,2,10,2,0,37,51,12
KAF2213429,2870,2626,2460,0,0,0,2,0,0,27,13,7,57,184,103
KAF2213430,150,83,111,0,0,0,0,0,2,4,0,0,3,4,3
KAF2213431,194,227,293,0,0,0,0,0,2,4,0,2,8,22,14
KAF2213432,245,207,77,0,0,0,0,0,0,0,0,0,7,5,0
KAF2213433,3999,3655,1638,2,2,0,0,2,4,22,10,4,33,84,36
KAF2213434,779,648,539,0,2,0,1,0,0,4,0,4,17,17,12
KAF2213435,625,562,557,2,0,0,0,0,0,0,0,1,11,27,20
KAF2213436,1344,1076,621,5,2,0,0,0,0,7,3,1,25,79,21
KAF2213437,1382,1047,1177,0,0,0,0,0,0,11,2,0,22,44,10
KAF2213438,245,190,237,0,0,0,0,0,0,2,0,0,2,7,4
KAF2213439,1,3,4,0,0,0,0,0,0,0,0,0,0,0,0
KAF2213440,21831,19703,13274,27,5,9,2,2,6,105,24,52,312,735,243
KAF2213441,3916,3563,2658,0,0,7,0,2,0,29,4,4,48,117,46
KAF2213442,13994,17738,26306,0,0,2,18,18,16,56,12,16,207,497,160
KAF2213443,1425,1266,1215,2,0,0,0,0,4,9,1,6,25,66,26
KAF2213444,15,12,35,0,0,0,0,0,0,0,2,0,0,2,0
KAF2213445,42,32,24,0,0,0,0,0,0,3,0,0,2,1,0
KAF2213446,2222,1728,1779,2,2,2,4,0,0,15,0,6,34,97,42
KAF2213447,15,19,14,0,0,0,0,0,0,2,0,0,4,22,2
KAF2213448,140,146,244,0,0,0,0,0,0,4,0,2,41,100,27
KAF2213449,633,667,886,0,0,0,0,2,0,4,0,0,4,8,7
KAF2213450,53,58,97,0,0,0,0,0,0,0,0,0,0,0,0
KAF2213451,2791,2459,2408,2,4,1,2,0,0,8,0,10,43,64,40
KAF2213452,880,912,817,2,0,0,0,0,0,16,2,2,46,65,58
KAF2213453,1328,1338,1778,0,0,0,0,0,5,17,2,9,57,121,86
KAF2213454,2,9,13,0,0,0,0,0,0,0,0,0,0,3,0
KAF2213455,372,304,588,0,0,0,2,2,0,9,2,0,22,70,30
KAF2213456,40,50,78,0,0,0,0,0,0,2,0,0,5,5,0
KAF2213457,6090,7097,39318,0,0,0,8,8,14,52,14,16,68,128,62
KAF2213458,56,63,59,0,0,0,0,0,0,1,0,2,0,9,4
KAF2213459,169,141,113,0,0,1,0,0,0,2,1,0,9,23,6
KAF2213460,613,489,493,0,0,0,0,0,2,2,2,8,20,43,12
KAF2213461,299,245,360,0,0,0,0,0,0,2,0,2,10,14,6
KAF2213462,486,375,627,0,0,0,4,0,0,6,4,2,29,33,24
KAF2213463,3370,3435,4074,0,1,0,4,2,4,44,19,18,176,343,149
KAF2213464,76,88,210,0,0,0,0,0,0,8,4,2,36,44,17
KAF2213465,874,767,929,0,0,0,6,2,2,9,0,0,30,75,20
KAF2213466,58,37,90,0,0,0,0,0,0,0,0,2,5,4,3
KAF2213467,16,10,32,2,0,0,0,0,0,0,0,0,0,1,2
KAF2213468,701,728,1145,0,0,0,0,0,0,0,0,1,2,2,0
KAF2213469,261,272,245,0,0,0,0,0,0,4,4,1,10,18,5
KAF2213470,154,105,176,0,0,0,0,0,0,0,0,1,0,16,5
KAF2213471,684,642,828,4,0,0,0,0,2,14,2,3,35,91,50
KAF2213472,1331,1169,718,0,1,0,1,0,0,5,3,1,22,70,15
KAF2213473,1333,1144,873,0,0,2,0,0,0,4,2,4,31,42,30
KAF2213474,29,34,25,0,0,0,0,0,0,0,0,0,1,3,1
KAF2213475,559,545,834,3,2,0,0,0,0,5,2,0,15,61,8
KAF2213476,3694,4018,7156,2,0,0,0,0,2,18,2,2,26,36,10
KAF2213477,16,13,9,0,0,0,0,0,0,0,0,2,0,0,4
KAF2213478,78,66,50,0,0,0,0,0,2,12,7,4,15,44,22
KAF2213479,4387,3819,6052,0,0,4,6,2,2,5,5,0,54,71,39
KAF2213480,37089,35418,38469,0,4,2,2,2,2,58,11,15,163,378,140
KAF2213481,49,39,122,0,0,0,0,0,0,0,0,0,0,0,2
KAF2213482,162,200,437,0,0,0,0,0,0,2,0,0,7,6,0
KAF2213483,795,964,984,1,0,0,0,0,0,0,0,0,2,4,0
KAF2213484,2599,2264,1590,0,0,0,2,0,0,7,2,0,32,24,18
KAF2213485,8,3,12,0,0,0,0,0,0,0,2,0,0,0,0
KAF2213486,6018,4973,7473,4,2,0,4,2,6,8,2,8,42,66,26
KAF2213487,3556,3225,2613,2,2,2,2,6,0,24,5,3,66,140,61
KAF2213488,4637,4555,4665,4,0,2,6,2,6,66,26,8,194,629,300
KAF2213489,8182,10391,14663,0,0,6,0,0,0,0,0,2,9,41,15
KAF2213490,1547,1404,1028,0,2,0,2,0,0,2,8,5,34,70,25
KAF2213491,3309,3274,3502,0,0,0,0,1,2,14,2,5,70,85,40
KAF2213492,6905,5140,1588,2,5,7,0,2,0,5,4,2,10,36,17
KAF2213493,19974,24822,24225,0,2,8,0,2,6,16,19,19,109,222,68
KAF2213494,816,812,1720,0,0,0,1,0,4,4,0,7,26,50,16
KAF2213495,1081,824,550,2,0,0,0,0,0,8,0,2,9,45,6
KAF2213496,1955,1711,723,2,0,0,6,0,0,12,2,0,28,54,30
KAF2213497,1553,1231,693,0,0,0,0,0,0,7,0,0,17,22,6
KAF2213498,30083,29537,30880,10,4,25,16,20,19,249,77,80,746,1750,876
KAF2213499,23648,23952,24368,6,4,0,7,22,20,207,96,65,742,1749,1009
KAF2213500,542,534,1164,0,0,0,0,0,0,6,0,0,23,36,12
KAF2213501,350,274,300,0,0,0,0,0,0,2,0,0,14,24,18
KAF2213502,197,184,208,0,0,0,0,0,0,9,2,1,16,19,6
KAF2213503,535,493,473,0,0,0,2,0,0,3,2,0,11,19,8
KAF2213504,301,327,708,0,0,0,0,0,0,0,6,0,18,18,10
KAF2213505,2039,1862,1927,0,0,0,0,2,0,4,2,6,16,28,5
KAF2213506,4313,3952,3510,2,1,1,0,0,2,12,2,10,27,58,15
KAF2213507,338,266,364,0,0,0,1,0,2,2,0,0,12,5,2
KAF2213508,3110,2640,5724,2,5,7,0,8,0,14,5,10,39,91,29
KAF2213509,717,678,723,0,0,0,2,0,0,6,0,0,40,48,21
KAF2213510,2698,2292,2735,0,0,0,6,2,0,9,2,8,53,97,57
KAF2213511,1098,924,884,2,2,2,0,0,0,2,3,2,15,23,6
KAF2213512,179,141,285,0,0,0,0,0,0,8,0,0,12,15,4
KAF2213513,36,32,62,0,0,0,0,0,0,0,0,0,2,8,2
KAF2213514,1,2,12,0,0,0,0,0,0,0,0,0,0,0,0
KAF2213515,2670,2996,6416,0,0,0,0,2,0,6,2,2,10,8,22
KAF2213516,72,95,122,0,0,0,0,0,0,0,0,4,0,0,0
KAF2213517,29,26,38,0,0,0,0,0,0,0,2,0,0,0,2
KAF2213518,58,39,39,0,0,0,0,0,0,0,0,0,3,3,1
KAF2213519,42,44,81,0,0,0,0,0,0,0,0,0,10,17,2
KAF2213520,3,10,11,0,0,0,0,0,0,0,0,0,6,0,4
KAF2213521,27,25,55,0,0,0,0,0,0,0,0,0,5,2,0
KAF2213522,102,71,174,0,0,0,0,0,0,0,6,2,18,19,2
KAF2213523,136,131,270,2,0,0,0,0,0,10,0,8,15,46,14
KAF2213524,119,80,141,0,0,0,0,0,2,2,2,0,16,34,4
KAF2213525,61668,51359,32406,15,11,15,0,1,0,29,9,21,121,243,109
KAF2213526,20056,16863,10482,52,32,44,7,10,37,243,107,158,841,1580,711
KAF2213527,29992,26407,17035,16,13,23,4,2,0,42,8,23,94,192,76
KAF2213528,4111,3318,2085,4,2,2,0,0,0,9,4,6,24,37,13
KAF2213529,3769,3227,1778,0,2,0,0,0,5,6,1,2,33,27,18
KAF2213530,7,5,12,0,0,0,0,0,0,0,0,0,0,0,0
KAF2213531,162,170,282,0,0,0,0,0,1,0,0,0,0,6,0
KAF2213532,11536,11065,4287,4,2,1,2,2,3,39,10,5,83,201,110
KAF2213533,2396,1948,1076,4,2,0,2,0,2,26,6,4,42,118,68
KAF2213534,2165,1662,1483,0,0,0,0,2,4,6,4,0,36,107,47
KAF2213535,246,299,420,0,0,0,0,0,0,0,0,2,0,2,0
KAF2213536,1082,1056,1457,0,0,2,2,2,0,16,6,8,44,96,35
KAF2213537,0,0,2,0,0,0,0,0,0,0,0,0,0,0,0
KAF2213538,343,325,577,2,0,0,0,0,0,6,1,0,6,31,17
KAF2213539,703,599,1246,0,0,0,2,0,0,9,0,12,28,63,36
KAF2213540,19309,19820,8599,0,0,4,0,0,0,10,2,5,23,120,41
KAF2213541,831,935,956,0,0,0,0,0,0,3,0,0,9,8,3
KAF2213542,16315,16342,8491,0,2,0,0,0,1,20,4,2,32,69,40
KAF2213543,6952,6279,3828,1,0,0,0,2,0,32,14,6,41,99,47
KAF2213544,154,177,566,1,0,0,0,0,2,2,1,5,49,96,50
KAF2213545,1131,1087,1387,2,0,0,0,0,0,2,2,3,21,28,24
KAF2213546,4051,3732,2705,1,0,0,0,0,0,6,0,2,14,49,18
KAF2213547,93,79,177,0,0,0,0,0,0,30,9,15,44,131,61
KAF2213548,5040,4304,2607,6,2,2,0,0,0,14,2,7,42,55,17
KAF2213549,1326,1223,718,2,0,0,0,0,1,8,0,0,19,31,21
KAF2213550,152,182,551,0,0,0,0,2,2,4,4,4,4,32,6
KAF2213551,167,155,273,0,0,0,0,0,0,8,0,0,18,16,4
KAF2213552,544,471,565,0,0,0,0,0,0,9,2,4,32,32,41
KAF2213553,3884,3551,3985,0,4,0,9,4,8,38,8,4,141,364,215
KAF2213554,358,332,405,0,0,0,2,0,0,0,0,0,5,7,6
KAF2213555,144,134,233,0,0,0,0,0,2,10,0,4,52,38,20
KAF2213556,8057,6570,5687,0,0,0,4,0,10,56,16,26,216,374,172
KAF2213557,122,82,71,0,0,0,0,0,0,0,0,0,2,1,1
KAF2213558,401,312,203,0,0,0,0,0,0,2,0,0,6,12,0
KAF2213559,1969,1515,763,0,2,0,0,0,0,3,0,2,22,23,11
KAF2213560,1445,1185,734,2,0,0,0,0,2,4,4,2,9,24,18
KAF2213561,638,504,346,0,2,0,0,0,0,0,0,0,6,7,2
KAF2213562,175,139,215,0,0,0,0,4,2,13,12,4,40,137,39
KAF2213563,5,17,12,0,0,0,0,0,0,0,0,0,1,4,0
KAF2213564,231,144,59,0,0,0,0,0,0,0,4,0,7,43,15
KAF2213565,3222,2363,1483,0,4,2,0,0,0,6,0,6,17,50,30
KAF2213566,139,116,166,0,0,0,0,0,0,1,0,0,6,17,9
KAF2213567,2054,1826,1741,2,0,0,2,0,0,8,0,7,39,75,28
KAF2213568,892,648,359,0,0,0,0,0,2,4,1,0,16,43,14
KAF2213569,100,77,140,0,0,0,0,0,0,3,0,0,2,4,4
KAF2213570,809,763,720,0,0,0,0,0,0,4,1,2,35,37,31
KAF2213571,185,151,132,0,0,0,0,0,0,1,2,0,0,0,6
KAF2213572,2728,2387,1564,0,0,2,2,0,0,9,4,2,42,70,21
KAF2213573,2053,1968,2529,2,0,2,2,0,2,14,0,4,36,66,3
KAF2213574,38,21,46,0,0,0,0,0,0,0,0,0,0,7,0
KAF2213575,1064,843,1035,8,0,0,0,0,0,1,2,3,9,10,5
KAF2213576,1468,1317,1246,0,0,2,0,0,0,13,1,0,18,29,12
KAF2213577,2801,1949,1393,6,0,4,0,2,0,21,2,0,37,92,25
KAF2213578,45,24,29,0,0,0,0,0,0,1,0,0,2,0,0
KAF2213579,31,29,47,0,0,0,0,0,0,0,0,0,0,4,0
KAF2213580,77,20,57,0,0,0,0,0,0,2,0,0,0,4,2
KAF2213581,1261,864,795,0,0,0,0,0,0,2,0,0,7,11,6
KAF2213582,6,9,14,0,0,0,0,0,0,0,0,3,1,1,0
KAF2213583,18,27,44,0,0,0,0,0,0,0,0,0,0,3,4
KAF2213584,395,352,633,0,0,0,0,0,2,1,1,0,12,28,21
KAF2213585,677,604,916,0,0,0,0,0,0,5,2,0,25,54,21
KAF2213586,928,798,528,0,0,0,0,0,0,2,0,0,21,56,26
KAF2213587,243,270,292,0,0,0,0,0,0,6,0,0,12,12,1
KAF2213588,370,289,291,0,0,0,0,0,0,0,2,0,7,16,3
KAF2213589,535,510,482,0,0,0,0,0,0,6,2,4,22,25,15
KAF2213590,580,445,414,0,0,0,0,0,0,7,4,8,20,34,7
KAF2213591,67,59,127,0,0,0,0,0,0,3,0,0,10,46,25
KAF2213592,489,366,452,0,0,0,0,0,0,2,0,2,12,20,8
KAF2213593,2489,2414,1589,0,1,0,2,0,0,4,0,0,20,38,22
KAF2213594,1185,1174,1700,2,0,0,0,0,0,12,0,4,18,28,19
KAF2213595,329,298,397,2,0,0,0,2,0,4,1,0,10,21,18
KAF2213596,553,478,270,0,0,0,0,0,1,2,2,0,2,2,2
KAF2213597,11446,9427,8100,2,4,9,0,2,2,30,12,8,66,146,45
KAF2213598,1607,1364,1350,2,2,0,0,0,10,20,2,3,50,117,73
KAF2213599,3154,2553,2814,2,2,0,2,0,0,5,8,10,41,46,16
KAF2213600,158,136,175,0,0,0,0,0,2,16,6,9,17,30,20
KAF2213601,279,231,249,0,0,0,0,2,0,10,2,2,10,8,9
KAF2213602,4435,3339,2145,3,2,2,2,0,0,46,14,14,98,125,34
KAF2213603,1542,995,558,2,2,6,4,2,2,152,56,117,330,497,221
KAF2213604,2326,1414,1440,0,0,2,4,2,0,14,2,10,11,52,15
KAF2213605,6327,5931,7116,0,0,0,0,2,4,17,2,10,54,122,27
KAF2213606,3939,3490,2454,3,2,0,0,0,0,7,4,4,58,92,55
KAF2213607,3058,3054,4294,0,2,6,4,6,4,54,10,16,182,358,202
KAF2213608,896,934,1491,4,2,4,0,0,0,2,2,0,22,16,10
KAF2213609,19364,17064,18027,7,8,10,0,2,4,35,9,18,86,158,38
KAF2213610,417,291,456,0,0,0,0,0,0,2,0,0,8,5,8
KAF2213611,31,24,40,0,0,0,0,0,0,0,0,0,0,0,0
KAF2213612,4072,2986,2352,0,0,4,6,0,2,24,20,10,113,206,109
KAF2213613,44,71,102,0,0,0,0,0,0,0,0,0,1,18,9
KAF2213614,1109,1073,1795,0,2,0,0,0,2,4,4,0,25,56,22
KAF2213615,72,92,179,0,0,0,0,0,0,2,0,0,4,19,22
KAF2213616,179,154,352,0,0,0,0,0,0,0,0,1,24,32,27
KAF2213617,4063,3778,10169,0,2,4,0,2,0,52,7,28,132,238,66
KAF2213618,3337,3320,4670,0,0,0,15,6,4,112,35,12,170,433,186
KAF2213619,11,14,17,0,0,0,0,0,0,0,0,0,0,3,0
KAF2213620,3368,2814,3447,0,0,4,3,0,0,24,6,10,48,142,77
KAF2213621,6209,5258,4359,2,0,2,2,0,4,14,2,6,39,79,54
KAF2213622,19,30,37,0,0,0,0,0,0,0,0,0,2,0,0
KAF2213623,49,51,85,0,0,0,0,0,0,0,0,0,2,0,1
KAF2213624,249,232,285,0,0,0,0,0,0,4,8,6,24,62,36
KAF2213625,268,202,317,0,0,0,0,0,0,0,6,11,36,67,20
KAF2213626,2731,2464,1661,2,2,0,2,0,0,0,4,6,34,51,30
KAF2213627,1509,1443,2266,0,0,2,0,0,0,16,8,10,25,67,34
KAF2213628,4813,4161,6115,20,14,18,0,0,2,21,10,8,33,103,42
KAF2213629,224,230,341,0,0,0,0,0,2,8,0,6,32,43,21
KAF2213630,2831,2663,3458,0,2,0,4,2,16,26,14,8,70,198,69
KAF2213631,373,333,564,1,0,0,2,0,0,12,0,0,18,42,16
KAF2213632,2569,2972,7779,0,0,0,6,2,6,29,14,14,104,264,168
KAF2213633,6088,5847,8942,0,0,2,12,6,12,66,25,18,217,557,265
KAF2213634,3988,2761,3428,2,0,6,2,2,2,16,2,16,72,138,54
KAF2213635,503,539,594,0,0,2,0,0,6,0,2,4,26,57,18
KAF2213636,146,128,221,0,0,0,0,0,0,2,0,0,7,11,2
KAF2213637,234,248,458,0,2,0,4,2,0,4,2,3,8,18,16
KAF2213638,283,294,238,0,0,0,0,0,0,3,0,2,9,10,0
KAF2213639,121,63,138,0,0,0,0,0,0,2,0,1,17,14,15
KAF2213640,3050,3488,1846,0,0,0,0,0,2,4,0,2,26,39,25
KAF2213641,1479,1268,995,0,0,0,0,1,0,0,0,2,10,34,28
KAF2213642,2697,2236,2027,4,2,4,0,0,0,24,0,8,25,76,14
KAF2213643,335,379,912,0,0,0,2,0,4,4,4,15,22,49,21
KAF2213644,14380,15700,17827,0,0,0,2,0,0,28,5,6,32,84,28
KAF2213645,207,181,246,0,0,0,0,0,0,0,0,0,8,8,3
KAF2213646,2310,2180,1216,0,0,0,0,0,0,3,0,0,11,25,14
KAF2213647,983,1303,3024,0,0,0,4,2,4,8,4,0,13,45,27
KAF2213648,2714,3064,4809,0,0,0,4,2,4,29,4,12,67,119,52
KAF2213649,1817,1466,1390,2,0,0,2,0,2,29,16,8,58,140,85
KAF2213650,556,433,511,0,0,0,0,0,0,2,0,2,4,18,10
KAF2213651,119,182,468,0,0,0,0,0,0,0,0,0,0,2,2
KAF2213652,934,1115,2447,0,0,0,0,0,0,11,0,0,15,41,9
KAF2213653,561,440,734,0,2,0,0,0,0,7,2,0,12,30,20
KAF2213654,234,190,262,0,2,0,0,0,0,4,0,0,6,4,0
KAF2213655,21189,19276,18558,10,4,3,19,6,4,86,14,27,206,356,115
KAF2213656,439,550,670,0,0,0,0,0,2,2,2,0,8,10,1
KAF2213657,962,649,583,3,2,1,0,0,0,3,2,6,7,40,13
KAF2213658,475,315,649,0,0,0,0,0,4,8,0,6,35,38,23
KAF2213659,4049,4058,6564,0,0,0,0,0,0,3,0,0,12,28,11
KAF2213660,645,682,1030,0,0,0,0,0,0,3,0,2,14,16,5
KAF2213661,191,165,304,0,0,0,0,0,0,8,0,0,6,9,2
KAF2213662,2897,2443,2670,0,0,0,0,4,8,16,14,8,103,160,89
KAF2213663,5633,5643,5941,0,0,0,0,0,0,51,23,14,108,173,118
KAF2213664,88,75,197,0,0,0,0,0,0,0,2,0,2,15,4
KAF2213665,29,30,136,0,0,0,0,0,0,2,0,0,2,8,4
KAF2213666,1870,1767,1001,0,0,0,2,0,0,7,8,5,32,68,26
KAF2213667,1771,1641,1658,0,0,2,0,0,2,3,2,3,18,50,10
KAF2213668,1252,1186,895,2,0,0,0,0,0,7,0,0,32,36,18
KAF2213669,735,886,2144,0,0,0,0,0,0,0,0,0,5,17,10
KAF2213670,967,857,1396,1,2,0,0,0,0,1,0,4,37,80,45
KAF2213671,5276,4798,7782,4,0,0,5,6,0,36,9,20,69,144,35
KAF2213672,232,289,258,0,0,0,0,1,0,34,31,20,218,401,184
KAF2213673,89,99,201,0,0,0,0,2,0,0,0,0,6,8,10
KAF2213674,410,418,645,4,0,0,2,0,0,12,2,2,25,39,16
KAF2213675,1603,1457,2049,2,2,4,0,0,0,8,4,4,24,40,14
KAF2213676,286,212,497,0,0,0,0,0,0,0,0,0,2,8,2
KAF2213677,94,109,201,0,0,0,0,0,0,0,0,0,2,2,0
KAF2213678,7517,6080,4859,8,0,6,4,2,4,40,16,17,89,193,93
KAF2213679,7982,6981,8299,4,0,0,3,4,2,21,4,10,34,102,41
KAF2213680,15,7,6,0,0,0,0,0,0,0,0,0,0,0,0
KAF2213681,46,50,52,0,0,0,0,0,0,0,0,2,2,2,2
KAF2213682,66,37,66,0,0,0,0,0,0,0,0,2,3,0,1
KAF2213683,6200,5292,2582,3,2,0,2,0,0,7,2,2,33,53,28
KAF2213684,312,291,408,0,0,0,0,0,0,0,0,0,10,16,5
KAF2213685,300,318,633,0,0,0,0,0,0,4,0,2,13,19,17
KAF2213686,86,92,136,0,0,0,0,0,0,0,2,0,0,4,6
KAF2213687,1048,848,1250,0,0,0,2,2,4,8,0,4,54,92,41
KAF2213688,288,307,364,0,0,0,2,0,2,1,2,0,8,14,12
KAF2213689,443,413,733,0,0,0,0,0,2,6,0,0,24,37,21
KAF2213690,520,588,1725,0,0,0,0,2,8,12,4,6,41,92,28
KAF2213691,672,486,798,0,0,0,0,0,0,0,0,4,10,14,8
KAF2213692,11468,9895,5595,2,0,14,0,4,2,16,12,10,70,197,91
KAF2213693,14004,13449,6945,0,2,9,0,2,0,2,2,10,46,75,53
KAF2213694,3477,3424,4803,0,0,2,3,0,2,6,4,2,21,39,14
KAF2213695,2809,1900,1034,2,0,2,0,0,2,18,9,5,68,108,55
KAF2213696,8855,6699,4787,4,0,8,4,4,0,62,22,24,202,379,176
KAF2213697,666,560,521,0,0,2,0,0,1,6,2,0,41,62,24
KAF2213698,187,166,239,0,0,0,0,0,0,10,12,8,49,132,49
KAF2213699,737,781,839,0,0,0,0,0,2,4,0,2,13,43,20
KAF2213700,555,410,477,0,0,0,0,0,0,2,0,3,11,33,16
KAF2213701,2459,2251,2956,0,0,0,6,0,2,3,0,8,42,57,21
KAF2213702,432,443,749,0,0,0,0,0,2,6,0,2,18,13,4
KAF2213703,160,85,110,0,0,2,0,0,0,0,2,4,9,14,2
KAF2213704,41,34,45,0,0,0,0,0,0,0,0,0,0,0,0
KAF2213705,174,125,139,0,0,0,0,0,2,0,0,0,2,2,0
KAF2213706,97,85,97,0,1,0,0,0,0,0,0,0,5,2,1
KAF2213707,950,764,1230,0,0,0,2,0,0,6,0,4,19,44,24
KAF2213708,598,444,208,0,0,0,2,0,2,0,2,0,5,14,12
KAF2213709,700,521,489,0,0,0,0,0,0,6,0,2,9,12,5
KAF2213710,349,262,268,0,0,0,0,0,0,1,0,2,4,15,16
KAF2213711,300,267,384,2,0,0,0,0,0,0,0,0,4,13,8
KAF2213712,326,277,351,0,0,0,0,0,0,5,0,0,6,7,0
KAF2213713,276,290,320,0,0,0,0,0,0,0,6,0,15,12,16
KAF2213714,27,30,28,0,0,0,0,0,0,0,0,0,0,2,0
KAF2213715,5972,5291,3891,4,4,0,0,0,0,20,0,5,29,43,14
KAF2213716,73,62,106,0,0,0,0,0,0,0,0,0,2,2,2
KAF2213717,115,115,125,0,0,0,0,0,0,0,0,0,5,11,1
KAF2213718,30934,30848,29424,7,4,4,10,14,20,145,26,43,307,727,337
KAF2213719,1904,1870,2013,0,0,2,0,0,0,12,0,8,36,58,31
KAF2213720,53,66,369,0,0,0,0,0,0,0,0,0,1,3,2
KAF2213721,5,3,34,0,0,0,0,0,0,0,0,0,0,0,0
KAF2213722,543,461,630,0,0,2,2,6,0,61,37,44,140,192,137
KAF2213723,135,72,99,0,0,0,0,0,0,11,2,8,10,25,6
KAF2213724,85,106,160,0,0,0,0,0,0,2,0,0,3,8,2
KAF2213725,569,499,936,0,0,2,0,0,2,18,4,0,22,80,41
KAF2213726,270,302,597,0,0,0,0,0,0,12,2,0,14,50,40
KAF2213727,199,237,474,0,0,0,0,0,0,16,2,4,17,72,30
KAF2213728,5697,5712,10324,0,0,0,2,0,0,21,2,0,22,60,12
KAF2213729,1562,1540,2050,2,0,2,2,6,9,8,0,2,28,52,21
KAF2213730,579,493,624,0,2,0,0,0,1,2,2,2,9,58,17
KAF2213731,182,168,237,0,0,0,0,0,0,0,0,0,6,6,6
KAF2213732,1285,1382,2097,0,0,4,6,2,4,18,6,6,78,187,87
KAF2213733,1823,1735,1981,0,0,2,0,2,2,14,2,6,43,43,16
KAF2213734,470,458,551,0,0,0,0,2,2,21,6,8,42,113,53
KAF2213735,83,50,77,0,0,0,0,0,0,2,2,2,1,19,10
KAF2213736,293,323,451,0,0,0,0,2,0,0,0,0,8,24,17
KAF2213737,1026,1018,1782,0,0,0,2,0,0,9,0,0,18,35,24
KAF2213738,227,213,500,0,0,0,0,0,0,13,0,0,10,16,6
KAF2213739,102,154,421,0,0,0,0,0,0,2,0,0,0,0,4
KAF2213740,43,27,72,0,0,0,0,0,0,0,2,0,3,2,6
KAF2213741,3988,4206,7607,0,0,0,3,0,5,14,2,8,47,64,14
KAF2213742,2492,2654,4458,2,0,0,0,0,2,7,0,6,32,42,18
KAF2213743,35,43,44,0,0,0,0,0,0,16,4,0,24,22,21
KAF2213744,329,350,808,0,0,0,0,0,0,4,2,8,12,26,9
KAF2213745,227,266,585,0,0,0,2,0,0,7,3,2,19,41,6
KAF2213746,1347,1288,2363,0,0,0,4,2,6,30,12,2,53,97,69
KAF2213747,2296,2050,2601,2,0,0,0,0,0,13,8,16,43,41,9
KAF2213748,943,809,1054,0,0,0,0,0,1,4,3,4,4,15,10
KAF2213749,1082,977,1338,0,0,0,0,0,2,5,1,0,10,10,4
KAF2213750,411,520,2022,0,0,0,0,0,2,4,0,2,15,22,6
KAF2213751,150,178,298,0,0,0,0,0,0,0,0,0,10,12,0
KAF2213752,976,832,594,1,0,0,0,0,3,14,11,3,67,81,44
KAF2213753,155,87,171,0,0,0,2,0,0,2,4,0,10,16,8
KAF2213754,135,83,62,0,2,1,0,0,0,0,0,0,0,0,1
KAF2213755,107,53,52,0,0,0,1,0,0,1,0,0,0,2,2
KAF2213756,348,284,192,0,0,0,0,0,0,0,0,0,11,15,5
KAF2213757,1719,1661,1777,0,0,0,0,0,2,20,12,4,79,126,61
KAF2213758,1931,1631,1756,2,0,0,0,0,2,12,4,4,45,93,48
KAF2213759,90,113,113,0,0,0,0,0,0,0,0,0,10,12,4
KAF2213760,7213,6242,6865,0,0,0,0,0,0,12,9,13,35,62,39
KAF2213761,834,725,443,0,0,0,0,2,0,16,2,0,19,43,24
KAF2213762,111,125,102,0,0,0,0,0,0,4,1,1,2,3,5
KAF2213763,702,896,1309,0,0,2,0,0,0,2,0,0,16,17,12
KAF2213764,2642,2521,4509,4,3,1,3,0,0,23,5,5,74,128,53
KAF2213765,3709,3979,6792,4,2,2,6,0,8,30,6,24,57,140,49
KAF2213766,1151,1280,2565,0,0,0,2,2,2,6,0,6,11,30,10
KAF2213767,284,350,573,0,0,0,0,0,0,4,2,0,8,16,15
KAF2213768,520,392,446,0,0,2,0,0,0,4,0,6,11,18,14
KAF2213769,112,99,136,5,0,0,0,0,0,1,2,2,2,7,1
KAF2213770,132,104,133,0,0,0,2,0,0,18,10,2,32,42,28
KAF2213771,440,271,190,0,0,0,0,0,0,1,0,0,4,9,3
KAF2213772,4764,4749,5674,2,0,0,4,2,4,33,9,16,82,252,123
KAF2213773,4161,4041,7527,4,2,0,10,4,8,38,9,4,83,187,84
KAF2213774,231,214,369,0,0,0,0,0,0,6,2,0,9,20,5
KAF2213775,475,506,549,0,0,0,0,0,2,6,2,2,24,63,28
KAF2213776,1535,1116,547,0,0,4,0,0,0,3,0,2,5,25,5
KAF2213777,91,58,120,0,0,0,0,0,0,0,0,0,2,1,0
KAF2213778,102,101,109,0,0,0,0,0,0,0,0,0,0,4,2
KAF2213779,3765,3456,3491,0,0,2,0,4,0,26,6,10,70,134,69
EFT00053797965,0,0,0,0,0,0,0,0,0,0,0,0,0,0,0
KAF2212938,8199,9167,8776,0,1,4,5,6,0,10,4,9,46,88,62
KAF2212939,374,359,244,0,0,0,2,0,0,8,2,2,10,39,29
KAF2212940,4749,3159,1128,0,0,4,0,0,0,20,3,4,50,142,41
KAF2212941,497,464,1177,0,0,0,1,0,0,0,4,4,6,8,8
KAF2212942,4154,3818,2517,2,0,2,0,0,2,6,2,2,25,56,21
KAF2212943,6141,5471,5185,5,2,4,0,0,0,9,2,2,36,42,20
KAF2212944,504,444,514,0,0,0,0,0,0,4,2,0,16,21,5
KAF2212945,1312,1214,1027,0,0,2,5,2,4,19,6,1,35,73,23
KAF2212946,1569,1570,1490,0,0,0,0,0,6,6,8,2,50,144,38
KAF2212947,638,672,685,0,0,0,0,0,2,8,2,4,22,18,6
KAF2212948,3356,3042,2026,0,2,0,0,0,4,4,8,4,26,92,44
KAF2212949,683,1198,2020,0,0,0,0,0,0,2,2,0,2,6,0
KAF2212950,3852,3409,4122,2,0,4,0,0,0,12,2,2,22,49,33
KAF2212951,365,318,729,2,0,0,0,0,0,6,2,0,20,30,12
KAF2212952,1558,1038,487,0,0,2,0,0,0,7,4,0,12,23,12
KAF2212953,925,712,300,0,0,0,0,0,0,0,0,0,7,18,3
KAF2212954,2345,1842,569,0,0,2,4,4,3,81,20,21,107,180,102
KAF2212955,456,506,1018,0,0,0,0,0,2,11,4,2,27,69,51
KAF2212956,1463,1373,2373,10,4,4,0,0,4,12,2,5,35,68,22
KAF2212957,1793,1394,998,2,2,0,2,0,2,3,1,2,40,56,41
KAF2212958,7561,6872,4556,0,2,2,2,0,2,15,8,7,24,63,23
KAF2212959,675,726,776,2,0,0,0,2,0,8,0,4,21,56,24
KAF2212960,127,93,182,0,0,1,2,0,2,9,0,11,4,6,0
KAF2212961,315,286,487,1,0,2,2,0,2,8,1,1,6,22,16
KAF2212962,405,437,885,0,0,0,17,4,14,86,21,21,74,148,60
KAF2212963,1300,1192,1427,0,0,2,4,2,4,68,20,24,115,159,76
KAF2212964,12141,12648,176,2,0,0,0,0,0,0,0,0,5,18,11
KAF2212965,1227,1452,128,0,0,0,0,0,0,0,0,2,2,6,5
KAF2212966,510,314,158,0,0,0,0,0,0,4,0,1,4,2,1
KAF2212967,194,167,329,2,0,0,0,0,0,0,0,0,0,2,4
KAF2212968,10410,11281,13463,0,2,0,10,18,7,12,6,0,44,96,65
KAF2212969,6488,5635,4244,2,2,2,2,0,2,14,8,12,62,129,45
KAF2212970,50,49,56,0,0,0,0,0,0,0,0,0,2,4,3
KAF2212971,2473,2269,680,0,0,0,0,0,0,12,0,0,12,26,3
KAF2212972,1375,1262,2223,0,0,0,2,0,4,8,2,6,38,58,32
KAF2212973,1315,1330,775,0,0,0,0,0,0,4,6,0,4,9,6
KAF2212974,15868,14464,11974,1,1,13,21,3,15,111,56,39,569,1362,688
KAF2212975,4439,3424,1546,0,0,2,0,0,5,21,11,19,58,77,28
KAF2212976,185,206,133,0,0,0,0,0,0,2,0,0,10,23,4
KAF2212977,14280,12790,13154,5,12,8,13,12,34,222,93,45,871,1803,931
KAF2212978,1279,1183,803,0,0,0,8,0,0,7,4,1,30,64,36
KAF2212979,725,676,714,0,0,0,0,0,0,26,1,4,48,79,33
KAF2212980,0,2,4,0,0,0,0,0,0,0,1,0,0,0,0
KAF2212981,150,140,191,0,0,0,0,0,0,0,0,0,5,6,1
KAF2212982,129,152,217,0,0,0,2,0,0,0,0,2,1,4,1
KAF2212983,196,173,473,0,0,0,0,0,2,0,5,0,15,10,10
KAF2212984,303,298,241,0,0,0,0,0,0,1,0,0,3,0,1
KAF2212985,2208,2215,3826,0,0,0,10,2,6,34,8,2,63,98,36
KAF2212986,925,928,1091,2,0,0,0,0,0,9,0,2,14,42,15
KAF2212987,7912,7120,5390,1,0,2,2,0,2,8,2,4,45,94,40
KAF2212988,3956,3424,2827,2,2,2,2,0,3,27,5,8,45,83,35
KAF2212989,263,278,340,0,2,0,2,0,0,7,7,2,23,79,23
KAF2212990,2532,2124,1705,0,0,2,2,2,2,12,4,10,74,137,77
KAF2212991,6388,5381,5772,2,2,0,2,2,0,24,6,0,30,115,35
KAF2212992,5683,4690,2471,2,0,2,0,0,2,18,2,8,44,105,34
KAF2212993,453,449,314,0,0,2,4,2,2,32,41,16,320,550,304
KAF2212994,658,747,1424,0,0,2,2,0,6,43,6,12,60,136,65
KAF2212995,1704,1221,1401,0,0,0,2,0,2,14,2,4,32,58,16
KAF2212996,528,557,858,0,0,0,0,0,0,0,0,2,2,6,2
KAF2212997,479,329,302,0,0,0,0,0,2,24,0,7,24,58,24
KAF2212998,612,601,635,0,0,0,0,0,4,4,0,2,12,30,17
KAF2212999,7898,9247,9891,0,0,2,0,0,6,18,0,0,4,16,12
EFT00053797966,10,4,3,0,0,0,0,0,0,0,0,0,0,0,0
KAF2213000,371,276,612,0,0,0,2,0,0,25,4,2,32,67,42
KAF2213001,3085,2781,2234,0,2,4,2,2,2,49,3,15,43,130,69
KAF2213002,1880,1664,795,0,0,0,0,0,0,6,0,0,12,25,17
KAF2213003,54838,50743,13247,14,6,5,10,14,12,139,47,56,233,527,255
KAF2213004,715,617,607,0,0,0,0,0,0,10,0,6,39,75,29
KAF2213005,1228,1016,422,0,0,2,0,0,6,107,24,8,234,459,224
KAF2213006,929,949,830,0,0,0,0,0,1,8,2,6,6,21,9
KAF2213007,897,900,780,0,0,0,1,2,2,1,0,0,6,28,7
KAF2213008,649,578,525,0,0,0,0,1,0,3,0,0,16,16,7
KAF2213009,1671,1592,1245,0,0,0,2,0,1,7,4,4,12,28,13
KAF2213010,191,165,605,0,0,0,2,0,0,19,2,4,18,37,18
KAF2213011,13,5,12,0,0,0,0,0,0,0,0,0,1,3,1
KAF2213012,117,113,292,0,0,0,0,0,0,6,0,0,12,28,19
KAF2213013,1083,1022,1343,0,2,0,0,0,4,10,0,2,18,60,24
KAF2213014,1491,1101,794,0,0,0,0,0,2,4,2,0,18,57,19
KAF2213015,2070,1782,943,5,0,1,0,1,0,21,4,3,35,75,45
KAF2213016,14654,12918,6713,8,6,8,4,2,0,24,3,8,74,163,66
KAF2213017,743,540,198,0,0,0,0,0,0,2,0,0,2,10,6
KAF2213018,87,79,74,0,0,0,0,0,0,2,0,2,8,7,4
KAF2213019,3135,2704,1869,2,1,0,2,2,0,16,4,10,41,74,27
KAF2213020,119,105,263,0,0,0,0,0,0,0,0,0,10,17,12
KAF2213021,665,703,611,0,0,0,2,0,4,5,0,2,2,8,6
KAF2213022,1321,1080,520,2,2,0,0,0,0,6,0,0,18,43,22
KAF2213023,1601,1064,1308,0,2,2,0,0,0,10,0,0,18,16,34
KAF2213024,1902,1620,1218,2,0,0,0,2,2,8,0,8,22,40,13
KAF2213025,2300,1994,1725,0,0,4,0,0,2,15,12,14,54,111,55
KAF2213026,514,488,670,0,2,0,0,2,0,4,2,8,14,30,12
KAF2213027,460,394,351,0,0,0,2,0,0,4,4,0,15,28,10
KAF2213028,911,865,468,1,0,0,0,0,0,0,0,0,6,27,18
KAF2213029,10793,8378,3293,3,1,0,0,2,8,20,2,4,44,66,34
KAF2213030,4436,3051,1801,2,2,4,8,2,4,33,1,4,51,89,54
KAF2213031,712,786,635,0,0,2,0,0,0,2,4,2,8,34,12
KAF2213032,1355,1125,875,0,0,0,1,0,0,12,3,1,49,119,89
KAF2213033,184,195,168,0,0,0,0,0,0,2,2,2,13,15,8
KAF2213034,871,798,691,0,6,0,0,0,0,1,2,0,11,15,23
KAF2213035,11332,10128,6552,2,0,3,0,0,0,12,0,2,34,67,55
KAF2213036,252,270,413,0,0,0,2,2,2,4,0,2,23,36,14
KAF2213037,42,39,22,0,0,0,0,0,0,0,0,0,2,1,0
KAF2213038,784,706,512,0,0,1,0,0,0,3,0,0,8,15,11
KAF2213039,896,892,659,0,0,1,0,0,2,7,0,0,11,30,9
KAF2213040,583,465,517,0,0,0,0,1,0,1,0,0,0,3,1
KAF2213041,2211,2132,2224,0,0,0,0,0,0,7,1,4,14,10,21
KAF2213042,16,36,42,0,0,0,0,0,0,0,0,0,0,0,0
KAF2213043,187,250,299,0,0,0,1,0,1,2,0,0,3,10,5
KAF2213044,20,16,46,0,0,0,0,0,0,0,0,0,4,11,0
KAF2213045,114,124,240,0,0,0,2,0,0,5,0,2,0,6,4
KAF2213046,68,81,170,0,0,0,0,0,4,6,0,0,20,54,21
KAF2213047,2173,2992,6894,1,0,2,0,0,0,8,4,0,7,8,16
KAF2213048,1523,1256,962,0,0,0,2,2,0,10,0,8,35,53,22
KAF2213049,1091,1062,1028,2,0,0,0,0,2,6,0,2,16,49,10
KAF2213050,17,22,11,0,0,0,0,0,0,0,1,0,2,9,0
KAF2213051,2428,1878,1459,4,5,2,0,0,4,39,10,30,89,169,50
KAF2213052,1075,1012,878,0,2,0,0,0,0,4,0,2,30,42,15
KAF2213053,1239,1237,991,0,0,2,0,0,2,32,2,2,61,132,81
KAF2213054,15,9,22,0,0,0,0,0,0,0,0,0,0,0,0
KAF2213055,1447,1366,1447,0,2,0,0,2,1,23,6,4,56,91,64
KAF2213056,305,272,537,0,0,0,0,0,0,8,2,0,2,18,8
KAF2213057,73,126,454,0,0,0,4,0,0,13,10,7,104,194,111
KAF2213058,249,209,268,0,0,2,0,0,0,4,0,0,12,15,11
KAF2213059,4003,3670,1667,0,0,1,2,2,2,4,0,0,26,42,40
KAF2213060,190,244,251,0,0,0,0,0,0,0,0,0,7,32,6
KAF2213061,9,10,14,0,0,0,0,0,0,0,0,0,0,0,4
KAF2213062,1981,1390,117,0,0,0,0,0,0,2,0,0,3,6,5
KAF2213063,1034,789,720,0,0,0,0,0,0,8,0,2,41,87,24
KAF2213064,270,263,310,0,0,0,0,0,0,4,0,4,10,12,4
KAF2213065,908,750,653,0,0,0,4,0,0,5,6,4,36,107,21
KAF2213066,2801,2320,1185,2,2,2,0,0,2,17,2,3,47,65,29
KAF2213067,1016,798,660,0,0,2,0,0,6,2,0,0,5,14,3
KAF2213068,4,0,4,0,0,0,0,0,0,0,0,0,0,0,0
KAF2213069,93669,89901,93048,57,32,51,71,64,53,128,100,43,358,1080,383
KAF2213070,4593,4492,5246,2,0,2,6,4,7,80,21,20,230,530,215
KAF2213071,38,30,42,0,0,0,0,0,0,0,0,0,3,3,3
KAF2213072,18,20,14,0,0,0,0,0,0,0,0,0,3,0,2
KAF2213073,7344,6404,7539,4,0,2,7,2,7,42,36,24,253,456,232
KAF2213074,1625,1499,1592,2,0,0,0,2,4,16,7,2,52,91,46
KAF2213075,14666,13076,12438,5,12,12,3,2,3,28,12,10,68,155,50
KAF2213076,3689,3497,4257,4,0,2,2,0,0,10,4,14,35,70,22
KAF2213077,1634,1422,1810,0,2,6,0,0,2,8,2,0,16,16,10
KAF2213078,106,71,123,0,0,0,0,0,0,6,0,2,8,12,8
KAF2213079,1768,1789,2477,4,0,2,2,0,2,12,2,4,33,90,48
KAF2213080,833,891,828,0,2,0,0,0,0,2,1,2,6,5,11
KAF2213081,592,581,537,0,0,0,0,0,0,1,2,0,8,21,5
KAF2213082,215,234,1227,0,0,0,0,0,0,0,0,2,5,14,3
KAF2213083,2341,2075,2768,2,0,0,2,1,2,24,5,8,34,94,25
KAF2213084,356,299,285,0,0,2,2,0,0,4,2,0,5,21,7
KAF2213085,826,663,829,0,0,0,0,0,0,11,0,0,22,48,30
KAF2213086,1673,1585,1934,1,3,4,8,0,8,17,4,3,53,81,49
KAF2213087,711,663,1241,2,0,2,0,0,2,4,12,6,22,62,21
KAF2213088,829,579,717,0,0,0,0,0,0,8,4,0,12,37,8
KAF2213089,327,316,537,2,0,0,0,0,4,0,0,2,17,35,16
KAF2213090,2979,2476,2737,4,2,6,0,2,0,12,2,12,34,49,20
KAF2213091,1377,1072,1189,0,2,0,2,0,4,4,5,8,18,34,13
KAF2213092,1105,927,555,0,1,0,2,0,2,6,0,0,7,28,10
KAF2213093,3062,2891,1892,0,0,4,6,0,0,17,0,4,42,46,23
KAF2213094,656,547,457,0,0,0,0,0,0,10,4,2,19,74,21
KAF2213095,294,244,198,2,0,2,0,0,0,2,0,0,16,18,10
KAF2213096,25,33,73,0,0,0,0,0,0,0,0,0,0,9,2
KAF2213097,5,2,6,0,0,0,0,0,0,0,2,0,4,2,0
KAF2213098,2130,2399,2906,0,0,0,0,2,2,4,8,4,22,73,41
KAF2213099,838,757,1189,0,0,0,0,0,0,6,6,0,29,45,20
KAF2213100,94,89,163,0,0,0,0,0,0,0,0,0,8,12,8
KAF2213101,2924,2414,1815,2,2,0,2,0,2,9,0,2,8,64,18
KAF2213102,1841,1678,2581,0,0,0,2,0,0,12,0,10,23,47,24
KAF2213103,21690,14972,5962,4,5,19,0,0,10,24,9,8,133,366,187
KAF2213104,2367,1765,745,0,0,2,0,0,0,6,0,2,22,52,16
KAF2213105,5103,4281,6950,1,8,2,8,0,4,32,8,6,93,126,61
KAF2213106,798,742,832,0,0,0,0,0,0,16,0,2,48,46,9
KAF2213107,698,582,824,0,0,0,0,0,0,12,6,2,14,32,10
KAF2213108,1881,1820,2955,0,3,4,1,2,0,16,2,2,86,120,67
KAF2213109,340,273,548,0,0,0,0,0,0,2,3,0,8,6,0
KAF2213110,1839,1649,2946,0,4,2,2,4,8,24,22,18,142,293,137
KAF2213111,265,262,515,0,0,0,0,0,2,2,0,2,24,45,20
KAF2213112,35951,35651,40094,14,9,16,34,16,42,200,92,84,749,1595,695
KAF2213113,117,123,200,0,0,0,0,0,6,118,22,11,299,735,425
KAF2213114,1782,1486,1466,0,2,0,0,0,0,12,2,8,18,39,14
KAF2213115,1035,930,1084,0,0,2,0,4,0,8,0,0,30,70,23
KAF2213116,1096,1017,1071,0,2,0,0,0,0,12,6,1,25,48,30
KAF2213117,2601,2208,2106,4,0,0,2,0,1,19,2,4,49,121,48
KAF2213118,271,210,424,0,0,0,0,0,0,2,2,4,10,34,3
KAF2213119,1532,1380,2161,3,0,3,0,0,0,18,0,2,46,97,39
KAF2213120,4501,3317,3120,0,0,2,7,6,8,73,22,44,172,344,146
KAF2213121,10819,10620,13478,2,0,2,6,4,2,32,12,8,133,259,124
KAF2213122,723,784,1570,0,2,0,4,2,0,14,6,8,36,114,71
KAF2213123,16,26,52,0,0,0,0,0,0,0,0,0,4,0,2
KAF2213124,5648,5460,8365,2,0,0,4,8,6,45,16,16,135,354,169
KAF2213125,12,2,6,0,0,0,0,0,0,1,0,0,0,2,2
KAF2213126,1321,1045,2139,0,2,0,4,0,2,16,2,5,13,55,8
KAF2213127,3577,2657,2738,2,2,6,0,2,3,13,6,10,98,227,67
KAF2213128,1685,1577,1342,0,2,0,2,0,4,20,4,2,35,66,35
KAF2213129,8701,7844,2812,0,0,2,2,0,2,64,20,28,144,293,94
KAF2213130,154,169,207,0,0,0,0,0,0,3,0,0,12,60,14
KAF2213131,1080,836,445,0,0,0,0,0,0,0,0,0,2,5,0
KAF2213132,233,212,378,0,0,0,0,0,2,4,0,0,10,16,8
KAF2213133,420,416,300,0,0,0,0,0,2,2,0,6,20,32,14
KAF2213134,7741,6576,5099,2,0,6,6,2,9,22,8,11,60,126,47
KAF2213135,151,96,137,0,0,0,0,0,0,1,0,1,0,4,0
KAF2213136,1223,1086,1233,0,0,2,0,2,0,15,4,10,48,101,47
KAF2213137,3977,3607,3115,4,4,4,8,2,2,41,15,26,123,269,140
KAF2213138,25015,26391,55934,0,2,0,27,13,26,132,33,40,502,1127,417
KAF2213139,5935,5375,2669,4,4,0,2,2,0,14,0,4,24,66,10
KAF2213140,2999,2429,1151,2,0,2,1,0,0,4,4,2,34,52,33
KAF2213141,1344,1690,3549,2,0,0,1,0,0,21,0,4,46,117,53
KAF2213142,7,6,15,0,0,0,0,0,0,0,0,0,0,0,0
KAF2213143,738,711,786,2,0,0,0,0,2,7,0,0,4,15,16
KAF2213144,408,398,528,0,0,0,0,0,0,4,0,2,16,21,5
KAF2213145,118,126,148,0,0,0,0,0,0,4,0,2,1,11,2
KAF2213146,762,728,735,0,1,2,0,4,0,14,6,2,17,47,25
KAF2213147,357,396,525,0,0,0,1,0,0,6,4,0,15,22,22
KAF2213148,1880,1627,1989,0,0,0,2,1,0,4,0,0,13,36,20
KAF2213149,1052,1134,1543,0,0,0,0,0,0,2,0,0,6,22,12
KAF2213150,65,72,97,0,0,0,0,0,0,6,0,0,2,18,4
EFT00053797964,4,0,2,0,0,0,0,0,0,0,0,0,0,0,0
KAF2213151,139,129,213,0,0,0,0,0,0,2,2,0,12,15,3
KAF2213152,599,632,1622,0,2,0,5,0,8,10,8,8,52,58,27
KAF2213153,22285,21058,17549,2,0,6,0,4,6,37,9,18,95,153,42
KAF2213154,1680,1728,3322,0,0,0,0,0,4,8,2,5,26,37,19
KAF2213155,578,645,939,0,0,0,0,0,0,15,6,4,30,62,38
KAF2213156,71,54,115,0,0,0,0,0,0,2,0,0,0,4,0
KAF2213157,6630,5791,4527,0,8,2,2,2,4,25,8,9,102,294,130
KAF2213158,1227,1532,214,0,0,0,0,0,0,1,0,0,2,4,7
KAF2213159,2739,3454,171,0,0,0,0,0,0,0,0,0,1,2,1
KAF2213160,0,0,0,0,0,0,0,0,0,0,0,0,0,0,0
KAF2213161,3139,2885,2483,4,2,4,0,0,8,16,2,6,56,102,40
KAF2213162,173,140,175,0,0,0,2,0,0,0,0,2,8,15,3
KAF2213163,24,19,27,0,0,0,0,0,0,0,0,0,0,0,2
KAF2213164,295,269,323,0,0,0,2,0,0,2,0,1,20,33,6
KAF2213165,319,312,369,0,0,0,0,0,0,0,0,3,11,23,4
KAF2213166,19099,17552,14057,6,4,2,6,12,14,134,41,74,307,687,339
KAF2213167,19278,16756,7981,2,2,4,2,0,2,37,5,6,91,136,75
KAF2213168,13201,12961,10148,6,7,1,4,5,2,48,6,16,180,387,210
KAF2213169,537,449,641,2,0,0,0,0,2,15,2,1,14,20,15
KAF2213170,11101,10650,7306,2,0,0,2,4,0,22,2,6,57,127,22
KAF2213171,343,357,471,4,0,0,2,0,2,6,0,8,16,72,37
KAF2213172,1613,1295,978,4,2,0,0,0,0,3,0,0,32,43,22
KAF2213173,3068,2980,3313,0,2,0,0,0,0,6,0,2,33,39,31
KAF2213174,2728,2756,2385,0,0,0,2,0,0,6,0,4,16,31,15
KAF2213175,55,44,63,0,0,0,0,0,0,0,0,0,1,3,0
KAF2213176,161001,104625,62243,43,18,28,65,38,50,577,168,201,1216,3079,1098
KAF2213177,3890,2572,1125,3,0,0,0,1,2,8,6,8,49,94,49
KAF2213178,3325,2318,2963,0,2,2,17,0,6,90,28,61,98,179,85
KAF2213179,319,284,257,0,0,0,0,0,0,0,0,0,19,15,7
KAF2213180,783,635,570,0,0,0,0,0,0,0,0,4,22,27,9
KAF2213181,4982,4816,4969,0,6,4,2,0,5,11,11,8,131,169,72
KAF2213182,270,252,547,0,0,0,0,0,0,10,0,4,7,39,5
KAF2213183,2851,2816,2447,4,2,0,3,2,2,30,4,8,61,210,104
KAF2213184,2568,2179,984,4,0,0,2,1,4,9,6,6,55,155,48
KAF2213185,823,919,979,0,0,2,0,0,0,8,2,3,8,25,17
KAF2213186,1135,1099,1179,0,0,2,0,0,2,14,0,0,11,47,0
KAF2213187,971,882,1101,0,2,0,4,0,2,10,6,5,32,50,20
KAF2213188,214,146,191,0,0,0,0,2,0,0,0,0,10,27,13
KAF2213189,2697,2351,1984,0,0,2,4,0,4,3,0,4,21,44,13
KAF2213190,1896,1498,1357,0,0,0,0,2,1,8,2,0,15,36,22
KAF2213191,778,830,569,0,0,0,0,0,0,14,6,0,12,26,27
KAF2213192,27,39,27,0,0,0,0,0,2,0,0,0,0,1,1
KAF2213193,512,848,3720,0,0,2,0,0,0,2,0,0,0,2,6
KAF2213194,65,56,111,0,0,0,0,0,0,2,0,2,2,8,5
KAF2213195,956,776,669,0,0,0,0,0,0,12,4,2,10,33,7
KAF2213196,48,68,81,0,0,0,0,0,0,0,0,0,0,3,0
KAF2213197,64,48,102,0,0,0,2,4,0,18,4,9,20,53,26
KAF2213198,465,492,963,0,0,0,4,4,4,28,8,10,88,191,62
KAF2213199,135,120,222,0,0,0,0,0,0,4,0,0,7,34,4
KAF2213200,21,30,83,0,0,0,0,0,0,0,0,0,4,6,2
KAF2213201,97,116,154,1,0,0,0,0,0,3,0,0,11,8,13
KAF2213202,181,156,187,0,0,0,0,0,0,1,0,0,3,8,2
KAF2213203,101321,80614,29563,53,24,68,16,10,18,118,33,51,416,758,305
KAF2213204,6,12,25,0,0,0,0,0,0,0,0,0,0,0,0
KAF2213205,16,4,18,0,0,0,0,0,0,0,0,0,0,2,0
KAF2213206,1640,1637,3492,0,0,0,0,0,0,6,6,1,13,50,18
KAF2213207,158,125,220,2,0,0,0,0,0,2,0,2,8,18,4
KAF2213208,62,69,104,0,0,0,0,0,0,2,2,0,2,6,3
KAF2213209,13190,13903,22979,6,2,4,2,4,5,25,7,25,124,162,58
KAF2213210,4129,4419,6758,2,2,2,0,0,3,10,0,4,22,21,19
KAF2213211,1661,1521,1912,0,0,0,0,1,0,13,2,2,60,87,30
KAF2213212,97,73,115,0,0,0,0,0,0,4,0,0,9,7,8
KAF2213213,1307,1462,1661,0,2,0,0,2,0,1,2,2,22,41,12
KAF2213214,13768,14182,15570,14,10,17,3,7,0,24,18,16,141,379,159
KAF2213215,1226,1148,1294,2,2,2,0,0,0,10,5,6,40,70,57
KAF2213216,14400,12425,8118,7,2,11,1,4,6,44,35,17,225,525,206
KAF2213217,2279,2070,1977,0,0,0,4,2,0,10,6,0,42,70,34
KAF2213218,2956,3312,5639,0,0,0,0,0,0,2,2,4,12,24,19
KAF2213219,12,8,62,0,0,0,0,0,2,0,0,0,0,4,1
KAF2213220,561,582,949,0,0,0,2,0,2,2,0,2,0,15,2
KAF2213221,2217,2068,2000,2,2,2,0,2,2,13,2,6,30,68,25
KAF2213222,1704,1652,2316,0,0,0,0,0,2,9,10,4,70,113,68
KAF2213223,5170,4615,4444,2,0,6,10,6,14,42,22,16,150,395,226
KAF2213224,8036,6592,5781,3,2,2,2,1,2,29,10,11,89,209,57
KAF2213225,3003,2473,1868,1,1,0,0,0,2,8,4,1,27,35,22
KAF2213226,830,684,590,0,0,2,0,0,0,4,0,0,6,23,7
KAF2213227,171,135,212,0,0,0,0,0,0,4,0,0,7,6,5
KAF2213228,559,464,484,0,0,2,1,0,0,6,7,0,25,19,20
KAF2213229,154,122,168,0,0,0,0,0,0,2,0,0,7,11,9
KAF2213230,836,739,845,0,0,2,0,0,0,9,2,0,38,74,44
KAF2213231,10006,8175,7967,10,4,10,8,0,2,36,14,7,60,185,68
KAF2213232,344,254,454,2,0,0,0,0,0,2,2,0,3,20,4
KAF2213233,47,79,82,0,0,0,0,0,0,0,0,0,0,1,2
KAF2213234,179,166,271,0,0,0,0,0,0,3,0,0,6,10,6
KAF2213235,495,467,813,0,0,0,0,0,0,29,4,2,18,29,12
KAF2213236,156,203,285,0,0,0,0,0,0,0,0,0,2,10,15
KAF2213237,300,414,863,0,0,0,2,4,2,17,6,6,37,61,21
KAF2213238,13355,8950,329,6,2,4,0,0,0,0,0,0,0,24,6
KAF2213239,690,691,889,0,0,0,0,4,0,6,0,8,33,56,29
KAF2213240,199,204,195,0,0,0,0,0,0,4,0,0,16,28,13
KAF2213241,388,315,431,0,0,0,0,0,2,14,2,2,35,99,47
KAF2213242,305,218,291,0,0,0,0,2,0,2,0,0,8,8,6
KAF2213243,2445,1980,856,0,2,0,0,0,2,5,0,0,20,48,9
KAF2213244,1344,1218,1804,0,0,2,0,0,0,13,2,6,41,88,49
KAF2213245,37,17,62,0,0,0,0,0,0,0,0,0,0,0,3
KAF2213246,98,82,119,0,0,0,0,0,0,0,2,2,4,3,4
KAF2213247,105,108,211,0,0,0,0,0,0,0,0,0,0,0,0
KAF2213248,66,129,335,0,0,0,0,0,0,4,3,2,2,11,4
KAF2213249,886,1089,1363,0,0,0,0,0,2,2,0,2,29,42,28
KAF2213250,1654,1454,1363,2,2,0,0,2,0,14,11,7,85,138,77
KAF2213251,30,37,68,0,0,0,0,0,0,0,0,0,2,8,5
KAF2213252,20266,18942,20188,4,9,8,7,2,4,66,22,11,205,359,164
KAF2213253,364,445,394,1,0,0,0,0,0,4,0,1,14,36,9
KAF2213254,1373,1405,1435,0,0,0,0,0,1,12,2,3,55,60,24
KAF2213255,17942,17962,12036,10,8,24,0,0,2,15,4,4,60,160,52
KAF2213256,3234,3109,1857,1,2,2,0,0,0,6,0,0,21,16,10
KAF2213257,2883,3046,2484,2,0,0,6,2,3,25,12,8,99,203,67
KAF2213258,1161,935,1560,0,0,2,4,0,0,13,6,0,59,89,43
KAF2213259,1048,968,1275,0,0,0,0,0,0,6,2,0,22,48,22
KAF2213260,13497,14233,23660,0,0,0,0,0,4,68,28,24,144,281,121
KAF2213261,7747,6626,5820,8,5,8,6,0,2,23,5,7,60,117,47
KAF2213262,803,647,1156,2,0,0,0,0,0,12,0,4,25,52,34
KAF2213263,5411,5363,6682,0,4,3,1,0,0,19,0,5,55,62,46
KAF2213264,74,59,123,0,0,0,0,0,0,0,0,0,4,0,0
KAF2213265,143,95,143,0,0,0,0,0,0,0,0,0,0,2,0
KAF2213266,187,271,547,0,0,0,2,0,2,0,0,0,2,6,4
KAF2213267,530,572,1253,0,0,0,0,0,0,4,2,0,0,4,4
KAF2213268,3108,2359,3466,2,0,2,0,0,0,12,4,11,33,50,35
KAF2213269,695,586,386,2,0,2,0,0,0,11,0,0,23,29,15
KAF2213270,226,151,154,2,0,0,0,0,0,4,2,0,0,8,5
KAF2213271,19546,19077,11828,7,3,8,6,4,12,48,22,16,219,390,157
KAF2213272,4296,4338,3198,4,0,0,1,0,0,16,6,10,20,74,12
KAF2213273,88,38,85,0,2,0,0,0,0,4,6,0,13,22,11
KAF2213274,1799,1441,2105,0,2,0,0,0,2,8,2,4,27,53,24
KAF2213275,363,284,427,0,0,0,0,0,0,0,0,0,12,10,5
KAF2213276,99,79,102,0,0,0,2,0,2,111,36,14,37,86,50
KAF2213277,12,7,12,0,0,0,0,0,0,0,0,0,0,0,0
KAF2213278,20,14,22,0,0,0,0,0,0,0,0,0,0,2,0
KAF2213279,507,559,568,0,0,0,0,0,0,4,2,1,19,26,9
KAF2213280,10134,9572,9170,6,2,2,2,2,2,17,2,6,89,116,49
KAF2213281,23,22,35,0,0,0,0,0,0,1,0,0,1,0,0
KAF2213282,1426,1358,892,0,2,1,0,0,0,13,0,0,11,29,8
KAF2213283,1062,962,1048,0,0,2,4,2,0,7,0,4,13,70,42
KAF2213284,760,613,832,0,0,0,0,0,0,6,6,2,14,63,15
KAF2213285,3262,4953,10666,0,0,0,8,2,5,23,23,4,134,328,101
KAF2213286,4203,5478,14360,4,2,8,0,4,0,6,0,2,3,24,0
KAF2213287,1578,1331,1817,0,2,0,4,0,2,18,2,4,30,85,24
KAF2213288,7,5,9,0,0,0,0,0,0,0,0,0,0,0,0
KAF2213289,274,210,413,0,0,0,0,0,0,0,0,0,7,4,2
KAF2213290,13,16,7,0,0,0,0,0,0,0,0,0,1,3,0
KAF2213291,145,131,249,0,0,0,0,0,0,0,0,0,2,4,0
KAF2213292,5496,5468,8930,8,2,0,0,2,2,14,1,0,20,42,17
KAF2213293,1602,1426,2887,1,0,0,2,0,0,11,6,6,15,44,42
KAF2213294,21,16,9,0,0,0,0,0,0,0,0,0,0,0,0
KAF2213295,24394,22165,13752,12,10,4,24,8,14,116,52,34,498,1202,474
KAF2213296,5129,4578,3350,1,0,0,2,2,2,25,4,12,53,108,34
KAF2213297,3405,1149,516,19,17,16,2,2,5,65,2,8,177,318,247
KAF2213298,148,106,221,0,0,0,0,0,0,0,2,4,27,46,18
KAF2213299,80,48,141,0,0,0,0,0,0,4,0,0,2,12,2
KAF2213300,227,169,448,0,0,0,0,0,0,0,0,0,12,17,12
KAF2213301,88,65,157,0,0,0,0,0,0,1,0,0,3,10,7
KAF2213302,2021,2046,10135,0,0,0,0,0,2,16,4,4,74,144,39
KAF2213303,1715,729,2093,0,0,0,0,0,0,12,8,7,113,191,53
KAF2213304,2,10,8,0,0,0,0,0,0,0,0,0,0,0,0
KAF2213305,215,165,228,0,0,0,0,0,0,0,0,0,11,12,7
KAF2213306,1160,1034,1268,1,2,4,0,0,8,10,0,4,54,142,77
KAF2213307,658,647,913,2,2,0,0,0,0,4,4,2,10,20,4
KAF2213308,20,10,71,0,0,0,0,0,0,0,0,0,0,0,0
KAF2213309,44,86,58,2,0,0,0,0,0,0,0,0,0,0,0
KAF2213310,1088,925,791,7,1,4,0,0,2,6,0,8,40,53,34
KAF2213311,109,125,216,0,0,0,0,0,0,0,0,0,6,10,2
KAF2213312,1688,1537,581,6,2,3,0,0,0,2,2,0,11,51,28
KAF2213313,980,723,384,0,0,0,0,2,0,2,0,0,12,20,10
KAF2213314,55687,50393,16836,10,10,12,8,8,12,73,17,35,207,396,223
KAF2213315,13950,13779,18069,10,4,9,15,4,28,102,45,30,304,757,345
KAF2213316,5263,4719,4080,0,6,2,4,2,2,25,4,7,65,94,52
KAF2213317,95,73,88,0,0,0,0,0,0,0,0,0,3,1,0
KAF2213318,1765,1719,1400,0,2,2,0,0,2,6,0,0,14,14,8
KAF2213319,1082,1106,1463,0,0,0,2,0,0,7,4,6,23,44,35
KAF2213320,232,237,378,0,0,0,0,0,0,0,3,2,14,28,2
KAF2213321,791,598,661,0,0,0,0,0,4,4,2,8,18,31,17
KAF2213322,5081,4296,4283,2,0,6,2,0,4,4,0,5,36,50,29
KAF2213323,15422,14657,13786,3,0,4,2,0,0,8,8,6,46,86,51
KAF2213324,987,950,878,0,0,0,0,0,0,0,0,0,0,1,0
KAF2213325,23307,20994,14146,20,7,19,24,12,22,161,48,44,700,1640,678
KAF2213326,21246,20661,19730,2,2,4,4,1,7,59,12,22,108,239,87
KAF2213327,123,143,266,0,0,0,0,0,0,11,3,0,9,12,4
KAF2213328,165,154,257,0,0,0,0,0,0,6,0,0,8,16,12
KAF2213329,193,145,236,0,0,0,0,2,0,4,0,4,10,23,6
KAF2213330,108,110,278,0,0,0,0,0,0,0,0,0,2,2,0
KAF2213331,3557,2880,2285,0,2,4,0,0,0,24,4,6,42,116,42
KAF2213332,1422,1199,1274,0,0,0,0,4,6,12,4,2,50,113,44
KAF2213333,513,523,419,0,0,0,0,0,0,0,0,0,1,9,1
KAF2213334,4013,3664,2351,0,2,2,0,0,2,7,0,3,19,27,10
KAF2213335,436,346,301,0,0,0,0,0,2,2,4,0,13,22,9
KAF2213336,1814,1689,2588,2,0,0,0,4,0,14,8,5,52,116,50
KAF2213337,288,339,431,0,0,0,0,0,0,2,2,0,6,12,8
KAF2213338,363,298,616,1,0,0,0,0,2,7,2,0,22,73,33
KAF2213339,37,42,33,0,0,0,0,0,0,0,0,0,0,2,0
KAF2213340,24520,22951,9864,6,2,4,2,2,0,19,13,10,76,144,91
KAF2213341,5868,5136,3431,6,0,0,0,2,2,24,6,7,78,125,65
KAF2213342,294,232,389,0,0,0,0,0,2,0,0,0,8,0,4
KAF2213343,3474,3386,4366,13,0,11,2,0,2,12,6,2,37,110,35
KAF2213344,1505,1364,973,0,0,0,1,0,1,7,5,0,18,55,17
KAF2213345,174,175,240,0,0,0,0,2,0,1,0,1,4,5,1
KAF2213346,557,484,785,0,0,0,1,0,0,14,6,1,17,27,26
KAF2213347,895,886,935,0,0,0,0,0,0,2,2,0,17,34,16
KAF2213348,3072,2667,2131,0,0,2,2,0,0,4,2,1,29,60,30
KAF2213349,16,5,20,0,0,0,0,0,0,1,0,0,0,0,0
KAF2213350,32,16,44,0,0,0,0,0,0,0,0,0,4,5,0
KAF2213351,810,946,1500,0,0,0,0,0,4,3,4,3,25,91,33
KAF2213352,7547,7953,10017,8,8,8,2,2,6,35,13,17,94,211,64
KAF2213353,1216,1466,2688,0,2,0,0,0,0,10,0,4,7,25,18
KAF2213354,8998,8822,8859,6,3,4,4,6,8,44,14,26,179,358,155
KAF2213355,3901,3352,3285,4,2,4,0,2,6,37,16,6,123,224,93
KAF2213356,252,353,836,0,0,0,0,0,2,4,0,0,2,4,6
KAF2212516,2498,2019,1548,0,0,0,2,4,0,5,1,0,26,89,60
KAF2212517,1070,936,409,0,0,0,2,0,0,6,0,0,16,28,21
KAF2212518,3921,3300,1580,4,2,2,0,0,0,5,0,2,25,91,42
KAF2212519,3376,3035,1541,0,0,0,10,0,8,29,12,12,132,266,98
KAF2212520,5531,5373,1935,0,0,0,2,0,0,14,4,10,32,42,32
KAF2212521,14976,13504,9810,0,2,0,13,8,20,566,237,321,2149,3324,1406
KAF2212522,1670,1627,1908,0,0,2,0,0,0,15,20,8,67,124,37
KAF2212523,241,259,387,0,0,0,0,0,0,2,0,0,17,28,15
KAF2212524,198,270,477,2,0,0,0,0,0,4,1,0,5,15,6
KAF2212525,1317,1509,2780,2,0,0,2,0,0,5,2,2,11,83,37
KAF2212526,251,178,336,0,0,0,0,0,0,4,0,2,12,13,6
KAF2212527,582,624,1062,0,0,0,0,2,0,20,2,3,39,105,40
KAF2212528,1222,956,662,0,3,0,2,0,0,4,2,2,32,68,24
KAF2212529,867,804,759,0,0,0,0,0,0,1,4,2,22,38,18
KAF2212530,183,129,66,0,0,0,0,2,0,1,0,0,1,2,0
KAF2212531,1369,1361,621,4,0,2,0,0,0,4,0,2,4,21,4
KAF2212532,10935,10487,6046,2,0,0,2,0,0,20,14,8,54,159,43
KAF2212533,5259,4449,4474,4,0,0,0,0,2,16,6,0,36,48,9
KAF2212534,5455,4637,2268,2,2,2,0,0,0,7,1,0,16,40,27
KAF2212535,461,481,209,2,0,0,2,0,0,3,0,0,2,6,1
KAF2212536,4816,3629,2048,2,2,2,0,0,4,55,13,23,100,214,113
KAF2212537,103,99,100,0,0,0,0,2,0,0,0,1,4,10,2
KAF2212538,1146,907,1225,0,0,0,0,0,0,6,0,4,10,45,15
KAF2212539,272,214,484,0,0,0,0,0,0,0,0,0,2,5,2
KAF2212540,4687,4204,3594,0,0,2,0,0,0,14,3,4,24,78,28
KAF2212541,1158,1096,1642,0,0,0,8,0,0,4,4,2,37,84,41
KAF2212542,389,432,763,0,0,0,0,2,1,13,0,2,30,49,25
KAF2212543,12,11,36,0,0,0,0,0,0,0,0,0,0,0,0
KAF2212544,511,841,4760,0,0,0,0,0,0,0,4,0,7,22,6
KAF2212545,866,720,1457,0,0,0,0,0,2,2,2,3,11,26,10
KAF2212546,702,583,1001,0,0,0,0,0,0,6,0,2,10,34,11
KAF2212547,11919,10563,6543,0,2,6,4,2,10,76,38,26,306,783,358
KAF2212548,308,309,298,0,0,0,0,0,0,0,0,0,2,16,10
KAF2212549,304,415,578,0,0,0,0,0,0,0,4,0,8,13,2
KAF2212550,2631,2290,2821,4,2,0,2,2,4,30,8,6,71,174,68
KAF2212551,1788,1657,882,2,0,0,0,2,0,10,6,6,38,105,34
KAF2212552,3028,2467,1419,0,0,0,0,0,0,6,0,4,27,46,25
KAF2212553,136,112,190,0,0,0,0,0,0,0,0,0,4,4,0
KAF2212554,221,269,302,0,0,0,0,0,0,2,2,0,13,13,3
KAF2212555,194,134,195,0,0,0,0,0,0,2,0,0,4,6,7
KAF2212556,2247,2040,1584,0,0,0,0,0,2,11,5,10,26,109,28
KAF2212557,87,90,110,0,0,0,0,0,0,0,0,0,0,0,0
KAF2212558,33579,28406,8954,0,0,2,0,2,0,9,0,2,26,77,19
KAF2212559,55,54,55,0,0,0,0,0,0,0,0,0,0,5,0
KAF2212560,9495,7434,3374,4,4,2,0,4,2,14,2,6,53,133,41
KAF2212561,382,281,381,0,0,0,0,0,0,2,0,2,6,25,14
KAF2212562,778,807,1456,0,0,0,1,2,2,25,7,5,36,135,77
KAF2212563,111,79,78,0,0,0,0,0,0,0,0,0,6,4,2
KAF2212564,3503,2893,1999,2,0,2,0,0,0,10,2,1,30,40,37
KAF2212565,11021,9850,7357,3,8,2,0,2,0,18,8,7,83,107,34
KAF2212566,2272,2233,1442,0,0,2,4,2,4,14,10,4,28,64,40
KAF2212567,13,14,23,0,0,0,0,0,0,0,0,0,0,0,0
KAF2212568,9,6,11,0,0,0,0,0,0,0,0,0,0,0,0
KAF2212569,497,572,675,0,0,0,0,0,2,2,2,0,21,52,30
KAF2212570,2485,2456,3655,0,0,0,0,4,0,30,24,33,85,157,83
KAF2212571,1582,1389,1510,0,0,0,2,2,4,14,0,8,29,67,33
KAF2212572,9695,9275,10126,8,3,0,7,8,8,73,36,16,314,731,314
KAF2212573,1003,1187,2944,2,0,0,10,6,10,38,12,2,111,381,150
KAF2212574,10,7,8,0,0,0,0,0,0,1,0,0,0,0,0
KAF2212575,12415,11291,6819,2,4,4,0,0,2,12,2,2,29,27,16
KAF2212576,2516,2015,1551,0,0,2,0,4,1,22,6,11,40,91,35
KAF2212577,393,302,497,0,0,0,0,2,2,10,3,5,32,49,30
KAF2212578,853,720,508,2,0,0,0,0,0,6,2,0,2,28,6
KAF2212579,173,134,140,0,0,0,1,0,0,4,0,0,9,3,2
KAF2212580,390,358,534,0,0,0,2,0,0,3,8,2,40,62,21
KAF2212581,1153,1254,1844,0,0,0,18,12,6,129,40,24,120,262,130
KAF2212582,17569,15148,7410,2,4,9,8,4,4,32,12,26,136,283,118
KAF2212583,126,151,229,0,0,0,0,0,0,12,0,1,8,5,12
KAF2212584,2347,1934,2543,0,2,2,0,0,2,24,6,10,77,102,33
KAF2212585,6365,5898,6956,0,0,1,0,0,6,4,1,2,25,20,18
KAF2212586,577,591,705,0,0,0,2,0,0,18,0,4,21,63,9
KAF2212587,1445,1704,2451,0,0,0,0,0,2,6,0,4,25,62,30
KAF2212588,141,102,138,0,0,0,0,0,0,2,0,0,1,4,4
KAF2212589,1798,1625,1593,0,0,0,2,2,4,20,10,6,64,111,67
KAF2212590,6267,5863,3449,2,0,2,0,0,6,8,7,9,83,106,78
KAF2212591,1129,990,734,0,0,0,2,0,0,8,0,0,4,30,6
KAF2212592,543,483,623,0,0,0,2,0,2,19,6,0,33,95,51
KAF2212593,425,410,452,2,0,0,0,0,0,1,0,2,11,30,21
KAF2212594,855,835,1010,2,0,0,2,0,2,8,2,10,50,91,54
KAF2212595,6924,6223,4814,10,0,2,0,4,0,28,2,6,32,72,32
KAF2212596,1733,1578,2439,2,0,0,0,2,2,6,2,6,31,101,23
KAF2212597,7045,6053,6322,1,2,0,0,2,0,42,10,6,100,242,113
KAF2212598,504,496,462,0,0,0,0,0,0,2,0,2,4,6,2
KAF2212599,1407,1180,1172,2,0,0,0,0,0,13,2,2,24,44,8
KAF2212600,5511,4686,2320,4,0,0,6,0,2,14,6,8,91,170,82
KAF2212601,3024,2741,1296,4,2,0,2,2,0,8,1,3,20,57,15
KAF2212602,4225,3661,1975,0,1,1,2,0,6,5,0,5,29,73,15
KAF2212603,254,273,296,0,0,0,0,0,0,2,0,4,2,6,2
KAF2212604,566,670,1011,0,0,0,0,2,4,4,4,2,13,26,8
KAF2212605,5,2,2,0,0,0,0,0,0,0,0,0,0,0,0
KAF2212606,579,519,301,0,0,0,0,0,0,0,4,2,5,11,2
KAF2212607,2106,1819,880,0,2,2,0,0,0,6,0,4,7,34,21
KAF2212608,1640,1528,1800,0,0,0,2,6,6,25,2,8,78,164,88
KAF2212609,13,16,21,0,0,0,0,0,0,0,0,0,0,0,0
KAF2212610,46,14,42,0,0,0,0,0,0,0,0,0,0,0,0
KAF2212611,16893,17061,15525,0,0,0,2,0,2,41,5,6,151,315,191
KAF2212612,1696,1651,1876,2,2,2,0,0,0,10,0,2,28,33,17
KAF2212613,337,285,421,0,0,0,0,0,0,2,0,0,4,19,6
KAF2212614,5786,4834,2752,2,4,2,6,2,2,35,4,16,118,290,107
KAF2212615,15796,13141,7119,5,8,8,2,2,1,10,2,14,67,157,61
KAF2212616,35844,29535,14860,12,19,24,0,4,13,21,18,31,107,231,50
KAF2212617,1002,909,986,0,0,0,0,0,2,6,2,3,29,54,28
KAF2212618,4,0,1,0,0,0,0,0,0,0,0,0,0,1,0
KAF2212619,3662,3806,3291,2,0,0,4,2,4,34,24,14,92,228,127
KAF2212620,543,478,392,0,0,0,0,0,0,6,4,2,12,44,21
KAF2212621,88,111,81,0,0,0,0,0,0,1,0,0,2,9,7
KAF2212622,55,57,135,0,0,0,0,0,0,0,0,2,6,10,0
KAF2212623,7598,8402,12042,2,0,6,35,9,14,154,47,43,452,1184,476
KAF2212624,459,304,399,1,0,0,0,2,4,13,10,8,26,91,46
KAF2212625,2943,2329,2531,4,4,4,4,0,0,18,6,4,43,131,49
KAF2212626,288,397,815,0,0,2,2,0,0,8,0,0,6,8,6
KAF2212627,200,180,185,0,0,0,0,0,0,0,2,0,4,21,8
KAF2212628,569,430,372,0,0,0,0,0,0,6,4,2,28,54,38
KAF2212629,932,770,634,0,0,0,0,0,2,1,0,2,2,23,4
KAF2212630,229,199,239,0,0,2,0,0,0,8,0,0,12,28,9
KAF2212631,9577,8522,6289,4,2,12,5,2,10,26,16,18,175,359,171
KAF2212632,1224,1177,1725,0,0,1,3,0,3,42,6,7,78,146,75
KAF2212633,5984,5644,4721,0,0,0,1,0,6,12,2,2,25,58,26
KAF2212634,2641,2128,1226,2,2,0,4,0,0,14,0,2,23,31,13
KAF2212635,118,95,85,0,0,0,0,0,0,0,0,0,0,0,2
KAF2212636,14229,12407,844,0,0,2,0,0,0,0,0,0,4,17,4
KAF2212637,12683,9885,4616,4,2,6,10,6,0,71,8,12,117,221,114
KAF2212638,2292,2325,2176,1,2,0,0,2,2,16,2,6,24,70,16
KAF2212639,1140,1082,1731,0,0,0,0,0,4,7,8,4,75,122,46
KAF2212640,73646,68823,38840,6,7,21,4,6,7,61,16,18,178,342,149
KAF2212641,700,663,457,0,0,0,0,0,0,6,0,4,10,18,8
KAF2212642,152,109,140,0,0,0,0,0,3,2,0,0,18,9,6
KAF2212643,2906,3956,4974,0,0,0,0,0,0,12,6,2,40,92,42
KAF2212644,401,342,85,0,0,0,0,0,0,0,0,0,0,2,4
KAF2212645,2058,1802,3392,0,0,0,2,2,2,44,4,10,104,140,81
KAF2212646,4716,4120,1802,2,0,0,2,0,4,12,0,4,43,48,28
KAF2212647,51619,36069,5537,12,14,16,0,4,2,29,30,15,143,316,130
KAF2212648,11820,10061,6476,2,4,2,0,0,0,16,2,8,45,81,47
KAF2212649,2200,1885,1531,0,0,0,0,0,0,15,3,1,26,18,22
KAF2212650,1056,860,690,0,0,0,0,0,0,5,0,0,10,20,8
KAF2212651,24883,22312,27502,8,8,8,4,0,2,47,4,16,205,403,141
KAF2212652,865,785,1517,0,0,0,0,0,0,0,0,2,13,23,11
KAF2212653,496,461,963,0,2,0,0,0,2,7,0,2,17,27,10
KAF2212654,11435,12144,20742,6,4,2,14,10,8,42,20,17,215,443,236
KAF2212655,4899,4426,4181,2,0,2,2,2,4,41,6,13,80,199,75
KAF2212656,177,172,147,0,0,0,0,0,0,2,0,0,0,0,6
KAF2212657,484,511,839,1,0,0,0,0,0,4,2,2,9,20,8
KAF2212658,939,1206,2678,2,4,2,2,2,1,12,2,0,14,56,20
KAF2212659,4607,3962,3605,10,2,6,2,0,2,24,2,12,46,103,26
KAF2212660,752,635,517,0,0,0,0,0,0,8,2,2,24,54,34
KAF2212661,1930,1576,1970,0,0,0,0,4,0,10,6,6,16,41,23
KAF2212662,4088,3901,1847,0,2,0,0,0,0,4,0,0,14,24,2
KAF2212663,40155,35071,13696,14,8,28,2,0,6,12,4,0,31,101,65
KAF2212664,530,408,166,0,0,0,0,0,0,4,2,0,4,11,0
KAF2212665,9067,7690,2351,2,2,1,0,2,4,18,9,7,53,126,57
KAF2212666,3042,3110,3541,0,4,0,2,2,2,30,16,8,83,238,81
KAF2212667,191,161,286,0,0,0,0,2,2,5,0,0,6,22,6
KAF2212668,17885,16966,10160,2,4,5,14,6,6,64,30,22,196,520,292
KAF2212669,3719,3271,4583,2,2,0,0,0,0,10,4,4,34,57,37
KAF2212670,16535,14876,10503,10,11,10,29,3,20,148,64,54,720,1910,982
KAF2212671,529,462,687,0,0,0,0,0,0,19,5,2,38,42,38
KAF2212672,2943,2832,1255,0,4,0,0,2,0,6,8,0,24,53,17
KAF2212673,3320,3434,6038,0,0,0,0,0,0,10,0,2,21,54,26
KAF2212674,412,422,488,0,1,0,4,0,0,6,0,8,36,65,16
KAF2212675,30,20,14,0,0,0,0,0,0,0,0,0,0,0,0
KAF2212676,200,128,202,0,0,0,1,0,0,4,0,2,4,18,10
KAF2212677,122,112,243,0,0,0,0,0,0,2,0,0,0,4,3
KAF2212678,0,0,0,0,0,0,0,0,0,0,0,0,0,0,0
KAF2212679,527,480,921,0,2,0,0,0,0,2,0,0,10,30,16
KAF2212680,24,32,16,0,0,0,0,0,0,0,0,0,0,8,0
KAF2212681,557,544,708,2,0,0,2,0,0,2,2,0,10,24,4
KAF2212682,939,826,1447,0,4,0,2,0,0,0,0,2,14,18,4
KAF2212683,798,763,908,0,0,1,0,0,0,8,4,4,38,46,14
KAF2212684,2603,2723,3715,0,0,0,2,0,2,8,6,4,16,40,24
KAF2212685,9882,10402,9545,14,8,10,0,0,0,4,4,0,47,82,66
KAF2212686,98,99,160,0,0,0,0,0,0,0,0,0,0,1,0
KAF2212687,153,136,207,0,0,0,0,0,0,0,0,0,0,2,0
KAF2212688,222,180,323,0,0,0,0,0,0,0,1,0,4,0,0
KAF2212689,109,65,91,0,0,0,0,0,0,0,0,0,2,1,2
KAF2212690,80,62,152,0,2,0,2,0,0,0,0,0,0,0,0
KAF2212691,754,626,1058,4,0,0,0,2,0,14,4,2,45,124,64
KAF2212692,749,712,629,2,0,0,0,0,2,4,10,2,57,112,66
KAF2212693,1889,1762,1971,0,0,2,2,0,0,19,8,2,64,108,55
KAF2212694,597,500,478,0,0,0,0,0,0,3,0,0,18,42,6
KAF2212695,273,268,159,0,0,2,0,0,0,0,0,0,0,7,0
KAF2212696,2635,3116,6871,0,2,2,4,2,2,28,6,14,73,86,55
KAF2212697,2325,2189,1871,0,2,0,2,0,0,6,4,2,48,70,42
KAF2212698,31,24,34,0,0,0,0,0,0,0,0,0,1,1,0
KAF2212699,150,170,114,0,0,0,0,0,0,0,1,0,5,8,0
KAF2212700,2100,2056,2338,0,2,0,4,2,2,37,12,8,58,160,57
KAF2212701,7,10,28,0,0,0,0,0,0,0,0,0,0,3,0
KAF2212702,20,19,32,0,0,0,0,0,0,2,0,0,2,4,0
KAF2212703,617,664,1008,0,0,0,0,0,0,4,0,1,18,12,7
KAF2212704,2698,2327,1574,0,0,2,4,2,0,20,10,4,95,178,111
KAF2212705,14260,12461,9197,4,10,17,12,6,18,134,56,38,553,1207,568
KAF2212706,1084,1127,912,0,0,1,0,0,2,10,5,2,23,74,19
KAF2212707,306,327,626,0,0,0,0,0,0,4,4,2,18,34,14
KAF2212708,6,12,4,0,0,0,0,0,0,0,0,0,0,0,0
KAF2212709,8278,7493,7672,0,4,2,2,2,11,16,10,20,128,271,145
KAF2212710,209,120,190,0,0,0,1,0,0,0,0,0,3,8,3
KAF2212711,422,430,398,0,0,0,1,0,1,0,0,0,6,17,1
KAF2212712,971,795,608,1,0,0,0,0,0,1,2,3,12,22,9
KAF2212713,528,501,639,2,0,0,4,0,0,10,2,0,22,40,26
KAF2212714,10617,9582,10060,6,3,12,4,4,2,24,4,11,85,179,59
KAF2212715,5750,5435,8153,3,0,1,2,7,20,67,14,27,239,508,246
KAF2212716,10895,10100,7915,10,4,4,4,1,16,70,39,32,359,1018,495
KAF2212717,1194,992,1699,0,0,2,2,2,2,29,5,7,96,243,133
KAF2212718,676,584,1095,0,0,0,0,0,0,2,0,0,0,10,4
KAF2212719,2151,2474,5371,0,0,2,0,0,2,29,11,4,84,170,50
KAF2212720,8076,9464,32692,0,0,0,14,6,10,79,22,32,134,217,132
KAF2212721,38,40,107,0,0,0,0,0,0,0,0,0,3,0,6
KAF2212722,334,305,260,2,0,0,0,0,0,6,0,0,7,17,10
KAF2212723,99,106,151,0,0,0,0,0,0,4,2,0,17,37,15
KAF2212724,224,201,319,0,0,0,0,2,2,2,0,0,7,11,14
KAF2212725,1016,1004,761,0,0,0,0,0,0,10,4,2,46,77,40
KAF2212726,1466,1344,1868,0,0,0,6,4,2,26,2,6,70,208,112
KAF2212727,143,128,223,0,0,0,0,0,2,6,1,0,9,10,4
KAF2212728,157,129,164,0,0,0,0,0,2,2,2,0,0,10,5
KAF2212729,481,371,629,0,0,0,0,2,0,3,2,8,15,20,10
KAF2212730,4367,4611,4280,0,0,6,0,0,0,12,0,2,39,94,37
KAF2212731,2042,1915,842,0,0,0,2,0,1,16,2,2,29,54,19
KAF2212732,751,694,597,0,0,3,0,0,0,4,4,6,21,52,22
KAF2212733,37,12,21,0,0,0,0,0,0,0,0,0,0,2,0
KAF2212734,5742,4782,5421,4,3,2,8,4,2,40,8,14,82,150,78
KAF2212735,1230,1131,811,1,2,0,0,0,4,0,0,0,3,18,9
KAF2212736,444,460,348,0,0,0,0,0,0,0,0,0,3,13,9
KAF2212737,6014,5986,1163,2,0,2,2,0,2,24,2,6,4,15,0
KAF2212738,1135,1208,948,0,0,0,3,0,0,3,0,2,16,10,12
KAF2212739,1316,1106,1310,0,2,4,6,0,2,4,0,4,34,103,41
KAF2212740,9587,8675,4215,4,4,0,2,0,2,11,8,17,66,113,58
KAF2212741,4395,3733,4379,2,0,0,4,4,6,62,34,15,197,415,211
KAF2212742,285,282,557,0,0,0,0,0,0,0,0,2,10,18,11
KAF2212743,6348,5256,4040,2,0,2,3,0,6,5,0,6,29,73,20
KAF2212744,23,16,20,0,0,0,2,0,0,0,0,0,0,3,0
KAF2212745,201,179,407,0,0,0,4,0,0,14,2,10,43,71,46
KAF2212746,173,128,317,0,0,0,0,0,0,2,0,4,6,29,9
KAF2212747,563,457,868,0,0,0,6,0,4,14,5,6,74,163,76
KAF2212748,519,428,650,0,0,0,0,0,0,3,0,0,16,39,18
KAF2212749,293,257,266,0,0,2,0,0,0,2,0,0,6,8,6
KAF2212750,72,108,72,0,0,0,0,0,0,26,2,0,9,19,19
KAF2212751,122,140,395,0,0,0,2,0,0,2,2,0,10,22,15
KAF2212752,566,437,283,0,0,0,0,2,4,61,6,14,14,17,25
KAF2212753,464,375,301,0,0,0,0,2,4,36,6,17,75,136,47
KAF2212754,391,336,429,0,0,0,0,0,0,2,6,4,12,46,11
KAF2212755,791,607,509,0,0,0,2,2,6,122,57,47,664,1125,494
KAF2212756,1081,971,627,0,0,0,0,0,0,4,4,2,14,15,5
KAF2212757,170,147,161,0,0,0,0,0,0,0,0,0,3,8,2
KAF2212758,2087,1917,2276,2,0,0,0,0,0,12,5,9,101,173,66
KAF2212759,1278,1251,983,0,0,0,2,0,0,5,6,2,33,80,34
KAF2212760,430,497,487,0,0,0,2,2,1,2,4,2,10,33,10
KAF2212761,342,214,278,0,0,0,0,2,0,2,2,4,4,16,6
KAF2212762,6253,6390,5252,2,0,8,1,2,0,21,4,2,26,71,16
KAF2212763,7509,7572,6853,3,0,2,0,0,0,18,2,8,24,38,34
KAF2212764,4620,4022,4451,5,6,11,1,0,0,30,5,6,41,128,35
KAF2212765,845,992,1586,0,0,0,0,0,2,10,0,0,23,43,15
KAF2212766,3022,2723,851,2,6,0,0,0,0,8,0,0,10,20,8
KAF2212767,23,15,13,0,0,0,0,0,0,0,0,0,0,3,0
KAF2212768,56,58,101,0,0,0,0,0,0,0,0,0,1,2,2
KAF2212769,0,11,11,0,0,0,0,0,0,0,0,0,0,0,0
KAF2212770,2220,1941,1984,2,4,0,6,2,4,18,12,6,42,189,77
KAF2212771,3946,3548,4345,2,0,0,0,0,0,12,8,8,58,102,38
KAF2212772,3626,3334,4339,2,0,2,6,0,6,16,2,2,34,122,52
KAF2212773,666,532,886,0,0,0,0,0,0,17,1,0,24,57,29
KAF2212774,128,95,36,0,0,0,0,0,0,0,0,0,2,0,0
KAF2212775,419,362,388,0,0,0,0,0,0,0,0,0,2,17,10
KAF2212776,78,39,143,0,0,0,0,0,0,0,0,0,2,6,0
KAF2212777,83,60,110,0,0,0,0,0,0,13,8,65,60,18,32
KAF2212778,815,580,1117,0,0,0,0,0,0,9,0,2,13,8,6
KAF2212779,488,407,615,0,0,0,0,2,0,3,0,0,9,10,8
KAF2212780,93,95,86,0,0,0,0,0,0,1,0,0,1,14,4
KAF2212781,413,400,853,0,0,0,0,0,0,4,0,0,2,12,0
KAF2212782,212,123,139,0,0,0,0,2,0,2,0,1,14,16,11
KAF2212783,4374,3548,2033,0,0,2,0,0,0,20,0,2,35,48,22
KAF2212784,117,89,122,0,0,0,0,0,0,2,2,0,3,4,0
KAF2212785,240,208,393,0,0,0,0,0,0,0,0,0,0,10,0
KAF2212786,29,68,73,0,0,0,0,0,0,4,2,1,6,11,0
KAF2212787,2642,2573,3513,0,0,0,0,0,0,1,2,2,4,6,2
KAF2212788,275,257,530,0,0,0,0,0,0,2,0,0,4,9,6
KAF2212789,22974,22180,29323,14,4,8,0,2,0,29,11,20,92,180,56
KAF2212790,450,368,205,0,0,0,4,0,2,0,0,4,2,12,6
KAF2212791,906,779,375,2,0,0,0,0,1,8,0,6,20,43,16
KAF2212792,87,67,94,0,0,0,0,0,0,2,2,0,0,14,6
KAF2212793,36,37,53,0,0,0,0,0,0,2,0,0,3,1,1
KAF2212794,14,13,31,0,0,0,0,0,0,0,0,0,0,2,0
KAF2212795,1338,1120,587,0,0,0,0,0,2,9,0,2,5,23,5
KAF2212796,2077,1490,725,2,0,0,0,0,2,7,3,1,14,32,6
KAF2212797,2374,1743,901,1,0,0,0,0,0,0,2,4,6,20,0
KAF2212798,3258,3020,2641,4,0,2,4,2,4,27,2,4,79,167,61
KAF2212799,27,21,49,0,0,0,0,0,0,0,0,0,4,12,0
KAF2212800,69,86,219,2,0,0,0,0,0,16,0,6,52,65,27
KAF2212801,12,7,26,0,0,0,0,0,2,8,0,8,46,85,36
KAF2212802,32,24,53,0,0,0,0,0,0,0,4,2,22,70,21
KAF2212803,53,36,91,0,0,0,0,0,2,26,4,10,88,136,65
KAF2212804,126,137,358,0,0,0,0,0,2,12,8,0,26,61,26
KAF2212805,67,59,116,0,0,0,0,0,0,2,0,0,17,18,9
KAF2212806,537,535,508,0,0,0,0,0,2,4,0,0,13,18,12
KAF2212807,1498,971,529,0,0,0,0,0,4,38,4,11,121,171,104
KAF2212808,99,107,270,0,0,0,0,0,0,0,0,0,0,0,0
KAF2212809,30,25,136,0,0,0,0,0,0,2,2,2,8,31,12
KAF2212810,147,123,206,0,0,0,0,0,0,4,3,2,11,39,20
KAF2212811,29,31,69,0,0,1,0,0,0,2,0,2,4,4,6
KAF2212812,4,0,4,0,0,0,0,0,0,12,2,6,12,18,28
KAF2212813,33,18,92,0,0,0,0,0,0,4,8,2,50,94,37
KAF2212814,79,71,100,0,0,0,0,0,0,7,4,0,16,24,10
KAF2212815,52,36,65,0,0,2,0,0,0,6,0,0,26,40,14
KAF2212816,3,6,11,0,0,0,0,0,0,0,0,0,1,0,0
KAF2212817,44,52,59,0,0,0,0,0,0,0,0,0,4,2,0
KAF2212818,2294,1958,1957,0,4,2,3,0,2,6,0,2,17,49,28
KAF2212819,2036,1582,5397,2,2,5,0,2,2,18,0,8,30,97,37
KAF2212820,4329,3473,7498,9,2,8,0,0,2,23,6,15,71,119,36
KAF2212821,1291,1051,535,0,0,0,0,0,0,14,0,2,12,18,6
KAF2212822,1548,1196,833,0,0,0,2,0,2,6,0,4,30,42,8
KAF2212823,68,76,45,0,0,0,0,0,0,6,0,0,2,2,10
KAF2212824,165,206,382,0,0,0,0,0,0,2,2,0,10,16,12
KAF2212825,33,43,73,0,0,0,0,0,0,2,0,0,0,7,3
KAF2212826,285,218,181,0,0,0,0,0,4,0,0,4,4,13,8
KAF2212827,729,625,380,0,0,0,0,0,0,0,0,0,2,0,1
KAF2212828,3505,3030,1561,0,1,0,0,0,0,35,14,14,52,34,26
KAF2212829,2487,2274,900,0,1,2,2,0,0,4,0,0,23,51,14
KAF2212830,18,14,20,0,0,0,0,0,0,0,0,0,1,3,0
KAF2212831,4,0,5,0,0,0,0,0,0,0,0,0,0,0,0
KAF2212832,298,303,547,0,0,0,0,0,2,2,0,1,5,11,6
KAF2212833,55,32,57,0,0,0,0,0,0,0,0,0,0,1,0
KAF2212834,30,22,60,0,0,0,0,0,0,0,0,0,0,8,0
KAF2212835,1347,681,56,0,0,12,0,0,0,0,2,0,12,16,0
KAF2212836,360,304,335,2,0,0,0,0,0,5,0,0,8,16,8
KAF2212837,2495,2194,1635,2,0,2,4,0,0,6,0,4,33,81,28
KAF2212838,2784,2418,2854,4,0,0,0,0,0,10,2,0,22,69,10
KAF2212839,1808,1514,1508,2,2,3,0,0,1,21,4,5,25,72,22
KAF2212840,218,174,168,0,0,0,0,0,0,2,3,0,2,33,5
KAF2212841,1049,896,874,1,0,0,2,0,0,2,2,3,11,26,6
KAF2212842,239,191,137,0,0,0,0,0,2,0,0,0,9,12,2
KAF2212843,2295,2123,2494,0,0,2,5,6,0,18,12,10,50,131,50
KAF2212844,254,257,258,0,0,0,0,0,0,1,0,0,1,4,4
KAF2212845,519,499,609,0,0,0,0,0,0,4,0,1,3,24,0
KAF2212846,1441,1295,1557,0,2,0,1,0,0,2,0,0,9,10,6
KAF2212847,7088,7853,8038,0,0,0,0,2,4,6,3,3,37,61,22
KAF2212848,1705,2095,2052,0,0,0,0,0,0,0,0,0,6,16,2
KAF2212849,207,166,205,0,0,0,0,0,0,0,0,0,0,5,0
KAF2212850,253,254,242,0,0,0,0,0,0,1,0,0,2,6,7
KAF2212851,1494,1211,942,0,1,0,2,0,0,14,2,0,50,68,39
KAF2212852,2374,2052,3022,0,0,0,0,2,0,14,4,6,26,42,31
KAF2212853,165,146,182,0,0,0,0,0,0,0,0,0,2,14,4
KAF2212854,103,91,269,0,0,0,0,0,0,2,4,4,6,17,8
KAF2212855,149,151,295,0,0,0,0,0,0,0,0,0,1,6,2
KAF2212856,690,588,1339,0,0,2,4,2,6,54,4,17,4,35,14
KAF2212857,166,136,245,0,0,0,2,0,0,0,0,0,1,10,4
KAF2212858,1607,1509,2210,0,4,0,0,2,3,30,6,2,56,100,41
KAF2212859,485,437,530,0,0,0,0,4,0,4,0,0,4,18,6
KAF2212860,257,230,442,0,0,0,2,0,0,9,2,2,27,28,6
KAF2212861,46,30,58,0,0,0,0,0,0,0,0,0,0,4,0
KAF2212862,126,114,106,0,0,0,0,0,0,1,4,0,2,5,4
KAF2212863,540,541,434,3,0,0,0,0,0,3,2,6,13,27,14
KAF2212864,2280,2309,5023,0,2,8,0,0,0,16,4,6,91,239,75
KAF2212865,86,66,143,0,0,0,2,0,0,0,2,0,5,10,8
KAF2212866,5396,4914,3507,2,0,0,0,0,0,18,2,8,41,86,20
KAF2212867,1267,1409,2558,0,0,2,0,0,0,4,0,4,16,27,10
KAF2212868,1090,920,1275,0,2,0,2,0,2,11,0,4,32,55,20
KAF2212869,493,329,313,0,0,0,0,0,0,0,2,4,6,7,8
KAF2212870,102,73,87,0,0,0,0,0,0,0,0,0,4,4,6
KAF2212871,18457,15860,9368,6,13,10,8,10,7,48,16,22,215,371,106
KAF2212872,36121,30068,14447,29,21,30,9,7,8,125,29,87,407,706,324
KAF2212873,429,368,290,0,0,2,0,0,0,3,2,2,36,27,16
KAF2212874,383,333,389,0,0,2,0,2,0,1,2,2,12,21,15
KAF2212875,329,280,370,0,0,0,0,0,0,2,0,0,2,7,1
KAF2212876,614,686,549,0,0,0,0,0,0,0,0,0,3,16,10
KAF2212877,6278,5800,2092,0,0,2,2,0,0,3,1,6,25,31,18
KAF2212878,221,173,81,0,0,0,0,0,0,0,0,0,0,3,0
KAF2212879,68,51,73,0,0,0,0,0,0,0,0,2,0,0,0
KAF2212880,932,926,926,2,0,0,0,2,0,4,2,2,18,28,15
KAF2212881,349,353,439,0,0,2,0,2,4,4,4,2,32,71,16
KAF2212882,252,189,366,0,0,0,0,2,0,6,2,1,10,23,21
KAF2212883,1122,942,784,0,0,0,0,0,0,6,0,0,32,60,14
KAF2212884,2679,2664,3915,0,0,0,0,0,0,8,2,3,17,22,5
KAF2212885,3004,2994,3538,0,0,0,2,2,2,30,8,22,82,95,74
KAF2212886,3184,2852,3382,1,8,2,0,0,0,4,0,2,15,30,14
KAF2212887,75,80,93,0,0,0,0,0,0,0,0,0,2,4,4
KAF2212888,4325,3981,4598,16,6,2,0,1,0,25,8,6,73,134,34
KAF2212889,3062,3057,2893,4,0,0,0,0,0,0,0,0,10,16,9
KAF2212890,3540,3168,3974,2,4,1,2,2,0,30,10,11,89,190,68
KAF2212891,35,16,4,0,0,0,0,0,0,0,0,0,0,0,0
KAF2212892,38,42,21,0,0,0,0,0,0,0,0,0,0,0,0
KAF2212893,209,325,478,0,0,0,0,0,0,2,0,0,10,37,28
KAF2212894,4790,4242,2200,8,0,2,1,2,4,14,2,3,46,81,33
KAF2212895,114,90,118,0,0,0,0,0,0,2,0,3,5,19,4
KAF2212896,1563,1355,1399,2,0,4,0,1,0,4,10,4,35,92,29
KAF2212897,197,151,202,0,2,0,0,0,0,0,0,0,10,7,0
KAF2212898,1170,1027,534,2,2,2,0,0,0,10,0,2,10,26,10
KAF2212899,19,30,52,0,0,0,0,0,0,0,0,0,0,0,0
KAF2212900,97939,103699,91774,11,8,15,9,10,8,59,7,20,182,281,97
KAF2212901,9,9,34,0,0,0,0,0,0,0,0,0,2,0,2
KAF2212902,5086,4691,4998,6,4,2,2,0,2,14,3,8,25,59,28
KAF2212903,915,923,1614,0,0,0,0,3,4,4,2,6,38,71,51
KAF2212904,1116,1151,1955,0,2,0,0,0,4,18,4,8,50,147,87
KAF2212905,403,381,374,0,0,0,0,0,0,9,0,2,6,24,12
KAF2212906,471,361,304,0,0,0,0,0,0,5,1,2,8,21,7
KAF2212907,1101,837,1187,0,0,0,0,2,0,5,2,6,29,107,36
KAF2212908,106,113,165,0,0,0,0,0,0,2,0,0,6,17,7
KAF2212909,58,39,24,0,0,0,0,0,0,0,0,0,0,2,0
KAF2212910,2891,2765,2021,2,0,0,0,0,0,4,0,6,23,27,15
KAF2212911,238,212,293,0,0,0,0,0,0,0,0,2,7,11,8
KAF2212912,330,287,243,0,0,0,0,0,2,0,0,0,6,3,2
KAF2212913,675,782,1135,0,0,0,0,2,0,2,6,0,4,4,0
KAF2212914,6,4,16,0,0,0,0,0,0,0,0,0,0,1,0
EFT00053797967,0,0,0,0,0,0,0,0,0,0,0,0,0,0,0
KAF2212915,17074,18104,7979,0,0,0,0,0,0,11,4,4,30,64,26
KAF2212916,19379,18651,11429,0,4,6,2,0,6,32,4,10,47,57,46
KAF2212917,487,391,474,0,0,1,1,0,0,3,0,0,14,24,6
KAF2212918,326,282,450,0,0,0,0,0,0,0,0,4,4,6,0
KAF2212919,3358,3599,7330,0,0,2,10,0,3,32,6,9,34,77,27
KAF2212920,1697,1569,2603,0,0,2,0,2,2,11,0,2,31,46,16
KAF2212921,1818,1742,2600,0,0,0,0,0,0,14,0,4,13,27,11
KAF2212922,429,360,533,0,0,0,1,0,0,4,2,0,5,10,4
KAF2212923,22,33,53,0,0,0,0,2,0,0,0,0,1,0,0
KAF2212924,184,139,208,0,0,0,0,0,0,0,0,0,12,8,7
KAF2212925,270,306,640,0,1,0,0,0,2,14,6,0,34,65,29
KAF2212926,1510,1667,1916,0,0,2,0,0,2,2,0,2,10,13,4
KAF2212927,1271,1173,1664,0,0,1,7,0,2,39,5,34,136,156,55
KAF2212928,1188,1014,1469,2,0,1,3,0,2,2,3,2,45,63,16
KAF2212929,141,174,259,2,0,0,2,0,0,4,0,0,14,17,9
KAF2212930,1980,1919,3133,0,0,0,0,0,0,5,8,4,35,60,38
KAF2212931,960,799,1149,0,0,2,2,0,0,2,2,4,48,39,14
KAF2212932,6008,5339,3642,6,0,7,4,2,0,16,4,10,54,126,100
KAF2212933,204,140,127,0,0,0,0,2,0,5,3,0,7,41,15
KAF2212934,725,709,906,0,0,0,0,0,0,21,4,6,32,51,10
KAF2212935,3342,3044,1737,3,0,2,0,0,0,12,6,0,56,111,44
KAF2212936,4885,4463,3193,2,0,1,12,0,6,18,0,4,36,59,29
KAF2212937,2095,1792,1526,0,0,0,6,0,2,4,1,0,13,27,17
KAF2212140,1103,982,819,0,0,2,0,0,0,22,2,2,35,58,28
KAF2212141,66,72,40,0,0,0,0,0,0,0,0,0,0,4,1
KAF2212142,3991,3785,7762,0,0,4,0,0,0,0,0,0,4,3,6
KAF2212143,124,87,73,0,0,0,0,0,0,0,0,0,0,2,0
KAF2212144,876,779,365,0,0,2,0,0,0,0,0,0,0,0,0
KAF2212145,18074,15885,8985,1,2,6,2,0,4,19,3,12,38,75,34
KAF2212146,410,307,264,0,0,0,0,0,0,0,1,0,2,2,1
KAF2212147,49686,43523,50693,4,3,4,22,10,12,104,19,40,149,344,137
KAF2212148,778,751,1151,0,0,0,0,0,0,12,0,0,65,141,49
KAF2212149,4588,5911,29091,0,0,0,10,4,4,93,18,6,110,174,120
KAF2212150,661,687,1341,0,0,0,2,4,0,4,0,0,10,20,6
KAF2212151,58,55,95,2,0,0,0,0,0,0,0,0,4,4,2
KAF2212152,4151,4106,5993,8,8,6,12,4,2,62,26,30,211,440,191
KAF2212153,760,617,670,4,7,2,5,4,1,40,20,20,135,242,112
KAF2212154,2245,1899,1817,0,0,0,0,0,0,0,0,3,21,22,12
KAF2212155,379,347,565,0,0,0,2,0,0,3,1,1,15,61,28
KAF2212156,179,165,310,2,0,0,0,0,0,2,0,0,9,12,13
KAF2212157,3988,4546,6808,0,0,0,0,0,4,24,2,4,27,94,45
KAF2212158,10009,10012,10182,5,5,4,1,0,2,21,4,12,59,168,38
KAF2212159,163,201,241,0,0,0,0,2,0,4,0,0,1,4,6
KAF2212160,8,0,8,0,0,0,0,0,0,0,0,0,0,0,0
EFT00053797968,0,2,0,0,0,0,0,0,0,0,0,0,0,0,0
KAF2212161,26,34,8,0,0,0,0,0,0,0,0,0,0,0,0
KAF2212162,19,14,10,0,0,0,0,0,0,0,0,0,0,6,0
KAF2212163,85,30,31,0,0,0,0,0,0,3,0,0,2,2,0
KAF2212164,42,40,64,0,0,0,0,0,0,2,0,0,0,2,0
KAF2212165,1951,2353,4120,2,0,0,0,0,2,14,4,2,36,73,23
KAF2212166,2185,2583,3800,0,0,2,0,0,2,4,4,0,25,60,36
KAF2212167,2505,2042,699,0,2,2,1,0,2,11,0,2,9,32,4
KAF2212168,31,19,40,0,0,0,0,0,0,2,0,0,0,2,0
KAF2212169,49,35,61,0,0,0,0,0,2,0,0,0,0,10,0
KAF2212170,770,709,848,0,0,0,0,0,0,6,2,0,10,22,16
KAF2212171,518,676,723,0,0,0,0,0,0,4,0,0,7,6,6
KAF2212172,10512,12689,26627,0,0,0,30,11,13,197,41,64,205,405,226
KAF2212173,2226,2404,3420,0,0,0,0,0,0,11,0,10,13,27,22
KAF2212174,1361,1315,1774,2,0,0,0,0,0,2,0,0,28,26,13
KAF2212175,548,523,1119,0,0,0,0,0,0,4,0,0,6,14,12
KAF2212176,8155,7400,4963,0,0,2,6,6,0,18,2,6,53,85,40
KAF2212177,6933,6192,2365,1,2,0,0,0,0,1,3,0,10,33,28
KAF2212178,8863,8030,4671,0,0,0,0,0,0,3,0,0,7,17,14
KAF2212179,4699,3308,2446,17,4,12,4,2,9,58,15,0,105,363,123
KAF2212180,4234,3517,1572,2,0,0,0,4,4,4,2,2,52,72,22
KAF2212181,229,172,163,0,0,0,0,0,0,2,0,4,5,10,8
KAF2212182,175,197,225,0,0,0,0,0,0,2,0,0,7,8,6
KAF2212183,208,174,344,0,2,0,2,0,0,2,0,2,14,10,23
KAF2212184,2989,2767,3543,0,0,0,0,2,0,28,8,8,59,135,39
KAF2212185,938,925,186,0,0,0,0,0,0,24,11,14,66,128,82
KAF2212186,202,211,229,0,0,0,0,0,0,6,0,0,8,16,2
KAF2212187,2209,2185,396,0,0,0,0,0,2,48,12,30,190,425,228
KAF2212188,2310,2629,1614,0,0,0,0,0,2,47,11,8,157,263,97
KAF2212189,4148,3407,2374,0,0,0,6,2,8,18,5,4,31,60,32
KAF2212190,583,468,399,0,0,2,0,2,0,9,8,1,31,51,41
KAF2212191,5692,7510,16490,1,0,0,5,5,8,88,16,43,39,78,34
KAF2212192,181,148,153,0,0,0,0,0,0,8,3,7,8,16,8
KAF2212193,13139,12681,7491,2,2,3,5,6,0,16,16,7,81,115,57
KAF2212194,11,25,26,0,0,0,0,0,0,1,0,0,0,0,2
KAF2212195,1755,1754,3060,0,0,0,4,0,2,12,4,8,48,61,29
KAF2212196,3440,3509,5166,0,0,2,0,0,0,4,2,8,31,36,10
KAF2212197,0,3,3,0,0,0,0,0,0,0,0,0,0,3,0
KAF2212198,1096,1218,1775,0,0,0,0,0,0,7,0,0,6,14,3
KAF2212199,539,439,431,0,0,0,0,0,2,0,4,0,11,22,12
KAF2212200,104,101,97,0,0,0,0,0,0,0,0,0,4,0,0
KAF2212201,1755,1497,850,4,2,0,0,0,0,4,0,4,26,62,20
KAF2212202,128,145,217,0,0,0,0,0,0,2,1,4,8,10,6
KAF2212203,756,750,915,0,0,0,0,4,0,0,0,0,9,14,6
KAF2212204,531,529,1035,0,0,0,0,2,0,2,0,0,12,10,1
KAF2212205,1242,1122,1904,0,0,0,0,0,0,6,1,4,15,28,7
KAF2212206,875,786,1962,0,0,0,4,4,8,32,2,4,48,103,28
KAF2212207,3937,3691,8807,0,2,2,27,12,14,99,7,8,258,539,259
KAF2212208,534,526,1072,0,0,0,0,0,2,14,2,2,22,54,35
KAF2212209,2361,2244,3772,0,4,0,10,2,8,72,4,10,110,355,130
KAF2212210,3007,2636,2802,0,0,3,2,0,2,9,0,0,74,118,41
KAF2212211,3923,4245,13208,0,0,0,26,8,0,26,10,10,46,79,25
KAF2212212,295,293,191,0,0,0,0,0,0,0,0,0,8,21,13
KAF2212213,300,267,235,0,0,0,0,0,0,0,0,2,0,2,0
KAF2212214,267,258,171,0,0,0,0,0,0,1,0,2,4,8,8
KAF2212215,2275,1896,1762,5,0,1,0,1,2,17,8,4,53,132,75
KAF2212216,1009,856,1411,2,0,2,2,4,2,2,5,2,8,26,2
KAF2212217,4857,5704,8064,2,0,0,4,6,0,43,14,14,16,42,14
KAF2212218,408,318,222,0,0,0,0,0,0,0,0,0,2,4,6
KAF2212219,158,276,476,0,0,0,0,0,0,0,2,0,2,18,2
KAF2212220,137,89,183,0,0,0,0,0,0,0,0,0,6,16,4
KAF2212221,54,54,70,0,0,0,0,0,0,0,0,0,0,1,0
KAF2212222,1811,1655,2751,2,0,0,2,0,2,6,0,14,49,94,48
KAF2212223,193,108,289,0,0,0,0,0,0,10,0,0,23,54,19
KAF2212224,2,4,0,0,0,0,0,0,0,0,0,0,0,0,0
KAF2212225,2223,1779,3001,0,0,0,0,0,0,10,0,6,28,48,22
KAF2212226,2449,2021,1618,0,2,0,0,0,0,13,8,2,50,78,28
KAF2212227,13,14,12,0,0,0,0,0,0,0,0,0,0,4,0
KAF2212228,655,584,510,0,0,0,4,0,0,2,0,4,16,27,6
KAF2212229,44,38,68,0,0,0,0,0,0,0,0,0,8,13,2
KAF2212230,685,646,696,0,2,0,0,0,0,14,2,0,6,28,8
KAF2212231,2947,2597,1964,0,0,0,2,0,3,10,0,0,24,63,15
KAF2212232,2284,2518,739,0,0,2,0,0,0,0,2,2,4,8,2
KAF2212233,8355,6772,2637,2,3,1,0,0,2,2,1,1,36,50,42
KAF2212234,2191,2039,2087,0,0,0,0,0,2,8,4,2,41,50,23
KAF2212235,184,165,295,0,0,0,0,0,0,6,0,0,13,28,15
KAF2212236,1231,1096,865,0,0,1,0,0,0,17,0,2,18,40,9
KAF2212237,1623,1441,1084,0,0,0,0,0,0,0,2,0,6,32,12
KAF2212238,665,586,1218,0,0,0,0,0,0,15,2,6,26,64,31
KAF2212239,1636,1290,781,0,0,1,0,0,0,7,0,0,26,25,11
KAF2212240,37,26,50,0,0,0,0,0,0,2,0,0,4,3,2
KAF2212241,4603,4026,3311,0,0,2,2,2,0,37,8,10,42,124,53
KAF2212242,390,464,583,0,0,0,0,0,0,2,0,0,4,0,4
KAF2212243,258,346,2172,0,0,0,0,0,0,4,0,1,6,19,13
KAF2212244,181,292,854,0,0,0,2,0,4,19,2,0,35,53,22
KAF2212245,2106,2040,2352,4,2,0,0,4,2,14,8,14,71,145,43
KAF2212246,40,27,49,0,0,0,0,0,0,0,2,0,2,8,2
KAF2212247,101,66,103,0,0,0,0,0,0,0,0,0,2,16,2
KAF2212248,1800,2266,4220,0,0,0,2,0,4,40,24,16,126,199,76
KAF2212249,54,68,87,0,0,0,0,0,0,0,0,0,7,14,2
KAF2212250,316,298,374,1,0,0,0,0,0,4,2,2,20,23,20
KAF2212251,15,29,39,0,0,0,1,0,0,2,1,0,0,2,0
KAF2212252,68,53,101,0,0,0,0,0,0,0,0,2,0,4,0
KAF2212253,3368,3236,4235,0,0,2,0,0,0,6,0,0,3,20,7
KAF2212254,932,1000,1957,0,0,0,0,0,0,8,2,1,0,12,1
KAF2212255,984,893,1354,0,2,0,0,0,0,6,4,5,31,68,31
KAF2212256,1313,1517,3551,0,0,0,0,0,4,12,0,2,33,41,28
KAF2212257,1333,1153,1600,2,0,0,8,1,0,8,2,8,36,105,20
KAF2212258,5327,4923,16415,9,11,16,32,16,16,104,44,58,344,790,213
KAF2212259,360,320,378,0,0,0,0,0,0,0,1,0,9,14,8
KAF2212260,2228,1477,2958,0,0,0,1,0,0,5,4,0,8,24,2
KAF2212261,36,32,66,0,0,0,0,0,0,2,0,0,2,4,0
KAF2212262,829,707,1137,0,0,0,0,0,2,6,0,8,15,16,12
KAF2212263,50,75,136,0,0,0,0,0,0,1,0,0,3,3,1
KAF2212264,5,7,21,0,0,0,0,0,0,0,0,0,0,1,1
KAF2212265,950,877,1306,0,0,0,0,0,0,2,0,0,12,24,13
KAF2212266,6565,5924,9358,5,3,5,0,2,2,39,8,11,102,152,37
KAF2212267,317,338,593,0,0,0,2,0,2,0,1,1,12,35,19
KAF2212268,337,340,816,0,0,0,0,0,0,0,0,0,4,14,4
KAF2212269,799,835,1023,0,2,0,2,0,2,2,0,6,35,68,38
KAF2212270,505,449,636,2,0,0,0,0,3,5,2,2,32,49,20
KAF2212271,236,164,296,2,0,0,0,0,0,3,0,1,6,12,3
KAF2212272,3368,3884,6889,0,0,4,0,0,0,2,0,2,11,11,4
KAF2212273,5471,6719,8066,2,2,1,0,0,0,0,0,2,7,18,6
KAF2212274,1719,1699,1423,0,1,0,0,0,0,3,0,3,5,34,8
KAF2212275,11405,10925,9497,4,4,6,8,0,10,10,8,4,70,123,53
KAF2212276,3819,3485,3782,2,2,0,6,2,4,26,9,10,63,172,90
KAF2212277,5019,4476,3062,4,6,2,2,2,10,20,14,6,116,249,70
KAF2212278,3888,3580,1318,1,2,0,2,0,0,20,4,4,24,34,26
KAF2212279,76,48,60,0,0,0,0,2,0,0,0,0,0,0,0
KAF2212280,215,182,190,0,0,0,0,0,0,2,0,0,1,4,2
KAF2212281,39,35,25,0,0,0,0,0,0,0,0,0,2,1,0
KAF2212282,205472,196199,143871,121,80,110,163,87,92,357,70,69,1351,2790,1255
KAF2212283,714,672,949,1,0,0,2,0,4,20,2,2,28,61,24
KAF2212284,3200,3466,4519,4,6,2,8,4,0,28,10,10,67,142,83
KAF2212285,2113,2118,3760,0,2,2,2,0,2,18,2,4,39,72,28
KAF2212286,29,60,77,0,0,0,0,0,0,0,0,0,4,0,0
KAF2212287,787,708,779,0,0,0,0,4,0,4,0,2,14,39,31
KAF2212288,7086,6354,12310,12,10,11,0,4,2,18,16,9,127,271,119
KAF2212289,128350,119985,24023,23,8,22,16,6,22,101,25,32,193,293,184
KAF2212290,971,1005,1836,0,0,0,0,0,0,2,0,3,12,12,7
KAF2212291,2274,1988,1120,0,0,0,0,0,0,19,6,12,20,29,13
KAF2212292,4195,4592,7860,0,0,0,0,0,0,2,2,4,10,8,12
KAF2212293,122,128,303,0,0,0,2,0,0,2,0,2,6,21,17
KAF2212294,500,438,884,0,2,0,0,0,3,8,2,4,16,20,16
KAF2212295,18009,16279,5420,0,4,2,4,4,2,27,14,14,72,116,51
KAF2212296,614,574,181,0,0,0,0,0,2,0,0,0,1,2,0
KAF2212297,1845,2101,1884,1,1,0,3,0,3,9,5,2,30,97,31
KAF2212298,554,450,336,2,0,0,0,0,2,2,2,1,12,31,21
KAF2212299,1308,939,766,0,0,0,2,0,2,0,6,8,45,73,56
KAF2212300,786,811,615,0,0,0,2,0,4,2,0,2,14,50,10
KAF2212301,411,442,677,2,2,0,0,4,8,38,15,2,116,267,78
KAF2212302,1323,974,1042,0,0,0,2,0,0,2,0,8,24,51,22
KAF2212303,3225,2800,2615,2,0,2,2,0,2,25,6,8,87,181,74
KAF2212304,237,259,201,0,0,0,0,0,0,4,2,0,4,10,6
KAF2212305,1135,1073,619,0,2,0,0,2,0,14,4,2,11,61,29
KAF2212306,2167,1728,1299,2,2,0,2,0,2,10,3,2,44,61,33
KAF2212307,3241,2651,3151,0,2,4,0,0,0,20,3,10,62,138,60
KAF2212308,26,27,47,0,0,0,0,0,0,0,0,0,2,0,0
KAF2212309,1319,1702,4373,0,0,0,4,0,2,3,2,4,53,149,64
KAF2212310,320,374,459,0,0,0,0,0,0,5,0,2,12,23,18
KAF2212311,172,150,78,0,0,0,0,0,0,26,26,8,70,98,63
KAF2212312,96,87,125,0,0,0,2,0,0,10,1,2,16,25,7
KAF2212313,73,58,121,0,0,0,0,0,2,10,0,7,18,20,18
KAF2212314,16601,15330,11040,6,6,2,17,18,16,155,60,60,643,1713,667
KAF2212315,5287,4493,1901,2,0,2,2,2,0,10,6,14,83,177,101
KAF2212316,636,379,271,0,2,0,0,2,1,27,10,11,53,82,15
KAF2212317,2066,1682,1390,0,0,2,0,0,0,4,0,4,15,20,12
KAF2212318,3678,3087,3007,0,2,0,1,2,2,33,6,10,50,75,40
KAF2212319,130,113,188,0,0,0,0,0,0,0,0,2,0,5,4
KAF2212320,745,599,1385,0,0,0,0,0,4,12,6,0,39,87,20
KAF2212321,97,100,177,0,0,0,0,0,0,0,2,0,2,19,2
KAF2212322,1738,1556,600,1,0,4,0,0,0,6,0,1,11,39,18
KAF2212323,53,55,96,0,0,0,0,0,0,0,0,0,0,0,0
KAF2212324,1630,1428,2493,0,0,0,0,0,4,8,0,6,32,82,20
KAF2212325,82,52,82,0,0,0,0,0,0,0,0,0,0,2,4
KAF2212326,311,198,217,0,0,0,0,0,0,4,0,0,5,12,0
KAF2212327,13550,12044,7244,0,0,4,4,0,6,33,0,22,64,113,55
KAF2212328,152,99,39,0,0,0,0,0,0,0,0,0,0,0,0
KAF2212329,20,17,35,0,0,0,0,0,0,0,0,0,2,0,0
KAF2212330,26,27,113,0,0,0,0,0,0,2,0,0,2,2,0
KAF2212331,27,7,25,0,0,0,0,0,0,0,0,0,0,2,0
KAF2212332,1382,1289,2079,0,2,0,2,2,2,3,0,0,13,32,6
KAF2212333,1757,1601,2586,0,0,0,3,0,0,1,0,2,21,37,4
KAF2212334,389,319,452,2,0,0,0,0,0,5,2,6,34,55,24
KAF2212335,7859,10022,16627,0,0,0,13,8,14,126,56,26,246,582,265
KAF2212336,568,569,1605,0,0,0,0,0,2,22,8,5,45,132,46
KAF2212337,852,775,1391,0,2,0,0,2,2,28,4,12,43,106,44
KAF2212338,1922,2017,3545,0,0,0,0,2,2,20,4,8,34,102,39
KAF2212339,4,0,0,0,0,0,0,0,0,0,0,0,0,0,0
KAF2212340,890,1227,3696,0,0,0,0,0,0,2,0,2,6,22,7
KAF2212341,1391,1314,1214,0,0,0,2,0,0,8,0,6,2,30,12
KAF2212342,266,213,316,0,0,0,0,0,2,2,0,2,5,4,2
KAF2212343,422,436,513,0,0,0,0,0,2,16,2,6,10,29,25
KAF2212344,182,139,185,0,0,0,0,0,0,2,0,0,15,7,1
KAF2212345,123,118,242,0,0,0,2,2,0,2,1,4,9,34,23
KAF2212346,610,525,845,0,0,0,4,2,0,2,0,2,17,38,8
KAF2212347,5412,5319,5304,0,0,4,2,4,0,20,14,10,113,223,106
KAF2212348,2798,2578,4194,2,0,0,2,2,18,39,14,30,140,217,107
KAF2212349,553,534,965,0,0,0,2,4,0,0,2,0,28,81,45
KAF2212350,792,787,955,0,0,0,0,0,0,2,0,1,13,12,13
KAF2212351,2224,2014,1902,6,0,0,0,0,2,11,2,4,17,49,21
KAF2212352,86,97,179,0,0,0,0,0,0,4,4,2,9,33,11
KAF2212353,462,503,568,0,0,0,0,0,2,11,6,4,19,60,16
KAF2212354,386,429,773,0,0,0,0,0,0,8,2,0,10,24,12
KAF2212355,28,16,41,0,0,0,0,0,0,0,0,0,2,2,0
KAF2212356,26,20,21,0,0,0,0,0,0,0,0,0,8,26,4
KAF2212357,3067,2690,790,0,0,6,0,0,6,2,0,2,23,63,25
KAF2212358,259,239,211,0,0,0,0,0,2,6,0,0,0,8,4
KAF2212359,1840,2166,1176,0,0,0,0,0,4,10,2,0,11,59,36
KAF2212360,1275,1100,620,2,0,0,0,2,4,15,4,5,59,75,38
KAF2212361,482,493,591,0,0,0,4,0,0,8,2,0,26,70,18
KAF2212362,2071,1702,1165,0,0,0,0,2,0,2,0,2,28,34,39
KAF2212363,7434,6539,2891,2,2,0,4,0,0,6,6,10,36,79,51
KAF2212364,44,38,43,0,0,0,0,0,0,0,1,0,0,4,6
KAF2212365,1784,1845,6173,2,0,2,10,2,6,50,14,16,59,147,66
KAF2212366,336,310,566,0,0,0,0,0,0,12,0,0,16,32,13
KAF2212367,129,113,203,0,0,0,0,0,0,0,4,0,10,12,7
KAF2212368,252,426,647,0,0,0,0,0,0,0,2,0,8,31,18
KAF2212369,4700,4709,2929,2,1,2,2,0,2,10,2,4,59,69,40
KAF2212370,3054,2639,1730,1,0,0,1,4,0,26,0,6,43,90,19
KAF2212371,3839,3683,1502,0,0,0,2,0,5,6,0,0,15,32,2
KAF2212372,96,103,166,0,0,0,0,0,0,0,4,2,6,7,2
KAF2212373,6390,6245,6258,4,2,2,1,4,4,40,14,12,100,240,115
KAF2212374,716,946,611,0,0,0,0,0,1,0,1,0,6,21,6
KAF2212375,827,804,1367,0,0,0,2,1,1,31,8,14,101,184,116
KAF2212376,12,30,45,0,0,0,0,0,0,6,0,2,0,5,6
KAF2212377,994,893,1148,0,0,0,0,0,2,6,2,6,14,36,26
KAF2212378,7269,5938,3634,0,0,2,2,0,2,8,6,4,65,85,28
KAF2212379,13,15,12,0,0,0,0,0,0,2,0,0,1,0,2
KAF2212380,2926,2261,2544,0,0,0,0,0,0,16,5,8,36,68,23
KAF2212381,11140,9841,10335,8,6,10,2,0,9,60,27,23,174,289,142
KAF2212382,5042,4671,3154,0,2,0,0,0,0,19,2,5,29,101,47
KAF2212383,32128,28178,22931,3,5,11,0,2,2,11,13,5,83,122,68
KAF2212384,12112,11039,9823,0,4,8,0,4,1,27,14,10,44,109,39
KAF2212385,2815,2267,1832,0,0,0,2,2,0,10,2,4,39,65,20
KAF2212386,31817,29618,20839,12,8,23,15,10,13,127,70,38,672,1705,846
KAF2212387,139,166,175,0,0,0,0,0,0,2,0,0,4,4,4
KAF2212388,1302,1484,3093,0,0,0,2,0,0,18,12,2,67,206,81
KAF2212389,1363,1114,1000,1,0,6,2,2,0,7,4,8,24,37,30
KAF2212390,8756,6993,3856,0,2,0,0,0,0,11,8,0,19,67,34
KAF2212391,362,279,330,0,0,0,2,0,0,5,0,0,22,49,35
KAF2212392,74,63,107,0,0,0,4,2,0,2,0,2,5,9,0
KAF2212393,710,677,936,0,2,0,0,0,0,0,3,3,15,27,6
KAF2212394,111,140,200,0,0,0,0,0,0,0,0,0,6,2,2
KAF2212395,384,440,732,0,0,0,0,0,0,0,0,0,23,19,20
KAF2212396,5190,4760,3410,0,2,2,4,4,3,19,6,6,33,76,29
KAF2212397,1516,1350,1090,1,0,6,0,0,1,7,2,4,25,83,32
KAF2212398,0,0,0,0,0,0,0,0,0,0,0,0,0,0,0
KAF2212399,580,564,664,0,0,0,0,0,2,0,0,0,2,2,2
KAF2212400,3403,2734,2428,4,4,4,0,0,1,8,4,5,43,61,29
KAF2212401,7980,6689,6124,4,3,4,4,2,4,28,10,4,115,172,55
KAF2212402,688,547,686,0,0,2,0,0,0,21,2,6,32,71,14
KAF2212403,71,47,232,0,0,0,0,0,0,0,0,0,0,4,2
KAF2212404,1227,1249,2976,0,0,0,0,0,0,12,6,6,29,65,26
KAF2212405,2255,1972,1757,0,0,2,0,2,2,19,6,6,60,88,53
KAF2212406,725,721,1240,0,1,0,2,0,2,13,6,3,23,58,16
KAF2212407,963,1083,2006,0,0,0,1,0,0,12,4,0,24,36,9
KAF2212408,313,393,546,0,0,0,2,0,1,4,0,0,2,11,5
KAF2212409,310,337,460,0,0,0,2,0,0,13,2,1,14,27,15
KAF2212410,2342,1923,1924,0,2,2,0,2,0,11,6,5,38,89,62
KAF2212411,126,143,171,0,0,0,0,0,1,10,0,2,8,17,17
KAF2212412,1075,1048,1100,2,0,0,2,2,2,26,8,12,97,189,114
KAF2212413,50,72,114,0,0,0,0,0,0,0,0,0,0,2,2
KAF2212414,474,479,729,0,0,0,0,0,0,0,0,2,15,38,8
KAF2212415,134623,121021,94309,64,47,72,32,16,66,367,113,130,1530,3452,1374
KAF2212416,86,109,302,0,0,0,0,0,0,4,0,0,4,11,14
KAF2212417,992,804,906,0,0,2,2,0,2,0,4,4,12,19,17
KAF2212418,0,6,2,0,0,0,0,0,0,0,0,0,0,2,1
KAF2212419,10351,9277,7813,4,4,0,8,6,2,2,2,0,28,67,34
KAF2212420,1535,1190,1356,0,2,0,7,2,2,14,4,7,54,89,51
KAF2212421,193,275,555,2,0,0,2,0,0,2,4,0,4,16,1
KAF2212422,1339,1138,1347,0,0,0,0,0,0,6,2,0,35,23,10
KAF2212423,47,74,85,0,0,0,0,0,0,0,0,0,10,0,8
KAF2212424,7,2,25,0,0,0,0,0,0,0,0,0,0,0,0
KAF2212425,270,233,384,0,0,0,0,0,0,5,3,0,4,11,4
KAF2212426,5521,4847,4629,0,5,4,10,7,8,59,23,32,328,614,320
KAF2212427,98,56,175,0,0,0,0,0,0,15,0,12,19,50,14
KAF2212428,27760,25966,24111,2,2,8,2,0,0,15,2,10,65,132,49
KAF2212429,7573,5959,3722,0,0,4,0,2,4,17,6,8,42,120,44
KAF2212430,3323,2968,2657,0,0,4,2,0,0,9,0,12,67,153,56
KAF2212431,17320,14925,9852,4,9,4,12,10,31,153,74,60,586,1484,616
KAF2212432,44,35,35,0,0,0,0,0,0,0,0,0,0,7,0
KAF2212433,4765,4782,6052,0,0,0,2,2,2,20,7,14,54,91,24
KAF2212434,2,4,8,0,0,0,0,0,0,0,0,0,0,0,0
KAF2212435,14,12,6,0,0,0,0,0,0,6,0,0,2,0,0
KAF2212436,7598,6833,4085,5,4,2,4,0,6,19,6,12,32,92,27
KAF2212437,376,325,389,0,0,0,0,0,0,5,0,0,4,7,3
KAF2212438,3366,3077,3341,2,0,4,0,0,0,5,0,7,21,39,10
KAF2212439,98,112,226,0,0,0,0,0,0,2,0,1,2,0,1
KAF2212440,927,920,1058,0,0,0,2,0,4,11,2,2,15,53,33
KAF2212441,2996,3067,3437,0,0,0,4,0,1,20,4,5,49,99,40
KAF2212442,84,94,128,0,0,0,0,0,0,0,0,0,0,6,1
KAF2212443,184,180,139,0,0,0,1,0,0,0,0,0,3,3,1
KAF2212444,290,239,236,0,0,2,1,0,0,0,0,2,15,24,18
KAF2212445,891,819,1308,0,0,0,0,6,2,22,8,2,105,248,73
KAF2212446,19,19,20,0,0,0,0,0,0,0,0,0,0,0,0
KAF2212448,0,0,0,0,0,0,0,0,0,0,0,0,0,0,0
KAF2212447,412,438,599,0,0,0,0,0,4,7,2,5,17,19,14
KAF2212449,723,635,716,0,0,0,0,0,0,0,4,0,10,16,8
KAF2212450,168,192,240,0,0,0,0,0,0,2,0,0,0,6,2
KAF2212451,73,86,133,0,0,0,8,0,2,6,0,8,18,12,12
KAF2212452,558,497,818,0,0,0,0,0,0,6,0,3,8,18,8
KAF2212453,12347,11257,7243,6,2,0,2,4,6,38,5,10,57,127,65
KAF2212454,1274,1161,1287,0,0,0,0,4,0,9,4,6,60,104,52
KAF2212455,1082,969,1476,0,0,0,2,0,0,8,0,2,13,26,6
KAF2212456,110,121,183,0,0,0,0,0,0,0,0,0,0,2,6
KAF2212457,291,227,439,2,0,0,0,0,2,4,0,6,16,16,8
KAF2212458,3661,3535,5461,0,2,7,2,1,2,12,9,6,83,215,73
KAF2212459,15044,13555,11029,4,4,8,17,8,22,141,49,53,616,1520,695
KAF2212460,2740,2196,1919,2,0,0,3,0,0,10,0,6,24,67,25
KAF2212461,327,255,258,0,0,0,0,0,0,6,2,2,0,10,2
KAF2212462,1859,1742,1890,2,0,4,0,2,2,28,6,0,71,91,40
KAF2212463,823,824,1245,0,0,0,0,0,0,4,4,4,12,29,18
KAF2212464,552,494,564,0,0,0,0,0,0,10,0,0,28,62,27
KAF2212465,779,727,553,0,0,0,0,2,1,35,7,21,120,202,95
KAF2212466,201514,199088,110363,14,10,11,2,4,2,14,0,11,107,155,85
KAF2212467,4697,4599,1994,0,0,0,0,1,0,5,0,0,3,3,0
KAF2212468,30271,30975,18214,0,0,2,0,2,4,7,2,1,7,37,12
KAF2212469,203,201,237,0,0,0,0,0,0,1,0,0,8,10,10
KAF2212470,6401,5864,3611,2,4,0,2,0,6,22,4,8,69,85,42
KAF2212471,5341,4466,1503,2,4,0,2,0,2,18,6,6,108,239,80
KAF2212472,1112,1171,1775,0,0,0,0,4,4,9,13,2,54,96,50
KAF2212473,726,798,1210,0,0,2,0,0,0,7,0,5,16,46,17
KAF2212474,973,882,1005,0,0,0,2,0,0,26,6,4,44,86,50
KAF2212475,631,582,801,0,0,0,4,0,0,12,2,7,21,26,8
KAF2212476,46,54,58,0,0,0,0,0,0,1,0,0,2,2,1
KAF2212477,40,76,58,0,0,0,1,0,0,0,0,0,2,6,2
KAF2212478,5752,5905,7588,2,2,0,0,0,0,4,0,4,8,22,5
KAF2212479,693,594,1082,0,0,4,0,0,2,4,6,6,45,32,26
KAF2212480,2206,1963,2767,4,0,2,2,0,2,30,6,12,78,177,59
KAF2212481,107,57,53,0,0,0,0,0,0,0,2,0,4,6,4
KAF2212482,9577,8908,8070,4,4,2,17,6,10,54,26,27,151,409,142
KAF2212483,691,675,672,0,0,0,0,0,2,4,0,3,23,30,16
KAF2212484,708,616,887,0,2,0,0,0,2,4,0,0,7,22,6
KAF2212485,482,322,436,0,0,0,0,2,2,2,0,2,6,12,4
KAF2212486,26636,28119,43204,16,2,18,6,2,10,80,50,28,209,464,235
KAF2212487,336,283,597,0,0,0,0,2,0,12,2,6,31,102,60
KAF2212488,38,17,31,0,0,0,0,0,0,0,0,0,2,2,0
KAF2212489,33,28,48,0,0,0,0,0,0,0,0,0,0,5,3
KAF2212490,569,594,367,0,0,0,0,2,0,2,2,0,2,23,22
KAF2212491,565,613,1358,0,0,0,4,4,2,18,8,2,54,140,53
KAF2212492,4161,3976,4567,0,6,3,2,0,3,26,3,10,85,147,69
KAF2212493,267,253,304,0,2,0,0,0,0,2,2,0,8,14,9
KAF2212494,888,839,891,0,1,0,0,0,8,7,0,2,7,21,4
KAF2212495,25,20,7,0,0,0,0,0,0,0,2,0,0,3,0
KAF2212496,582,384,443,2,0,0,0,0,2,12,0,8,1,14,3
KAF2212497,379,218,254,0,0,0,0,0,0,2,0,0,6,3,0
KAF2212498,1067,1391,3537,0,0,0,4,6,2,6,6,6,38,48,38
KAF2212499,776,756,1119,0,0,0,0,0,0,9,5,0,43,64,46
KAF2212500,1200,1144,1550,0,0,0,0,0,2,13,4,10,63,112,55
KAF2212501,18,11,29,0,0,0,0,0,0,0,0,0,2,0,0
KAF2212502,145,98,106,0,0,0,0,0,0,6,0,0,0,0,2
KAF2212503,15550,13748,9406,6,2,6,8,8,25,161,59,46,646,1628,743
KAF2212504,1496,1419,1337,0,0,2,0,0,0,14,0,3,38,102,44
KAF2212505,65,45,112,0,0,0,0,0,0,18,0,8,21,32,7
KAF2212506,2818,2551,3794,4,0,4,0,0,4,16,10,4,26,65,14
KAF2212507,811,595,564,2,0,0,0,0,6,0,0,0,24,41,8
KAF2212508,2649,2511,2336,2,0,2,0,0,2,6,2,2,23,50,24
KAF2212509,19,14,47,0,0,0,0,0,0,0,0,0,3,3,0
KAF2212510,428,395,519,0,0,0,2,0,0,8,0,2,6,30,10
KAF2212511,10,6,9,0,0,0,0,0,0,0,0,0,0,2,0
KAF2212512,24,27,50,0,0,0,0,0,0,0,0,0,0,4,2
KAF2212513,33,40,70,0,0,0,0,0,0,0,0,0,8,2,2
KAF2212514,303,259,89,0,0,0,0,0,0,0,0,2,0,2,2
KAF2212515,109,99,246,0,0,0,0,0,0,5,4,0,5,19,6
KAF2211850,1499,1095,776,0,0,2,0,0,2,2,0,4,2,23,29
KAF2211851,1041,903,687,0,0,0,2,0,2,7,1,0,13,46,37
KAF2211852,1362,1325,1109,0,0,2,4,0,2,14,22,6,58,118,74
KAF2211853,574,463,270,2,0,0,0,0,0,2,0,2,6,23,6
KAF2211854,526,585,1509,0,0,0,0,0,0,4,2,2,15,73,22
KAF2211855,700,498,333,0,0,1,0,1,0,2,1,7,3,9,14
KAF2211856,332,298,347,0,2,0,0,0,0,4,3,4,12,38,18
KAF2211857,13,17,32,0,0,0,0,0,0,0,1,0,0,1,4
KAF2211858,14,7,14,0,0,0,0,0,0,0,2,0,0,10,10
KAF2211859,44334,35415,18059,18,12,18,4,6,4,70,14,10,154,276,143
KAF2211860,663,586,990,4,0,0,0,0,0,17,2,2,21,45,6
KAF2211861,117,106,113,0,0,0,0,0,0,0,0,0,1,0,0
KAF2211862,14109,14378,15480,2,0,4,10,6,16,73,10,29,135,285,142
KAF2211863,664,484,353,0,0,0,0,2,0,0,1,0,1,8,5
KAF2211864,645,757,926,0,0,0,0,0,0,10,0,0,14,27,6
KAF2211865,13,22,57,0,0,0,0,0,0,1,0,0,2,1,0
KAF2211866,118,109,247,0,0,0,0,0,0,3,0,0,4,16,8
KAF2211867,486,405,831,0,0,0,0,0,0,5,2,0,12,41,15
KAF2211868,2,1,6,0,0,0,0,0,0,0,0,0,0,0,0
KAF2211869,53,46,105,0,0,0,0,0,0,3,0,0,3,3,10
KAF2211870,21,25,42,0,0,0,0,0,0,4,0,0,0,1,3
KAF2211871,76,90,126,0,0,0,0,0,0,4,0,2,2,4,4
KAF2211872,93,74,147,0,0,0,0,0,2,0,0,0,1,5,4
KAF2211873,52,57,103,0,0,0,0,0,0,0,0,0,0,5,2
KAF2211874,739,609,986,0,0,0,0,0,0,6,2,8,32,57,23
KAF2211875,1768,2750,6450,0,0,0,2,0,0,0,0,0,2,7,4
KAF2211876,292,244,494,0,0,0,0,1,0,1,1,3,5,17,11
KAF2211877,21406,18005,13323,10,15,19,8,4,7,64,15,20,227,485,240
KAF2211878,1838,1879,1612,0,0,2,3,0,6,16,11,3,86,204,114
KAF2211879,16138,14691,10610,5,10,12,15,6,16,138,90,50,578,1570,677
KAF2211880,27,28,50,0,0,0,2,0,0,1,0,0,1,5,0
KAF2211881,4221,3792,4562,4,0,0,4,0,0,18,3,10,85,78,35
KAF2211882,0,0,6,0,0,0,0,0,0,0,0,0,0,0,0
KAF2211883,0,0,3,0,0,0,0,0,0,0,0,0,0,0,0
KAF2211884,34,49,71,0,0,0,0,0,0,0,2,0,6,7,7
KAF2211885,3377,3132,2984,0,0,2,2,0,0,22,2,2,40,85,50
KAF2211886,53,46,90,0,0,0,0,0,0,1,0,0,2,6,0
KAF2211887,66,95,103,0,0,0,0,0,0,0,0,0,2,4,0
KAF2211888,57,62,138,0,0,0,0,0,0,0,0,0,1,0,1
KAF2211889,10,8,3,0,0,0,0,0,0,1,0,0,1,0,0
KAF2211890,3091,2811,2314,2,0,2,2,0,3,9,3,3,33,60,13
KAF2211891,15880,13925,11721,4,6,2,6,6,3,51,15,25,155,290,102
KAF2211892,177,108,124,0,0,0,0,0,0,0,0,0,7,8,5
KAF2211893,2276,2025,2663,0,2,2,2,0,1,27,11,11,64,155,66
KAF2211894,845,974,1818,2,0,4,0,0,0,2,6,6,18,65,10
KAF2211895,266,263,280,0,0,0,0,2,0,7,2,0,18,32,9
KAF2211896,386,299,698,2,0,0,0,0,3,19,2,4,38,74,11
KAF2211897,98,129,174,0,0,0,0,0,0,1,0,0,4,19,11
KAF2211898,73,111,142,0,0,0,0,0,0,0,0,0,2,17,3
KAF2211899,1819,1591,1531,0,1,1,0,0,0,4,0,2,20,35,24
KAF2211900,554,405,265,2,0,0,0,0,0,0,2,5,9,18,8
KAF2211901,55,50,57,0,0,0,2,0,2,0,0,0,4,19,13
KAF2211902,5491,4643,2788,4,3,4,2,0,0,10,7,28,108,273,111
KAF2211903,1153,1009,623,2,0,0,0,0,0,6,2,2,16,59,35
KAF2211904,50,73,102,0,0,0,0,0,0,2,0,0,1,4,2
KAF2211905,11,16,23,0,0,0,0,0,0,0,0,0,0,0,0
KAF2211906,24,8,38,0,0,0,0,0,0,0,0,0,0,0,0
KAF2211907,3037,2863,2926,1,0,4,0,0,4,22,2,14,48,118,51
KAF2211908,1950,1754,1592,0,0,2,0,0,2,12,4,0,26,82,52
KAF2211909,143,80,116,0,2,0,0,0,2,0,0,0,10,8,14
KAF2211910,7,17,16,0,0,0,0,0,0,0,4,0,2,19,10
KAF2211911,930,752,1206,0,0,0,0,0,1,18,2,2,29,46,40
KAF2211912,200,177,137,0,0,0,0,0,0,2,0,0,1,5,0
KAF2211913,3418,2833,2261,0,4,4,2,0,0,5,0,0,32,31,9
KAF2211914,631,609,612,2,0,0,0,0,2,14,4,3,36,69,34
KAF2211915,18107,15568,7992,18,14,10,0,0,4,6,0,0,14,48,28
KAF2211916,123,81,130,0,0,2,0,0,0,0,0,0,1,3,0
KAF2211917,1933,1509,2912,2,2,4,2,0,1,12,2,0,35,34,25
KAF2211918,2363,2156,3811,2,6,8,2,4,2,11,0,0,43,98,95
KAF2211919,81,42,117,0,0,0,2,0,0,0,0,0,0,2,5
KAF2211920,843,701,1130,2,0,0,2,0,4,15,2,0,32,72,26
KAF2211921,1545,1703,2307,0,0,0,0,0,2,9,4,0,39,45,21
KAF2211922,4746,4578,1817,2,0,0,1,0,0,6,2,0,16,47,29
KAF2211923,4713,4405,3263,0,2,2,2,0,0,16,6,0,18,72,16
KAF2211924,812,616,1595,0,0,0,0,0,0,9,0,2,10,29,11
EFT00053797971,2,0,0,0,0,0,0,0,0,0,0,0,0,0,0
KAF2211925,276,472,819,0,0,0,0,0,0,0,0,0,2,12,2
KAF2211926,2483,2134,2154,0,2,4,6,0,8,26,4,6,87,171,100
KAF2211927,234,208,459,0,0,2,2,0,0,8,2,0,28,76,28
KAF2211928,407,383,773,0,0,0,0,0,0,6,0,0,16,42,24
KAF2211929,240,134,219,0,0,0,0,0,0,0,0,2,20,30,11
KAF2211930,199,168,409,0,0,0,0,0,2,8,0,0,34,43,19
KAF2211931,200,234,442,0,0,2,0,0,0,6,0,2,8,11,18
KAF2211932,1503,1331,1857,4,2,2,0,2,0,9,4,6,54,129,55
KAF2211933,5312,4895,5709,6,2,0,9,3,10,24,10,17,146,356,151
KAF2211934,445,345,636,0,0,0,0,0,0,4,5,0,11,41,25
KAF2211935,3109,2883,3216,6,0,0,0,5,4,17,0,3,26,81,32
KAF2211936,6744,6485,7591,4,0,0,4,4,4,46,6,10,111,288,144
KAF2211937,5064,4867,3923,0,1,0,0,2,0,16,4,8,45,60,27
KAF2211938,283,211,198,0,0,2,0,0,0,4,0,0,6,0,0
KAF2211939,13,1,6,0,0,0,0,0,0,0,0,0,0,2,0
KAF2211940,2787,2096,3265,6,6,6,2,0,2,8,0,4,28,72,20
KAF2211941,331,293,337,0,0,0,0,1,0,4,0,0,2,31,7
KAF2211942,447,432,627,0,0,2,0,1,0,14,2,2,16,29,17
KAF2211943,3272,3443,7352,6,2,2,4,2,0,26,2,20,121,287,108
KAF2211944,5050,5265,3849,4,0,0,0,0,2,2,4,2,14,23,13
EFT00053797970,5,0,0,0,0,0,0,0,0,0,0,0,0,0,0
KAF2211945,2098,1776,1979,4,0,3,2,4,2,19,4,8,62,118,59
KAF2211946,347,325,276,0,0,0,0,0,0,6,0,2,8,29,11
KAF2211947,113,71,108,0,0,0,0,0,0,0,0,0,2,1,0
KAF2211948,3566,3110,2895,6,0,2,0,0,0,8,2,4,34,60,19
KAF2211949,620,677,1065,0,0,0,4,4,2,8,2,2,35,57,35
KAF2211950,4057,1588,5072,0,0,0,0,0,0,55,10,23,240,496,192
KAF2211951,13919,12403,10728,14,6,18,9,6,14,110,51,46,558,1317,553
KAF2211952,555,456,467,0,2,4,0,0,2,0,0,0,8,28,18
KAF2211953,18,24,37,0,0,0,0,0,0,0,0,0,0,2,1
KAF2211954,30,27,26,0,0,0,0,0,0,2,0,0,4,7,3
KAF2211955,102,71,205,0,0,0,0,0,2,4,4,2,4,16,12
KAF2211956,223,189,374,0,0,0,0,0,0,14,0,0,4,16,10
KAF2211957,91,67,67,0,0,0,0,0,0,0,0,0,0,4,1
KAF2211958,420,382,302,0,0,0,0,0,1,2,0,0,8,22,13
KAF2211959,817,850,950,2,0,0,0,0,0,7,2,6,18,46,39
KAF2211960,926,929,1341,0,2,0,0,0,4,8,4,2,14,32,8
KAF2211961,3662,3300,2327,5,0,0,0,0,1,17,4,6,82,192,128
KAF2211962,281,283,534,0,0,0,0,0,2,1,0,2,14,24,6
KAF2211963,143,72,133,0,0,0,0,0,0,0,0,0,2,12,5
KAF2211964,279,272,155,0,0,0,0,0,0,0,0,0,1,0,0
KAF2211965,87,48,24,0,0,0,0,0,0,0,0,0,1,2,0
KAF2211966,1100,947,883,0,1,4,2,0,0,7,2,2,19,36,25
KAF2211967,269,274,365,0,0,0,0,0,2,0,0,0,8,32,4
KAF2211968,111,106,163,0,0,0,0,2,0,1,0,0,2,4,2
KAF2211969,11941,10902,3524,6,2,2,4,2,2,35,4,0,72,151,77
KAF2211970,279,148,152,0,0,0,1,0,0,2,0,0,3,1,0
KAF2211971,837,816,620,0,0,2,2,0,2,4,4,0,16,42,12
KAF2211972,202,190,264,0,0,0,0,0,0,4,2,6,32,34,14
KAF2211973,0,0,2,0,0,0,0,0,0,0,0,0,0,0,0
KAF2211974,218,271,619,0,0,0,0,0,0,0,0,0,4,6,0
KAF2211975,598,857,2137,0,2,0,0,0,0,1,0,6,12,32,21
KAF2211976,18111,26365,57590,0,0,0,0,0,0,0,0,1,2,0,0
KAF2211977,1896,1570,277,2,2,0,2,0,10,87,8,20,56,92,45
KAF2211978,85,75,53,0,0,0,0,0,0,0,0,0,16,18,6
KAF2211979,23,19,35,0,0,0,4,2,2,14,2,2,23,44,12
KAF2211980,4698,4242,5480,4,0,4,0,2,11,32,16,16,135,266,107
KAF2211981,1489,1378,1562,2,2,0,0,0,0,17,2,4,47,140,45
KAF2211982,153,130,245,0,0,0,0,0,0,0,2,0,4,6,2
KAF2211983,92,86,191,0,0,0,0,0,0,2,0,0,1,11,0
KAF2211984,328,266,378,2,0,0,1,0,0,0,0,4,7,19,4
KAF2211985,1534,1218,2263,2,0,0,6,2,6,82,32,24,186,347,128
KAF2211986,25,19,79,0,0,0,0,0,0,2,0,2,4,3,4
KAF2211987,140,134,203,0,0,0,0,0,2,2,0,4,2,25,4
KAF2211988,1185,1064,1450,0,0,0,2,0,4,16,3,2,33,89,63
KAF2211989,0,4,4,0,0,0,0,0,0,0,0,0,0,0,0
KAF2211990,846,702,914,0,0,0,0,2,4,10,0,5,19,47,12
KAF2211991,160,164,236,0,0,0,2,2,0,8,1,0,11,7,9
KAF2211992,672,531,888,0,0,0,0,0,0,8,2,4,72,125,77
KAF2211993,1805,1515,2042,0,0,4,2,2,4,33,14,12,124,273,129
KAF2211994,507,389,838,0,0,0,0,0,0,2,0,0,17,13,11
KAF2211995,92,64,124,0,0,0,0,0,0,0,0,0,0,2,1
KAF2211996,10136,8441,7477,2,0,4,6,0,0,45,21,15,83,137,57
KAF2211997,124,93,178,0,0,0,0,0,0,0,0,0,0,4,2
KAF2211998,79,51,62,0,0,0,0,0,0,0,0,0,2,1,0
KAF2211999,63,37,43,2,0,0,0,0,0,0,0,0,0,7,1
KAF2212000,2580,2162,1914,3,0,2,0,0,0,14,4,4,52,115,24
KAF2212001,490,433,561,0,0,0,0,0,0,6,2,0,18,34,6
KAF2212002,527,375,406,0,0,2,0,0,2,4,0,0,6,29,25
KAF2212003,292,259,567,0,0,0,0,0,0,1,0,0,5,16,2
KAF2212004,5415,5224,5027,2,4,2,2,2,4,17,8,14,50,120,40
KAF2212005,342,446,860,0,0,0,0,0,0,4,0,0,1,19,15
KAF2212006,51579,50322,45360,6,8,12,57,28,70,465,297,169,2681,8583,4692
KAF2212007,1238,1138,2362,2,2,0,2,0,2,8,2,2,32,46,18
KAF2212008,619,636,699,0,0,0,0,0,0,5,0,0,15,23,14
KAF2212009,7545,6684,4405,6,0,4,0,0,3,19,9,8,48,102,33
KAF2212010,1160,958,1035,0,1,0,0,1,1,25,3,15,49,138,67
KAF2212011,856,777,1374,0,0,0,0,0,3,16,6,4,97,122,49
KAF2212012,4035,3659,4554,4,4,6,0,2,0,17,8,5,64,132,47
KAF2212013,1991,1882,4438,1,3,7,0,0,0,11,4,4,28,68,43
KAF2212014,137,100,239,0,0,2,0,0,0,0,1,0,4,8,0
KAF2212015,39,30,61,0,0,0,0,0,0,0,2,0,4,0,2
KAF2212016,445,382,246,4,4,6,0,0,0,0,0,2,18,64,27
KAF2212017,262,203,235,0,0,0,0,0,0,2,0,0,7,17,3
KAF2212018,633,563,556,2,0,0,0,0,0,5,6,0,13,28,14
KAF2212019,369,307,308,0,0,0,0,0,2,2,0,0,4,14,4
KAF2212020,734,585,381,0,0,0,0,0,0,7,3,0,8,45,26
KAF2212021,133,130,154,0,0,0,0,0,0,2,0,1,1,3,2
KAF2212022,87,112,123,0,0,0,0,0,0,0,0,0,2,5,2
KAF2212023,395,301,696,0,0,0,0,0,2,21,8,8,24,56,8
KAF2212024,128,97,192,0,0,0,0,0,0,0,0,0,11,18,3
KAF2212025,152,134,221,0,0,0,0,0,0,3,0,0,20,15,6
KAF2212026,40,32,50,0,0,2,0,0,0,0,0,0,4,4,0
KAF2212027,428,376,456,0,0,0,9,0,6,8,1,0,37,64,25
KAF2212028,410,369,499,0,0,0,1,0,4,9,1,6,32,44,15
KAF2212029,2,2,0,0,0,0,0,0,0,0,0,0,1,0,0
KAF2212030,1343,1252,981,0,0,0,4,0,2,18,8,8,28,78,59
KAF2212031,2161,2047,2143,0,0,2,4,2,0,19,2,2,64,146,67
KAF2212032,22008,18896,14716,6,10,7,14,16,13,48,25,20,278,624,228
KAF2212033,346,324,458,0,0,0,0,0,0,0,4,3,18,82,54
KAF2212034,4912,4272,6684,6,0,0,0,2,0,30,18,16,50,177,82
KAF2212035,1356,1595,7341,0,0,0,2,0,6,60,16,17,173,251,119
KAF2212036,891,734,732,0,0,0,0,0,0,2,0,0,7,4,17
KAF2212037,93,97,284,0,0,0,2,0,0,2,0,0,8,14,16
KAF2212038,4996,4643,3256,6,2,0,6,0,4,13,8,6,24,63,18
KAF2212039,951,839,1058,2,0,0,0,0,0,12,2,6,42,68,40
KAF2212040,0,0,2,0,0,0,0,0,0,0,0,0,0,0,0
KAF2212041,218,141,112,1,0,0,0,0,1,0,0,0,12,21,9
KAF2212042,1048,961,1330,2,0,1,0,0,0,8,10,11,61,131,63
KAF2212043,2708,2696,5529,6,2,0,2,0,2,25,4,4,52,97,41
KAF2212044,1578,1643,1763,0,4,0,0,2,4,37,14,5,143,252,188
KAF2212045,526,518,655,2,0,0,2,0,0,13,2,6,24,60,16
KAF2212046,176,136,227,0,1,0,0,0,0,0,0,0,6,11,4
KAF2212047,107,84,222,0,0,0,0,0,0,0,0,2,0,11,0
KAF2212048,151,123,183,0,0,0,0,0,0,0,0,0,2,4,0
KAF2212049,408,348,619,0,0,0,0,0,0,16,2,4,32,90,30
KAF2212050,2174,1786,1980,2,1,3,0,0,4,15,2,4,32,75,43
KAF2212051,1118,843,1177,2,0,0,0,0,0,0,0,6,14,38,16
KAF2212052,311,287,428,0,0,0,0,0,0,5,0,2,6,10,9
KAF2212053,8477,7935,7302,6,0,4,0,2,2,16,6,6,104,224,80
KAF2212054,2201,1980,1699,2,2,0,0,0,6,24,2,0,51,68,38
KAF2212055,90,124,94,0,0,0,0,0,0,0,1,0,2,0,6
KAF2212056,134,172,128,0,0,0,0,0,0,0,0,1,8,1,6
KAF2212057,731,665,1031,0,0,0,3,2,2,8,6,2,53,78,32
KAF2212058,90,45,79,0,0,0,0,0,0,0,0,0,2,3,0
KAF2212059,3820,3274,3628,4,0,2,4,0,2,18,6,12,64,97,24
KAF2212060,603,504,422,0,0,0,0,0,0,4,0,2,39,54,16
KAF2212061,5115,4512,3151,0,0,0,8,4,0,22,4,22,21,94,51
KAF2212062,69,69,98,0,0,0,0,0,0,0,2,0,2,1,0
KAF2212063,784,686,1213,0,0,0,2,0,0,6,0,0,35,38,15
KAF2212064,1305,1009,635,6,2,0,2,0,2,8,2,2,24,57,30
KAF2212065,57,50,38,0,0,0,0,0,0,2,0,0,6,5,0
KAF2212066,983,885,1164,0,2,0,2,0,2,13,2,0,22,42,15
KAF2212067,868,660,359,4,0,0,2,0,0,2,3,0,26,53,29
KAF2212068,581,644,768,0,0,0,0,0,0,0,2,0,8,10,5
KAF2212069,350,385,544,0,0,0,0,0,0,5,0,0,7,7,0
KAF2212070,504,471,782,0,0,0,0,0,0,2,2,4,16,66,24
KAF2212071,398,337,482,0,0,0,0,0,1,6,0,0,6,8,2
KAF2212072,4,0,1,0,0,0,0,0,0,0,0,0,0,0,0
KAF2212073,8608,8333,7408,4,0,5,4,2,7,25,4,6,71,144,55
KAF2212074,892,929,842,0,0,0,0,2,0,3,2,0,5,21,0
KAF2212075,322,269,228,0,0,0,0,0,0,6,1,0,13,24,15
KAF2212076,4514,3989,4658,2,2,4,0,0,0,13,0,8,24,48,26
KAF2212077,8,6,6,0,0,0,0,0,0,0,0,0,4,0,0
KAF2212078,171,128,141,0,0,0,0,1,0,0,0,1,0,7,2
KAF2212079,1147,1096,835,0,0,0,0,1,0,9,0,1,32,31,19
KAF2212080,342,324,428,0,0,0,2,0,0,14,2,12,52,78,40
KAF2212081,774,644,955,0,0,0,0,0,2,6,2,10,29,28,7
KAF2212082,928,819,845,0,0,0,0,0,2,6,2,0,20,72,40
KAF2212083,229,215,584,0,0,2,2,0,0,8,2,0,8,21,6
KAF2212084,4,6,10,0,0,0,0,0,0,0,0,0,0,0,0
KAF2212085,3905,3878,4490,0,2,0,2,0,0,28,10,14,63,85,41
KAF2212086,935,810,1761,0,0,0,0,2,0,33,18,21,81,187,85
KAF2212087,591,676,1547,0,0,0,0,0,0,2,0,2,2,20,8
KAF2212088,1368,1300,2161,0,0,2,2,0,0,16,3,3,43,88,43
KAF2212089,11,16,39,0,0,0,0,0,0,32,5,14,19,4,8
KAF2212090,1620,1352,1165,0,2,2,0,0,1,14,3,7,55,70,31
KAF2212091,27274,19342,3251,10,6,12,0,0,0,4,0,1,30,39,14
KAF2212092,3101,2690,2288,0,0,0,0,0,4,30,4,18,56,142,34
KAF2212093,1194,986,1009,0,0,0,0,0,2,9,4,6,29,35,13
KAF2212094,1269,1265,1224,0,0,2,0,2,1,10,0,0,4,17,10
KAF2212095,3580,3665,1876,0,1,0,0,0,0,5,0,0,16,14,12
KAF2212096,3906,3642,5079,0,0,0,0,2,1,43,9,11,99,174,94
KAF2212097,3204,3188,2326,0,0,0,0,0,0,4,3,4,40,82,42
KAF2212098,551,540,498,0,0,0,0,0,0,2,0,2,18,32,4
KAF2212099,69,68,66,0,0,0,0,0,0,2,0,0,0,6,0
KAF2212100,506,579,556,0,0,0,0,0,0,0,2,2,9,18,9
KAF2212101,857,835,702,0,2,0,0,2,0,4,0,0,7,29,16
KAF2212102,712,634,666,0,0,0,0,0,0,2,2,0,15,47,12
KAF2212103,609,557,607,0,0,0,0,0,4,4,1,2,23,22,16
KAF2212104,2413,1904,1083,0,2,0,0,0,0,7,4,8,15,45,11
KAF2212105,1032,748,1126,0,0,0,2,2,0,6,2,2,11,31,4
KAF2212106,207,226,197,0,0,0,0,0,0,6,0,0,6,8,2
KAF2212107,3636,3846,6573,6,0,0,10,0,2,42,17,4,134,325,140
KAF2212108,16622,14598,7518,6,4,3,2,0,6,30,4,16,102,162,88
KAF2212109,13,6,11,0,0,0,0,0,0,0,0,0,0,2,0
KAF2212110,3001,3413,2513,0,2,0,0,0,0,2,0,0,0,3,1
KAF2212111,1901,1544,919,1,4,3,2,0,3,18,11,1,37,66,46
KAF2212112,3929,3443,1693,4,0,0,4,0,4,11,14,12,79,118,59
KAF2212113,116,140,188,0,0,0,0,0,0,1,0,0,2,1,2
KAF2212114,1094,1075,1581,0,0,0,0,0,0,17,0,3,38,62,28
KAF2212115,143,101,165,0,0,0,2,0,0,3,2,0,14,29,18
KAF2212116,898,618,556,2,0,4,0,0,2,6,4,8,20,66,24
KAF2212117,1308,1100,1060,0,0,0,4,0,0,4,0,4,17,48,12
KAF2212118,2158,1968,2570,0,2,0,8,6,0,19,10,4,81,161,88
KAF2212119,533,507,935,0,0,0,0,0,0,5,0,2,22,32,14
KAF2212120,439,389,738,0,0,0,0,0,2,0,0,0,15,12,14
KAF2212121,1501,1359,1992,0,0,0,0,0,0,7,2,2,40,83,23
KAF2212122,7846,7704,3138,2,0,0,0,0,0,10,2,2,24,40,29
KAF2212123,2915,2748,1854,2,0,0,2,0,0,6,0,1,21,14,6
KAF2212124,5111,4777,7004,0,0,2,0,0,2,20,8,6,39,122,56
KAF2212125,281,234,526,0,0,0,0,0,0,6,0,0,10,18,2
KAF2212126,339,232,602,0,0,0,0,0,0,2,0,2,15,20,10
KAF2212127,93,78,44,0,0,0,0,0,0,0,0,0,0,2,4
KAF2212128,2872,2517,1941,4,0,0,6,2,2,28,6,4,74,182,72
KAF2212129,1772,1881,2319,0,0,2,0,5,1,21,10,10,91,229,113
KAF2212130,944,894,861,0,0,0,0,0,2,9,6,8,73,96,28
KAF2212131,3354,2867,2408,6,0,0,2,0,4,11,8,6,60,195,61
KAF2212132,2391,2377,2405,2,0,2,0,0,2,6,4,6,46,81,24
KAF2212133,16,10,14,0,0,0,0,0,0,0,0,0,0,2,1
KAF2212134,2498,2251,1788,0,0,0,0,2,4,10,9,0,47,79,60
KAF2212135,1,13,20,0,0,0,0,0,0,0,0,0,0,0,0
KAF2212136,1,0,3,0,0,0,0,0,0,0,0,0,0,0,0
KAF2212137,68,67,117,0,0,0,0,0,0,0,0,0,5,7,4
KAF2212138,61,46,119,0,0,0,0,0,0,0,0,0,2,4,3
KAF2212139,518,557,694,0,0,0,0,0,0,10,4,4,14,27,21
EFT00053797969,0,0,0,0,0,0,0,0,0,0,0,0,0,0,0
KAF2211629,0,0,0,0,0,0,0,0,0,0,0,0,0,0,0
KAF2211630,147,143,184,0,0,0,0,0,1,2,2,0,5,3,1
KAF2211631,2116,1459,706,0,0,0,0,2,0,0,4,2,13,24,12
KAF2211632,120,132,173,0,0,0,0,0,0,2,0,0,2,13,2
KAF2211633,756,666,1167,2,6,7,0,0,0,29,4,18,61,104,35
KAF2211634,5948,7323,18024,0,0,0,0,0,0,0,1,2,19,13,6
KAF2211635,7004,8426,15045,0,0,1,5,0,2,2,2,5,64,100,51
KAF2211636,3503,3425,2051,2,0,0,0,0,2,5,2,6,25,57,18
KAF2211637,5156,4712,2535,0,0,0,0,0,0,0,0,0,4,0,6
KAF2211638,41,60,121,0,0,0,0,0,0,0,0,0,0,4,0
KAF2211639,3734,3208,5090,0,2,2,4,0,2,9,4,6,40,78,26
KAF2211640,18,16,30,0,0,0,0,0,0,0,0,0,0,0,0
KAF2211641,572,560,479,0,0,2,0,0,5,2,0,2,4,5,4
KAF2211642,5139,4210,2309,0,2,0,2,0,0,18,8,4,17,57,37
KAF2211643,612,557,450,0,0,0,1,2,1,6,2,0,15,10,2
KAF2211644,545,500,469,0,0,0,2,0,0,5,2,0,17,16,14
KAF2211645,108,72,134,0,0,0,0,0,0,0,0,0,9,11,3
KAF2211646,1215,1360,1958,0,0,0,0,0,0,0,2,0,1,2,2
KAF2211647,50,33,74,0,0,0,0,0,4,10,2,16,46,50,21
KAF2211648,593,493,593,2,0,0,0,0,0,3,2,0,26,31,6
KAF2211649,5,0,8,0,0,0,0,0,0,0,0,0,0,0,0
KAF2211650,6,2,2,0,0,0,0,0,0,0,0,0,0,0,0
KAF2211651,3339,2683,1902,6,5,4,2,0,2,14,4,4,50,95,34
KAF2211652,336,301,693,1,0,2,0,0,0,5,1,0,14,30,17
KAF2211653,4,3,7,0,0,0,0,0,0,0,0,0,0,0,0
KAF2211654,0,0,0,0,0,0,0,0,0,0,0,0,0,0,0
KAF2211655,25,33,12,0,0,0,0,0,0,0,0,0,2,0,2
KAF2211656,137,150,296,0,0,0,0,0,0,0,0,0,4,7,2
KAF2211657,21,9,8,0,0,0,0,0,0,0,0,0,2,2,1
KAF2211658,2644,2396,2203,0,0,0,0,0,0,2,2,0,15,17,4
KAF2211659,922,925,1162,0,0,0,0,0,0,9,0,0,8,8,5
KAF2211660,527,363,92,0,0,1,0,0,0,0,0,0,0,3,0
KAF2211661,172,153,119,2,0,0,0,0,0,0,0,0,1,7,6
KAF2211662,233698,204559,187759,55,24,39,4,2,3,335,29,77,1035,1839,941
KAF2211663,60,53,66,0,0,0,0,0,0,0,0,0,0,0,0
KAF2211664,91,52,65,0,0,0,0,0,0,0,0,2,0,0,0
KAF2211665,1527,866,376,0,3,4,0,0,0,5,0,0,26,24,13
KAF2211666,932,362,295,0,0,0,0,0,0,27,7,2,24,69,32
KAF2211667,1541,1276,1217,0,4,3,2,2,2,17,2,2,27,38,29
KAF2211668,5609,4346,3115,4,6,2,5,3,1,26,11,6,42,66,19
KAF2211669,382,368,882,0,0,2,2,0,4,19,4,4,44,55,27
KAF2211670,1702,1693,2652,0,0,0,4,0,4,28,4,12,44,93,26
KAF2211671,482,478,668,0,0,0,2,0,0,10,4,0,19,48,28
KAF2211672,194,165,159,0,0,0,0,0,0,6,0,0,8,11,20
KAF2211673,209,205,251,0,0,0,0,0,0,2,2,2,18,26,28
EFT00053797973,8,8,6,0,0,0,0,0,0,0,0,0,0,0,0
KAF2211674,68,58,135,2,0,0,0,0,0,0,0,0,3,5,2
KAF2211675,51,42,110,0,0,0,0,0,0,2,0,0,3,2,0
KAF2211676,33,18,111,0,0,0,0,0,0,4,0,0,2,2,1
KAF2211677,317,305,458,0,0,0,0,1,0,4,2,2,16,37,15
KAF2211678,9565,7897,6906,2,4,4,6,2,4,34,22,12,158,358,145
KAF2211679,155,162,157,0,0,2,0,0,0,0,0,0,2,0,0
KAF2211680,123,96,167,0,0,0,0,0,0,4,0,0,7,12,14
KAF2211681,631,567,767,0,0,0,2,2,0,13,4,4,32,78,23
KAF2211682,2161,2256,4326,2,0,2,4,4,2,31,10,0,51,123,57
KAF2211683,1307,1104,723,0,0,0,2,0,0,4,2,6,23,59,21
KAF2211684,328,292,574,0,0,0,0,0,0,4,0,2,35,32,7
KAF2211685,232,279,188,0,0,0,0,0,2,0,2,2,10,22,20
KAF2211686,134,152,141,0,0,0,0,0,0,0,0,2,5,4,0
KAF2211687,693,627,1007,2,0,0,0,0,0,6,4,0,10,56,17
KAF2211688,724,714,1419,0,2,0,2,0,0,17,2,10,44,88,32
KAF2211689,269,245,704,0,0,2,0,0,0,2,0,4,10,17,4
KAF2211690,28,33,31,0,0,0,0,0,0,0,1,0,1,0,5
KAF2211691,96,94,113,0,0,0,0,0,2,8,0,1,2,9,9
KAF2211692,39,51,114,0,0,0,0,0,0,0,0,0,2,2,2
KAF2211693,1231,1095,1172,2,0,2,2,0,2,15,0,4,29,53,15
KAF2211694,2939,3220,4468,0,2,0,2,0,2,8,10,0,41,115,33
KAF2211695,1890,1456,2011,0,0,4,0,0,2,9,0,4,12,38,15
KAF2211696,0,0,0,0,0,0,0,0,0,0,0,0,0,0,0
KAF2211697,169,143,311,2,0,0,6,4,0,20,0,2,11,72,6
KAF2211698,524,462,599,0,0,0,0,0,2,4,2,2,22,33,9
KAF2211699,424,488,305,0,0,0,0,0,2,6,0,0,9,27,7
KAF2211700,2655,2367,1401,2,0,0,2,2,0,3,0,4,36,61,23
KAF2211701,217,187,327,0,0,0,0,0,0,6,6,0,7,14,10
KAF2211702,38,55,71,0,0,0,0,0,0,0,0,2,0,7,6
KAF2211703,1452,1369,1316,0,0,0,0,0,0,8,2,2,11,14,11
KAF2211704,6711,6111,3832,8,3,2,0,4,0,22,13,10,89,123,74
KAF2211705,2577,2593,4062,6,0,6,2,3,2,12,2,4,69,134,47
KAF2211706,2776,2746,2737,2,0,0,2,0,0,11,6,9,48,100,46
KAF2211707,198,207,224,0,0,0,0,0,0,0,0,0,2,19,0
EFT00053797974,18,15,15,0,0,0,0,0,0,1,0,0,0,3,3
EFT00053797972,14,15,17,0,0,0,0,0,0,0,0,0,0,2,2
KAF2211708,5391,5119,1851,2,2,2,0,0,6,2,3,2,29,50,20
KAF2211709,274,235,356,0,0,0,0,0,0,2,2,2,7,16,14
KAF2211710,2977,2793,2864,2,4,2,0,0,0,2,2,4,18,46,18
KAF2211711,12338,11728,6436,0,4,7,14,0,2,29,18,9,74,155,67
KAF2211712,24,19,35,0,0,0,0,0,0,6,0,2,2,2,4
KAF2211713,7,8,12,0,0,0,0,0,0,0,0,0,0,0,0
KAF2211714,692,610,725,2,0,4,0,0,0,8,0,2,15,31,9
KAF2211715,3819,2966,2529,2,2,0,2,2,12,21,4,12,68,157,54
KAF2211716,6943,5770,3505,6,0,8,3,0,0,23,6,8,63,118,48
KAF2211717,163,118,160,0,0,0,0,0,2,1,2,0,5,6,6
KAF2211718,18993,17107,19725,4,0,2,6,7,4,43,3,14,89,148,75
KAF2211719,7287,5051,863,10,6,4,2,1,8,33,14,14,94,181,84
KAF2211720,194,178,249,2,0,0,0,0,0,2,0,0,7,24,8
KAF2211721,5713,5496,4896,0,4,4,8,3,5,14,5,1,42,68,43
KAF2211722,637,858,626,0,0,4,0,0,0,0,0,2,14,41,16
KAF2211723,4828,4313,4874,4,1,2,2,0,6,8,1,5,25,48,22
KAF2211724,23,53,54,0,0,0,0,0,0,0,0,1,6,4,4
KAF2211725,0,0,0,0,0,0,0,0,0,0,0,0,0,0,0
KAF2211726,853,740,888,0,0,2,2,0,0,32,2,10,86,136,56
KAF2211727,37,24,22,0,0,0,0,0,0,0,0,2,1,1,0
KAF2211728,427,369,626,0,0,0,1,0,0,2,0,0,9,15,21
KAF2211729,1323,1126,819,0,0,2,0,0,1,2,0,1,12,20,15
KAF2211730,5098,4240,2763,0,0,4,4,0,1,11,10,9,79,152,55
KAF2211731,10516,8702,6772,0,2,0,0,2,0,14,8,2,39,65,23
KAF2211732,2533,2131,482,1,4,0,0,0,5,7,3,6,6,20,7
KAF2211733,1331,1040,903,0,0,0,2,0,6,8,1,5,31,47,44
KAF2211734,184,152,113,0,0,0,0,0,0,2,0,0,8,6,8
KAF2211735,6436,5419,1835,2,2,2,0,4,6,13,0,0,11,52,17
KAF2211736,213,256,280,0,0,0,0,0,0,3,0,2,14,18,0
KAF2211737,2,3,0,0,0,0,0,0,0,0,0,0,0,0,0
KAF2211738,96,86,193,0,0,0,0,0,0,0,0,0,0,1,0
KAF2211739,308,248,374,0,0,0,2,0,0,2,0,0,6,40,6
KAF2211740,703,568,434,0,2,1,4,0,0,0,0,0,2,10,2
KAF2211741,1724,1296,1137,0,0,2,0,0,0,4,0,2,8,22,6
KAF2211742,89,85,162,1,0,0,0,0,0,0,0,0,8,8,2
KAF2211743,2,2,6,0,0,0,0,0,0,0,0,0,0,0,0
KAF2211744,2327,2165,1729,0,0,0,4,0,6,14,0,6,39,130,72
KAF2211745,229,194,156,0,0,0,0,0,0,4,0,0,5,12,2
KAF2211746,3268,2919,2845,2,0,2,0,2,5,20,11,4,66,102,73
KAF2211747,84,72,93,0,0,0,0,0,0,2,2,0,0,3,0
KAF2211748,0,0,4,0,0,0,0,0,0,0,0,0,0,0,0
KAF2211749,275,333,214,0,0,0,0,0,0,4,0,0,2,0,2
KAF2211750,25908,18037,1501,0,2,2,0,1,0,10,0,0,28,37,38
KAF2211751,436,359,99,0,0,0,0,0,2,0,0,0,1,3,2
KAF2211752,1217,957,328,0,0,0,0,0,0,2,0,4,2,7,9
KAF2211753,152,110,149,0,0,0,0,0,2,0,0,0,4,6,4
KAF2211754,719,606,665,2,1,0,0,2,0,2,1,0,21,26,14
KAF2211755,996,1044,1317,0,0,0,0,0,0,7,0,4,11,47,13
KAF2211756,591,567,669,0,2,0,0,0,0,5,0,0,39,51,29
KAF2211757,128,88,188,0,0,0,0,0,1,12,0,4,7,29,17
KAF2211758,164,162,196,0,0,0,0,0,0,5,0,2,3,16,17
KAF2211759,148,100,74,0,0,0,0,0,0,1,0,2,1,2,0
KAF2211760,1433,1188,1375,2,0,0,2,0,6,41,16,8,107,203,95
KAF2211761,4922,4266,3513,1,1,0,2,3,13,195,95,65,604,1215,435
KAF2211762,582,634,834,0,0,0,2,0,2,1,0,5,25,52,40
KAF2211763,307,309,665,0,0,0,2,0,0,10,0,1,33,46,31
KAF2211764,222,266,455,0,2,0,2,0,0,6,4,2,64,158,43
KAF2211765,6086,7058,7332,0,0,0,0,0,0,11,0,4,6,16,14
KAF2211766,358,374,431,0,0,0,0,4,2,2,0,2,18,19,12
KAF2211767,456,406,344,4,2,2,0,0,2,4,2,2,32,46,24
KAF2211768,5208,3810,613,0,0,2,0,0,0,8,4,6,18,45,8
KAF2211769,1518,1404,1643,0,0,0,4,0,0,6,4,6,25,73,17
KAF2211770,1501,1132,1010,0,0,0,0,0,0,7,6,0,19,29,22
KAF2211771,910,1081,2120,0,0,0,0,0,0,18,2,3,40,56,41
KAF2211772,3765,3401,2088,4,2,2,1,1,2,24,8,8,83,153,82
KAF2211773,62,40,23,0,0,0,0,0,0,0,1,0,2,1,1
KAF2211774,3774,3268,3610,0,7,1,0,0,2,9,0,4,36,41,15
KAF2211775,174,186,457,2,0,0,0,0,0,2,0,0,14,18,6
KAF2211776,23,10,20,0,0,0,0,0,0,0,0,0,0,1,3
KAF2211777,868,781,892,0,0,0,0,0,2,8,6,8,49,90,31
KAF2211778,11797,10224,6525,2,4,6,2,2,0,18,0,6,20,48,13
KAF2211779,932,849,468,0,0,0,0,0,0,3,0,4,12,26,4
KAF2211780,270,234,273,0,0,0,2,0,0,2,0,4,10,28,11
KAF2211781,273,274,419,0,0,0,0,0,1,2,0,1,12,27,14
KAF2211782,2794,2396,1644,3,0,2,0,0,3,13,4,4,16,49,24
KAF2211783,2450,2141,2135,2,0,0,0,2,2,22,6,10,24,48,35
KAF2211784,3414,4235,6180,2,0,2,0,0,2,15,4,8,50,116,55
KAF2211785,1289,1273,2510,2,0,0,0,0,0,15,0,0,20,60,14
KAF2211786,113,102,71,0,0,0,0,0,0,0,0,0,11,10,0
KAF2211787,6733,8818,12589,4,0,0,16,12,12,42,14,21,263,646,374
KAF2211788,261,212,471,0,0,0,0,0,2,0,0,0,4,10,8
KAF2211789,132,115,153,0,0,0,0,0,0,0,0,0,0,5,2
KAF2211790,1819,1086,392,0,4,0,4,0,0,11,8,0,98,260,74
KAF2211791,34721,37814,33168,0,0,2,11,6,4,20,4,10,67,101,49
KAF2211792,21760,22211,27985,0,2,2,0,0,2,4,0,2,46,42,35
KAF2211793,40,34,42,0,0,0,0,0,0,0,0,0,2,0,0
KAF2211794,5888,5177,4311,2,2,0,2,0,4,14,4,2,38,70,25
KAF2211795,301,229,203,0,0,0,0,0,0,0,0,0,2,8,2
KAF2211796,1119,1012,738,0,0,0,0,0,0,2,0,2,4,13,10
KAF2211797,3863,3519,2833,2,0,0,2,0,0,9,0,6,22,37,31
KAF2211798,85,50,47,0,0,0,0,0,0,0,0,0,0,0,0
KAF2211799,1495,1346,1235,0,0,0,0,0,1,22,5,2,25,34,27
KAF2211800,5560,5303,2849,0,0,0,0,0,0,16,0,4,20,86,31
KAF2211801,52,18,56,0,0,0,0,0,0,0,0,0,0,2,2
KAF2211802,215,239,237,0,0,0,0,0,0,2,0,0,21,16,13
KAF2211803,14314,13664,10560,16,12,10,14,8,13,117,49,51,492,1355,496
KAF2211804,75,68,187,0,0,0,2,0,0,9,0,4,24,43,38
KAF2211805,893,918,1519,0,0,0,0,0,0,10,4,0,38,81,59
KAF2211806,744,805,1097,0,0,0,0,0,0,7,0,0,11,40,25
KAF2211807,1871,1673,2167,2,0,0,2,0,0,11,0,2,35,30,24
KAF2211808,4314,4054,2908,0,2,4,2,2,2,14,0,2,34,44,25
KAF2211809,2073,1783,1684,0,2,0,0,2,8,12,6,6,79,166,50
KAF2211810,29,38,45,0,0,0,0,0,0,0,0,0,0,0,2
KAF2211811,1455,1326,1940,2,2,2,4,0,12,12,7,4,59,139,52
KAF2211812,564,572,990,2,0,0,0,0,10,8,0,6,31,72,28
KAF2211813,3207,3024,4482,2,0,0,2,0,0,25,3,8,75,223,126
KAF2211814,245,254,260,0,2,0,0,0,0,0,5,3,10,34,17
KAF2211815,30,39,70,0,0,0,0,0,0,0,4,0,1,8,2
KAF2211816,152,183,263,0,0,0,1,0,0,0,0,0,6,19,13
KAF2211817,197,245,315,0,0,0,0,0,0,4,0,0,28,18,24
KAF2211818,5949,6155,5983,2,0,4,4,2,4,34,0,18,73,220,102
KAF2211819,2248,1852,1143,2,0,0,0,0,2,5,2,2,10,32,15
KAF2211820,220,233,471,0,0,0,0,2,2,2,3,0,16,35,16
KAF2211821,229,274,438,0,0,0,2,0,0,4,0,2,4,18,5
KAF2211822,119,90,101,0,0,0,2,0,1,0,2,0,8,15,4
KAF2211823,522,443,192,2,0,0,0,0,0,6,0,0,10,42,8
KAF2211824,200,217,243,2,2,0,0,2,0,2,0,0,4,11,4
KAF2211825,12,14,14,0,0,0,0,0,0,0,0,0,0,0,0
KAF2211826,89,83,226,0,0,0,0,0,0,0,2,0,28,49,35
KAF2211827,1133,798,804,0,0,0,0,0,0,5,2,0,36,48,18
KAF2211828,1237,909,713,1,2,0,2,0,0,5,0,1,19,39,22
KAF2211829,794,554,456,2,0,0,2,0,2,8,2,4,26,48,10
KAF2211830,1364,1262,2722,0,0,0,0,0,0,5,2,0,2,22,8
KAF2211831,23551,19821,3532,4,2,2,0,2,4,68,11,7,130,334,108
KAF2211832,1022,824,495,0,0,0,0,0,0,6,0,0,17,31,7
KAF2211833,275,246,241,0,0,0,0,0,2,0,0,4,2,21,13
KAF2211834,831,779,835,2,0,0,0,0,0,10,4,2,26,85,36
KAF2211835,3501,2943,1164,4,0,3,0,0,2,6,3,5,43,67,20
KAF2211836,1164,956,880,0,0,0,0,0,0,4,0,6,17,32,16
KAF2211837,1988,1647,1476,0,0,0,0,0,2,7,0,4,10,35,6
KAF2211838,955,838,1819,2,0,0,0,0,0,14,0,6,26,49,14
KAF2211839,12,20,2,0,0,0,0,0,0,0,0,0,0,0,2
KAF2211840,614,498,424,1,2,2,0,0,0,0,0,2,20,33,21
KAF2211841,990,756,724,0,0,2,0,0,3,0,0,0,12,20,3
KAF2211842,385,226,320,0,0,2,0,0,0,4,0,2,12,8,6
KAF2211843,555,494,556,0,0,0,0,0,2,10,2,0,11,28,18
KAF2211844,4149,3648,3541,4,2,2,2,2,2,12,6,5,55,110,43
KAF2211845,15317,12960,5824,14,0,11,2,6,6,46,16,14,74,179,66
KAF2211846,225,215,305,0,0,0,0,0,0,4,0,2,14,14,2
KAF2211847,488,559,885,0,0,0,0,0,2,6,2,0,38,44,42
KAF2211848,14,34,39,0,0,0,0,0,0,0,0,0,2,2,1
KAF2211849,69,39,108,0,0,0,0,0,1,0,0,0,5,1,1
KAF2211412,0,0,0,0,0,0,0,0,0,0,0,0,0,0,0
KAF2211413,237,216,371,0,0,0,2,2,0,10,8,13,56,53,36
KAF2211414,0,0,0,0,0,0,0,0,0,0,0,0,0,0,0
KAF2211415,1254,1028,1594,0,0,0,0,0,0,4,2,4,6,20,6
KAF2211416,48,76,110,0,0,0,0,0,0,0,0,0,2,7,8
KAF2211417,1539,1510,2210,0,0,0,2,0,0,10,10,0,44,74,27
KAF2211418,8252,7799,9840,6,0,6,4,0,2,20,6,2,44,84,35
KAF2211419,260,305,546,0,0,0,5,2,4,18,7,4,46,146,71
KAF2211420,1607,1491,2490,0,2,2,2,0,2,13,2,4,55,148,68
KAF2211421,53,90,151,0,0,0,0,0,0,0,0,0,0,4,0
KAF2211422,163,138,187,0,0,0,0,0,0,1,0,1,0,1,2
KAF2211423,11041,11282,11895,0,2,0,2,4,2,21,6,2,31,74,35
KAF2211424,1978,2017,2305,0,0,0,0,0,2,20,0,4,18,72,30
KAF2211425,690,584,692,0,0,2,4,0,0,4,2,3,42,55,28
KAF2211426,2043,1710,1860,0,0,0,7,0,6,29,8,5,42,136,58
KAF2211427,822,845,1579,0,0,0,2,4,10,38,8,15,82,142,48
KAF2211428,684,619,813,0,0,0,2,2,2,40,18,10,79,126,50
KAF2211429,484,525,1268,0,0,0,0,2,3,20,7,4,42,64,30
KAF2211430,1352,1074,1047,0,2,0,0,0,2,2,0,0,17,40,7
KAF2211431,839,663,894,0,0,2,0,0,0,0,0,6,10,38,6
KAF2211432,1113,1076,1893,0,3,0,2,2,4,16,0,3,35,93,68
KAF2211433,247,244,389,0,0,0,0,0,0,3,0,0,14,47,21
KAF2211434,409,375,773,0,0,0,0,0,2,14,2,0,27,69,22
KAF2211435,108,116,126,0,0,0,0,0,0,1,0,2,12,8,6
KAF2211436,888,858,1078,0,0,0,0,4,1,13,4,8,35,74,36
KAF2211437,797,760,1100,0,0,0,0,0,2,6,4,3,28,34,10
KAF2211438,1444,1189,1801,0,0,4,2,3,0,12,4,8,32,77,30
KAF2211439,22887,21343,32882,16,4,9,3,2,1,47,7,20,154,256,124
KAF2211440,1183,1075,1233,0,2,1,2,0,0,15,3,4,19,36,42
KAF2211441,175,239,329,0,0,0,0,0,0,2,0,0,2,17,14
KAF2211442,1389,1115,1088,2,6,5,4,1,4,10,4,2,44,100,18
KAF2211443,2087,2509,3835,2,4,4,0,0,0,6,0,0,22,88,29
KAF2211444,88,57,136,0,0,0,0,0,0,3,0,0,4,10,4
KAF2211445,431,390,616,0,0,0,0,0,2,6,3,0,31,72,14
KAF2211446,2312,2134,1828,0,0,0,3,0,6,17,5,6,54,135,80
KAF2211447,14042,15338,20452,0,0,4,10,16,8,103,26,18,245,518,217
KAF2211448,3995,3707,2945,0,4,0,0,0,0,16,4,4,44,94,49
KAF2211449,2524,2050,2988,0,0,2,0,0,4,12,8,3,83,146,56
KAF2211450,843,671,1115,0,0,0,2,2,0,10,2,6,24,34,22
KAF2211451,238,203,375,0,0,0,0,2,2,0,2,0,9,30,27
KAF2211452,1522,1313,1239,0,0,0,2,0,0,1,0,8,31,46,13
KAF2211453,114,79,165,0,0,0,0,0,0,2,0,2,5,3,3
KAF2211454,516,397,601,0,0,2,2,2,0,12,4,0,32,66,34
KAF2211455,642,443,426,0,0,0,1,0,0,8,3,0,35,82,30
KAF2211456,1811,1445,862,0,0,2,0,0,5,16,2,7,32,59,17
KAF2211457,68,40,115,0,0,2,0,0,0,0,0,0,0,5,5
KAF2211458,952,725,1035,0,0,0,2,0,4,6,2,2,39,41,33
KAF2211459,2466,2010,1856,6,0,2,2,2,0,10,8,6,31,70,25
KAF2211460,1290,1106,689,0,0,0,2,0,0,10,2,0,18,44,24
EFT00053797975,0,0,0,0,0,0,0,0,0,0,0,0,0,0,0
KAF2211461,321,301,499,0,0,0,0,0,0,37,26,20,170,279,111
KAF2211462,99,89,130,0,0,0,1,0,0,7,2,4,12,18,5
KAF2211463,248,234,212,0,0,0,4,0,0,38,10,8,77,134,50
KAF2211464,41,50,73,0,0,0,0,0,0,0,0,0,3,6,2
KAF2211465,302,246,520,0,0,0,0,0,0,0,2,0,8,30,12
KAF2211466,176,169,319,0,0,0,0,0,0,2,0,2,2,12,3
KAF2211467,71,32,124,0,1,0,0,0,0,1,0,0,0,4,2
KAF2211468,1610,1446,1721,2,0,0,0,0,2,4,6,10,51,96,32
KAF2211469,1619,1608,2246,2,0,0,0,0,7,13,2,2,38,94,44
KAF2211470,4650,4679,5827,2,0,6,2,0,1,23,5,13,114,172,98
KAF2211471,449,506,861,0,0,2,0,0,2,4,2,4,26,58,28
KAF2211472,27,16,24,0,0,0,0,0,0,0,0,0,0,0,0
KAF2211473,17,8,8,0,0,0,0,0,0,2,0,0,0,0,0
KAF2211474,193,225,114,0,0,0,0,0,0,0,0,0,5,14,3
KAF2211475,1062,994,412,2,2,0,0,0,2,0,6,0,17,37,8
KAF2211476,306,213,271,0,0,0,0,0,0,6,0,0,17,16,18
KAF2211477,175,158,632,0,0,0,0,0,0,4,0,0,17,28,6
KAF2211478,305,298,776,0,0,0,0,0,0,8,0,0,15,27,25
KAF2211479,733,820,1857,0,2,0,0,0,0,6,6,0,40,76,50
KAF2211480,228900,235341,172589,12,12,22,37,16,53,662,228,240,1644,5014,2500
KAF2211481,2967,3529,5335,0,0,0,0,0,0,8,0,1,35,89,69
KAF2211482,1124,1028,1366,0,0,0,0,0,0,7,0,2,15,26,23
KAF2211483,3184,2634,4304,2,0,4,0,0,2,24,6,0,30,64,18
KAF2211484,5609,5284,4736,0,2,2,2,0,6,6,4,2,44,82,40
KAF2211485,19416,17614,9539,6,2,4,6,0,0,16,10,16,52,111,55
KAF2211486,723,688,1569,0,0,0,0,2,0,19,0,4,32,99,51
KAF2211487,6234,5452,4604,2,2,0,2,4,0,42,8,14,88,128,53
KAF2211488,3551,3039,3547,3,0,0,2,0,2,10,6,8,26,54,20
KAF2211489,3099,2703,2042,0,0,0,0,0,0,13,0,0,25,51,16
KAF2211490,5548,5132,4813,0,2,4,0,0,3,20,10,8,57,135,53
KAF2211491,1070,1233,2857,0,0,4,0,6,4,28,11,0,66,162,71
KAF2211492,2485,2140,1320,2,2,2,1,0,4,4,10,2,44,66,26
KAF2211493,3025,3128,1730,0,0,0,2,0,0,20,6,2,17,38,32
KAF2211494,16449,15724,8984,2,2,1,0,4,0,24,3,1,66,106,54
KAF2211495,12153,11559,5092,3,2,0,0,4,0,11,6,2,40,86,45
KAF2211496,520,408,666,1,0,3,0,0,2,1,3,3,6,16,9
KAF2211497,3776,3435,1933,6,7,4,0,0,0,8,9,4,45,68,25
KAF2211498,3230,2883,1232,8,2,4,0,0,0,12,6,2,22,73,12
KAF2211499,887,763,961,0,0,0,0,0,0,16,2,10,59,84,19
KAF2211500,55,42,38,0,0,0,0,0,0,1,1,0,0,0,0
KAF2211501,3239,3030,2685,0,0,0,2,0,3,8,2,4,25,20,14
KAF2211502,208,195,320,0,0,0,0,0,0,0,2,2,22,18,6
KAF2211503,523,461,298,0,0,0,0,0,0,0,0,0,2,13,1
KAF2211504,822,825,1224,0,0,0,0,0,4,17,10,16,65,187,76
KAF2211505,189,141,207,0,0,0,0,0,0,4,4,4,17,35,39
KAF2211506,822,667,797,0,0,0,0,0,1,4,0,4,12,30,10
KAF2211507,1760,1576,1706,0,0,2,2,0,0,9,0,8,21,86,25
KAF2211508,261,268,338,0,0,0,0,0,0,8,0,2,12,38,14
KAF2211509,598,636,1283,2,2,0,0,1,0,4,4,0,16,69,37
KAF2211510,440,539,888,0,0,0,0,0,0,4,0,2,3,21,6
KAF2211511,8122,7439,6885,2,4,2,0,6,6,38,11,14,110,244,102
KAF2211512,10282,9353,6201,4,0,0,0,2,2,32,8,5,54,87,22
KAF2211513,2242,2583,3103,0,0,0,0,0,2,88,34,46,206,552,169
KAF2211514,5,3,23,0,0,0,0,0,0,0,0,0,0,3,0
KAF2211515,92,80,258,0,0,0,0,0,0,2,4,0,4,15,4
KAF2211516,216,143,231,0,0,0,0,0,6,22,2,18,71,135,54
KAF2211517,2347,1882,1465,0,0,1,3,4,1,7,6,7,46,114,32
KAF2211518,806,816,931,0,0,1,2,0,0,6,10,3,39,94,58
KAF2211519,7104,6531,5299,4,2,4,0,0,8,33,13,6,91,143,39
KAF2211520,12259,10317,6855,10,6,4,4,3,4,24,4,24,65,95,24
KAF2211521,2481,2321,729,0,0,0,0,0,0,2,0,0,15,25,6
KAF2211522,9655,8780,12764,4,0,4,8,0,4,8,0,6,38,87,17
KAF2211523,776,623,553,0,0,0,2,0,0,3,3,0,9,14,7
KAF2211524,1126,922,1022,0,2,0,0,0,2,16,2,2,14,36,18
KAF2211525,936,904,1078,0,0,0,0,0,1,14,2,2,32,59,30
KAF2211526,132,136,283,0,0,0,0,0,0,0,0,0,2,0,0
KAF2211527,37,57,103,0,0,0,0,0,0,0,0,0,0,0,0
KAF2211528,571,562,770,4,0,0,6,12,13,104,14,50,69,162,62
KAF2211529,242,238,272,2,0,0,0,0,0,6,0,0,6,23,17
KAF2211530,2626,2062,1258,2,0,0,0,0,0,6,2,2,15,36,21
KAF2211531,1546,1226,916,0,2,0,0,0,4,6,2,2,18,33,23
KAF2211532,1111,1062,848,0,0,0,0,0,0,16,2,4,58,77,64
KAF2211533,955,879,653,0,0,0,0,0,2,12,0,4,42,58,29
KAF2211534,194,162,151,0,0,2,0,0,0,4,0,1,12,13,7
KAF2211535,131,90,188,0,0,0,0,0,0,8,0,0,2,10,2
KAF2211536,260,226,191,0,0,0,0,0,0,2,0,4,10,11,7
KAF2211537,26,18,208,0,0,0,0,0,0,0,0,0,0,6,10
KAF2211538,2957,2506,2986,0,2,0,0,0,2,16,0,4,45,65,10
KAF2211539,174,144,201,0,0,0,0,0,0,0,2,4,6,37,10
KAF2211540,95,123,196,0,0,0,0,0,0,0,0,0,6,5,2
KAF2211541,215,176,368,0,0,0,0,0,0,4,0,2,10,24,14
KAF2211542,369,328,368,0,2,0,0,0,0,8,0,2,13,51,13
KAF2211543,363,323,336,0,0,0,0,0,0,6,0,2,16,17,6
KAF2211544,195,240,402,0,0,0,0,0,0,2,0,0,19,2,2
KAF2211545,35,26,51,0,0,0,0,0,0,0,0,0,0,0,0
KAF2211546,52,69,125,0,0,0,0,0,1,0,0,0,2,4,2
KAF2211547,563,422,1546,0,0,0,0,0,2,30,0,2,8,16,6
KAF2211548,71,34,50,0,0,0,0,0,0,0,0,0,0,4,0
KAF2211549,30,16,26,0,0,0,0,0,0,0,0,0,0,2,0
KAF2211550,320,237,343,2,0,0,0,0,0,2,2,0,12,17,5
KAF2211551,721,567,501,0,0,0,0,0,0,4,0,2,11,20,13
KAF2211552,401,464,360,0,4,0,0,0,0,0,0,0,4,7,6
KAF2211553,5107,4729,5053,2,0,2,2,2,2,23,2,25,79,179,95
KAF2211554,9219,8143,7594,1,4,1,19,2,7,63,20,11,88,168,102
KAF2211555,78,48,80,0,0,0,0,0,0,2,2,0,0,4,2
KAF2211556,4561,4462,6716,0,0,2,4,4,14,62,11,12,162,384,166
KAF2211557,329,259,553,0,0,2,0,0,2,0,0,4,6,8,0
KAF2211558,2972,2347,2687,0,2,2,0,2,0,40,14,4,47,111,30
KAF2211559,8299,7306,3574,2,4,4,12,0,6,55,9,20,143,325,129
KAF2211560,53,25,56,0,0,0,0,0,0,1,0,2,2,0,2
KAF2211561,1086,1117,1263,0,0,0,2,0,0,6,2,2,38,80,77
KAF2211562,255,269,291,0,0,1,1,0,0,0,0,0,5,12,6
KAF2211563,2587,2367,1785,0,0,2,0,0,0,4,0,2,20,21,16
KAF2211564,650,507,757,0,0,0,0,0,0,12,0,4,74,164,78
KAF2211565,832,741,1166,2,0,0,2,0,2,16,7,8,115,213,105
KAF2211566,1253,999,502,2,2,0,0,0,0,7,4,8,45,75,35
KAF2211567,360,314,221,1,1,0,0,0,0,3,2,0,13,26,12
KAF2211568,81,85,86,0,0,0,0,0,0,0,0,0,0,6,1
KAF2211569,11721,10164,12505,8,10,10,41,7,35,184,56,66,687,1706,585
KAF2211570,10924,7423,1733,4,2,2,2,9,14,125,54,25,341,942,256
KAF2211571,717,666,1345,2,0,0,0,0,0,19,2,0,36,87,34
KAF2211572,392,393,545,0,0,0,0,0,2,7,4,2,30,84,34
KAF2211573,36,25,86,0,0,0,0,0,0,1,0,0,4,7,0
EFT00053797977,0,0,0,0,0,0,0,0,0,0,0,0,0,0,0
KAF2211574,1583,1441,3306,0,0,0,0,0,2,19,6,10,42,97,50
KAF2211575,1634,1489,1840,0,0,0,4,0,2,6,0,8,24,32,9
KAF2211576,1812,1775,1948,2,0,4,4,0,2,18,12,4,82,151,80
KAF2211577,53,48,95,0,0,0,0,0,0,4,0,0,4,0,2
KAF2211578,3899,3525,3141,0,0,0,0,2,0,28,2,6,56,111,32
KAF2211579,2308,1950,1091,0,0,0,2,0,0,4,0,0,9,38,12
KAF2211580,3604,2933,2544,2,4,4,6,2,2,26,8,10,65,138,77
KAF2211581,16719,14813,14140,4,2,10,6,6,14,106,50,20,432,937,391
KAF2211582,267,220,281,0,0,0,0,0,0,8,4,0,17,33,18
KAF2211583,667,514,329,0,0,0,0,0,0,8,2,2,17,26,14
KAF2211584,856,697,481,0,0,0,0,0,0,7,2,1,18,41,31
KAF2211585,2370,2321,2879,0,0,2,6,2,8,24,22,10,113,327,167
KAF2211586,751,776,804,3,0,0,0,0,0,11,6,2,59,101,70
KAF2211587,863,856,861,0,0,0,0,0,2,5,4,6,21,54,30
KAF2211588,936,754,801,1,0,0,0,0,0,8,4,0,19,41,22
KAF2211589,321,269,496,2,0,0,0,4,2,0,0,2,8,21,0
KAF2211590,4897,4109,2255,2,1,2,31,17,17,28,11,17,127,207,114
KAF2211591,390,230,149,0,0,0,2,0,0,7,4,2,0,7,2
KAF2211592,7161,6447,4650,2,2,0,0,0,2,26,4,10,64,129,59
KAF2211593,1739,1608,1039,2,0,0,0,0,0,11,2,0,13,19,5
KAF2211594,1677,1589,2215,0,0,0,0,0,2,18,1,2,92,156,71
KAF2211595,7057,6863,6266,2,4,4,0,0,0,16,2,4,32,86,38
KAF2211596,11673,10028,3744,2,4,2,0,2,2,16,0,4,24,66,26
KAF2211597,2295,1881,2493,2,0,0,0,0,2,21,2,10,43,63,33
KAF2211598,2180,1934,1402,0,1,0,3,1,2,16,9,3,47,164,77
KAF2211599,1294,1215,682,0,0,0,4,0,0,7,1,2,27,29,14
KAF2211600,459,410,282,0,0,0,0,0,0,8,2,0,7,28,9
KAF2211601,572,484,542,0,2,3,0,0,0,7,0,0,8,20,6
KAF2211602,901,843,542,2,0,1,0,0,0,3,0,0,5,25,2
KAF2211603,14830,12734,6753,0,0,8,2,0,9,16,0,14,52,142,49
EFT00053797976,1,0,2,0,0,0,0,0,0,0,0,0,0,0,0
KAF2211604,192,208,154,0,0,0,0,0,0,0,0,2,20,46,20
KAF2211605,1097,880,887,0,0,2,0,2,4,14,2,2,30,73,34
KAF2211606,1080,977,638,0,0,1,0,0,0,6,1,2,31,51,10
KAF2211607,127,139,603,0,0,0,0,0,0,0,0,0,3,15,2
KAF2211608,26,10,30,0,0,0,2,0,1,2,0,0,4,2,4
KAF2211609,1771,1636,959,2,0,0,2,6,7,10,2,0,33,84,54
KAF2211610,252,220,178,2,0,2,2,0,0,2,0,2,2,6,5
KAF2211611,15804,14065,7468,0,2,5,0,2,6,20,2,8,22,57,24
KAF2211612,1982,1880,1574,0,0,0,0,2,4,25,2,2,64,107,44
KAF2211613,644,663,1540,0,0,0,2,0,4,26,4,12,72,85,53
KAF2211614,228,141,329,0,0,0,0,0,0,0,6,2,6,7,2
KAF2211615,62,60,97,0,0,0,0,0,0,2,0,0,2,8,1
KAF2211616,38,45,90,0,0,0,0,0,0,0,0,0,0,0,2
KAF2211617,16,16,34,0,0,0,0,0,0,0,0,0,0,0,0
KAF2211618,34,30,45,0,0,0,0,0,2,0,2,0,0,4,6
KAF2211619,297,374,490,0,0,0,6,0,6,51,12,8,53,89,20
KAF2211620,355,392,632,0,0,0,2,2,6,14,6,6,18,52,23
KAF2211621,1836,1643,1405,0,0,0,0,0,2,5,0,10,8,34,19
KAF2211622,202,188,345,0,0,0,0,0,2,8,0,2,4,19,6
KAF2211623,322,328,789,0,0,0,0,0,0,4,0,0,5,28,6
KAF2211624,25,18,43,0,0,0,0,0,0,2,0,0,0,2,0
KAF2211625,2601,2291,1528,2,1,2,0,0,2,28,2,6,32,70,26
KAF2211626,524,588,1106,2,0,0,0,0,0,4,0,0,26,74,41
KAF2211627,253,190,265,0,0,0,0,0,0,2,0,0,2,14,4
KAF2211628,14,14,25,0,0,0,0,0,0,0,0,0,1,1,1
KAF2211196,866,939,979,0,0,0,0,2,0,9,6,8,27,60,51
KAF2211197,3335,3050,1837,0,0,0,0,0,4,18,16,10,49,158,50
KAF2211198,1457,1569,2784,0,0,0,0,0,0,11,0,0,31,42,25
KAF2211199,89,69,60,0,0,0,0,0,0,0,0,0,0,0,1
KAF2211200,1681,1589,1858,0,2,0,2,0,2,12,4,6,49,97,43
KAF2211201,245,255,352,0,0,0,0,0,0,0,0,0,4,4,4
KAF2211202,12421,14055,11864,0,0,3,0,0,1,13,6,4,55,130,61
KAF2211203,10664,10705,7150,4,0,2,0,0,1,36,12,20,132,199,110
KAF2211204,58,70,215,0,0,0,0,0,2,2,0,0,1,16,18
KAF2211205,1507,1442,1662,0,0,1,0,0,5,10,0,4,30,71,34
KAF2211206,1006,886,632,0,0,2,0,0,0,4,0,4,10,49,26
KAF2211207,907,738,864,0,2,0,1,0,0,5,1,2,27,30,29
KAF2211208,786,841,1342,0,0,0,1,0,0,11,7,2,29,82,55
KAF2211209,864,814,1082,0,4,2,0,0,0,8,2,2,13,60,13
KAF2211210,1287,1290,2610,0,0,2,0,6,2,21,24,10,63,189,86
KAF2211211,496,509,925,2,0,0,2,0,3,13,4,4,20,57,18
KAF2211212,419,362,446,0,0,0,0,0,0,2,0,1,9,16,3
KAF2211213,496,481,629,0,2,0,0,0,0,8,2,0,0,32,8
KAF2211214,10109,8684,6118,4,4,8,4,2,12,69,16,21,195,388,130
KAF2211215,45,33,87,0,0,0,0,0,0,0,0,0,0,1,0
KAF2211216,35,37,57,0,0,0,0,0,0,0,0,0,0,4,2
KAF2211217,1840,1650,1450,2,2,2,4,0,0,17,10,4,21,88,20
KAF2211218,764,696,865,0,0,0,0,0,0,2,6,4,21,66,30
KAF2211219,116,99,171,0,0,0,0,0,0,0,0,4,5,12,4
KAF2211220,20790,20596,15632,0,2,2,8,2,10,74,12,14,92,159,108
KAF2211221,566,516,571,0,0,0,0,0,0,10,0,0,12,19,16
KAF2211222,371,358,456,2,0,0,0,0,0,4,2,2,0,14,2
KAF2211223,1887,1714,2331,0,2,4,0,0,0,6,2,4,15,30,16
KAF2211224,2020,2304,4579,0,2,0,0,0,0,46,12,10,68,234,87
KAF2211225,388,422,755,0,0,0,0,0,2,10,0,2,8,16,8
KAF2211226,621,508,753,0,2,0,2,0,0,12,0,2,42,62,34
KAF2211227,0,0,0,0,0,0,0,0,0,0,0,0,0,0,0
KAF2211228,94,94,100,0,0,0,0,0,0,2,0,0,10,28,7
KAF2211229,826,1038,1986,0,2,0,0,0,0,6,2,4,22,55,16
KAF2211230,2323,1951,997,2,0,0,0,0,0,10,2,1,26,63,24
KAF2211231,3326,2960,1495,0,0,2,0,2,0,4,1,2,57,92,35
KAF2211232,233,318,639,0,0,0,0,0,0,2,0,0,9,5,4
KAF2211233,14799,14154,19061,4,2,2,14,11,12,108,19,25,308,677,249
KAF2211234,276,264,476,0,0,2,0,0,0,1,2,2,4,10,8
KAF2211235,10334,11243,17308,0,2,0,12,8,22,226,44,52,712,1475,582
KAF2211236,4713,4039,4856,2,2,0,2,2,6,34,12,10,112,178,75
KAF2211237,51,33,37,0,0,0,0,0,0,0,0,0,4,0,0
KAF2211238,3187,2473,2122,0,0,0,0,0,3,3,2,1,11,55,23
KAF2211239,1579,1177,2756,0,4,0,3,0,0,11,8,0,51,86,28
KAF2211240,38,40,33,0,0,0,0,0,0,0,0,0,0,0,6
KAF2211241,5109,5626,6645,0,0,0,2,2,2,8,0,2,19,37,13
KAF2211242,12973,13562,44554,5,3,5,4,2,4,32,5,14,179,320,172
KAF2211243,448,503,808,0,0,2,0,0,0,6,1,0,26,51,27
KAF2211244,4996,4012,2780,2,0,2,0,0,0,13,0,0,41,69,44
KAF2211245,199,165,365,0,0,0,0,0,2,4,0,2,2,12,11
KAF2211246,114,77,162,0,0,0,0,0,0,0,0,2,10,22,10
KAF2211247,203,148,211,2,0,0,0,2,4,8,6,4,22,98,28
KAF2211248,86,95,238,0,0,0,0,0,0,0,0,0,6,11,4
KAF2211249,51,68,95,0,0,0,0,0,0,1,0,0,2,6,0
KAF2211250,135,150,254,0,0,0,0,0,0,3,0,0,4,7,0
KAF2211251,103,93,210,0,0,0,0,0,0,2,1,0,12,22,7
KAF2211252,371,399,482,0,0,0,1,0,0,6,4,0,16,63,20
KAF2211253,2630,3284,3420,0,0,0,2,6,10,80,23,34,197,323,154
KAF2211254,1116,818,383,0,0,0,0,1,5,15,5,3,60,124,84
KAF2211255,1520,1218,1704,2,2,0,4,0,0,28,21,12,75,117,95
KAF2211256,62,50,78,0,0,0,0,0,0,2,0,2,0,4,0
KAF2211257,1038,756,320,2,0,0,0,0,1,6,3,0,4,33,7
KAF2211258,6456,5236,3073,1,4,1,2,0,4,10,4,7,40,135,41
KAF2211259,4187,3982,4126,0,3,0,2,0,1,9,2,10,22,42,36
KAF2211260,768,700,727,0,0,0,0,1,0,2,0,3,15,18,5
KAF2211261,40,35,86,0,0,0,0,0,0,0,0,0,2,0,3
KAF2211262,3766,3078,3314,0,0,7,0,0,2,7,3,0,41,75,35
KAF2211263,434,494,564,0,0,0,0,0,1,30,13,33,67,76,47
KAF2211264,213,145,110,0,0,0,0,0,0,0,0,0,10,6,8
KAF2211265,100,56,51,0,0,0,0,0,0,3,0,0,2,4,0
KAF2211266,2399,2979,5350,6,4,6,0,0,0,3,0,0,11,18,10
KAF2211267,1674,1413,1719,0,0,0,2,0,4,6,8,2,19,44,15
KAF2211268,1584,1463,1644,0,0,2,0,2,0,6,4,0,20,80,39
KAF2211269,13481,12611,9427,10,2,12,8,16,26,189,52,47,768,1620,726
KAF2211270,72861,67657,104401,78,87,107,54,46,69,662,183,329,1235,2625,952
KAF2211271,17,5,14,0,0,0,0,0,0,0,0,0,1,0,0
KAF2211272,38,38,51,0,0,0,0,1,0,0,0,2,7,0,2
KAF2211273,270,269,194,2,1,0,0,0,0,4,2,0,8,9,12
KAF2211274,18032,17928,15384,4,0,5,2,0,0,35,12,6,47,129,57
KAF2211275,6198,6290,4217,5,0,2,4,0,0,10,2,10,54,88,54
KAF2211276,2974,3100,6667,0,0,0,7,0,2,25,6,7,40,62,41
KAF2211277,966,793,580,0,0,0,0,0,3,35,6,12,50,63,38
KAF2211278,396,321,550,0,0,0,0,0,2,18,2,6,40,55,24
KAF2211279,993,735,349,0,2,2,2,2,0,1,4,0,21,46,5
KAF2211280,315,315,302,0,0,0,0,0,0,8,2,0,10,25,18
KAF2211281,553,559,1133,0,0,0,0,0,2,10,2,10,43,85,20
KAF2211282,15284,15237,12373,0,4,2,0,2,8,50,16,20,79,206,134
KAF2211283,965,913,1270,0,0,0,0,0,0,5,2,0,21,32,19
KAF2211284,4927,3909,3195,2,2,0,0,0,0,12,0,3,31,72,20
KAF2211285,2019,1753,3229,0,2,2,8,0,8,34,6,2,56,148,57
KAF2211286,731,805,1568,0,0,0,0,2,6,21,4,4,45,75,33
KAF2211287,1374,1477,1604,2,0,2,4,0,0,2,0,0,12,32,4
KAF2211288,2978,2809,5209,4,2,4,2,2,6,34,6,16,38,67,32
KAF2211289,138,115,138,0,0,0,0,2,0,17,4,5,84,158,54
KAF2211290,566,520,734,0,0,0,0,0,0,3,0,0,0,8,2
KAF2211291,8650,7310,4043,2,0,4,2,0,0,4,2,10,24,67,10
KAF2211292,252,298,219,0,0,0,0,0,0,2,0,0,0,4,0
KAF2211293,875,941,409,0,0,0,0,0,0,0,0,0,2,3,2
KAF2211294,445,408,534,0,1,0,2,2,1,6,2,2,25,56,16
KAF2211295,151,151,236,0,0,0,0,0,0,0,0,2,4,8,4
KAF2211296,178,172,402,0,0,0,0,0,0,3,0,0,16,17,5
KAF2211297,588,551,1336,0,0,2,2,0,2,8,0,8,20,65,36
KAF2211298,1111,831,521,0,2,0,0,0,0,4,0,0,0,21,7
KAF2211299,669,690,858,0,0,2,0,2,0,12,5,2,36,78,37
KAF2211300,2,1,6,0,0,0,0,0,0,0,0,0,0,0,0
KAF2211301,8,0,6,0,0,0,0,0,0,0,0,0,0,0,0
KAF2211302,11674,10364,8373,7,10,8,14,15,16,159,67,40,728,1890,1040
KAF2211303,27628,23410,14946,18,10,12,22,23,24,199,88,94,741,2033,897
KAF2211304,39,48,13,0,0,0,0,0,0,0,0,0,2,0,0
KAF2211305,3,18,16,0,0,0,0,0,0,0,0,0,4,0,0
KAF2211306,0,3,0,0,0,0,2,0,0,0,0,0,0,0,0
KAF2211307,4739,6531,9034,2,0,0,2,0,0,6,4,0,31,86,42
KAF2211308,18976,18644,11962,3,4,2,2,2,2,6,2,6,55,76,54
KAF2211309,12796,11498,9566,1,1,7,0,0,1,4,0,0,17,25,18
KAF2211310,3885,3353,2987,0,2,0,0,0,0,5,0,2,7,22,6
KAF2211311,7244,5567,3345,0,2,1,2,0,0,8,0,0,22,33,22
KAF2211312,20715,16761,6055,0,0,2,0,2,0,12,2,6,70,106,58
KAF2211313,2700,2707,6190,1,0,0,8,3,3,112,15,11,92,127,77
KAF2211314,8811,8125,7883,2,1,4,1,0,0,19,2,0,6,25,6
KAF2211315,422,353,557,0,0,0,0,0,0,0,2,0,10,13,10
KAF2211316,1279,1199,1185,0,0,0,2,2,6,55,27,24,152,248,79
KAF2211317,469,414,437,0,1,0,0,2,1,2,3,0,10,41,20
KAF2211318,751,592,606,0,1,0,0,1,0,7,2,2,12,51,32
KAF2211319,12583,12075,8401,8,8,8,18,12,10,140,52,32,725,1667,780
KAF2211320,14,21,9,0,0,0,0,0,0,0,0,0,0,0,1
KAF2211321,20,11,11,0,0,0,0,0,0,0,0,0,0,0,0
KAF2211322,387,363,556,0,0,0,0,0,0,2,0,2,8,14,10
KAF2211323,66,73,98,0,0,0,0,0,0,2,0,0,4,16,4
KAF2211324,54,34,52,0,0,0,0,0,0,0,0,0,3,0,0
KAF2211325,88,105,155,0,0,0,1,0,0,2,0,2,0,2,2
KAF2211326,1280,981,1152,0,4,0,2,2,0,9,2,11,43,85,14
KAF2211327,117,145,207,0,0,0,0,0,0,7,0,0,12,16,8
KAF2211328,7523,5661,3140,4,2,2,0,5,2,21,4,14,75,137,44
KAF2211329,716,607,652,0,0,0,0,0,0,14,4,9,22,43,28
KAF2211330,242,286,210,0,0,0,0,0,2,6,0,0,2,2,4
KAF2211331,8,5,15,0,0,0,0,0,0,0,0,0,1,1,0
KAF2211332,250,260,373,0,0,0,0,0,0,12,2,6,39,69,32
KAF2211333,3914,4297,6163,5,0,8,0,0,0,18,4,4,72,128,60
KAF2211334,392,453,1480,0,0,0,0,0,0,3,4,5,11,36,5
KAF2211335,17368,15290,13310,6,7,8,11,17,36,232,76,117,849,1357,400
KAF2211336,873,856,1231,0,0,0,0,2,0,7,2,8,19,54,29
KAF2211337,1388,1407,1970,2,0,0,4,2,0,19,4,2,36,77,44
KAF2211338,2461,2445,4561,0,0,1,0,2,4,30,2,10,55,78,24
KAF2211339,19347,18232,11537,5,0,2,0,0,0,20,0,6,50,78,30
KAF2211340,1606,1630,2057,2,2,0,0,0,2,10,0,4,13,28,13
KAF2211341,1380,1150,1581,4,4,4,0,4,0,3,2,2,18,36,7
KAF2211342,1813,1746,838,0,0,3,0,0,2,9,4,2,10,29,28
KAF2211343,17,11,40,0,0,0,0,0,0,0,0,0,0,8,0
KAF2211344,67,79,128,0,0,0,0,0,0,2,0,0,3,7,2
KAF2211345,292,177,430,0,0,0,0,0,2,5,2,0,8,24,12
KAF2211346,216,173,354,0,2,1,0,0,2,13,4,6,12,43,20
KAF2211347,210,231,381,0,0,0,0,2,0,13,2,3,25,81,10
KAF2211348,4,0,4,0,0,0,0,0,0,0,0,0,0,0,0
KAF2211349,105,96,183,0,2,2,0,0,0,8,4,6,14,53,4
KAF2211350,108,91,260,0,0,0,2,0,0,17,8,12,46,70,24
KAF2211351,12,22,29,0,0,0,0,0,0,0,0,2,0,3,4
KAF2211352,40,41,40,0,0,0,0,0,0,2,0,0,0,0,0
KAF2211353,988,1155,801,2,2,0,0,0,0,0,0,0,4,10,6
KAF2211354,149,170,300,0,0,0,0,0,0,8,10,14,51,83,18
KAF2211355,142,130,74,0,0,0,0,0,0,2,2,0,8,6,4
KAF2211356,39,44,56,0,0,0,0,0,0,0,0,0,2,5,2
KAF2211357,17,22,31,0,0,0,0,0,0,0,0,0,0,1,1
KAF2211358,2717,2305,2061,2,0,0,0,0,2,15,6,4,42,52,19
KAF2211359,1192,1310,2572,0,0,0,3,0,2,12,6,6,37,49,30
KAF2211360,393,356,141,0,0,0,0,0,0,7,2,0,4,10,5
KAF2211361,66,104,177,0,0,0,0,0,0,10,0,0,10,14,8
KAF2211362,9,23,18,0,0,0,0,0,0,0,0,0,0,4,0
KAF2211363,1293,1224,2400,2,0,2,4,0,1,26,10,6,69,124,69
KAF2211364,90,59,100,0,0,0,0,0,1,2,0,2,2,10,0
KAF2211365,11,14,4,0,0,0,0,0,0,0,0,0,0,0,0
KAF2211366,2674,2251,2090,0,2,4,0,2,2,27,6,10,65,140,68
KAF2211367,920,812,609,2,0,0,0,0,0,16,5,9,28,58,19
KAF2211368,918,1014,1318,0,2,1,2,0,2,7,0,3,40,63,31
KAF2211369,469,459,1142,0,0,0,0,0,2,2,0,4,28,41,5
KAF2211370,660,561,1270,2,0,0,2,0,2,47,15,14,57,120,67
KAF2211371,2,5,0,0,0,0,0,0,0,0,0,0,0,2,0
KAF2211372,2285,2091,2486,0,0,0,2,0,6,60,14,18,106,164,92
KAF2211373,534,704,1082,0,0,0,0,0,2,10,0,0,32,75,36
KAF2211374,1771,2019,4361,0,0,0,2,0,1,10,1,0,33,63,26
KAF2211375,41,58,67,0,0,0,0,0,1,0,0,0,4,11,3
KAF2211376,252,247,501,0,0,0,0,0,0,6,0,5,15,80,27
KAF2211377,43,42,113,0,0,0,0,0,0,0,0,0,2,6,2
KAF2211378,898,896,1123,0,0,0,0,0,2,4,0,2,30,102,42
KAF2211379,19370,17866,13751,18,8,11,12,4,18,138,87,51,789,1990,1021
KAF2211380,565,431,540,2,0,2,1,0,2,6,1,1,10,21,6
KAF2211381,5,9,42,0,0,0,0,0,0,1,0,0,0,2,0
KAF2211382,7279,6563,9918,10,0,3,2,0,0,26,9,8,34,63,27
KAF2211383,1077,823,1281,0,1,0,1,0,0,6,0,4,13,23,11
KAF2211384,1152,1171,2632,0,0,0,2,0,0,4,4,1,1,39,7
KAF2211385,32,34,61,0,0,0,0,0,0,2,0,0,0,4,1
KAF2211386,895,1050,2259,2,2,0,12,0,4,25,11,4,23,35,9
KAF2211387,2102,1934,3646,6,2,12,0,0,0,14,0,2,22,88,23
KAF2211388,1691,1462,1617,0,0,0,0,0,2,10,6,6,63,141,60
KAF2211389,151,172,249,0,0,0,0,0,0,0,0,2,6,15,0
KAF2211390,10447,9896,7518,8,2,6,20,12,20,135,44,36,475,1487,754
KAF2211391,68,68,86,0,0,0,0,0,0,0,0,0,0,2,0
KAF2211392,266,197,279,0,0,0,0,0,0,12,2,4,10,26,16
KAF2211393,134,108,185,0,0,0,0,0,0,72,11,20,39,50,42
KAF2211394,6707,6122,8164,2,5,5,2,2,8,32,4,6,43,123,47
KAF2211395,603,587,2366,0,0,0,0,4,0,11,2,0,36,37,33
KAF2211396,242,194,399,0,0,1,2,0,0,2,2,2,8,19,2
KAF2211397,176,182,281,0,0,0,0,0,0,0,2,0,6,21,16
KAF2211398,1089,1124,1325,0,0,0,0,0,0,10,6,3,15,56,23
KAF2211399,5,9,4,0,0,0,0,0,0,0,0,0,0,2,0
KAF2211400,26942,24189,13766,4,0,10,15,8,12,80,25,37,294,735,357
KAF2211401,969,909,871,0,0,0,0,0,0,4,0,0,8,31,21
KAF2211402,161,178,209,0,0,2,0,0,0,0,0,0,2,7,2
KAF2211403,184,193,336,0,0,0,0,2,0,6,0,0,2,16,12
KAF2211404,27,73,68,0,0,0,0,0,0,2,0,0,0,4,2
KAF2211405,1245,1100,1475,2,0,0,2,1,0,11,2,0,26,70,25
KAF2211406,1635,1775,3186,0,0,0,2,0,0,14,7,2,39,103,53
KAF2211407,108,94,211,0,0,0,0,0,0,0,0,0,8,13,11
KAF2211408,460,476,1120,0,0,0,0,0,2,4,0,2,18,55,32
KAF2211409,289,238,314,0,0,0,3,0,0,7,0,0,11,6,3
KAF2211410,180,159,201,0,0,1,0,0,0,2,1,0,2,12,5
KAF2211411,360,330,358,0,0,0,0,0,2,2,2,0,7,8,6
KAF2210977,1048,824,703,0,0,0,0,0,2,4,0,4,14,38,12
KAF2210978,518,575,1756,0,0,0,2,0,0,17,0,2,37,62,11
KAF2210979,125,125,390,0,0,0,0,0,0,0,2,2,2,8,3
KAF2210980,1965,2044,2596,0,2,0,0,0,0,6,2,2,8,31,19
KAF2210981,27848,24326,11449,2,6,12,0,0,2,21,2,5,55,91,47
KAF2210982,1045,1099,924,0,0,0,0,2,0,10,2,6,10,49,19
EFT00053797978,7,9,12,0,0,0,0,0,0,0,0,0,0,2,1
KAF2210983,4707,4193,3016,2,0,1,0,0,2,22,0,6,50,90,42
KAF2210984,186,175,228,0,0,0,0,0,0,0,0,0,2,5,5
KAF2210985,823,713,2272,2,0,2,2,0,0,2,0,0,34,72,25
KAF2210986,1084,887,1105,0,0,0,4,0,2,0,2,2,26,26,29
KAF2210987,71,57,115,2,0,0,0,0,0,0,0,2,17,33,1
KAF2210988,771,980,1604,0,0,0,0,0,0,0,2,0,10,34,20
KAF2210989,334,352,914,0,0,0,0,0,0,2,4,0,10,13,8
KAF2210990,1327,1073,990,0,0,2,2,0,0,10,6,6,23,41,24
KAF2210991,971,861,816,2,0,0,0,0,0,2,0,0,14,4,4
KAF2210992,140,120,279,0,0,0,2,0,0,0,0,0,13,18,4
KAF2210993,25,24,83,0,0,0,0,0,0,2,0,0,2,6,2
KAF2210994,416,438,613,0,0,0,0,2,0,6,0,0,34,57,31
KAF2210995,6,3,16,0,0,0,0,0,0,0,0,0,0,0,1
KAF2210996,751,672,311,0,0,0,0,0,0,1,1,0,3,35,9
KAF2210997,1208,821,476,0,0,0,0,0,0,4,0,2,14,25,3
KAF2210998,5568,5053,2880,0,2,0,4,2,2,9,8,4,54,140,49
KAF2210999,543,498,1060,0,0,2,0,0,4,10,2,7,21,39,16
KAF2211000,175,202,334,0,0,0,0,0,0,2,2,0,9,9,7
KAF2211001,174,187,277,0,0,0,0,0,0,2,0,0,8,27,8
KAF2211002,184,151,261,0,0,0,0,0,0,0,0,0,15,40,5
KAF2211003,13273,12793,9314,0,4,2,8,10,16,114,33,42,431,992,434
KAF2211004,220,163,137,0,0,0,0,0,2,0,0,0,6,10,6
KAF2211005,419,397,497,0,0,0,0,0,2,2,2,0,17,26,16
KAF2211006,12404,10693,8842,4,6,2,0,1,7,38,15,19,129,214,103
KAF2211007,124,103,49,0,0,0,0,0,0,6,3,4,1,9,6
KAF2211008,78043,72496,18993,10,4,14,0,0,4,57,5,7,105,291,136
KAF2211009,1984,1713,1402,2,2,0,2,0,0,4,0,2,41,75,38
KAF2211010,1103,1265,1808,0,0,0,0,0,2,10,6,2,26,28,14
KAF2211011,7460,6257,4372,4,0,4,0,0,4,10,2,8,33,54,15
KAF2211012,2245,1920,1475,2,0,0,0,0,0,5,4,3,20,44,19
KAF2211013,190,177,193,2,0,0,0,0,0,0,0,1,12,14,2
KAF2211014,8418,8035,6218,2,0,1,0,1,2,4,0,4,30,70,22
KAF2211015,32209,30953,8996,6,2,10,4,0,6,32,10,6,104,212,111
KAF2211016,226,221,468,0,0,0,0,0,2,2,2,0,11,18,12
KAF2211017,31,26,39,0,0,0,0,0,0,0,0,0,0,5,3
KAF2211018,208,208,182,0,0,0,0,0,0,16,6,6,32,44,39
KAF2211019,0,0,0,0,0,0,0,0,0,0,0,0,0,0,0
KAF2211020,3857,4337,8004,0,0,0,0,0,0,7,0,4,35,21,31
KAF2211021,4674,5250,6427,0,0,0,0,0,0,12,0,5,25,48,34
KAF2211022,629,453,570,0,0,0,0,0,2,11,0,6,35,99,22
KAF2211023,1396,1805,3650,0,0,4,0,0,4,12,2,4,26,39,12
KAF2211024,236,198,379,0,0,0,0,0,0,3,2,2,11,26,10
KAF2211025,2230,2087,2623,0,0,2,0,0,0,0,0,2,6,9,12
KAF2211026,1621,1393,606,0,4,0,0,0,2,9,2,2,27,47,19
KAF2211027,1193,996,498,2,0,0,0,0,0,8,2,4,26,37,22
KAF2211028,829,1163,1510,0,0,0,0,0,0,0,0,1,10,23,5
KAF2211029,20,24,42,0,0,0,0,0,0,0,0,0,2,6,4
KAF2211030,199,188,332,0,0,0,0,0,0,0,0,0,7,3,4
KAF2211031,1654,1708,2757,0,0,2,4,0,4,2,2,4,20,77,11
KAF2211032,3240,2963,2828,3,0,7,0,2,2,20,6,4,67,158,78
KAF2211033,50248,48433,28473,20,14,16,6,6,0,28,10,6,119,192,84
KAF2211034,1641,1453,1264,0,0,0,0,0,0,4,2,1,14,32,6
KAF2211035,1946,1956,1301,0,2,0,0,0,4,4,0,0,32,57,34
KAF2211036,6036,6464,11172,8,6,2,0,4,0,43,22,28,153,331,118
KAF2211037,343,297,472,0,0,4,0,0,0,1,0,5,5,12,6
KAF2211038,2219,2331,5784,0,0,2,2,0,0,2,0,7,7,7,5
KAF2211039,560,895,3128,0,0,0,0,0,0,0,0,0,0,0,0
KAF2211040,3015,3355,4229,4,0,2,0,0,0,2,0,0,13,16,13
KAF2211041,556,404,463,0,0,2,0,2,0,8,0,0,23,50,17
KAF2211042,1288,1305,1173,0,0,2,0,0,0,0,2,0,12,26,6
KAF2211043,7931,6982,3074,4,0,5,2,2,0,30,12,4,86,189,68
KAF2211044,48,59,74,0,0,0,0,0,0,0,0,0,0,2,2
KAF2211045,1007,939,1211,0,0,4,0,0,0,25,2,14,62,127,58
KAF2211046,276,278,379,0,0,0,0,0,0,6,0,2,16,72,30
KAF2211047,148,131,131,0,0,0,0,0,0,0,0,0,3,9,2
KAF2211048,2582,2707,4047,0,0,0,0,0,2,2,1,0,4,7,12
KAF2211049,1059,1143,2038,0,0,0,6,0,0,4,0,0,8,4,4
KAF2211050,369,397,620,0,0,0,0,0,0,2,0,0,0,0,2
KAF2211051,512,413,566,0,0,0,2,0,6,4,0,0,10,16,7
KAF2211052,778,748,831,0,2,0,0,0,2,8,2,6,29,34,12
KAF2211053,169,160,243,0,0,0,0,0,0,2,0,0,4,7,7
KAF2211054,17118,15802,10393,4,6,12,14,16,22,134,72,56,668,1553,735
KAF2211055,939,821,1670,0,2,0,0,2,0,7,4,2,44,78,40
KAF2211056,920,982,1674,0,0,0,0,0,0,8,0,3,42,63,19
KAF2211057,80,90,118,0,0,0,2,0,0,0,0,0,0,1,0
KAF2211058,1044,888,1101,0,0,0,0,0,0,22,0,2,27,101,54
KAF2211059,1646,1498,1591,0,0,0,0,0,0,15,3,2,27,43,22
KAF2211060,91,70,137,0,0,0,0,0,0,0,0,0,2,4,6
KAF2211061,28072,26542,16250,4,8,10,3,2,6,25,3,23,92,144,81
KAF2211062,325,389,336,0,0,0,0,0,0,0,0,2,0,1,0
KAF2211063,15177,13311,6506,0,2,2,8,4,2,68,18,31,154,415,196
KAF2211064,282,302,391,0,0,0,0,0,2,4,0,0,6,5,0
KAF2211065,3454,3307,4076,2,0,0,0,4,2,59,10,10,113,275,97
KAF2211066,410,293,425,0,0,2,0,0,1,8,0,0,16,48,13
KAF2211067,48,17,42,0,0,0,0,0,0,2,0,0,0,3,0
KAF2211068,880,779,725,0,0,0,0,0,1,6,2,2,33,35,31
KAF2211069,174,145,296,0,0,0,0,0,0,2,6,2,14,23,16
KAF2211070,1068,965,1049,0,0,0,0,0,0,3,0,2,12,29,14
KAF2211071,5081,4628,5696,1,0,0,0,0,1,20,2,6,40,128,52
KAF2211072,6025,5345,6736,1,0,2,0,0,5,12,8,15,71,138,26
KAF2211073,132,107,149,0,0,0,0,0,0,1,2,0,6,18,4
KAF2211074,6558,7184,7887,10,2,0,6,0,15,48,36,16,258,669,333
KAF2211075,1265,1333,2852,0,0,0,2,0,2,5,2,5,16,32,10
KAF2211076,174,149,240,0,0,0,0,0,0,2,0,10,1,10,0
KAF2211077,0,2,5,0,0,0,0,0,0,0,0,0,0,0,0
KAF2211078,757,649,772,0,0,0,0,0,0,19,7,9,24,50,36
KAF2211079,181,144,193,0,0,0,0,0,0,6,2,2,12,26,8
KAF2211080,339,271,146,0,0,0,0,0,0,2,4,0,15,13,6
KAF2211081,153,117,73,0,0,0,0,0,0,2,0,0,2,9,1
KAF2211082,343,270,105,0,0,0,0,0,0,0,0,0,4,2,3
KAF2211083,484,426,198,0,0,0,0,0,1,0,0,0,4,25,6
KAF2211084,361,315,188,0,0,0,0,0,0,0,2,0,4,2,2
KAF2211085,11698,9797,3693,8,0,8,4,4,6,18,4,8,62,111,38
KAF2211086,116,75,108,0,0,0,0,0,0,0,0,0,0,8,5
KAF2211087,22728,20643,14720,10,8,25,26,6,22,245,49,87,809,1998,919
KAF2211088,78,84,187,0,0,0,0,0,1,0,0,0,10,6,4
KAF2211089,43,29,69,0,0,0,0,0,0,0,0,0,0,4,2
KAF2211090,2,0,8,0,0,0,0,0,0,0,0,0,0,0,0
KAF2211091,534,460,586,0,0,0,2,1,0,12,0,4,38,89,35
KAF2211092,1321,1145,889,0,0,0,0,0,2,2,2,8,12,40,12
KAF2211093,2,4,16,0,0,0,0,0,0,0,0,0,4,4,0
KAF2211094,34,38,64,0,0,0,0,0,0,2,0,0,3,6,0
KAF2211095,63,53,85,0,0,0,0,0,0,2,0,0,2,8,8
KAF2211096,2271,2329,2230,0,0,0,0,0,0,14,2,2,31,48,29
KAF2211097,8664,8129,5349,2,6,1,0,4,6,49,6,2,61,99,57
KAF2211098,632,739,1580,0,0,0,0,0,0,6,2,0,31,143,50
KAF2211099,1884,1529,3704,0,0,0,4,0,6,29,15,20,61,138,60
KAF2211100,23591,20962,7763,0,4,0,1,2,2,22,20,7,73,113,48
KAF2211101,9236,8114,4432,0,4,0,2,2,0,30,11,10,63,74,34
KAF2211102,41,29,72,0,0,0,0,0,0,0,0,0,15,39,32
KAF2211103,4271,3765,2603,0,0,0,2,2,2,29,6,8,38,88,34
KAF2211104,58643,58651,14773,3,6,2,0,0,0,2,4,2,10,21,6
KAF2211105,58,62,36,0,0,0,0,0,0,0,0,0,2,0,2
KAF2211106,182,117,160,0,0,0,0,0,0,2,0,0,6,4,4
KAF2211107,1450,1247,933,0,0,0,0,0,0,12,4,0,16,23,16
KAF2211108,16703,14956,10422,4,2,1,6,0,6,6,0,4,35,77,47
KAF2211109,3238,2884,2311,0,0,2,0,2,0,12,2,4,42,79,20
KAF2211110,76,61,98,0,0,0,0,0,0,0,0,2,0,2,0
KAF2211111,5213,4941,3736,0,0,2,2,2,6,22,6,14,141,236,113
KAF2211112,6495,5874,3308,0,0,2,0,0,0,2,0,7,25,40,29
KAF2211113,702,607,1326,0,0,0,0,2,2,205,52,93,383,1026,515
KAF2211114,1341,1236,3305,0,0,0,0,0,0,32,2,0,38,111,38
KAF2211115,96,105,131,0,0,0,0,0,2,0,2,0,0,4,2
KAF2211116,2071,2118,6877,0,0,0,0,0,0,27,2,10,53,126,61
KAF2211117,1081,1130,864,0,0,0,2,0,1,5,3,2,20,37,24
KAF2211118,9811,9455,4733,2,1,6,10,0,2,12,4,6,43,102,54
KAF2211119,1102,1081,2081,0,1,0,0,0,0,10,0,4,30,42,10
KAF2211120,934,864,2528,0,2,2,1,0,1,22,0,7,15,57,8
KAF2211121,946,862,1713,2,0,2,2,1,2,35,5,10,55,129,58
KAF2211122,38,56,124,0,0,0,0,0,0,4,0,0,2,4,4
KAF2211123,945,885,1398,0,0,0,0,2,1,8,2,2,18,42,22
KAF2211124,67862,57176,21256,12,5,26,2,2,14,62,11,50,160,337,100
KAF2211125,33922,26800,13219,4,3,9,19,1,4,106,24,40,275,556,212
KAF2211126,352,274,218,2,0,0,2,0,0,0,0,0,0,3,7
KAF2211127,1821,1738,880,0,0,0,0,0,0,0,2,8,9,24,17
KAF2211128,3330,3181,1032,0,2,0,0,0,2,4,0,5,9,18,6
KAF2211129,285,407,839,0,0,0,0,0,0,10,2,2,25,61,19
KAF2211130,496,453,876,0,0,0,0,0,0,10,0,4,14,37,27
KAF2211131,617,548,899,0,0,0,2,0,0,8,2,10,21,16,10
KAF2211132,8,4,13,0,0,0,0,0,0,0,0,0,0,0,2
KAF2211133,18,14,24,0,0,0,0,0,0,1,0,0,0,0,0
KAF2211134,5531,5265,4553,4,2,0,0,2,2,21,2,9,68,96,23
KAF2211135,484,424,769,0,0,0,0,1,0,12,1,0,27,88,45
KAF2211136,425,368,653,0,0,0,0,0,0,0,10,0,8,39,16
KAF2211137,2526,2168,2742,2,6,0,8,2,0,18,4,2,20,94,29
KAF2211138,2157,3031,9220,0,0,0,0,0,0,2,0,2,4,0,2
KAF2211139,0,6,8,0,0,0,0,0,0,0,0,0,2,2,0
KAF2211140,549,410,202,0,0,0,0,2,0,9,1,1,69,88,80
KAF2211141,1601,2220,4703,0,0,1,0,0,0,1,0,0,10,9,4
KAF2211142,1710,1777,2348,0,0,0,0,0,1,10,2,4,38,57,42
KAF2211143,326,315,496,0,0,0,0,0,0,6,6,0,22,38,18
KAF2211144,972,1135,1033,0,0,0,0,0,2,14,4,2,38,129,62
KAF2211145,681,654,989,0,0,0,0,0,0,4,0,0,10,8,10
KAF2211146,1618,1434,1954,0,0,0,0,0,0,28,13,25,78,110,62
KAF2211147,121,73,307,0,1,0,0,0,0,13,5,9,12,30,13
KAF2211148,283,269,83,0,0,0,2,0,0,0,4,0,0,8,0
KAF2211149,0,0,2,0,0,0,0,0,0,0,0,0,0,0,0
KAF2211150,2,2,3,0,0,0,0,0,0,4,0,0,0,0,0
KAF2211151,466,502,640,0,0,0,0,0,0,0,0,0,10,21,6
KAF2211152,35,26,20,0,0,0,0,0,0,0,0,0,2,2,0
KAF2211153,234,231,216,0,0,0,0,0,0,6,1,0,8,14,12
KAF2211154,27,7,22,0,0,0,1,0,0,0,0,0,0,2,0
KAF2211155,15,13,14,0,0,0,0,0,0,0,0,0,0,0,0
KAF2211156,1576,1358,1749,0,2,0,0,0,2,8,1,4,55,86,47
KAF2211157,207,160,107,0,0,0,0,0,0,2,0,0,3,7,7
KAF2211158,76,85,74,0,0,0,2,0,0,2,0,0,0,1,1
KAF2211159,1952,1615,1347,0,0,4,2,3,0,9,5,2,21,43,28
KAF2211160,45,24,24,0,0,0,0,0,0,0,0,0,2,2,4
KAF2211161,15611,14803,2687,2,2,2,0,0,4,22,10,4,26,78,18
KAF2211162,45,41,43,0,0,0,0,0,0,0,0,0,0,4,0
KAF2211163,2547,2408,1861,0,2,0,2,2,4,23,6,2,63,168,68
KAF2211164,294,278,76,0,0,0,0,0,0,0,2,2,4,2,2
KAF2211165,24656,19597,10848,16,18,8,2,0,4,6,2,0,103,130,127
KAF2211166,318,286,888,0,0,0,2,0,0,0,2,0,18,60,38
KAF2211167,160,104,239,0,0,0,2,0,0,44,6,6,112,326,201
KAF2211168,1569,1361,1382,0,0,0,1,0,0,6,0,2,17,31,1
KAF2211169,327,318,412,0,0,0,0,0,0,2,0,4,14,12,13
KAF2211170,742,669,1077,0,0,0,0,0,2,21,6,2,66,135,58
KAF2211171,158,155,160,0,0,0,0,2,0,5,4,2,8,40,3
KAF2211172,1063,769,193,0,2,2,0,0,2,0,0,0,7,18,10
KAF2211173,13089,10527,9120,4,2,4,10,12,18,189,56,67,329,699,330
KAF2211174,1152,888,1051,6,0,0,0,0,2,23,3,1,37,67,33
KAF2211175,2856,2498,1919,0,3,0,4,2,0,41,22,2,88,211,55
KAF2211176,377,414,570,0,0,0,0,0,2,4,0,0,6,30,10
KAF2211177,7685,6855,4397,4,2,4,0,0,8,18,0,8,64,78,37
KAF2211178,6152,5908,4872,0,0,4,2,2,0,20,4,0,56,88,28
KAF2211179,3729,3695,3496,2,0,0,6,2,2,21,10,12,98,256,119
KAF2211180,315,248,149,0,0,0,0,0,0,4,0,0,5,11,1
EFT00053797979,0,0,0,0,0,0,0,0,0,0,0,0,0,0,0
KAF2211181,231,166,174,0,0,0,0,0,0,0,0,0,5,15,4
KAF2211182,972,780,850,0,0,0,2,2,0,8,2,8,15,37,11
KAF2211183,30618,35006,54597,22,6,14,20,18,23,143,62,29,738,2321,825
KAF2211184,6,8,10,0,0,0,0,0,0,0,0,0,0,0,0
KAF2211185,114,134,38,0,0,0,0,0,0,0,0,0,0,4,2
KAF2211186,690,594,983,0,0,0,2,0,2,2,6,4,31,68,42
KAF2211187,12,3,13,0,0,0,0,0,0,0,0,0,3,1,1
KAF2211188,1993,1585,2148,8,3,0,2,2,2,34,16,16,115,285,101
KAF2211189,649,538,348,0,0,0,0,0,0,4,1,0,14,51,28
KAF2211190,2025,1668,740,0,2,0,2,0,2,10,2,6,41,69,20
KAF2211191,453,343,390,0,0,0,4,0,2,24,3,1,10,36,6
KAF2211192,144,156,146,0,0,0,0,0,0,2,0,3,3,14,9
KAF2211193,101,87,111,0,0,0,0,0,0,0,0,0,5,6,4
KAF2211194,638,580,532,0,0,0,0,0,0,0,0,1,1,3,1
KAF2211195,72,63,114,0,0,0,0,0,0,0,0,0,4,7,0
KAF2210768,7903,10262,18195,0,0,0,8,0,14,128,26,22,282,558,264
KAF2210769,2407,2124,1731,2,2,0,4,0,2,6,2,14,57,67,36
KAF2210770,2268,1827,1987,1,0,4,0,2,4,17,2,9,39,104,22
KAF2210771,299,243,311,0,0,0,0,0,0,2,1,1,6,21,2
KAF2210772,788,614,685,0,0,0,2,0,0,10,4,0,17,74,30
KAF2210773,205,188,263,0,0,0,0,0,0,6,0,0,0,9,8
KAF2210774,140,147,167,0,0,0,0,0,0,4,1,1,0,8,0
KAF2210775,227,170,217,0,0,0,0,0,0,6,1,0,1,9,3
KAF2210776,9813,9490,7494,4,0,5,0,0,3,14,4,12,51,86,33
KAF2210777,680,598,800,0,0,0,0,0,2,24,8,6,81,184,73
KAF2210778,1632,1460,1370,2,0,2,0,4,2,14,10,4,45,88,68
KAF2210779,235,206,289,0,0,0,0,0,0,2,0,0,17,8,13
KAF2210780,599,714,1227,4,0,0,2,10,0,2,2,0,33,34,5
KAF2210781,5113,4069,2711,2,0,0,2,2,4,4,2,3,41,79,30
KAF2210782,1398,1403,1848,0,0,0,0,0,4,16,6,2,40,78,51
KAF2210783,3323,2848,2963,0,0,0,3,2,10,74,48,28,237,251,204
KAF2210784,1560,1505,1731,3,2,0,0,0,4,6,4,0,33,33,13
KAF2210785,1353,1327,1874,0,2,2,0,2,2,9,2,2,44,91,48
KAF2210786,101,75,152,0,0,0,0,0,2,2,0,0,6,17,4
KAF2210787,1386,1160,1371,4,0,2,0,2,0,6,2,3,34,68,28
KAF2210788,1409,1199,1742,0,2,0,2,0,0,14,10,11,48,142,68
KAF2210789,1793,1665,1453,2,0,0,0,0,0,12,5,4,21,43,26
KAF2210790,3746,4014,2225,2,3,0,0,0,0,12,0,4,31,103,44
KAF2210791,3381,3257,2771,0,0,0,0,0,1,9,2,4,48,89,19
KAF2210792,4507,3848,2997,0,2,0,2,0,7,31,12,4,110,249,85
KAF2210793,2436,2172,1732,0,2,2,0,0,0,8,2,8,34,64,24
KAF2210794,227,179,208,0,2,0,0,0,0,5,2,2,15,43,23
KAF2210795,5053,4899,2800,2,2,2,4,2,4,22,4,12,60,110,54
KAF2210796,427,448,595,0,0,0,0,0,0,4,0,0,32,41,21
KAF2210797,775,852,1132,0,0,2,2,0,2,2,0,2,4,28,13
KAF2210798,2422,1972,1613,2,0,0,0,0,0,7,4,4,32,91,38
KAF2210799,130,147,324,0,0,0,0,0,0,4,0,0,17,80,39
KAF2210800,723,501,546,0,0,0,2,0,2,8,10,4,22,58,27
KAF2210801,895,792,1209,0,0,0,2,0,0,10,2,4,43,124,62
KAF2210802,3577,2791,1699,4,0,0,0,2,0,8,0,2,52,113,51
KAF2210803,2015,1756,1092,0,0,0,0,0,0,7,0,2,27,37,20
KAF2210804,3904,3487,2485,0,0,0,6,4,6,18,4,6,92,189,84
KAF2210805,6265,4739,3338,0,0,4,0,0,10,30,4,4,44,100,76
KAF2210806,12,16,30,0,0,0,0,0,0,0,0,0,0,2,0
KAF2210807,4831,3652,1955,0,0,0,0,0,6,4,6,2,29,54,28
KAF2210808,1500,1003,440,2,0,2,2,0,2,11,0,0,28,74,25
KAF2210809,166,172,289,0,0,0,0,0,0,11,2,2,32,52,14
KAF2210810,943,820,933,0,0,0,0,0,0,18,0,6,20,55,37
KAF2210811,799,635,677,0,0,0,0,0,4,16,2,6,60,136,59
KAF2210812,358,330,642,0,0,0,0,0,0,3,0,1,18,26,6
KAF2210813,1128,1072,1378,0,0,0,0,0,1,7,0,0,20,40,25
KAF2210814,54125,58059,76373,2,2,4,23,8,12,109,36,75,494,934,430
KAF2210815,21314,18309,9882,5,6,2,4,0,4,13,0,6,54,83,24
KAF2210816,9014,8187,5725,0,0,2,4,0,0,12,8,0,44,109,45
KAF2210817,467,448,557,0,0,0,2,0,1,1,0,2,11,62,40
KAF2210818,3389,4032,6339,0,0,0,14,5,8,64,20,12,130,283,191
KAF2210819,382,360,460,0,0,1,0,0,3,13,1,7,13,33,16
KAF2210820,437,408,376,0,0,0,0,0,2,7,5,1,16,36,26
KAF2210821,4174,3622,1246,2,0,6,0,0,6,17,28,12,95,205,100
KAF2210822,476,363,544,0,0,0,2,0,2,2,4,2,14,37,8
KAF2210823,4912,4888,2815,6,7,4,2,0,0,12,10,6,91,224,93
KAF2210824,1937,1559,1238,0,0,0,4,0,0,2,0,2,45,47,47
KAF2210825,4857,4321,2558,12,2,2,2,0,0,12,4,2,59,158,52
KAF2210826,1326,1139,1512,0,0,0,0,0,2,4,0,1,23,21,4
KAF2210827,562,415,419,0,0,0,0,0,2,5,0,1,14,38,20
KAF2210828,691,533,395,1,0,0,0,0,0,0,0,3,9,11,11
KAF2210829,1586,1622,1862,3,0,2,4,0,9,24,2,4,81,146,95
KAF2210830,793,652,631,0,0,0,2,0,0,6,0,2,19,50,18
KAF2210831,1563,1370,1048,0,0,0,6,0,0,10,0,7,43,116,64
KAF2210832,1504,1479,1248,0,0,0,0,0,0,8,0,0,1,21,8
KAF2210833,8696,8733,6799,0,2,0,4,0,0,21,0,6,39,115,28
KAF2210834,804,901,1608,0,0,1,0,0,2,2,2,2,19,50,27
KAF2210835,205,194,367,0,0,0,0,0,0,2,0,2,10,24,15
KAF2210836,5812,4816,4000,0,4,2,0,3,6,15,8,18,86,227,105
KAF2210837,3160,2744,2019,0,2,4,0,0,0,20,10,12,84,176,60
KAF2210838,2411,2209,2317,0,2,0,2,2,0,24,11,5,65,89,60
KAF2210839,1615,1434,2373,0,0,1,2,0,0,13,14,6,35,66,21
KAF2210840,697,524,494,0,0,0,0,0,0,5,0,4,8,44,6
KAF2210841,5950,5067,1752,5,0,0,0,0,0,8,4,4,28,38,16
KAF2210842,2420,1928,1086,0,2,0,2,0,0,22,4,1,29,69,36
KAF2210843,5950,5222,2828,0,0,2,0,0,0,6,2,2,36,50,33
KAF2210844,2000,1584,1183,2,2,2,4,0,1,7,2,2,29,52,15
KAF2210845,2228,1898,1662,2,0,0,0,0,0,10,0,0,22,39,19
KAF2210846,19330,17924,13941,8,4,2,10,4,2,110,32,35,199,424,168
KAF2210847,3893,4001,2815,0,0,2,3,2,2,20,4,0,60,103,67
KAF2210848,191,173,218,0,0,0,0,0,0,1,0,0,2,6,4
KAF2210849,6500,6536,9321,0,2,0,2,0,0,38,8,10,81,164,60
KAF2210850,281,327,301,0,0,0,0,0,0,8,0,0,19,18,6
KAF2210851,1946,2010,2826,2,0,2,0,4,0,20,8,4,70,147,49
KAF2210852,856,777,985,2,0,2,2,2,8,26,8,17,33,104,35
KAF2210853,3643,3308,2366,0,2,0,0,0,2,22,4,8,82,155,72
KAF2210854,4225,3989,4832,0,0,2,2,4,10,20,6,4,34,79,43
KAF2210855,364,291,475,0,0,0,0,2,0,2,0,6,16,38,29
KAF2210856,2474,2099,1834,2,0,2,2,4,2,9,0,6,28,36,14
KAF2210857,3632,3253,2930,0,0,2,0,4,4,18,17,8,62,152,51
KAF2210858,3279,2984,1453,0,0,2,0,2,2,12,1,6,76,175,62
KAF2210859,1492,1326,803,0,2,0,0,0,4,24,4,6,51,100,44
KAF2210860,1402,1846,2502,0,0,0,2,2,0,8,6,0,56,189,82
KAF2210861,1887,2410,4597,2,2,0,1,2,6,9,2,0,55,145,61
KAF2210862,7276,6476,4454,0,0,2,0,0,2,1,4,2,20,56,13
KAF2210863,6491,6150,5259,4,2,2,0,4,4,14,0,8,39,91,28
KAF2210864,4488,4221,1327,2,5,2,4,8,0,17,12,4,20,93,32
KAF2210865,1536,1353,2499,4,0,2,0,2,0,0,0,0,7,44,11
KAF2210866,7518,6740,2563,2,2,2,6,0,0,6,0,5,16,41,14
KAF2210867,2772,1877,412,0,0,0,0,0,0,8,0,4,13,34,9
KAF2210868,3383,3307,3036,0,0,2,0,2,0,6,0,4,10,40,0
KAF2210869,320,296,336,0,0,0,0,0,2,2,3,4,15,35,7
KAF2210870,412,374,366,0,0,0,0,0,4,89,50,34,442,602,386
KAF2210871,2,7,6,0,0,0,0,0,0,0,0,0,0,0,0
KAF2210872,1599,1576,2342,0,0,0,0,0,0,6,4,4,29,61,28
KAF2210873,249,238,447,0,0,0,0,0,0,0,0,2,17,6,5
KAF2210874,2318,2268,1918,0,2,0,0,0,0,13,2,3,28,72,24
KAF2210875,74,43,78,0,0,0,0,0,0,0,0,0,7,3,5
KAF2210876,902,790,557,0,2,0,0,2,0,10,6,4,17,53,18
KAF2210877,23,14,16,0,0,0,0,0,0,1,0,0,0,1,3
KAF2210878,1221,1137,1168,0,0,0,0,0,0,13,2,10,44,111,37
KAF2210879,353,329,548,0,0,0,0,0,4,12,0,6,27,42,12
KAF2210880,5082,4129,2640,2,4,2,0,0,2,16,0,8,29,55,30
KAF2210881,2209,2119,1760,0,0,0,0,0,0,18,0,4,26,64,42
KAF2210882,1871,1714,684,0,0,0,2,0,0,4,0,0,2,44,11
KAF2210883,985,767,504,0,0,0,0,0,0,4,0,2,16,46,26
KAF2210884,3418,3065,2797,3,0,0,4,0,6,19,8,2,75,124,59
KAF2210885,300,259,376,0,0,0,0,0,2,2,0,3,8,23,11
KAF2210886,24,21,35,0,0,0,1,0,0,0,0,0,0,1,0
KAF2210887,130,131,190,0,0,0,0,0,0,4,0,0,4,2,3
KAF2210888,2724,2517,3206,4,2,2,0,0,0,13,4,4,56,103,52
KAF2210889,860,847,709,2,0,0,0,0,0,6,1,0,8,3,5
KAF2210890,617,487,605,0,4,0,2,0,2,10,2,8,24,58,11
KAF2210891,174,205,202,0,0,0,0,0,0,2,2,0,0,7,4
KAF2210892,347,325,297,0,0,0,0,0,4,9,2,5,24,52,13
KAF2210893,501,487,525,0,0,0,2,0,0,13,4,6,40,73,39
KAF2210894,453,384,429,0,0,0,0,0,1,4,4,0,20,38,30
KAF2210895,5666,5760,4065,2,0,2,2,4,4,10,4,8,43,96,35
KAF2210896,335,317,336,0,0,0,0,0,2,2,2,0,6,38,10
KAF2210897,1323,1205,1417,2,0,0,2,0,2,19,2,5,32,82,40
KAF2210898,3242,3360,5171,0,0,1,3,0,0,20,4,9,42,91,39
KAF2210899,11909,12888,8869,0,0,0,0,0,2,15,4,5,55,116,44
KAF2210900,9003,10330,10644,0,2,4,6,0,0,8,2,4,53,100,51
KAF2210901,16735,14840,11172,4,6,21,18,12,28,168,48,62,692,1628,726
KAF2210902,739,560,462,0,0,0,0,0,0,2,2,2,6,22,5
KAF2210903,3343,2938,1860,0,0,1,0,0,0,20,8,16,75,162,63
KAF2210904,2986,2436,1695,0,2,2,0,0,0,22,9,9,57,126,57
KAF2210905,1179,828,1540,0,0,0,0,0,0,2,0,2,5,6,18
KAF2210906,8,2,10,0,0,0,0,0,0,0,0,0,0,0,0
KAF2210907,6530,5808,3461,0,2,2,6,0,2,19,6,11,78,113,64
KAF2210908,3677,3723,1922,6,0,2,2,0,2,12,6,10,26,67,33
KAF2210909,414,323,566,0,0,0,2,2,0,14,4,2,28,98,18
KAF2210910,1000,863,959,0,0,1,0,0,1,7,2,0,18,30,5
KAF2210911,1904,1558,2264,0,2,0,0,0,2,15,4,5,68,108,46
KAF2210912,348,263,332,0,0,0,0,0,4,13,2,4,14,19,7
KAF2210913,761,646,810,2,0,0,0,0,0,6,2,4,14,40,4
KAF2210914,696,622,832,0,2,0,0,0,0,6,2,0,13,27,14
KAF2210915,2543,2293,1852,0,0,2,2,0,2,16,2,0,27,70,37
KAF2210916,2,6,4,0,0,0,0,0,0,0,0,0,0,0,0
KAF2210917,19226,16250,11823,6,4,16,26,22,24,172,69,68,863,1933,865
KAF2210918,930,990,1050,0,2,0,0,0,0,2,0,2,14,23,6
KAF2210919,1197,1060,1207,0,0,0,0,2,2,10,2,3,18,42,13
KAF2210920,345,355,382,0,0,0,0,0,0,1,0,3,12,24,5
KAF2210921,786,683,586,0,0,0,0,0,2,8,0,0,19,11,14
KAF2210922,206,178,159,0,0,0,0,0,0,0,1,2,12,14,5
KAF2210923,481,438,344,0,0,2,2,0,0,17,3,2,15,57,17
KAF2210924,639,656,715,0,2,0,2,0,2,6,3,4,28,57,20
KAF2210925,964,1045,1554,0,0,0,0,0,4,27,4,8,138,283,114
KAF2210926,8935,8914,11130,2,4,4,9,2,4,66,27,16,182,379,147
KAF2210927,3397,2853,2830,0,0,2,2,0,0,13,6,4,77,154,79
KAF2210928,1543,1395,1886,0,2,2,4,0,4,4,2,8,40,68,33
KAF2210929,3183,2795,2622,6,0,12,0,0,4,12,0,5,46,53,20
KAF2210930,3445,3133,3472,0,0,0,4,4,2,24,4,2,58,111,33
KAF2210931,900,703,519,1,0,0,0,0,0,6,0,0,2,34,12
KAF2210932,4438,3813,1488,8,2,4,0,4,0,11,9,9,59,123,59
KAF2210933,1196,1035,1333,0,0,1,0,0,0,10,2,4,23,74,37
KAF2210934,11142,9569,8197,5,4,3,16,12,18,120,36,34,631,1602,900
KAF2210935,23036,19672,7456,12,12,20,2,0,6,18,4,6,50,123,61
KAF2210936,685,547,951,0,0,0,0,0,0,16,0,4,34,88,28
KAF2210937,126,150,378,0,0,0,0,0,0,9,0,6,18,27,15
KAF2210938,46,69,86,0,0,0,0,0,0,0,0,0,0,1,0
KAF2210939,4800,4502,4665,2,0,2,6,0,8,66,25,13,141,284,173
KAF2210940,1149,1011,830,0,2,2,0,0,0,7,0,2,17,59,33
KAF2210941,320,283,377,2,0,0,0,1,2,4,2,0,16,19,7
KAF2210942,559,497,537,0,0,0,0,0,2,7,4,0,14,20,12
KAF2210943,332,329,351,0,0,0,0,0,0,6,0,2,5,14,9
KAF2210944,1440,1119,1179,0,0,0,0,0,2,16,2,6,30,72,32
KAF2210945,1034,978,1372,0,0,0,4,2,2,34,14,18,66,145,91
KAF2210946,254,200,178,2,0,0,0,2,0,2,3,4,5,9,1
KAF2210947,544,564,531,1,4,0,2,0,0,8,5,1,16,26,8
KAF2210948,1242,1186,1725,0,0,0,0,2,0,14,6,2,22,38,10
KAF2210949,1770,1391,886,0,0,0,2,2,2,6,4,4,29,53,24
KAF2210950,107,98,207,0,0,2,1,0,0,6,0,0,4,20,5
KAF2210951,222,208,339,2,0,0,2,0,0,6,0,0,17,40,19
KAF2210952,346,280,332,3,0,0,2,0,0,7,0,0,7,23,14
KAF2210953,4112,2949,1526,2,0,2,1,1,3,17,13,4,85,119,60
KAF2210954,1698,1278,746,0,2,2,0,0,0,16,10,2,42,70,33
KAF2210955,25943,26461,43356,2,0,5,2,2,4,11,8,6,74,125,107
KAF2210956,840,913,1424,0,0,0,2,0,1,4,0,0,40,72,40
KAF2210957,10629,9400,7781,11,6,10,12,10,16,85,30,32,390,988,438
KAF2210958,3445,2926,1871,3,2,6,0,0,1,8,4,17,34,75,25
KAF2210959,357,334,587,0,0,0,0,0,0,4,0,6,26,43,27
KAF2210960,2554,2301,1619,2,2,0,0,2,6,22,4,4,53,160,76
KAF2210961,699,597,649,0,0,2,2,0,0,5,3,0,18,44,12
KAF2210962,9644,9197,11270,2,1,6,0,2,0,10,2,4,47,84,22
KAF2210963,512,557,634,0,0,0,0,0,1,2,0,0,16,29,9
KAF2210964,322,483,977,0,0,0,0,0,0,2,0,0,0,0,0
KAF2210965,2361,2092,2047,0,2,3,2,0,4,18,0,4,57,107,59
KAF2210966,1006,934,1409,0,0,0,2,0,0,14,2,2,16,42,18
KAF2210967,1395,1105,1965,0,0,0,0,4,3,16,0,10,77,82,45
KAF2210968,3764,3353,2122,0,0,0,0,0,0,4,1,2,20,49,32
KAF2210969,6092,5922,4484,0,0,0,0,0,0,8,6,8,80,138,71
KAF2210970,1411,1189,943,2,0,0,0,0,0,14,4,7,24,69,32
KAF2210971,1311,1117,2337,0,2,0,0,4,4,10,6,2,50,82,24
KAF2210972,4330,4652,4192,0,0,0,1,0,2,5,4,4,31,33,13
KAF2210973,295,290,410,0,0,0,0,0,0,0,0,2,4,8,8
KAF2210974,1354,1212,1712,0,0,0,2,0,0,4,6,6,61,106,28
KAF2210975,182,214,337,0,0,0,0,0,2,200,180,186,1175,1612,1078
KAF2210976,18,11,24,0,0,0,0,0,2,13,12,16,58,94,35
KAF2210530,3367,2751,2058,0,2,0,0,0,0,10,2,0,43,105,20
KAF2210531,792,721,585,0,0,2,0,0,2,0,0,0,8,21,7
KAF2210532,2724,2572,3291,0,2,2,2,0,0,65,2,6,61,123,85
KAF2210533,841,746,776,2,2,0,2,0,0,8,5,10,41,64,19
KAF2210534,546,412,955,0,2,4,2,0,0,2,1,0,22,68,6
KAF2210535,15,1,18,0,0,0,0,0,0,0,0,0,1,3,0
KAF2210536,584,589,812,0,0,0,2,0,0,4,0,0,10,20,15
KAF2210537,1136,956,1341,1,0,2,0,0,0,12,2,9,24,52,19
KAF2210538,23108,19287,8953,8,2,8,0,6,4,48,12,20,144,220,71
KAF2210539,1170,937,799,0,0,0,0,0,0,9,0,7,28,42,18
KAF2210540,542,451,446,0,0,0,0,0,0,14,0,0,9,10,2
KAF2210541,1998,2507,3754,2,4,2,0,0,0,10,6,2,19,59,47
KAF2210542,30,38,52,0,0,0,0,0,0,0,0,0,0,4,0
KAF2210543,883,824,1653,2,0,0,2,0,0,2,7,0,11,12,16
KAF2210544,89,88,92,0,0,0,0,0,0,2,0,0,0,2,4
KAF2210545,3606,3581,11212,0,2,2,0,3,10,35,12,4,94,162,81
KAF2210546,1172,1128,1087,0,2,0,0,0,0,8,10,1,41,84,30
KAF2210547,2250,2410,4986,6,0,0,0,0,0,13,0,10,71,109,31
KAF2210548,17,22,24,0,0,0,0,0,0,1,0,0,0,3,0
KAF2210549,14,26,28,0,0,0,0,0,0,0,0,0,0,4,2
KAF2210550,18,1,9,0,0,0,0,0,0,2,2,0,0,4,2
KAF2210551,3604,3140,2370,0,0,2,2,0,4,11,0,13,16,54,6
KAF2210552,101,82,86,0,0,0,0,0,0,4,0,2,2,14,4
KAF2210553,1919,1788,1444,0,0,0,4,0,0,11,17,4,60,172,96
KAF2210554,62,67,63,0,0,0,0,0,0,0,0,1,0,4,2
KAF2210555,941,830,1001,0,0,0,0,0,0,0,2,0,24,48,15
KAF2210556,27373,26054,18263,4,4,2,2,2,3,28,4,11,56,98,65
KAF2210557,17,12,29,0,0,0,0,0,0,0,0,0,0,2,1
KAF2210558,5311,5835,6989,0,2,0,2,0,1,4,0,0,20,18,32
KAF2210559,1212,1209,2225,2,0,0,0,0,0,0,0,0,12,10,26
KAF2210560,4921,5240,9397,0,0,0,0,1,4,4,0,0,8,22,6
KAF2210561,769,665,881,0,2,0,0,0,0,0,0,0,10,3,15
KAF2210562,194,133,175,0,0,0,0,0,0,6,0,2,7,18,1
KAF2210563,2654,2339,2077,4,2,2,4,2,0,17,2,4,31,51,20
KAF2210564,4144,4038,3601,0,2,0,0,0,0,0,0,0,17,16,19
KAF2210565,1331,1126,1750,0,0,2,0,0,2,20,0,4,26,59,32
KAF2210566,553,596,906,1,0,1,0,0,0,7,3,2,26,64,31
KAF2210567,28054,23217,21293,12,8,6,10,12,16,65,37,26,323,767,310
KAF2210568,810,687,833,0,0,0,0,2,0,4,0,0,0,10,8
KAF2210569,13,27,31,0,0,0,0,0,0,0,0,0,0,2,1
KAF2210570,159,120,272,2,0,0,2,2,0,6,0,0,10,21,13
KAF2210571,859,986,1377,0,0,0,0,0,2,3,0,2,9,21,16
KAF2210572,17,22,61,0,0,0,0,0,0,0,0,0,4,8,4
KAF2210573,73,82,83,0,0,0,0,0,0,0,4,1,2,8,1
KAF2210574,6504,5700,5182,3,5,6,2,10,8,43,2,18,62,100,45
KAF2210575,23,27,13,0,0,0,0,0,0,0,0,0,1,1,0
KAF2210576,17,9,6,0,0,0,0,0,0,0,0,0,0,2,0
KAF2210577,174,172,160,0,0,0,0,0,0,1,0,0,2,5,1
KAF2210578,710,540,736,0,0,0,2,0,0,6,0,2,12,15,7
KAF2210579,284,288,278,0,0,0,0,0,0,7,0,0,6,16,10
KAF2210580,263,265,351,0,0,0,0,0,0,0,0,0,4,11,2
KAF2210581,1045,746,501,0,0,4,0,0,0,2,0,0,12,23,12
KAF2210582,1195,1070,801,2,2,0,0,0,2,6,0,2,19,29,27
KAF2210583,172,176,211,0,0,0,0,0,2,6,0,2,10,17,7
KAF2210584,963,822,687,2,2,0,0,0,2,8,4,0,4,21,17
KAF2210585,198,120,148,0,0,1,0,0,0,6,2,0,4,28,6
KAF2210586,1145,1526,2045,0,0,0,1,3,7,17,1,1,66,218,98
KAF2210587,70,83,121,0,0,0,0,0,4,0,0,4,6,4,4
KAF2210588,825,789,1511,2,0,2,0,0,2,20,5,16,42,63,39
KAF2210589,2782,2711,3984,8,4,0,0,2,0,6,0,2,14,24,20
KAF2210590,1605,1266,1453,0,0,2,0,2,6,12,7,2,55,115,62
KAF2210591,2680,2965,3355,0,0,0,2,0,0,16,2,7,19,112,54
KAF2210592,2931,3093,2769,0,0,0,0,0,0,6,0,0,3,14,3
KAF2210593,15,18,43,0,0,0,0,0,0,0,0,0,0,1,2
KAF2210594,1908,1807,2033,0,0,0,2,0,6,17,0,5,32,38,10
KAF2210595,1261,1131,865,0,0,0,2,2,0,12,2,2,54,91,48
KAF2210596,1230,1113,1508,0,0,0,0,0,0,2,0,0,26,43,20
KAF2210597,343,412,589,2,0,0,0,0,0,10,6,2,21,21,12
KAF2210598,271,299,222,0,0,0,0,0,0,0,0,2,2,6,2
KAF2210599,292,270,594,0,0,0,0,0,4,4,0,0,12,15,18
KAF2210600,18218,17366,25718,0,2,0,186,72,125,347,134,47,487,1294,714
KAF2210601,53,57,98,0,0,0,0,0,0,0,0,2,6,11,6
KAF2210602,21979,16009,8586,14,17,14,2,4,4,17,20,10,74,110,39
KAF2210603,10209,10082,9701,2,2,7,4,2,2,50,18,19,198,452,337
KAF2210604,904,914,1313,0,0,0,6,2,4,25,4,2,21,96,34
KAF2210605,1414,1438,1102,0,0,0,2,2,0,2,5,0,14,35,21
KAF2210606,4666,4479,6744,0,2,4,4,6,18,63,14,8,109,284,121
KAF2210607,2473,2163,3182,0,0,0,2,1,0,4,4,4,43,61,21
KAF2210608,1052,961,1184,0,0,0,0,0,2,10,5,8,28,77,38
KAF2210609,4,0,3,0,0,0,0,0,0,0,0,0,0,0,0
KAF2210610,2432,2137,377,0,2,0,0,0,0,2,0,0,0,2,0
KAF2210611,1016,960,766,0,0,0,3,0,0,21,6,4,60,116,73
KAF2210612,18,11,49,0,0,0,0,0,0,0,0,2,2,4,0
KAF2210613,3512,3205,4696,2,0,4,2,4,8,20,3,6,57,89,18
KAF2210614,4601,4522,6620,2,0,0,2,1,1,29,6,8,110,234,113
KAF2210615,272,273,615,0,0,0,0,0,0,2,2,4,9,21,10
KAF2210616,4661,6390,8075,4,2,2,2,0,2,7,9,2,31,85,55
KAF2210617,2895,3144,3964,0,0,0,0,0,2,19,2,11,30,42,30
KAF2210618,294,269,315,0,0,0,0,0,0,0,0,0,5,13,10
KAF2210619,3283,2903,2138,0,2,0,2,2,2,23,9,15,71,220,77
KAF2210620,16623,15338,12080,8,4,17,16,14,24,184,76,56,877,2115,1107
KAF2210621,18499,15957,5289,6,4,2,12,9,4,65,18,24,160,281,163
KAF2210622,485,459,603,0,0,0,0,0,2,10,4,0,16,49,16
KAF2210623,78,86,171,0,0,0,0,0,0,2,2,2,6,6,6
KAF2210624,4174,3635,4578,0,4,6,6,0,4,40,6,8,94,182,80
KAF2210625,28,31,106,0,0,0,0,0,0,1,0,0,1,5,0
KAF2210626,158,139,497,0,0,0,0,0,0,4,0,2,6,11,4
KAF2210627,47,87,98,0,0,0,0,0,0,0,0,0,12,9,2
KAF2210628,779,847,1280,0,0,0,6,0,4,12,0,0,31,72,48
KAF2210629,244,262,290,0,0,0,0,0,1,9,1,3,17,32,17
KAF2210630,216,249,489,2,0,2,0,0,0,3,0,0,14,23,20
KAF2210631,437,470,719,0,0,0,0,0,0,4,2,3,8,31,14
KAF2210632,105,94,219,0,0,0,0,0,0,0,0,5,4,19,6
KAF2210633,261,213,454,0,0,0,0,0,0,2,0,0,12,18,10
KAF2210634,306,263,308,0,0,0,0,0,0,0,2,0,13,27,13
KAF2210635,1850,1813,1673,0,2,0,0,2,0,10,0,2,27,41,16
KAF2210636,58,36,75,0,0,1,0,0,0,0,0,0,2,0,4
KAF2210637,40,55,88,0,0,0,0,0,0,0,0,0,6,14,2
KAF2210638,5002,4131,3074,0,0,0,4,0,4,33,6,14,65,175,96
KAF2210639,1278,983,1597,0,0,2,0,0,0,16,2,14,23,76,10
KAF2210640,3400,3552,1846,0,2,2,0,0,0,2,0,0,26,34,30
KAF2210641,2454,2324,2418,0,0,2,0,0,0,10,16,4,35,69,52
KAF2210642,796,728,985,0,0,0,0,0,0,13,0,2,14,35,23
KAF2210643,68,74,56,0,0,0,0,0,0,0,0,0,4,16,7
KAF2210644,150,87,170,0,0,0,0,0,3,2,2,0,292,975,265
KAF2210645,9,4,19,0,0,0,0,0,2,4,0,0,124,396,109
KAF2210646,165,154,193,0,0,0,2,0,0,8,2,1,16,9,12
KAF2210647,558,573,685,2,0,0,0,0,2,2,0,1,12,18,4
KAF2210648,8,10,36,0,0,0,0,0,0,0,0,1,5,4,0
KAF2210649,52,36,72,0,0,0,1,0,0,0,2,0,4,15,6
KAF2210650,51,52,96,0,0,0,0,0,0,0,2,4,4,3,4
KAF2210651,523,513,736,2,0,0,0,2,2,7,6,1,32,50,27
KAF2210652,803,640,378,2,0,0,0,0,0,2,0,0,0,4,2
KAF2210653,1764,1625,1043,0,0,0,1,1,1,7,2,0,19,35,12
KAF2210654,7710,6430,4071,3,0,3,0,0,0,11,6,7,91,135,42
KAF2210655,11049,9713,5469,2,4,4,8,0,0,15,2,4,60,154,46
KAF2210656,600,561,774,0,0,0,0,0,1,6,3,4,28,70,36
KAF2210657,1438,1206,1084,2,0,1,0,2,0,6,1,2,34,82,38
KAF2210658,8660,7780,4599,2,6,2,0,0,3,5,2,10,38,80,24
KAF2210659,10726,9348,5740,4,5,1,3,2,3,15,10,7,72,143,55
KAF2210660,7,2,2,0,0,0,0,0,0,0,0,0,0,4,0
KAF2210661,319,253,306,0,0,1,0,0,0,8,0,0,7,7,11
KAF2210662,709,708,922,2,0,0,0,0,2,0,0,2,17,46,12
KAF2210663,1071,1029,758,0,0,0,0,0,0,5,0,4,19,35,23
KAF2210664,100,86,105,0,0,0,0,0,0,1,0,0,2,5,2
KAF2210665,130,106,140,0,0,2,0,0,0,2,0,0,6,9,8
KAF2210666,23,16,22,0,0,0,0,0,0,0,0,0,0,2,0
KAF2210667,8,8,37,0,0,0,0,0,0,0,2,0,0,2,0
KAF2210668,11,11,8,0,0,0,2,0,0,0,0,0,0,4,4
KAF2210669,387,419,736,0,0,0,0,2,0,6,0,6,26,64,34
KAF2210670,124,151,295,0,0,0,2,0,0,6,0,0,12,22,8
KAF2210671,550,596,1051,0,0,0,2,0,0,6,2,2,15,60,20
KAF2210672,12848,14319,17413,2,2,4,0,4,8,56,23,33,264,593,245
KAF2210673,37,38,75,0,0,0,0,0,0,2,0,0,10,14,5
KAF2210674,44,41,77,0,0,0,0,0,0,0,0,1,4,8,1
KAF2210675,1304,1109,790,0,0,4,4,0,0,20,10,2,40,125,52
KAF2210676,940,734,504,0,0,0,0,0,0,2,0,0,0,4,3
KAF2210677,935,744,1060,0,0,0,2,0,0,4,0,3,12,14,8
KAF2210678,476,464,674,0,0,0,0,0,0,4,2,0,6,18,4
KAF2210679,1688,1486,1465,0,0,1,2,0,0,7,2,0,26,56,16
KAF2210680,69,141,275,0,0,0,2,0,2,2,0,0,0,18,5
KAF2210681,881,867,1074,0,0,0,2,0,0,6,4,0,35,55,26
KAF2210682,705,693,1048,0,0,2,0,0,2,21,9,2,55,97,42
KAF2210683,382,353,554,0,0,0,0,0,0,10,4,2,12,27,4
KAF2210684,7093,6201,9825,2,0,2,12,0,4,60,8,20,120,256,133
KAF2210685,10847,9075,4984,6,6,4,9,2,4,29,6,8,126,232,152
KAF2210686,1778,1895,3135,2,4,4,0,0,0,7,0,3,21,41,11
KAF2210687,7187,6044,4658,2,0,1,8,0,6,39,18,12,97,224,122
KAF2210688,2235,1838,1010,0,2,0,2,2,6,40,18,8,109,146,104
KAF2210689,1158,1091,413,0,0,0,0,0,0,1,0,2,3,4,2
KAF2210690,1938,1837,1696,0,0,4,7,0,4,36,14,8,26,90,48
KAF2210691,4823,4121,3617,2,6,6,6,4,2,32,14,4,122,279,86
KAF2210692,1148,930,1057,5,0,2,0,0,0,6,2,0,17,60,33
KAF2210693,2,0,0,0,0,0,0,0,0,0,0,0,0,0,0
KAF2210694,7926,6200,5883,4,4,6,0,3,0,32,8,11,56,125,33
KAF2210695,25,37,31,0,0,0,0,0,0,2,1,0,0,4,0
KAF2210696,100,130,217,0,0,0,0,0,0,3,1,1,7,11,5
KAF2210697,245,330,400,0,0,0,2,0,2,15,2,8,77,237,66
KAF2210698,1447,1304,2625,0,0,0,2,2,6,17,8,6,113,225,88
KAF2210699,661,502,936,0,0,2,4,0,0,2,2,0,14,19,12
KAF2210700,5017,4066,3975,6,0,2,8,0,10,54,13,32,183,346,148
KAF2210701,593,544,378,0,2,8,0,0,0,4,0,0,8,10,4
KAF2210702,897,810,1508,0,0,0,2,1,0,0,0,0,17,24,3
KAF2210703,910,811,576,0,0,0,0,0,0,4,2,0,6,30,12
KAF2210704,1751,1618,1862,4,0,0,4,2,0,28,4,8,83,240,139
KAF2210705,20,21,33,0,0,0,0,0,0,0,0,0,3,6,6
KAF2210706,949,901,1066,0,0,0,0,0,0,4,0,0,14,26,16
KAF2210707,140,131,243,0,0,0,0,0,0,2,1,0,9,15,3
KAF2210708,446,481,721,4,2,0,2,0,0,11,1,0,22,72,23
KAF2210709,1059,890,1240,0,0,0,2,0,4,9,6,6,60,90,46
KAF2210710,1133,849,821,1,0,0,0,0,0,2,8,8,25,67,17
KAF2210711,1675,1293,1127,0,0,0,8,0,4,23,8,4,63,95,50
KAF2210712,121,116,173,0,0,0,0,0,0,6,1,1,8,11,10
KAF2210713,993,1123,2318,0,0,0,2,0,2,14,2,0,28,77,45
KAF2210714,1599,1438,797,1,0,0,2,0,0,12,0,4,48,78,35
KAF2210715,93,62,60,0,0,0,0,0,0,0,2,0,2,10,2
KAF2210716,1405,1332,1212,0,4,5,0,0,0,2,2,2,18,53,5
KAF2210717,1545,1279,1436,2,2,0,0,0,6,6,4,8,24,68,26
KAF2210718,2313,2040,2695,0,0,0,0,0,7,5,2,6,28,78,23
KAF2210719,1473,1306,2245,0,0,1,0,2,8,17,3,9,38,87,25
KAF2210720,510,491,1423,0,2,0,0,0,0,6,2,2,38,107,37
KAF2210721,339,290,295,0,2,0,0,2,0,6,2,4,8,16,6
KAF2210722,166,149,214,0,0,0,2,0,0,0,0,0,4,6,10
KAF2210723,36,27,45,0,0,0,0,0,0,0,2,0,0,3,0
KAF2210724,2531,2640,3726,4,0,2,1,2,0,22,10,12,50,121,53
KAF2210725,2031,1948,1468,4,2,6,4,0,2,8,8,0,51,115,79
KAF2210726,1876,2032,2478,0,0,0,12,6,6,36,14,14,75,153,72
KAF2210727,1502,2028,2474,0,0,0,0,0,0,2,0,2,14,57,33
KAF2210728,35804,33315,16756,0,0,2,0,0,0,4,0,0,42,131,58
KAF2210729,3017,2913,2833,0,0,0,0,0,2,11,4,2,32,56,21
KAF2210730,710,647,729,0,2,0,0,0,0,4,4,4,21,86,46
KAF2210731,155,148,335,0,0,0,2,0,2,34,12,4,36,78,2
KAF2210732,5,2,11,0,0,0,0,0,0,0,0,0,0,2,0
KAF2210733,1008,1138,1654,0,0,0,0,2,0,16,6,2,24,62,22
KAF2210734,1365,1262,1311,0,0,0,3,4,0,9,2,6,9,41,10
KAF2210735,83,139,63,0,0,0,0,0,0,2,0,0,0,9,2
KAF2210736,144,124,100,0,0,0,0,0,0,2,0,0,8,8,3
KAF2210737,200,140,99,0,0,0,0,0,0,5,0,2,6,15,6
KAF2210738,352,314,442,0,0,0,0,0,0,3,0,7,17,36,16
KAF2210739,1509,2548,5626,0,0,0,12,12,2,22,8,8,14,154,52
KAF2210740,11163,12265,18746,0,0,0,12,8,10,35,8,16,22,45,22
KAF2210741,507,426,537,0,0,0,2,0,2,2,2,2,13,47,35
KAF2210742,94,117,506,0,0,0,0,0,2,2,0,0,0,0,4
KAF2210743,400,480,594,0,0,0,0,0,0,0,0,0,10,2,4
KAF2210744,59,31,48,0,0,0,0,0,0,0,0,0,0,0,1
KAF2210745,3374,2800,4251,6,4,15,0,0,0,0,0,0,12,8,14
KAF2210746,9,7,6,0,0,0,0,0,0,0,0,0,0,0,0
KAF2210747,4928,4515,6698,10,6,4,0,0,0,0,0,0,18,14,14
KAF2210748,23,13,48,0,0,0,0,0,0,0,0,0,0,1,0
KAF2210749,15,15,23,0,0,0,0,0,0,0,0,0,0,0,0
KAF2210750,31,17,29,0,0,0,0,0,0,0,0,0,0,0,0
KAF2210751,13,11,16,0,0,0,0,0,0,6,0,0,4,2,2
KAF2210752,35,30,24,0,0,0,0,0,0,0,0,0,1,4,0
KAF2210753,22,12,23,0,2,0,0,0,0,0,0,0,0,1,0
KAF2210754,148,129,81,0,0,0,0,0,0,0,0,0,0,2,2
KAF2210755,275,288,446,2,0,0,0,0,4,0,0,0,4,9,3
KAF2210756,322,233,278,0,0,0,0,0,0,4,4,0,6,4,4
KAF2210757,642,614,611,0,0,0,0,0,0,8,0,0,10,17,6
KAF2210758,838,927,915,0,0,2,0,0,0,18,6,4,28,71,37
KAF2210759,18,27,17,0,0,0,0,0,0,0,0,0,0,5,0
KAF2210760,18,7,27,0,0,0,0,0,0,0,0,0,0,4,0
KAF2210761,665,712,902,0,0,0,2,2,0,4,2,2,6,33,20
KAF2210762,3974,3676,4859,2,0,5,2,2,2,12,8,6,37,72,37
KAF2210764,0,0,0,0,0,0,0,0,0,0,0,0,0,0,0
KAF2210763,330,322,301,0,0,0,0,0,2,4,2,2,12,42,25
KAF2210765,3128,2223,2682,2,0,5,0,0,4,17,8,3,64,70,44
KAF2210766,11465,7555,3658,0,7,8,4,2,2,20,4,8,64,77,59
KAF2210767,3581,3684,5052,2,0,0,0,0,2,8,2,0,12,21,12
KAF2210306,0,0,0,0,0,0,0,0,0,0,0,0,0,0,0
EFT00053797984,6,14,10,0,0,0,0,0,0,0,0,0,0,0,0
KAF2210307,104,99,124,0,0,0,0,0,0,3,3,6,41,77,24
KAF2210308,0,2,4,0,0,0,0,0,0,0,0,0,0,0,0
KAF2210309,618,615,741,1,0,0,2,2,8,16,5,7,42,146,46
KAF2210310,82,95,218,0,0,0,0,0,0,7,1,1,6,18,5
KAF2210311,1768,1590,604,2,4,0,0,0,2,6,2,6,18,62,27
KAF2210312,4678,4092,2548,4,7,2,6,0,1,23,7,12,133,279,117
KAF2210313,54,47,28,0,0,0,0,0,0,0,0,0,1,4,1
KAF2210314,71,46,41,0,0,0,0,0,0,6,0,0,1,2,0
KAF2210315,1599,1953,5016,0,0,2,0,0,4,21,4,5,38,100,50
KAF2210316,41,43,168,0,0,0,0,0,0,0,0,0,1,3,0
KAF2210317,665,613,1085,1,0,2,0,0,2,10,0,2,38,65,31
KAF2210318,87,98,143,0,0,0,0,0,0,0,0,0,4,10,2
KAF2210319,860,949,996,0,0,0,0,0,0,16,6,0,62,154,84
KAF2210320,14,14,58,0,0,0,0,0,0,0,0,0,4,2,0
KAF2210321,44,67,125,0,0,0,0,0,2,0,0,2,6,10,4
KAF2210322,580,425,763,0,0,2,0,0,0,0,6,0,5,29,7
KAF2210323,1272,1212,1143,0,2,0,4,0,8,10,4,8,32,106,77
KAF2210324,713,661,692,0,0,0,0,0,0,5,2,2,16,42,6
KAF2210325,148,144,176,0,0,0,0,0,2,22,4,0,55,117,65
KAF2210326,497,408,382,0,0,0,0,0,2,4,0,1,2,37,26
KAF2210327,94,103,129,0,0,0,2,0,0,0,0,0,6,14,9
KAF2210328,193,183,361,0,0,0,0,0,0,0,0,0,31,38,14
KAF2210329,382,376,630,0,0,0,0,0,0,0,0,0,10,35,13
KAF2210330,155,127,86,0,0,0,0,0,0,0,0,0,6,14,9
KAF2210331,170,139,134,0,0,0,0,0,0,0,1,2,5,29,10
KAF2210332,1847,1527,2815,4,0,4,4,0,0,10,4,6,42,109,30
KAF2210333,660,579,524,0,0,0,3,0,0,2,2,0,31,36,14
KAF2210334,325,351,600,0,0,0,2,0,0,71,7,17,83,207,77
KAF2210335,271,240,434,0,0,0,0,0,0,6,0,2,4,8,3
KAF2210336,3,2,8,0,0,0,0,0,0,0,0,0,0,0,2
KAF2210337,1334,1309,1281,0,0,0,2,0,2,7,0,4,31,40,29
KAF2210338,2353,2386,2081,2,0,0,0,0,0,8,6,2,29,49,16
KAF2210339,1001,1024,915,2,0,1,2,0,0,2,0,0,2,7,6
KAF2210340,826,713,610,0,2,0,0,0,1,4,2,0,4,6,3
KAF2210341,184,242,558,0,0,0,0,0,0,0,2,0,6,6,6
KAF2210342,93,85,155,0,0,0,0,0,0,2,1,2,2,4,3
KAF2210343,931,1050,1225,0,0,0,0,0,0,9,6,3,32,106,40
KAF2210344,1177,1097,1009,0,0,1,0,0,0,10,3,0,16,71,22
KAF2210345,844,818,878,0,0,0,0,0,2,10,8,2,90,207,74
KAF2210346,377,334,276,0,0,0,0,0,0,0,4,2,14,27,22
KAF2210347,430,393,609,0,0,0,0,0,2,2,0,0,17,46,21
KAF2210348,338,265,287,0,0,0,0,0,2,0,2,0,2,4,2
KAF2210349,15,10,31,0,0,0,0,0,0,0,0,0,0,0,0
KAF2210350,6,5,8,0,0,0,0,0,0,0,0,0,0,0,0
KAF2210351,28,40,75,0,0,0,0,0,0,0,0,0,0,0,0
KAF2210352,14,10,64,0,0,0,0,0,0,0,0,0,0,0,0
KAF2210353,62,42,136,0,0,0,0,0,0,0,0,0,0,0,0
KAF2210354,393,332,936,0,0,0,0,0,0,8,0,2,20,64,8
KAF2210355,122,104,326,0,0,2,0,0,0,2,0,2,3,20,2
KAF2210356,914,822,935,0,2,2,0,0,0,5,4,0,16,37,24
KAF2210357,222,176,320,0,0,0,0,0,0,4,0,4,8,19,18
KAF2210358,143,138,262,0,0,0,0,0,0,6,0,4,13,6,8
KAF2210359,338,238,484,0,0,0,0,0,0,0,2,0,4,8,0
KAF2210360,215,184,184,0,0,0,0,0,1,0,0,0,2,1,3
KAF2210361,826,666,486,0,0,0,0,0,4,6,2,0,8,40,16
KAF2210362,203,145,177,0,0,0,2,0,0,3,0,0,6,13,7
KAF2210363,291,231,260,0,0,0,0,0,2,0,0,0,5,16,11
KAF2210364,1037,1258,1812,0,2,0,0,1,2,17,8,7,87,144,74
KAF2210365,191,191,213,0,0,0,0,0,0,0,0,0,6,5,2
KAF2210366,54,76,116,0,2,0,0,2,0,0,0,0,4,6,6
KAF2210367,9,12,18,0,0,0,0,0,0,0,0,0,0,0,0
KAF2210368,13,27,31,0,0,0,0,0,0,0,0,0,0,0,2
KAF2210369,5922,5027,3423,4,2,2,4,0,8,34,14,12,62,188,104
KAF2210370,415,462,609,0,0,0,0,0,0,0,0,1,0,15,3
KAF2210371,836,807,1106,0,0,0,0,0,2,6,2,2,33,91,29
KAF2210372,1030,984,738,2,0,0,2,0,0,0,0,2,2,17,0
KAF2210373,1241,1350,2528,0,0,0,0,0,0,4,0,2,10,20,12
KAF2210374,87,85,171,0,0,0,0,0,0,0,0,0,1,2,1
KAF2210375,13441,12931,10786,2,2,0,0,0,0,14,0,1,47,96,59
EFT00053797983,0,2,1,0,0,0,0,0,0,0,0,0,0,0,0
KAF2210376,33659,26513,28497,29,20,31,15,14,20,76,19,22,336,916,296
KAF2210377,66,56,53,0,0,0,0,0,0,3,0,0,1,0,7
KAF2210378,600,779,1239,0,0,0,0,2,0,18,4,0,32,85,58
KAF2210379,213,163,502,0,0,0,0,0,0,1,0,0,17,23,11
KAF2210380,8,10,16,0,0,0,0,0,0,0,0,0,0,0,0
KAF2210381,1812,1729,1314,2,2,0,0,0,0,12,2,4,28,44,27
KAF2210382,846,871,1248,0,0,2,2,0,0,4,4,0,56,92,48
KAF2210383,411,426,578,0,0,0,0,0,0,1,2,0,2,20,12
KAF2210384,2127,1672,1336,1,0,6,2,2,0,12,6,4,60,87,46
KAF2210385,539,587,1061,2,2,0,0,0,0,4,1,0,14,47,24
KAF2210386,6,5,6,0,0,0,0,0,0,0,0,0,0,0,0
KAF2210387,16,0,8,0,0,0,0,0,0,2,0,0,0,2,2
KAF2210388,4060,4059,4585,0,2,2,4,3,10,32,12,10,138,274,129
KAF2210389,172,190,345,0,0,0,0,0,0,0,0,0,7,47,9
KAF2210390,111,92,227,0,0,0,0,0,2,3,0,0,7,28,11
KAF2210391,1164,1404,3122,0,0,0,2,0,2,10,4,6,72,147,57
KAF2210392,58,33,97,0,0,0,0,0,0,0,0,0,0,4,0
KAF2210393,2424,2322,3124,0,0,0,0,0,4,20,6,12,122,218,149
KAF2210394,848,660,566,0,0,0,2,2,0,5,4,4,9,27,8
KAF2210395,156,154,594,0,0,0,2,0,0,2,0,0,2,2,0
KAF2210396,444,392,433,0,0,0,0,0,0,5,0,1,11,15,4
KAF2210397,2213,2191,2965,0,0,0,0,0,8,31,20,15,77,161,81
KAF2210398,776,727,903,0,0,0,0,0,2,8,0,4,15,28,13
KAF2210399,188,238,718,0,0,0,0,0,0,0,2,2,4,7,18
KAF2210400,1835,1721,1689,0,0,0,0,0,0,22,19,1,102,278,108
KAF2210401,406,310,534,0,0,0,0,0,0,2,0,2,29,24,6
KAF2210402,2404,1843,3282,2,2,0,0,2,2,18,4,14,58,152,60
KAF2210403,179,244,344,0,0,0,0,0,0,0,0,6,16,16,4
KAF2210404,512,438,928,0,0,0,0,0,0,0,1,7,15,46,13
KAF2210405,1109,1030,1187,0,0,0,0,0,0,11,4,2,22,34,15
KAF2210406,194,218,320,0,0,0,0,0,0,1,0,4,8,22,4
KAF2210407,277,192,406,0,0,2,2,0,0,6,0,2,7,24,4
KAF2210408,13729,13809,23965,22,16,26,14,18,12,41,53,45,348,890,356
KAF2210409,1438,1495,3310,2,0,0,6,14,17,32,8,8,22,30,10
KAF2210410,4770,4009,6334,1,2,4,2,6,6,85,13,32,101,239,118
KAF2210411,360,377,1090,0,0,0,6,6,9,44,26,21,124,308,102
KAF2210412,76,51,77,0,0,0,0,0,0,1,0,0,5,20,5
KAF2210413,1047,952,1076,0,1,0,0,0,0,2,0,0,23,37,26
KAF2210414,41,34,51,0,0,0,0,0,0,0,0,0,3,4,2
KAF2210415,896,553,697,0,0,0,0,0,0,10,0,0,13,29,6
KAF2210416,3008,2517,2450,0,0,4,2,0,0,12,0,16,64,148,75
KAF2210417,35,32,78,0,0,0,0,0,0,0,0,0,2,0,0
KAF2210418,59,74,121,0,0,0,0,0,0,0,0,0,1,0,4
KAF2210419,4597,4302,5109,2,2,4,0,4,0,25,7,24,56,131,50
KAF2210420,1969,2096,1747,2,0,2,0,0,0,8,0,0,10,5,3
KAF2210421,1234,1101,737,1,0,2,0,0,0,3,5,2,6,18,8
KAF2210422,77,49,235,0,0,0,0,0,0,1,0,0,0,3,4
KAF2210423,351,339,1287,0,0,0,0,0,2,6,2,6,14,45,27
KAF2210424,39,28,31,0,0,0,0,0,0,1,0,0,1,5,0
KAF2210425,48,32,50,0,0,0,0,0,0,0,0,2,4,2,2
KAF2210426,1331,1471,1569,0,0,0,14,2,2,52,18,21,110,159,82
KAF2210427,155,165,339,0,0,2,1,2,0,10,0,4,52,195,72
KAF2210428,132,105,227,0,0,0,0,0,0,4,0,0,13,16,2
KAF2210429,1585,1679,2301,4,2,0,2,2,0,16,6,8,30,104,51
KAF2210430,562,435,400,0,0,0,0,0,4,16,12,12,44,85,49
KAF2210431,12290,11889,12631,2,7,4,8,14,12,98,32,29,234,655,279
KAF2210432,4008,3896,2863,0,4,0,3,2,4,18,4,9,25,64,31
KAF2210433,14106,11738,9052,7,2,1,4,9,12,63,15,16,138,270,83
KAF2210434,24,16,26,0,0,0,0,0,0,0,0,0,0,0,1
KAF2210435,1238,999,711,0,2,2,0,0,2,16,8,2,20,62,25
KAF2210436,87007,67356,22758,73,52,74,13,6,12,142,28,39,355,723,284
KAF2210437,2455,2212,2186,0,0,0,0,2,6,16,8,4,67,182,73
KAF2210438,2444,2087,4502,0,0,0,0,0,0,12,0,7,16,29,18
KAF2210439,56,54,141,0,0,0,0,0,0,4,0,0,16,37,6
KAF2210440,431,307,462,0,0,0,0,0,0,2,1,0,12,13,13
KAF2210441,15494,15095,11067,0,2,8,2,0,2,37,1,18,46,123,64
KAF2210442,371,350,325,0,0,0,0,0,0,4,0,0,11,12,3
KAF2210443,134,119,135,0,0,0,0,0,0,1,0,0,8,12,5
KAF2210444,952,950,1040,0,0,0,0,2,2,16,5,7,37,56,16
KAF2210445,178,159,329,0,0,0,0,0,0,2,0,2,9,16,4
KAF2210446,1857,1663,2980,0,0,4,0,0,2,26,4,3,35,75,36
KAF2210447,871,840,1018,0,0,0,0,0,0,10,1,0,32,48,9
KAF2210448,2489,2316,1520,0,0,0,4,0,0,12,4,5,24,70,23
KAF2210449,4409,4130,4841,8,2,8,0,0,0,6,3,2,42,100,25
KAF2210450,2796,2741,3806,3,0,0,0,0,0,4,4,2,28,91,46
KAF2210451,1821,2241,2732,16,4,6,2,4,4,23,18,22,388,1100,294
KAF2210452,1485,1090,829,0,0,2,0,0,2,14,6,7,31,65,43
KAF2210453,344,252,311,0,0,0,0,0,0,0,2,2,14,28,12
KAF2210454,3902,3459,2688,0,1,2,4,0,2,16,6,6,69,143,76
KAF2210455,11346,10548,7313,4,8,4,12,4,2,66,32,29,372,964,477
KAF2210456,3054,2649,2740,4,0,0,2,2,2,22,2,4,44,156,39
KAF2210457,200,197,327,0,0,0,0,0,0,0,0,0,0,4,0
KAF2210458,489,503,866,2,0,0,2,0,0,2,0,0,0,4,4
KAF2210459,1514,1355,1002,0,0,0,0,2,2,12,4,5,18,83,37
KAF2210460,2011,1700,1992,1,0,3,0,0,0,20,11,9,58,100,42
KAF2210461,892,780,1138,0,0,0,2,0,0,9,0,1,43,63,25
KAF2210462,375,276,392,0,0,0,0,0,2,12,9,2,35,47,26
KAF2210463,205,240,171,0,0,0,0,0,0,2,2,0,9,9,4
KAF2210464,1980,1601,1815,0,0,0,2,4,2,10,6,6,63,118,64
KAF2210465,139,159,339,0,0,0,0,0,0,6,4,2,12,19,8
KAF2210466,4875,3882,1381,0,0,2,6,4,2,24,23,10,63,144,66
KAF2210467,1081,1068,1766,2,0,0,0,2,5,13,3,1,36,79,41
KAF2210468,22,40,34,0,0,0,0,0,0,0,0,0,0,0,0
KAF2210469,7016,8079,13448,0,0,0,0,0,0,3,0,0,30,47,30
KAF2210470,74,76,140,0,0,0,0,0,0,6,0,0,2,14,6
KAF2210471,226,264,202,4,0,0,0,0,2,0,0,0,47,69,16
KAF2210472,132,152,177,0,0,0,0,0,0,0,0,0,4,23,2
KAF2210473,712,657,694,0,0,2,0,0,0,4,0,4,47,95,49
KAF2210474,121,110,172,0,0,0,0,0,0,0,0,0,2,6,4
KAF2210475,708,710,369,0,0,0,0,0,0,8,2,2,16,13,17
KAF2210476,718,730,680,0,0,0,0,0,0,2,0,2,12,15,12
KAF2210477,7105,7730,3544,0,0,6,3,1,6,15,8,16,92,189,87
KAF2210478,63,72,61,0,0,0,0,0,0,2,0,0,2,4,2
KAF2210479,511,407,602,0,0,0,0,0,0,2,4,2,28,42,18
KAF2210480,2724,2638,2312,2,2,2,2,0,6,12,4,8,56,102,42
KAF2210481,441,472,895,0,0,0,10,4,14,159,29,33,269,471,272
KAF2210482,5662,5163,7251,2,5,2,2,0,2,2,3,6,48,77,21
KAF2210483,8,4,5,0,0,0,0,0,0,0,0,0,0,0,0
KAF2210484,1545,1370,1418,0,0,0,0,0,10,26,2,4,47,82,46
KAF2210485,1701,1613,1514,0,0,0,0,0,0,5,2,4,26,40,26
KAF2210486,271,213,190,0,2,0,0,0,0,0,0,0,2,9,0
KAF2210487,3008,2653,2437,0,0,2,0,0,0,4,0,0,13,11,7
KAF2210488,1695,1643,1608,0,2,0,0,0,0,6,2,4,13,40,14
KAF2210489,0,2,2,0,0,0,0,0,0,0,0,0,0,0,0
KAF2210490,87,52,87,0,0,0,0,0,0,0,0,0,10,9,11
KAF2210491,181,220,620,0,0,0,0,0,0,4,0,0,2,6,3
KAF2210492,15383,17153,26398,2,8,4,16,16,22,198,37,53,525,1308,428
KAF2210493,721,801,1460,0,0,0,0,0,2,2,2,2,10,11,4
KAF2210494,186,169,206,0,0,0,0,0,0,0,0,0,0,2,2
KAF2210495,110,78,230,0,0,0,0,0,0,2,0,0,2,2,4
KAF2210496,163,109,360,0,0,0,0,0,0,0,2,0,0,0,0
KAF2210497,162,189,516,0,0,0,0,0,0,5,0,0,0,5,3
KAF2210498,325,372,689,2,0,0,0,6,0,33,8,6,50,102,39
KAF2210499,6267,6212,12419,0,0,0,18,6,15,222,45,54,517,1198,448
KAF2210500,919,980,2091,0,0,0,0,2,2,34,6,8,31,107,18
KAF2210501,2309,2193,4122,0,0,0,2,0,2,32,10,4,59,89,48
KAF2210502,444,432,702,0,0,2,2,0,2,7,5,4,12,32,10
KAF2210503,123,90,192,0,0,0,0,0,0,13,3,2,12,28,5
KAF2210504,162,203,297,0,0,0,0,0,0,2,2,0,0,18,7
KAF2210505,303,274,765,0,0,0,2,2,0,6,6,0,12,51,15
KAF2210506,455,421,489,0,2,0,2,0,4,5,4,3,22,43,14
KAF2210507,575,668,1605,4,2,0,4,0,1,14,4,7,31,66,36
KAF2210508,131,219,293,0,0,0,0,0,0,2,2,0,5,12,14
KAF2210509,62,64,146,0,0,0,0,0,0,2,0,0,0,7,4
KAF2210510,2373,2279,1749,2,4,0,2,0,0,28,4,8,48,101,40
KAF2210511,1074,1045,1243,0,0,2,2,0,0,12,2,2,22,34,11
KAF2210512,676,607,834,3,0,0,0,0,0,8,1,0,12,30,13
KAF2210513,113,74,127,0,0,0,0,0,0,1,0,0,1,3,4
KAF2210514,1907,1401,1081,2,0,0,8,0,4,20,0,0,46,85,42
KAF2210515,399,286,356,0,0,0,2,0,0,19,1,0,17,38,28
KAF2210516,157,176,281,2,0,0,0,2,0,6,0,4,4,29,10
KAF2210517,2435,1924,2175,1,0,0,2,0,3,18,8,4,47,64,40
KAF2210518,2704,2055,1408,2,0,4,0,0,0,5,0,2,28,52,9
KAF2210519,556,664,1669,0,0,0,2,4,4,24,4,0,33,78,42
KAF2210520,5122,4596,5259,0,0,2,14,9,10,54,9,11,50,158,71
KAF2210521,1280,1131,1084,2,0,0,0,2,2,9,4,8,41,72,39
KAF2210522,261,202,280,2,0,0,0,2,0,5,0,0,8,6,25
KAF2210523,1528,1215,855,2,2,4,2,6,2,13,3,8,48,74,102
KAF2210524,7,2,5,0,0,0,0,0,0,0,0,0,0,0,0
KAF2210525,729,641,689,2,0,2,0,0,0,15,2,0,43,88,60
KAF2210526,4064,3477,2610,6,2,0,0,1,2,49,12,9,111,210,66
KAF2210527,2172,2393,3966,0,0,0,12,6,5,92,25,15,351,732,316
KAF2210528,642,703,1082,0,0,0,2,1,0,19,7,4,61,125,58
KAF2210529,249,203,355,0,0,0,0,0,2,16,6,0,18,66,29
KAF2210175,815,883,2154,0,0,0,8,2,3,34,10,10,56,210,74
KAF2210176,864,722,1708,0,2,0,2,1,2,5,0,10,25,23,16
KAF2210177,2640,2573,4411,2,0,0,9,4,4,33,17,6,118,312,120
KAF2210178,11128,9616,6210,6,2,4,8,2,6,44,14,22,143,348,115
KAF2210179,4567,3781,2126,4,0,2,0,0,4,12,1,4,56,93,33
KAF2210180,1285,1033,584,0,4,0,0,0,1,6,0,0,5,21,17
KAF2210181,741,549,361,2,0,0,0,0,4,12,0,2,14,42,19
KAF2210182,7,3,14,0,0,0,0,0,0,0,0,0,1,3,0
KAF2210183,137,106,184,0,0,0,0,0,4,6,4,0,12,19,6
KAF2210184,1287,1081,779,0,0,0,4,0,0,6,6,0,25,42,16
KAF2210185,993,985,1006,0,0,0,0,0,0,6,1,4,8,36,23
KAF2210186,6,8,23,0,0,0,0,0,0,0,0,0,0,0,0
KAF2210187,7,6,22,0,0,0,0,0,0,0,0,0,0,0,2
KAF2210188,1,0,3,0,0,0,0,0,0,0,0,0,0,0,0
KAF2210189,173,146,200,0,0,0,0,0,0,0,0,0,4,4,7
KAF2210190,159,113,181,0,2,0,0,0,0,2,0,0,9,18,2
KAF2210191,122,115,206,0,0,0,0,0,0,2,0,2,10,21,5
KAF2210192,1477,1981,4568,0,0,0,0,0,2,5,0,2,8,12,12
KAF2210193,344,414,792,0,0,0,0,0,0,4,0,0,3,4,2
KAF2210194,11999,13986,22426,0,2,0,0,0,2,29,8,6,71,104,58
KAF2210195,49,21,64,0,0,0,0,0,0,0,0,0,0,0,0
KAF2210196,407,511,491,0,0,0,0,0,0,2,0,0,16,6,6
KAF2210197,837,726,1033,2,0,0,0,0,0,6,0,0,8,18,13
KAF2210198,548,446,142,2,0,0,0,0,0,0,0,0,4,0,0
KAF2210199,4762,4596,1624,0,4,0,0,2,11,21,11,12,156,272,136
KAF2210200,1974,1635,719,0,0,0,0,0,0,3,0,2,12,14,13
KAF2210201,97,62,117,0,0,0,0,0,0,0,2,0,2,1,6
KAF2210202,2,0,2,0,0,0,0,0,0,0,0,0,0,0,0
KAF2210203,16308,16477,47114,6,2,6,11,0,0,39,12,16,97,206,100
KAF2210204,4421,4131,2872,0,0,2,0,0,6,14,4,4,74,98,36
KAF2210205,252,202,316,0,0,0,0,6,5,89,27,29,590,1159,473
KAF2210206,7897,8897,29075,0,0,0,0,0,0,24,2,2,93,212,88
KAF2210207,93,98,151,0,0,0,0,0,0,2,0,0,0,4,0
KAF2210208,417,452,1004,0,0,0,0,0,0,0,2,2,10,21,2
KAF2210209,65,74,92,0,0,0,0,0,0,0,0,0,0,3,3
KAF2210210,975,963,2577,0,0,0,2,2,0,10,3,12,46,51,23
KAF2210211,95,71,133,0,0,0,0,0,0,2,2,0,4,18,10
KAF2210212,209,170,240,0,0,0,0,0,0,0,2,4,7,5,0
KAF2210213,273,287,268,0,0,0,0,0,0,0,0,2,4,11,15
KAF2210214,888,839,1352,2,0,0,0,0,6,6,4,2,13,43,14
KAF2210215,2065,1871,1007,0,2,2,4,0,0,4,1,6,30,37,9
KAF2210216,128,135,170,0,0,0,0,0,0,0,0,0,7,7,2
KAF2210217,146,91,165,0,0,0,0,0,0,0,0,0,2,6,9
KAF2210218,1902,1693,1707,0,0,0,0,2,0,8,0,0,24,49,28
KAF2210219,140,136,224,0,0,0,0,0,2,6,0,0,24,56,15
KAF2210220,135,128,189,0,0,0,0,0,0,4,0,3,0,0,6
KAF2210221,1045,935,1105,0,0,0,0,2,4,11,0,2,30,83,45
KAF2210222,143,123,136,0,2,0,0,0,0,0,0,0,0,19,2
KAF2210223,306,281,477,0,0,0,0,0,0,5,0,2,23,27,12
KAF2210224,28,30,36,0,0,0,0,0,0,0,0,6,6,7,16
KAF2210225,28,21,65,0,0,0,0,0,0,6,0,0,0,0,0
KAF2210226,4,7,13,0,0,0,0,0,0,0,0,0,0,0,0
KAF2210227,179,133,294,0,0,0,0,0,0,0,2,0,14,39,10
KAF2210228,21,26,44,0,0,0,0,0,0,0,2,0,1,8,5
KAF2210229,1144,1277,1224,4,2,4,0,0,0,2,4,0,68,243,114
KAF2210230,732,698,753,0,0,0,0,0,0,10,4,2,28,51,18
KAF2210231,47,56,116,0,0,0,0,0,0,34,6,10,138,312,155
KAF2210232,63,81,148,0,0,0,0,0,0,2,2,1,11,7,7
KAF2210233,56,33,98,0,0,0,0,0,0,0,0,0,3,11,0
KAF2210234,360,241,247,0,0,0,0,0,2,104,6,11,89,214,101
KAF2210235,1052,880,897,0,0,0,1,2,0,18,0,2,27,86,38
KAF2210236,430,432,372,0,0,0,0,0,0,1,0,5,8,14,1
KAF2210237,692,559,521,0,0,0,0,0,0,2,2,0,11,13,10
KAF2210238,430,437,548,0,0,0,0,2,0,2,2,2,6,13,9
KAF2210239,107,95,69,0,0,0,0,0,0,0,0,0,0,2,0
KAF2210240,359,359,295,0,0,0,0,0,0,2,0,0,1,8,4
KAF2210241,1390,1169,760,0,1,0,2,0,1,3,0,2,30,53,34
KAF2210242,40,33,27,0,0,0,0,0,0,0,0,0,2,1,1
KAF2210243,621,626,995,0,0,0,0,0,0,0,0,0,2,23,6
KAF2210244,7286,6020,7308,0,4,4,0,0,0,23,4,3,60,97,37
KAF2210245,966,843,575,0,0,0,0,0,0,2,0,0,2,5,2
KAF2210246,9603,8234,5992,2,0,0,0,0,0,4,2,2,31,42,42
KAF2210247,418,394,736,0,0,0,2,0,0,8,0,0,30,57,44
KAF2210248,987,852,486,0,0,0,0,2,1,8,0,6,4,9,10
KAF2210249,45,54,22,0,0,0,0,0,0,0,0,0,5,3,2
KAF2210250,126,120,83,0,0,0,0,0,0,0,2,0,2,4,0
KAF2210251,1197,1187,790,0,0,2,0,0,0,9,2,1,39,31,41
KAF2210252,2083,1847,848,5,2,0,0,4,0,4,0,10,26,48,17
KAF2210253,8262,6183,9752,0,0,4,16,6,10,29,14,21,48,195,63
KAF2210254,2729,2440,1626,0,0,0,2,2,0,5,1,13,25,65,22
KAF2210255,2805,2790,2797,0,0,2,0,0,0,5,2,6,7,26,11
KAF2210256,2998,3235,5749,2,2,0,0,0,2,14,15,6,60,112,59
KAF2210257,4895,4883,6327,8,0,4,0,0,2,24,0,4,76,132,72
KAF2210258,4532,4905,4667,0,6,6,6,2,5,34,8,4,47,109,38
KAF2210259,592,581,380,0,0,0,0,0,0,0,0,0,0,4,9
KAF2210260,937,696,552,0,0,0,0,0,0,0,0,0,2,9,2
KAF2210261,8,6,15,0,0,0,0,0,0,0,0,0,1,0,0
KAF2210262,23,24,16,0,0,0,0,0,0,0,0,0,1,1,1
KAF2210263,154,118,183,0,0,0,0,1,0,0,0,0,2,6,2
KAF2210264,142,136,141,1,0,0,0,0,0,0,0,0,2,5,5
KAF2210265,1800,1707,1467,4,0,0,0,0,4,18,6,2,47,99,38
KAF2210266,503,450,537,0,0,1,0,0,0,8,0,2,22,42,9
KAF2210267,1605,1449,1396,0,0,3,2,0,2,16,0,2,43,77,45
KAF2210268,579,494,542,0,2,0,0,2,0,2,0,1,16,24,26
KAF2210269,2752,2108,2440,4,2,4,0,0,0,8,2,6,25,40,14
KAF2210270,258,263,265,0,0,0,0,0,0,2,0,0,4,5,2
KAF2210271,544,370,465,0,0,0,0,0,0,4,0,2,6,26,14
KAF2210272,13,4,31,0,0,0,0,0,0,0,0,2,0,6,0
KAF2210273,20,13,79,0,0,0,0,0,0,8,0,4,4,12,2
KAF2210274,5,9,10,0,0,0,0,0,1,2,0,4,1,7,0
KAF2210275,0,0,1,0,0,0,0,0,0,0,0,0,0,0,0
KAF2210276,188,195,206,0,0,0,2,0,2,25,10,6,16,26,27
KAF2210277,132,115,325,0,0,0,0,0,0,11,2,6,5,17,12
KAF2210278,2681,2181,1266,2,2,0,2,2,2,12,7,8,47,81,21
KAF2210279,668,532,327,0,0,0,0,0,0,1,0,0,6,7,4
KAF2210280,1660,1294,712,0,0,0,0,0,0,2,4,0,10,8,2
KAF2210281,3179,2526,1410,0,2,0,2,0,2,5,0,1,17,21,7
KAF2210282,45,56,155,0,0,0,0,0,0,0,0,0,2,4,0
KAF2210283,2,0,0,0,0,0,0,0,0,0,0,0,0,0,0
KAF2210284,10,1,8,0,0,0,0,0,0,0,0,0,0,0,0
KAF2210285,93,71,102,0,0,0,0,0,0,2,0,0,0,4,0
KAF2210286,37,39,148,0,0,0,1,0,0,0,0,0,0,1,0
KAF2210287,59,79,66,0,0,0,0,0,0,0,0,0,0,0,0
KAF2210288,523,617,1012,0,0,0,0,0,0,5,2,0,8,32,15
KAF2210289,550,513,448,0,0,0,0,0,0,0,0,0,6,1,0
KAF2210290,4,6,4,0,0,0,0,0,0,0,0,0,0,0,0
KAF2210291,207,188,182,0,0,0,0,0,2,4,0,0,26,40,44
KAF2210292,2035,2212,3633,0,0,0,0,0,0,8,0,6,34,32,16
KAF2210293,59,58,205,0,0,0,0,0,0,0,0,0,1,2,0
KAF2210294,308,296,674,0,0,0,0,0,0,2,0,0,0,0,2
KAF2210295,0,0,0,0,0,0,0,0,0,0,0,0,0,0,0
KAF2210296,14,14,17,0,0,0,0,0,0,0,0,0,0,4,2
KAF2210297,0,0,4,0,0,0,0,0,0,0,0,0,0,0,0
KAF2210298,0,0,4,0,0,0,0,0,0,0,0,0,0,0,2
KAF2210299,145,117,292,0,0,0,0,0,0,2,0,0,0,5,0
KAF2210300,1056,1218,2423,0,0,0,0,0,0,2,0,0,5,25,10
KAF2210301,8,0,6,0,0,0,0,0,0,0,0,0,0,0,0
KAF2210302,88,87,241,0,2,0,0,0,0,0,0,0,2,20,11
KAF2210303,56,28,90,0,0,2,0,0,0,4,0,0,2,0,0
KAF2210304,111,150,439,0,0,0,0,0,0,0,0,0,6,4,6
KAF2210305,0,0,0,0,0,0,0,0,0,0,0,0,0,0,0
KAF2210012,35,35,43,0,0,0,0,0,0,2,0,0,0,2,0
KAF2210013,25,26,52,0,0,0,0,0,0,0,0,0,1,2,0
KAF2210014,103,149,172,0,0,0,0,0,0,0,0,0,7,14,9
KAF2210015,177,139,295,0,0,0,0,0,2,0,0,1,1,17,6
KAF2210016,91,75,221,0,0,0,0,0,0,0,0,0,2,14,2
KAF2210017,68,48,38,0,0,0,0,0,2,0,0,0,4,5,2
KAF2210018,7150,6458,6878,4,0,0,0,2,8,49,14,26,104,277,124
KAF2210019,1446,1540,1999,0,0,2,2,0,2,16,6,2,61,117,74
KAF2210020,39,37,62,0,0,0,0,0,0,0,2,0,0,0,0
KAF2210021,16,16,18,0,0,0,0,0,0,1,0,0,0,0,0
KAF2210022,3632,3223,4012,2,0,2,2,2,2,18,8,2,51,89,34
KAF2210023,18925,17653,16058,10,12,11,17,7,32,236,76,59,1003,2132,1040
KAF2210024,3842,3429,1625,2,0,2,2,0,0,10,0,1,28,52,33
KAF2210025,258,180,335,2,0,0,0,0,2,4,2,0,6,27,9
KAF2210026,177,191,132,0,0,2,0,0,0,0,0,0,9,6,5
KAF2210027,297,254,542,0,0,0,0,0,0,6,0,2,21,25,11
KAF2210028,7317,6444,6976,2,2,6,2,4,2,22,14,30,93,150,41
KAF2210029,3449,3523,3349,8,0,0,8,4,4,12,2,12,39,41,19
KAF2210030,2993,3024,2351,0,0,0,2,2,0,6,4,2,26,35,21
KAF2210031,3351,2965,2679,2,3,0,2,0,2,14,8,0,63,96,36
KAF2210032,844,712,599,0,0,0,2,1,2,16,1,0,23,47,18
KAF2210033,1331,1591,1568,0,0,0,0,1,3,281,118,106,1171,2090,669
KAF2210034,52,40,51,0,0,0,0,0,0,0,0,0,1,0,1
KAF2210035,38,30,25,0,0,0,0,0,0,0,0,0,3,2,0
KAF2210036,2816,2919,7934,0,0,2,0,0,0,8,1,11,12,15,9
KAF2210037,2653,2556,5625,0,2,2,0,0,2,7,0,0,20,40,20
KAF2210038,2063,1831,2268,0,0,2,0,0,2,19,0,10,67,92,54
KAF2210039,1360,1575,3951,0,0,0,8,3,4,18,4,4,15,22,29
KAF2210040,2170,1936,1185,2,0,0,2,2,4,10,3,3,26,62,52
KAF2210041,7262,6610,2314,0,4,0,2,0,2,14,10,4,33,91,34
KAF2210042,600,548,326,0,0,0,0,2,0,4,0,0,4,7,6
KAF2210043,2663,2519,2684,4,0,0,0,0,2,6,0,0,25,41,26
KAF2210044,150,149,264,0,0,0,0,0,0,0,2,0,1,4,6
KAF2210045,1522,1347,1274,0,2,1,0,4,4,26,6,8,39,111,40
KAF2210046,733,584,575,0,0,0,2,2,0,8,2,4,14,43,13
KAF2210047,99,93,174,0,0,0,0,0,0,0,0,0,6,6,2
KAF2210048,90,90,283,2,0,0,0,0,0,4,0,0,8,13,2
KAF2210049,294,284,435,0,0,0,0,2,0,4,0,0,12,20,9
KAF2210050,1995,2025,2202,2,0,2,2,0,4,11,6,8,49,117,25
KAF2210051,3206,1257,353,3,0,6,4,0,0,12,4,0,10,30,20
KAF2210052,319,221,131,0,0,0,0,0,2,14,0,9,26,26,17
KAF2210053,111,99,119,0,0,0,0,0,0,5,2,6,28,42,17
KAF2210054,185,158,175,0,0,0,0,0,3,13,2,3,31,54,28
KAF2210055,278,287,475,0,0,2,0,0,0,2,0,0,10,13,6
KAF2210056,152,122,310,0,0,0,0,0,0,4,0,0,5,9,6
KAF2210057,160,116,230,0,0,0,0,0,2,1,0,0,3,8,5
KAF2210058,1478,1484,1393,0,2,0,0,0,0,4,0,2,11,27,5
KAF2210059,34,23,17,0,0,0,0,0,0,0,0,0,0,8,6
KAF2210060,1302,1229,742,2,0,0,0,0,4,10,4,8,16,39,10
KAF2210061,2980,2686,2162,0,0,0,4,0,6,19,2,14,55,142,58
KAF2210062,823,842,1768,0,0,0,0,0,2,5,2,5,10,41,8
KAF2210063,2120,2840,5976,2,2,2,0,0,4,4,0,4,12,25,8
KAF2210064,2194,1994,2688,0,0,5,0,0,2,9,4,3,18,56,28
KAF2210065,4,4,0,0,0,0,0,0,0,0,0,0,0,0,0
KAF2210066,3196,2689,3867,0,0,2,0,2,2,12,4,6,18,55,12
KAF2210067,1517,1244,938,0,0,2,0,2,0,9,0,0,29,42,6
KAF2210068,1894,1696,940,0,0,0,0,0,2,6,4,2,31,28,11
KAF2210069,561,520,322,2,0,0,2,0,2,2,2,0,4,3,9
KAF2210070,3660,2755,2509,0,0,0,6,12,4,62,9,26,96,194,67
KAF2210071,18202,18033,11829,14,9,8,16,10,42,166,96,64,918,2404,1321
KAF2210072,6,6,24,0,0,0,0,0,0,0,0,1,0,0,0
KAF2210073,642,622,877,2,0,0,0,1,0,30,4,5,52,95,52
KAF2210074,1242,1461,1789,0,2,0,0,0,0,8,4,2,14,50,24
KAF2210075,48,82,70,0,0,0,0,0,0,3,0,0,0,0,2
KAF2210076,51522,43617,35259,16,23,27,31,13,34,170,55,96,618,1212,466
KAF2210077,1577,1521,3618,2,0,2,4,2,2,19,8,12,64,120,43
KAF2210078,69,84,59,0,0,0,0,0,0,0,0,2,0,2,2
KAF2210079,6762,5629,4022,0,1,2,6,6,4,30,6,15,69,150,56
KAF2210080,846,899,1658,0,0,0,0,1,6,31,6,14,53,100,53
KAF2210081,6957,6645,5970,2,4,2,0,4,2,14,10,2,62,137,42
KAF2210082,2605,2611,1757,0,2,0,2,0,2,10,5,4,8,27,8
KAF2210083,17640,15785,11885,8,2,1,9,1,6,52,30,27,241,448,226
KAF2210084,400,353,332,0,0,0,0,0,2,2,0,1,6,31,1
KAF2210085,385,361,561,0,0,0,0,0,1,2,0,0,4,9,4
KAF2210086,702,690,963,0,0,2,3,0,0,9,0,6,19,34,6
KAF2210087,18817,16953,8156,4,4,5,3,0,2,14,6,12,34,84,21
KAF2210088,7076,6352,6227,4,0,4,5,2,4,32,24,8,105,233,138
KAF2210089,126,170,234,0,0,0,0,0,0,0,0,0,2,7,1
KAF2210090,1276,1156,1873,0,0,0,0,0,0,4,0,2,12,24,15
KAF2210091,109,98,131,0,0,0,0,0,0,0,0,0,2,8,4
KAF2210092,1121,932,1057,0,0,0,2,1,0,20,4,9,46,99,26
KAF2210093,2259,2292,3103,2,4,4,0,0,8,30,5,4,89,196,70
KAF2210094,35730,36629,29442,5,0,2,4,6,0,22,12,21,16,44,26
KAF2210095,9,6,8,0,0,0,0,0,0,0,0,0,0,0,0
KAF2210096,981,874,1051,0,0,0,2,0,2,11,4,2,62,106,58
KAF2210097,3247,2987,3222,2,0,0,0,0,2,16,8,8,76,136,54
KAF2210098,3244,3183,4291,2,0,4,4,0,2,12,2,8,44,72,44
KAF2210099,13,11,15,0,0,0,0,0,0,0,0,0,0,0,0
KAF2210100,6,4,15,0,0,0,0,0,0,0,0,0,0,0,0
KAF2210101,796,1090,1723,0,0,0,2,0,0,30,4,8,75,120,52
KAF2210102,214,417,1042,0,0,0,2,1,0,6,0,0,1,4,4
KAF2210103,127,83,124,0,0,0,0,0,0,0,0,0,1,0,2
KAF2210104,343,282,312,2,0,0,0,0,0,2,0,0,9,10,4
KAF2210105,28,6,15,0,0,0,0,0,0,2,0,0,2,2,0
KAF2210106,753,768,1864,0,0,0,6,0,3,156,42,78,209,296,147
KAF2210107,205,185,352,0,0,0,1,0,0,6,0,0,2,13,5
KAF2210108,2077,1897,1507,2,2,0,2,0,0,6,0,1,22,21,7
KAF2210109,1863,1793,897,0,0,0,0,0,6,0,0,2,17,46,13
KAF2210110,255,336,519,0,0,2,6,0,0,3,2,1,10,24,20
KAF2210111,7507,6770,6602,4,2,0,6,4,2,46,8,18,121,185,62
KAF2210112,279,321,322,0,0,0,0,0,0,2,0,2,12,11,9
KAF2210113,566,448,447,0,0,0,0,0,0,0,0,0,0,4,1
KAF2210114,5923,5435,3607,0,2,8,0,2,4,10,4,5,49,88,42
KAF2210115,24,25,18,0,0,0,0,0,0,0,0,0,0,0,0
KAF2210116,82929,73063,11919,33,16,37,0,0,0,2,0,0,59,88,118
KAF2210117,86859,76073,12788,27,15,20,0,0,0,0,0,2,43,53,29
KAF2210118,22,14,30,0,0,0,0,0,0,0,0,0,0,0,0
KAF2210119,30,23,64,0,0,0,0,0,0,0,0,0,0,4,2
KAF2210120,669,1181,2932,0,0,0,2,0,2,8,0,2,6,12,0
KAF2210121,223,206,650,0,0,0,0,2,2,0,0,2,0,2,1
KAF2210122,237,380,1380,0,0,0,0,0,0,0,0,0,6,10,1
KAF2210123,3224,3089,4678,2,0,2,0,0,0,7,6,2,30,62,17
KAF2210124,84092,80556,27743,4,0,2,10,0,10,33,22,12,126,223,92
KAF2210125,3078,2514,1352,2,2,2,0,0,1,8,5,4,51,102,60
KAF2210126,1690,1969,2929,2,0,0,2,0,2,10,4,8,34,56,58
KAF2210127,698,715,798,0,2,0,0,4,0,6,0,2,24,59,16
KAF2210128,3453,2777,2234,4,2,2,2,0,0,10,2,0,43,102,31
KAF2210129,7437,8007,9083,0,3,0,4,2,3,24,6,10,75,190,132
KAF2210130,69,57,112,0,0,0,0,0,0,0,0,0,5,9,6
KAF2210131,580,529,1083,0,0,0,0,0,0,12,2,4,21,91,26
KAF2210132,1571,1498,2823,0,0,2,4,3,2,68,12,22,70,153,76
KAF2210133,2020,2035,1882,0,0,0,0,0,0,0,0,0,6,35,10
KAF2210134,159,188,374,0,0,0,0,0,0,2,0,4,16,16,12
KAF2210135,71,72,98,0,0,0,0,0,0,0,0,0,0,0,0
KAF2210136,949,816,1103,2,0,0,0,0,0,8,2,4,26,63,30
KAF2210137,48,43,18,0,0,0,0,0,0,0,2,0,4,2,4
KAF2210138,12,7,8,0,0,0,0,0,0,0,0,0,0,2,2
KAF2210139,2562,2378,3663,4,0,0,0,0,2,28,2,10,50,98,25
KAF2210140,361,422,371,0,0,0,0,0,3,3,0,1,14,47,5
KAF2210141,142,155,179,0,0,0,0,0,0,4,1,0,8,32,15
KAF2210142,633,623,749,2,0,0,0,0,0,4,4,4,25,27,12
KAF2210143,568,557,1152,0,2,0,2,0,2,19,5,2,76,126,53
KAF2210144,83,107,169,0,0,0,0,0,0,0,0,0,4,32,7
KAF2210145,2213,2440,3770,2,0,0,2,2,2,43,6,16,43,104,42
KAF2210146,562,506,633,2,0,0,0,0,0,7,2,2,4,32,12
KAF2210147,5408,5341,5297,4,6,0,6,6,0,26,6,12,119,375,162
KAF2210148,11,4,16,0,0,0,0,0,0,0,0,0,0,0,0
KAF2210149,396,237,289,0,0,0,1,0,2,2,2,2,15,11,18
KAF2210150,168,144,337,0,0,0,0,0,1,2,4,0,2,16,3
KAF2210151,62,58,121,0,0,0,2,0,0,2,0,0,6,11,10
KAF2210152,1130,1087,1740,2,0,2,0,0,0,2,0,2,3,17,2
KAF2210153,5284,4329,4514,4,0,2,0,0,2,19,8,8,53,102,53
KAF2210154,80,52,50,0,0,0,0,0,0,0,0,0,0,1,0
KAF2210155,10622,9278,5859,9,6,6,7,0,4,22,15,18,150,245,115
KAF2210156,6090,5625,3557,2,2,0,2,0,0,12,4,7,16,34,5
KAF2210157,4349,4071,3003,0,0,3,3,0,0,4,7,1,28,47,27
KAF2210158,524,524,522,0,0,0,0,0,0,2,0,0,1,11,3
KAF2210159,4724,4527,2535,2,0,2,2,0,0,7,6,4,14,58,22
KAF2210160,479,412,615,0,2,0,0,1,1,4,2,4,11,26,8
KAF2210161,1438,962,207,0,0,2,0,0,0,1,0,0,13,12,0
KAF2210162,155,160,112,0,0,0,0,0,0,0,0,2,6,7,1
KAF2210163,545,393,563,1,0,0,0,0,2,15,0,1,12,52,38
KAF2210164,188,209,504,0,0,0,0,0,2,4,7,2,46,106,36
KAF2210165,0,0,0,0,0,0,0,0,0,0,0,0,0,0,0
KAF2210166,0,0,0,0,0,0,0,0,0,0,0,0,0,0,0
KAF2210167,8,14,18,0,0,0,0,0,0,0,0,0,0,1,0
KAF2210168,1306,1161,1094,0,0,0,2,4,0,46,8,22,41,112,62
KAF2210169,275,191,209,0,0,0,0,2,4,16,9,6,52,107,66
KAF2210170,222,233,346,0,0,0,0,0,0,7,0,4,16,10,10
KAF2210171,3783,3273,2679,0,2,0,0,2,2,77,24,13,79,125,89
KAF2210172,2682,2484,1346,0,0,2,0,0,2,43,10,16,94,119,72
KAF2210173,449,406,254,0,0,0,0,0,0,10,4,12,25,36,24
KAF2210174,128,104,174,0,0,0,0,0,0,1,0,6,7,13,8
KAF2209815,12,19,15,0,0,0,0,0,0,0,2,0,0,0,0
KAF2209816,8,2,7,0,0,0,0,0,0,0,0,0,0,0,0
KAF2209817,4,4,6,0,0,0,0,0,0,0,0,0,1,0,0
KAF2209818,0,0,0,0,0,0,0,0,0,0,0,0,0,0,0
KAF2209819,0,0,0,0,0,0,0,0,0,0,0,0,0,0,0
KAF2209820,0,0,0,0,0,0,0,0,0,0,0,0,0,0,0
KAF2209821,0,0,0,0,0,0,0,0,0,0,0,0,0,0,0
KAF2209822,0,0,0,0,0,0,0,0,0,0,0,0,0,0,0
KAF2209823,0,0,0,0,0,0,0,0,0,0,0,0,0,0,0
KAF2209824,0,0,0,0,0,0,0,0,0,0,0,0,0,0,0
KAF2209825,0,0,0,0,0,0,0,0,0,0,0,0,0,0,0
KAF2209826,0,0,0,0,0,0,0,0,0,0,0,0,0,0,0
KAF2209827,0,0,0,0,0,0,0,0,0,0,0,0,0,0,0
KAF2209828,0,0,0,0,0,0,0,0,0,0,0,0,0,0,0
KAF2209829,0,0,0,0,0,0,0,0,0,0,0,0,0,0,0
KAF2209830,0,0,0,0,0,0,0,0,0,0,0,0,0,0,0
KAF2209831,0,0,0,0,0,0,0,0,0,0,0,0,0,0,0
KAF2209832,0,0,0,0,0,0,0,0,0,0,0,0,0,0,0
KAF2209833,0,0,0,0,0,0,0,0,0,0,0,0,0,0,0
KAF2209834,0,0,0,0,0,0,0,0,0,0,0,0,0,0,0
KAF2209835,0,1,3,0,0,0,0,0,0,0,0,0,0,0,0
KAF2209836,207,135,121,0,0,0,0,0,0,1,0,4,2,6,2
KAF2209837,0,2,8,0,0,0,0,0,0,0,0,0,0,0,0
KAF2209838,1639,1368,705,0,0,0,0,0,0,0,0,0,15,17,15
KAF2209839,1062,981,1383,0,0,0,0,0,2,12,6,9,40,54,27
KAF2209840,18798,16928,12808,6,4,10,2,6,8,50,14,14,114,246,95
KAF2209841,93,76,62,0,0,0,0,0,0,0,2,2,4,0,0
KAF2209842,1224,1622,4107,0,0,0,6,0,2,26,8,11,56,118,39
KAF2209843,2279,1950,2170,0,0,0,0,0,2,14,12,6,34,40,41
KAF2209844,2850,2979,2171,0,0,0,0,2,2,50,18,6,55,99,47
KAF2209845,2306,2306,2215,0,0,2,0,0,4,8,6,2,10,22,12
KAF2209846,156,93,101,0,0,0,0,0,0,0,0,0,5,9,3
KAF2209847,1938,1516,1937,4,6,0,0,0,6,16,6,6,20,77,28
KAF2209848,1899,1707,3056,2,2,4,0,0,0,8,2,6,28,74,22
KAF2209849,621,618,1336,0,0,0,11,12,6,35,8,8,52,111,39
KAF2209850,2703,2449,2067,2,0,2,2,8,8,41,12,10,94,211,85
KAF2209851,531,451,828,0,0,0,2,0,3,6,0,0,7,24,12
KAF2209852,619,773,2155,0,0,0,2,3,1,10,5,6,51,106,39
KAF2209853,1857,2603,5146,0,0,0,2,2,4,14,6,0,65,133,61
KAF2209854,53,53,274,0,0,0,0,0,0,1,1,0,2,9,8
KAF2209855,282,357,1048,0,0,0,0,0,0,6,0,0,12,27,12
KAF2209856,1936,1718,814,0,0,0,2,2,1,16,10,2,39,74,48
KAF2209857,217,206,95,0,0,0,2,0,1,0,0,2,8,11,5
KAF2209858,3036,3057,3947,0,7,2,5,7,9,89,25,20,180,285,177
KAF2209859,607,567,620,0,2,0,4,0,0,4,2,6,32,75,45
KAF2209860,71,46,63,0,0,0,0,0,0,2,0,0,0,5,0
KAF2209861,26,32,90,0,0,0,0,0,0,2,0,0,0,0,0
KAF2209862,97,88,99,0,0,0,0,0,0,2,1,0,2,2,0
KAF2209863,249,145,179,0,0,0,0,0,0,10,0,0,6,10,7
KAF2209864,23,14,40,0,0,0,0,0,0,2,0,0,0,3,8
KAF2209865,13716,12067,9396,6,7,5,16,4,8,56,12,12,129,290,132
KAF2209866,865,706,911,3,0,0,0,0,0,8,0,2,10,11,8
KAF2209867,3148,2679,2131,2,0,0,0,0,0,13,4,6,22,62,44
KAF2209868,3521,3608,5899,2,0,2,4,2,8,25,14,10,139,178,104
KAF2209869,106,107,203,0,0,0,0,0,0,0,0,0,0,0,0
KAF2209870,2569,2526,6327,2,0,1,0,2,0,8,2,8,38,58,46
KAF2209871,2562,1937,1910,2,4,0,1,0,2,12,3,8,26,89,28
KAF2209872,6033,5281,4053,0,0,2,2,0,2,14,6,10,57,100,44
KAF2209873,2242,1985,2718,0,0,2,2,2,0,16,8,6,41,139,68
KAF2209874,120,154,272,0,0,0,0,0,0,0,0,2,7,2,3
KAF2209875,8221,10522,384,0,0,0,0,0,0,4,0,0,2,8,9
KAF2209876,659,783,210,0,0,0,0,0,0,4,0,4,10,17,8
KAF2209877,607,540,424,0,0,0,0,0,0,2,2,2,14,30,12
KAF2209878,1901,2036,3689,0,0,0,8,0,4,50,6,7,63,117,63
KAF2209879,11665,10224,7970,6,6,2,2,2,12,45,16,22,203,328,121
KAF2209880,2,4,16,0,0,0,0,0,0,0,0,0,0,0,2
KAF2209881,800,630,394,0,1,0,0,0,2,0,2,0,13,24,3
KAF2209882,2025,1918,2116,0,0,0,8,0,8,17,19,2,79,219,79
KAF2209883,216,148,175,0,0,0,0,0,0,0,0,0,2,7,5
KAF2209884,3061,2868,3559,0,0,2,2,0,0,10,0,3,18,50,31
KAF2209885,184,219,294,0,0,0,0,0,1,0,0,0,6,38,22
KAF2209886,24,13,12,0,0,0,0,0,0,0,0,0,0,0,0
KAF2209887,513,509,748,2,1,0,0,0,0,3,2,0,23,27,7
KAF2209888,106,68,116,0,0,0,0,0,0,4,0,4,5,9,4
KAF2209889,273,285,249,0,0,0,2,0,0,8,2,6,21,68,7
KAF2209890,414,314,221,0,0,0,0,0,0,0,0,0,2,14,0
KAF2209891,39,47,61,0,0,0,0,0,0,0,0,0,0,0,0
KAF2209892,542,485,759,2,0,0,0,0,0,4,0,0,8,33,6
KAF2209893,40,51,91,0,0,0,0,0,2,0,3,0,3,7,0
KAF2209894,323,395,395,0,0,0,0,0,0,9,1,0,11,20,19
KAF2209895,2229,1882,914,0,0,2,2,0,2,2,2,2,7,39,22
KAF2209896,2295,1473,1106,0,2,2,0,0,2,2,0,0,14,43,24
KAF2209897,44,46,112,0,0,0,0,0,0,0,0,0,2,4,5
KAF2209898,3,6,2,0,0,0,0,0,0,0,0,0,2,0,0
KAF2209899,2913,2807,2130,0,2,2,3,0,4,9,4,0,17,57,26
KAF2209900,451,350,474,0,0,0,0,0,0,1,4,0,12,39,23
KAF2209901,134,153,159,0,0,0,0,0,0,2,2,0,2,8,8
KAF2209902,481,465,418,0,0,0,0,0,0,6,0,0,19,25,17
KAF2209903,7228,6515,5282,0,2,10,0,4,12,74,36,27,319,840,415
KAF2209904,1459,1405,2438,0,0,0,2,3,0,39,9,4,22,63,13
KAF2209905,61,73,203,0,0,0,0,0,0,2,0,0,6,15,6
KAF2209906,315,204,312,0,0,0,0,0,0,10,0,4,19,41,20
KAF2209907,3023,2667,4648,2,0,2,8,0,5,20,12,14,40,79,50
KAF2209908,547,507,720,2,0,0,0,0,0,4,0,0,8,14,7
KAF2209909,281,264,391,2,0,0,0,0,0,2,0,3,11,16,6
KAF2209910,2273,1899,1503,6,0,2,0,0,3,31,13,9,58,115,51
KAF2209911,2028,1704,2449,0,0,0,0,0,0,10,2,4,27,33,21
KAF2209912,6196,6784,5735,5,1,5,4,0,0,8,5,4,67,115,46
KAF2209913,5809,5185,8124,2,0,2,4,0,2,7,8,4,28,57,19
KAF2209914,628,616,910,0,0,0,0,0,0,3,4,0,18,29,14
KAF2209915,3645,3501,2963,0,0,2,0,0,0,7,7,4,34,75,28
KAF2209916,581,586,370,0,0,0,0,0,0,5,0,2,31,62,18
KAF2209917,1125,1147,1795,0,0,0,8,0,6,12,10,8,81,203,110
KAF2209918,447,442,396,0,0,0,0,0,0,6,0,2,21,45,28
KAF2209919,2,2,6,0,0,0,0,0,0,0,0,0,0,0,0
KAF2209920,5927,5139,4082,2,0,2,2,1,3,9,0,2,28,62,22
KAF2209921,3908,3335,1612,0,2,0,2,0,2,4,7,5,47,85,31
KAF2209922,395,321,257,0,0,0,0,0,0,1,4,2,9,47,21
KAF2209923,109,29,61,0,0,0,0,0,0,2,0,0,3,4,2
KAF2209924,1955,1794,2032,0,0,0,6,0,0,10,2,0,26,78,31
KAF2209925,760,620,1096,0,2,0,0,4,6,10,6,6,63,192,102
KAF2209926,44,23,21,0,0,0,0,0,0,0,0,0,2,5,3
KAF2209927,870,1094,1156,1,0,0,0,0,0,4,2,2,16,34,14
KAF2209928,195,126,242,0,0,0,0,0,0,0,2,2,0,22,0
KAF2209929,4008,3637,3814,2,0,4,8,4,2,45,14,17,141,223,119
KAF2209930,8,13,23,0,0,0,0,0,0,0,0,0,0,0,2
KAF2209931,538,447,697,0,0,0,0,0,2,2,0,0,30,51,24
KAF2209932,4259,4194,5537,0,4,2,4,2,5,38,16,15,103,177,76
KAF2209933,69,53,112,0,0,0,0,0,0,0,0,0,0,5,0
KAF2209934,743,762,1209,0,0,2,0,2,0,14,4,0,10,71,22
KAF2209935,176,171,168,2,0,0,0,0,0,3,0,2,10,18,6
KAF2209936,102,105,120,0,0,0,0,0,0,0,0,0,0,4,2
KAF2209937,92,58,108,0,0,0,0,0,0,1,0,0,6,8,5
KAF2209938,4,5,8,0,0,0,0,0,0,0,0,0,0,0,0
KAF2209939,5988,4544,480,2,0,4,0,0,0,0,0,0,0,22,10
KAF2209940,2509,2556,2611,0,2,2,0,0,0,5,4,4,53,70,48
KAF2209941,714,782,771,0,0,0,0,0,0,9,4,4,22,50,26
KAF2209942,3006,2751,2272,4,0,0,3,0,2,14,3,9,18,26,11
KAF2209943,869,930,1146,0,0,0,0,0,2,0,0,0,4,11,4
KAF2209944,2244,2048,2786,0,0,0,0,0,0,13,0,3,25,49,21
KAF2209945,219,213,411,0,0,0,0,0,0,2,0,2,2,12,4
KAF2209946,10,14,20,0,0,0,0,0,0,0,0,0,2,2,0
KAF2209947,2843,2665,766,2,0,0,6,0,2,6,0,2,10,16,4
KAF2209948,571,652,893,0,0,2,0,0,0,0,3,3,6,4,0
KAF2209949,140,135,267,0,0,0,0,0,1,6,2,0,4,0,4
KAF2209950,67,63,142,0,0,0,0,0,1,0,0,0,2,6,4
KAF2209951,25,32,57,0,0,0,0,0,0,0,0,0,0,2,2
KAF2209952,1264,1295,1439,0,0,0,0,0,0,0,0,0,0,4,0
KAF2209953,18,8,64,0,0,0,0,0,0,8,2,8,14,26,8
KAF2209954,144,145,426,0,0,0,0,4,2,46,8,6,50,105,43
KAF2209955,21,21,46,0,0,0,0,0,0,0,0,0,0,0,0
KAF2209956,1775,1586,995,0,0,0,0,0,4,26,11,4,68,115,63
KAF2209957,1678,1371,1169,2,0,0,4,2,0,2,2,2,21,44,14
KAF2209958,941,1023,1364,0,0,0,0,2,0,8,6,3,18,43,25
KAF2209959,12,6,25,0,0,0,0,0,0,0,0,0,0,4,0
KAF2209960,55,50,69,0,0,0,0,0,0,0,0,0,0,0,0
KAF2209961,1336,1114,882,0,0,2,0,0,2,0,0,0,18,29,7
KAF2209962,115,95,223,0,0,0,2,0,0,5,4,3,10,22,11
KAF2209963,204,211,210,0,0,0,0,0,0,0,2,0,11,17,17
KAF2209964,134,98,57,0,0,0,0,0,0,0,0,0,2,5,10
KAF2209965,22,11,19,0,0,0,0,0,0,0,0,0,0,0,0
KAF2209966,27,11,29,0,0,0,0,0,0,0,0,0,0,0,2
KAF2209967,392,438,1239,0,0,0,2,3,6,28,13,3,3,23,13
KAF2209968,1230,996,813,0,0,0,0,0,2,6,0,2,13,21,2
KAF2209969,611,500,488,0,0,0,0,0,3,24,12,4,25,69,28
KAF2209970,121,108,96,0,2,0,0,0,0,5,0,0,7,9,2
KAF2209971,150,121,112,0,0,0,0,0,0,6,0,0,7,17,14
KAF2209972,481,520,390,0,0,0,0,0,0,4,0,0,4,14,6
KAF2209973,69,74,215,0,0,0,0,0,0,0,0,0,0,2,2
KAF2209974,27,14,60,0,0,0,0,0,0,0,0,0,0,2,0
KAF2209975,42,51,130,0,0,0,0,0,0,0,0,0,2,2,0
KAF2209976,166,157,288,0,0,0,0,0,0,1,0,2,4,4,0
KAF2209977,40,30,22,0,0,0,0,0,0,1,0,0,1,2,0
KAF2209978,27,24,27,0,0,0,0,0,0,0,0,0,7,4,7
KAF2209979,2,6,5,0,0,0,0,0,0,0,0,0,0,1,0
KAF2209980,111,49,119,1,0,0,0,0,0,1,0,2,0,6,0
KAF2209981,279,212,265,0,0,0,0,0,0,4,0,0,15,21,0
KAF2209982,3057,2990,1825,0,4,0,2,0,0,7,2,7,12,53,13
KAF2209983,18,16,16,0,0,0,0,0,0,0,0,0,1,1,0
KAF2209984,2673,2609,1737,0,0,4,0,0,0,13,8,2,157,536,197
KAF2209985,185,223,314,0,0,0,0,0,2,17,12,6,41,112,27
KAF2209986,188,192,77,0,0,0,0,0,0,0,0,0,1,4,1
KAF2209987,3675,3106,4456,4,0,0,5,2,0,40,12,18,86,169,73
KAF2209988,1804,2049,3933,0,0,0,0,0,2,6,2,2,5,23,7
KAF2209989,5526,4539,3704,2,4,0,2,4,0,10,2,6,35,44,19
KAF2209990,128,85,72,0,0,0,0,0,0,0,0,2,7,2,2
KAF2209991,72,65,38,0,0,0,0,0,0,0,0,0,1,2,0
KAF2209992,17,16,37,0,0,0,0,0,0,0,0,0,0,4,0
KAF2209993,2,0,5,0,0,0,0,0,0,0,0,0,0,1,0
KAF2209994,27,13,36,0,0,0,0,0,0,2,0,0,8,3,2
KAF2209995,80,83,140,0,0,0,0,0,0,0,0,0,0,8,0
KAF2209996,24,18,29,0,0,0,0,0,0,0,0,0,0,2,0
KAF2209997,2,3,4,0,0,0,0,0,0,0,0,0,0,0,0
KAF2209998,2,0,0,0,0,0,0,0,0,0,0,0,0,0,0
KAF2209999,48,14,12,0,0,0,0,0,0,0,0,0,2,1,0
KAF2210000,3123,2187,868,4,2,0,4,0,0,2,0,0,10,14,12
KAF2210001,21327,16611,5817,6,2,7,2,0,0,1,0,0,32,50,68
KAF2210002,26059,18800,3470,22,15,25,0,0,2,0,0,0,20,24,30
KAF2210003,2029,2170,4492,0,0,0,0,0,2,0,0,0,6,38,10
KAF2210004,2509,3283,6636,0,0,0,0,0,0,6,0,0,19,55,27
KAF2210005,0,2,2,0,0,0,0,0,0,0,0,0,0,0,0
KAF2210006,21,32,58,0,0,0,0,0,0,0,0,0,0,0,2
KAF2210007,20,18,35,0,0,0,1,0,0,0,0,0,1,2,0
KAF2210008,11,12,23,0,0,0,0,0,0,0,0,0,1,0,0
KAF2210009,1403,1405,3249,0,0,0,0,2,0,12,0,14,39,28,12
KAF2210010,981,1037,1016,0,0,2,0,0,2,6,10,0,48,120,51
KAF2210011,0,4,10,0,0,0,0,0,0,0,0,0,0,0,0
KAF2209654,546,452,847,0,2,0,0,0,0,6,2,0,10,20,18
KAF2209655,833,659,1555,0,0,0,2,0,0,2,2,0,10,10,5
KAF2209656,13,14,29,0,0,0,0,0,0,0,0,0,0,0,0
KAF2209657,2572,2279,4078,1,2,1,2,0,0,8,2,2,28,43,16
KAF2209658,42,30,57,0,0,0,0,0,0,0,0,0,0,0,0
KAF2209659,2823,2303,4377,0,2,1,0,0,0,6,5,4,26,27,25
KAF2209660,2411,2049,3209,0,0,0,2,0,0,5,0,0,14,21,13
KAF2209661,2416,2017,2360,0,0,0,2,2,0,4,4,4,18,18,14
KAF2209662,630,572,909,0,0,0,0,0,2,16,2,4,21,40,25
KAF2209663,1928,1790,4860,0,0,0,0,2,0,2,4,2,26,56,23
KAF2209664,237,231,385,0,0,0,0,0,0,0,0,0,0,4,2
KAF2209665,326,228,402,0,0,0,0,0,1,0,1,0,15,12,9
KAF2209666,2160,1911,1949,0,4,2,0,2,0,8,0,3,35,72,21
KAF2209667,2608,2212,1911,1,0,0,0,2,0,34,0,7,33,76,39
KAF2209668,260,175,266,0,0,0,0,0,0,5,0,0,9,19,11
KAF2209669,360,283,396,0,0,0,0,0,0,1,8,0,3,21,7
KAF2209670,1205,983,1042,0,0,0,0,0,0,6,0,0,16,29,18
EFT00053797985,0,0,0,0,0,0,0,0,0,0,0,0,0,0,0
KAF2209671,402,365,455,0,0,0,0,0,0,2,2,2,8,28,20
KAF2209672,19,4,18,0,0,0,0,0,0,0,0,0,2,0,0
KAF2209673,224,213,252,0,0,0,0,0,0,1,7,2,25,30,7
KAF2209674,345,339,442,0,0,0,0,0,0,2,0,0,20,17,30
KAF2209675,4560,4265,3304,4,0,0,4,0,4,8,6,9,43,45,14
KAF2209676,2850,2475,1687,1,0,0,0,1,0,19,3,2,36,78,37
KAF2209677,3346,2747,1931,0,0,0,0,0,1,14,4,6,22,56,18
KAF2209678,838,727,1145,0,0,2,2,0,0,2,0,0,0,4,7
KAF2209679,2712,2644,1710,2,2,0,0,0,0,0,0,6,24,23,14
KAF2209680,724,809,1645,0,1,0,0,0,4,6,0,1,25,56,28
KAF2209681,41,39,52,0,0,0,0,0,0,0,0,0,0,0,4
KAF2209682,470,340,414,0,0,0,0,0,2,2,0,0,4,14,4
KAF2209683,4948,4765,2826,0,0,0,4,0,2,30,4,2,52,116,48
KAF2209684,390,353,480,0,0,0,0,0,0,2,0,0,5,16,7
KAF2209685,684,576,1014,0,0,0,2,0,1,12,6,2,28,50,22
KAF2209686,961,931,584,0,0,0,0,0,0,4,2,2,8,19,17
KAF2209687,216,212,164,0,0,0,0,0,1,1,1,3,4,10,3
KAF2209688,51,36,33,0,0,0,0,0,0,2,0,0,0,2,0
KAF2209689,179,238,329,0,0,0,0,0,0,2,0,0,1,4,0
KAF2209690,2197,2472,2787,2,0,0,2,0,2,7,4,6,16,36,13
KAF2209691,2867,2413,1002,2,2,2,0,0,0,4,6,4,30,50,18
KAF2209692,3133,2465,2565,7,9,6,6,6,26,359,141,166,1061,1670,673
KAF2209693,35,47,69,0,0,0,0,0,0,3,0,0,7,6,2
KAF2209694,253,250,512,0,0,0,0,0,0,2,0,5,4,9,3
KAF2209695,1129,1157,1909,2,0,0,0,0,4,4,0,9,21,42,13
KAF2209696,642,546,844,0,0,0,0,0,0,5,0,2,14,28,10
KAF2209697,1472,1303,1917,0,0,2,4,0,0,19,3,4,38,89,28
KAF2209698,102,108,217,0,0,0,0,0,0,0,2,2,1,4,0
KAF2209699,2344,1703,1576,0,0,2,0,0,6,27,4,4,32,50,23
KAF2209700,983,696,698,0,0,2,4,0,4,18,12,6,71,96,52
KAF2209701,1354,1239,840,0,0,0,0,0,0,2,0,0,4,2,0
KAF2209702,1956,1992,1619,0,0,0,0,0,0,18,6,4,25,64,14
KAF2209703,1676,1670,2237,0,0,2,10,2,2,40,22,14,97,234,110
KAF2209704,78,84,63,0,0,0,0,0,0,0,0,0,2,2,0
KAF2209705,186,152,119,0,0,0,0,0,0,0,0,0,2,2,0
KAF2209706,55,65,53,0,0,0,0,0,0,0,0,0,0,8,3
KAF2209707,779,674,291,0,3,0,0,4,0,5,0,5,10,26,7
KAF2209708,8355,8798,9231,4,0,4,14,2,18,64,30,34,251,741,348
KAF2209709,112,78,168,0,0,0,0,0,0,4,0,0,2,13,6
KAF2209710,18,13,14,0,0,0,0,0,0,0,0,0,0,4,0
KAF2209711,29963,26777,18921,19,14,14,19,15,50,170,78,96,978,2109,1067
KAF2209712,2760,2466,3935,4,0,8,0,0,0,10,6,6,36,62,16
KAF2209713,1284,1226,1119,0,0,0,0,0,3,8,2,10,51,71,30
KAF2209714,52,40,84,0,0,0,0,0,0,1,0,0,4,4,0
KAF2209715,3,5,15,0,0,0,0,0,0,0,0,0,0,0,1
KAF2209716,1928,2347,5273,0,0,0,16,2,8,76,10,14,100,182,84
KAF2209717,2337,2206,2638,3,2,3,0,0,2,12,3,0,27,79,32
KAF2209718,10,11,18,0,0,0,0,0,0,0,0,0,0,0,0
KAF2209719,297,332,694,0,0,0,0,0,0,1,0,0,2,13,5
KAF2209720,1148,796,538,0,0,0,0,2,4,14,6,3,36,121,51
KAF2209721,18493,17060,12820,16,8,8,13,13,16,172,92,56,753,1793,908
KAF2209722,8358,7832,7492,3,2,2,14,4,10,98,42,27,473,988,522
KAF2209723,336,298,709,0,0,0,0,0,2,2,0,2,12,11,23
KAF2209724,13738,13072,11681,2,2,2,0,4,2,29,6,2,52,142,43
KAF2209725,2944,2742,1662,0,2,2,0,0,0,6,4,2,10,34,22
KAF2209726,683,675,478,0,1,2,1,0,4,2,0,4,22,21,16
KAF2209727,76,54,70,0,0,0,0,0,0,0,0,2,4,2,5
KAF2209728,93,41,163,0,0,0,0,0,0,0,0,0,2,7,3
KAF2209729,86,66,148,0,0,0,0,0,0,0,0,0,6,20,1
KAF2209730,11,13,41,0,0,0,0,0,0,1,0,0,0,2,1
KAF2209731,8,6,10,0,0,0,0,0,0,0,0,0,0,0,0
KAF2209732,4,2,17,0,0,0,0,0,0,0,0,0,2,6,2
KAF2209733,174,173,195,0,0,0,0,0,1,9,2,4,10,39,14
KAF2209734,1659,1916,2511,4,0,0,0,2,2,14,2,0,33,88,57
KAF2209735,2572,2492,3493,0,2,0,0,0,1,14,2,3,34,54,35
KAF2209736,20,29,37,0,0,0,0,0,0,0,0,0,0,0,0
KAF2209737,505,515,518,2,0,0,0,0,2,2,4,1,15,14,7
KAF2209738,7911,6710,5294,3,4,2,4,4,6,20,0,6,45,68,25
KAF2209739,22886,25925,101829,0,0,2,18,8,12,97,20,22,205,301,160
KAF2209740,2958,2678,3961,0,0,0,0,2,0,4,0,1,32,40,28
KAF2209741,817,601,522,0,0,0,0,4,2,28,4,16,35,82,26
KAF2209742,3290,2777,1794,2,4,0,0,2,0,11,2,1,42,96,34
KAF2209743,4667,4235,6489,2,4,2,10,6,11,44,21,12,86,229,120
KAF2209744,2243,2457,5775,3,0,0,0,0,0,23,2,16,57,164,53
KAF2209745,1738,1437,1024,0,0,0,0,0,0,6,4,8,37,39,22
KAF2209746,2803,2143,1146,1,2,0,0,0,4,7,4,0,39,74,27
KAF2209747,389,445,1110,0,0,0,0,2,0,2,0,3,7,39,8
KAF2209748,152,164,212,0,0,1,0,0,0,2,0,0,5,7,6
KAF2209749,276,254,462,1,0,1,0,0,0,2,0,0,7,16,19
KAF2209750,473,468,864,0,0,0,0,0,4,14,0,0,28,44,21
KAF2209751,425,503,1563,0,0,0,0,0,0,5,0,0,6,24,18
KAF2209752,124,123,367,0,0,0,0,2,0,0,0,2,9,9,2
KAF2209753,440,476,971,0,0,0,0,0,0,5,2,4,22,37,22
KAF2209754,43,41,90,0,0,0,0,0,0,0,0,0,0,0,0
KAF2209755,130,111,160,0,0,0,0,0,0,1,0,0,13,18,10
KAF2209756,342,341,453,0,0,0,0,0,0,7,2,0,15,41,6
KAF2209757,1733,1598,2051,0,0,0,0,0,6,2,0,0,19,34,14
KAF2209758,5721,4807,4344,3,3,0,2,0,2,32,8,8,66,161,73
KAF2209759,44,63,206,0,0,0,0,0,0,4,0,2,3,10,12
KAF2209760,10371,9206,8701,0,2,10,2,4,12,22,6,20,89,107,63
KAF2209761,927,792,1494,0,0,0,6,4,0,15,4,6,28,82,38
KAF2209762,2407,2308,1124,0,0,0,2,0,4,23,8,14,41,67,16
KAF2209763,897,833,982,0,0,0,1,0,0,5,0,3,3,8,2
KAF2209764,5977,5892,6299,5,4,2,3,6,0,17,7,9,61,129,49
KAF2209765,3145,2387,4389,0,0,0,21,8,9,118,51,43,465,893,343
KAF2209766,1046,940,1130,0,0,4,0,0,0,2,0,0,11,15,4
KAF2209767,626,506,600,0,0,0,2,0,0,4,6,2,6,30,17
KAF2209768,1049,894,1039,0,2,2,0,2,0,2,4,4,20,43,17
KAF2209769,1118,1050,2742,0,0,0,0,0,0,14,2,6,36,57,39
KAF2209770,565,482,186,0,0,2,0,0,0,0,2,0,9,18,10
KAF2209771,1642,1404,2308,0,0,4,6,1,0,19,3,4,57,131,45
KAF2209772,363,295,450,0,0,0,0,0,0,4,2,4,6,17,4
KAF2209773,396,375,543,0,2,0,0,0,0,3,0,4,23,16,12
KAF2209774,8984,11024,25512,0,0,0,0,0,4,20,6,12,111,217,108
KAF2209775,2080,1744,1200,2,2,2,0,0,2,6,2,4,27,77,28
KAF2209776,2688,2099,1029,0,1,2,0,0,0,6,6,4,30,80,38
KAF2209777,13017,11675,8215,8,4,4,3,2,3,31,7,15,97,179,76
KAF2209778,138,128,179,0,0,0,0,0,0,0,4,0,15,22,11
KAF2209779,86,129,238,0,0,0,0,0,0,0,2,0,2,8,0
KAF2209780,3001,2647,1404,0,2,0,2,0,2,2,0,2,7,33,5
KAF2209781,11385,7602,1763,8,4,10,16,0,2,15,12,4,39,107,42
KAF2209782,9,8,12,0,0,0,0,0,0,0,0,0,0,0,0
KAF2209783,433,497,593,0,0,0,1,0,4,0,0,1,10,18,5
KAF2209784,4449,4033,3322,2,0,2,0,4,2,7,0,6,4,55,8
KAF2209785,12187,10417,10023,5,0,2,0,0,2,22,4,4,64,103,44
KAF2209786,289,270,233,0,0,0,0,2,0,2,2,0,2,8,0
KAF2209787,4341,4326,4979,5,0,0,2,4,4,14,7,2,63,117,25
KAF2209788,4803,4156,4341,4,0,2,0,2,0,6,0,3,18,25,14
KAF2209789,553,685,1529,0,0,0,0,0,0,6,0,0,2,12,8
KAF2209790,1914,2746,5111,0,0,0,0,0,0,18,10,2,24,37,6
KAF2209791,31,78,46,0,0,0,0,0,0,0,0,0,0,1,0
KAF2209792,2289,2065,1375,2,0,0,0,6,0,2,0,2,18,27,10
KAF2209793,19197,17186,22489,26,14,59,14,19,23,289,82,183,383,762,288
KAF2209794,819,576,1110,4,2,2,0,2,2,37,12,8,67,119,56
KAF2209795,125,109,121,0,0,0,0,0,0,10,7,8,50,52,30
KAF2209796,231,180,298,0,0,0,0,0,0,0,0,3,1,8,8
KAF2209797,973,962,622,0,2,2,0,0,3,54,7,42,184,307,171
KAF2209798,1578,1556,1190,0,0,0,0,0,0,6,6,0,30,34,26
KAF2209799,18951,19014,29302,14,12,11,5,13,9,36,13,17,107,247,77
KAF2209800,3289,2510,2057,6,0,2,0,0,0,6,0,8,20,67,26
KAF2209801,64,78,87,0,0,0,0,0,0,4,0,0,2,2,2
KAF2209802,146,123,131,0,0,0,0,0,0,0,4,0,2,8,2
KAF2209803,10420,9560,6364,3,0,1,4,3,6,34,24,13,168,439,223
KAF2209804,111,113,141,0,0,0,0,0,0,0,0,0,7,7,4
KAF2209805,1,0,1,0,0,0,0,0,0,0,0,0,0,0,0
KAF2209806,485,441,484,0,0,0,0,0,0,0,0,0,0,14,0
KAF2209807,240,203,272,0,0,0,0,0,0,6,0,0,16,13,10
KAF2209808,1417,1518,565,0,0,2,0,0,0,0,4,0,3,0,4
KAF2209809,14352,13098,9891,9,6,3,9,8,13,124,38,56,519,1137,499
KAF2209810,103,84,62,0,0,0,0,0,0,0,0,0,4,4,1
KAF2209811,1050,1109,1617,0,2,0,0,0,0,16,5,1,12,27,24
KAF2209812,22,31,37,0,0,0,0,0,0,0,0,0,0,2,0
KAF2209813,3,0,2,0,0,0,0,0,0,0,0,0,0,0,0
KAF2209814,7,0,6,0,0,0,0,0,0,0,0,0,0,2,1
KAF2209426,63,67,154,0,0,0,0,0,0,4,0,0,4,4,2
KAF2209427,188,249,447,1,0,0,0,0,0,2,0,1,16,10,0
EFT00053797986,0,0,0,0,0,0,0,0,0,0,0,0,0,0,0
KAF2209428,1180,1112,1682,2,2,0,6,0,2,10,0,4,50,80,51
KAF2209429,441,410,766,0,0,0,0,0,0,21,3,4,50,69,36
KAF2209430,772,733,1398,0,4,0,0,0,0,2,2,4,24,58,10
KAF2209431,460,468,1213,0,2,0,0,0,0,4,0,8,56,102,34
KAF2209432,481,464,830,2,0,0,0,0,6,12,4,15,86,189,60
KAF2209433,731,616,620,0,0,1,0,0,0,23,9,2,49,101,40
KAF2209434,2134,1773,2158,0,0,0,0,0,2,13,3,3,77,123,72
KAF2209435,263,270,297,0,0,0,0,0,0,2,0,2,8,8,0
KAF2209436,368,304,327,0,0,0,0,0,0,3,7,0,7,13,9
KAF2209437,412,407,341,0,0,2,0,2,0,6,1,1,10,28,9
KAF2209438,7399,7479,8190,0,0,0,6,2,2,8,8,2,31,33,23
KAF2209439,14278,14368,18260,0,2,2,1,2,4,44,6,27,80,143,70
KAF2209440,1265,1178,1719,0,0,0,0,0,0,12,2,8,32,32,15
KAF2209441,1277,1210,2642,0,0,0,2,1,7,29,3,9,89,188,98
KAF2209442,134,159,164,0,0,0,0,0,0,1,0,0,7,13,14
KAF2209443,52,73,190,0,0,0,0,0,0,0,0,0,4,3,0
KAF2209444,277,286,727,0,0,0,0,0,2,10,6,3,19,48,17
KAF2209445,504,349,1133,2,0,0,0,0,2,5,2,0,15,27,15
KAF2209446,4564,6051,22443,0,0,0,5,2,6,20,14,6,28,65,49
KAF2209447,1461,1600,2604,0,0,0,0,0,0,29,0,8,25,29,12
KAF2209448,2191,2246,3193,0,0,0,0,1,0,4,0,0,15,20,7
KAF2209449,208,247,446,0,2,0,2,2,0,4,1,2,2,4,4
KAF2209450,3080,2580,1384,0,4,0,0,0,4,3,2,10,14,64,18
KAF2209451,278,209,168,0,0,0,0,0,0,2,0,0,0,17,9
KAF2209452,892,833,1577,0,2,0,2,0,0,8,0,2,17,26,15
KAF2209453,344,334,552,0,0,0,2,0,0,6,0,0,4,26,4
KAF2209454,723,857,1282,0,0,1,0,0,0,14,0,2,32,72,32
KAF2209455,50,68,156,0,0,0,2,0,0,0,0,0,12,34,23
KAF2209456,12,10,13,0,0,0,0,0,0,0,0,0,0,0,0
KAF2209457,1047,857,1328,0,0,0,4,0,8,31,4,9,50,204,47
KAF2209458,3073,2849,2494,2,0,0,4,0,0,12,4,2,40,76,21
KAF2209459,346,265,387,0,0,2,0,0,2,12,2,0,8,52,14
KAF2209460,219,233,327,0,0,0,0,6,2,33,2,12,14,46,23
KAF2209461,14378,13118,10009,4,8,8,16,26,14,117,58,49,599,1456,680
KAF2209462,9223,8526,7372,6,2,6,23,8,14,130,34,47,560,1415,768
KAF2209463,240,276,440,0,0,0,2,0,2,4,0,0,14,17,12
KAF2209464,457,321,162,0,0,0,0,0,1,10,0,0,3,10,8
KAF2209465,5763,4960,4340,2,1,5,2,4,1,13,0,9,49,100,28
KAF2209466,335,381,658,0,0,0,0,0,0,5,0,0,6,2,6
KAF2209467,11,17,16,0,0,0,0,0,0,0,0,0,0,0,0
KAF2209468,261,218,316,0,0,2,0,0,2,2,0,0,11,24,9
KAF2209469,476,404,500,0,0,0,0,0,0,6,0,2,17,29,19
KAF2209470,765,706,941,0,0,0,0,2,3,58,4,16,40,96,41
KAF2209471,14180,12584,9443,2,2,6,10,10,13,141,50,37,690,1762,888
KAF2209472,2943,2530,2224,2,1,0,2,2,4,23,8,6,54,219,87
KAF2209473,34,29,51,0,0,0,2,0,0,2,0,0,2,8,3
KAF2209474,155,135,158,0,0,0,0,0,0,6,0,6,21,34,13
KAF2209475,453,566,1265,2,0,2,0,1,4,6,4,10,60,111,43
KAF2209476,3757,3426,4079,2,0,2,0,0,5,33,5,12,106,206,87
KAF2209477,13126,14196,23846,11,2,7,6,8,5,46,8,12,105,191,136
KAF2209478,53,47,83,0,0,0,0,0,0,2,0,0,0,6,0
KAF2209479,6,2,10,0,0,0,0,0,0,0,0,0,0,4,0
KAF2209480,433,434,480,2,0,0,2,2,0,5,2,8,24,38,30
KAF2209481,138,184,368,0,0,0,0,0,0,2,2,2,4,24,14
KAF2209482,4367,4227,7141,9,4,6,0,6,6,36,8,26,107,194,70
KAF2209483,2127,1890,4101,4,2,2,2,2,12,35,13,13,85,147,57
KAF2209484,594,604,1067,0,0,0,0,0,0,2,0,4,5,13,3
KAF2209485,1035,876,1465,0,0,2,0,0,0,3,2,6,5,8,7
KAF2209486,773,664,1014,0,0,0,0,0,0,3,4,0,12,12,4
KAF2209487,2558,2260,1686,0,0,0,4,2,3,0,0,0,2,5,2
KAF2209488,215,218,265,0,2,0,0,0,2,3,2,2,11,25,15
KAF2209489,289,341,475,0,0,0,0,0,0,14,2,0,12,27,12
KAF2209490,223,218,208,0,0,0,0,0,0,4,0,0,13,14,11
KAF2209491,282,261,190,0,0,0,0,0,0,0,0,0,0,13,2
KAF2209492,228,182,194,0,0,0,0,0,0,4,0,1,5,4,8
KAF2209493,499,620,1500,0,0,0,0,0,0,10,0,6,20,47,27
KAF2209494,1098,943,1524,0,0,0,0,2,2,6,0,5,12,33,14
KAF2209495,52,49,81,0,0,0,0,0,0,1,0,0,0,5,2
KAF2209496,6,4,10,0,0,0,0,0,0,0,0,0,0,2,0
KAF2209497,74,54,112,0,0,0,0,0,0,0,0,0,0,0,0
KAF2209498,19,10,17,0,0,0,0,0,0,0,0,0,0,2,2
KAF2209499,11,32,25,0,0,0,0,0,0,0,0,0,0,0,0
KAF2209500,45,66,80,0,0,0,0,0,0,2,0,0,0,2,0
KAF2209501,237,223,161,0,0,0,0,0,0,0,0,0,22,13,6
KAF2209502,2303,1809,892,0,3,0,0,2,0,0,4,2,28,61,22
KAF2209503,6824,6049,4823,11,3,6,0,2,0,33,4,4,85,178,128
KAF2209504,90,94,77,1,0,0,0,0,0,0,0,0,0,4,0
KAF2209505,638,485,317,0,0,0,2,0,0,2,0,0,6,14,2
KAF2209506,15090,12606,7285,10,4,2,8,1,8,43,22,28,217,433,216
KAF2209507,1137,1029,1240,0,0,0,0,0,0,7,0,0,14,35,27
KAF2209508,683,648,533,0,0,0,2,0,0,1,0,0,3,13,11
KAF2209509,207,175,301,0,0,0,0,0,0,0,0,0,0,3,4
KAF2209510,318,291,322,0,0,0,0,0,0,0,0,0,4,3,1
KAF2209511,5369,4880,3245,0,0,4,0,3,0,4,1,2,11,51,13
KAF2209512,18,21,46,0,0,0,0,0,0,0,0,0,0,0,1
KAF2209513,6543,8565,11592,0,0,5,0,0,1,8,0,8,24,26,9
KAF2209514,10368,10205,7279,6,0,3,8,4,8,55,20,3,167,353,148
KAF2209515,204,294,224,0,0,0,0,0,0,0,0,0,0,2,2
KAF2209516,79,89,76,0,0,0,0,0,0,0,0,0,2,2,0
KAF2209517,243,230,262,0,0,0,2,2,0,4,0,2,8,15,10
KAF2209518,429,472,597,0,0,0,2,0,4,0,8,4,22,66,41
KAF2209519,785,617,482,0,0,0,0,0,2,3,0,0,12,26,12
KAF2209520,3227,2600,1387,0,0,3,2,0,0,2,0,4,18,38,13
KAF2209521,5222,4458,3989,4,4,2,1,2,0,18,0,12,45,83,21
KAF2209522,161,137,123,0,0,0,0,2,0,0,2,1,6,19,9
KAF2209523,1069,1141,2315,0,0,0,2,2,0,26,12,6,80,142,84
KAF2209524,9,16,16,0,0,0,0,0,1,2,0,0,36,241,46
KAF2209525,311,210,444,0,0,0,0,0,4,10,2,4,39,61,32
KAF2209526,55,76,218,0,0,0,0,0,0,3,0,4,8,26,5
KAF2209527,289,229,298,0,0,0,0,0,0,20,5,2,80,148,61
KAF2209528,103,44,30,0,0,0,0,0,0,0,0,2,6,10,10
KAF2209529,2709,2471,1600,2,4,2,7,0,0,28,5,5,83,91,67
KAF2209530,254,189,242,0,0,0,0,0,0,2,0,0,33,38,16
KAF2209531,134,98,229,0,0,0,0,0,0,0,2,2,8,32,10
KAF2209532,83,135,331,0,0,0,1,2,0,21,4,6,32,74,36
KAF2209533,60,81,99,0,0,0,0,0,0,3,0,1,10,13,13
KAF2209534,312,307,262,0,0,0,0,0,0,2,2,2,16,34,33
KAF2209535,4594,3798,1862,3,2,0,2,2,0,17,0,2,23,64,30
KAF2209536,8235,8809,17322,18,11,22,6,2,6,36,12,14,262,537,171
KAF2209537,150,117,79,0,0,0,0,0,0,0,2,6,1,11,3
KAF2209538,1368,1280,2377,0,0,0,6,0,0,14,2,8,37,68,24
KAF2209539,1879,1549,1487,0,2,6,0,0,2,8,1,0,3,36,9
KAF2209540,4925,4335,3643,2,0,8,8,2,2,27,10,3,60,118,38
KAF2209541,6524,4892,6117,2,4,0,0,0,6,27,4,10,97,278,99
KAF2209542,346,374,527,0,0,0,0,0,0,2,2,0,18,28,12
KAF2209543,1321,1001,439,0,0,0,0,0,2,0,0,6,12,28,17
KAF2209544,2970,2300,1603,2,4,0,0,0,0,2,4,8,30,60,16
KAF2209545,216,229,244,0,0,0,0,0,0,7,0,0,8,8,4
KAF2209546,4685,4398,4587,8,0,4,0,0,4,9,9,10,82,122,44
KAF2209547,630,494,659,0,0,0,0,2,1,26,6,10,43,72,50
KAF2209548,472,495,548,0,0,0,4,0,0,11,4,0,12,24,8
KAF2209549,390,408,740,0,0,0,0,0,0,16,0,2,117,276,114
KAF2209550,1388,1417,949,0,2,4,0,0,0,5,0,1,25,46,23
KAF2209551,7569,7514,9327,0,2,4,6,4,4,38,18,26,197,444,170
KAF2209552,194,132,277,0,0,0,0,0,0,5,4,0,18,52,31
KAF2209553,15842,14009,9536,12,6,12,13,4,18,103,32,48,466,1007,472
KAF2209554,477,713,2742,0,0,0,0,0,0,0,0,0,10,22,6
KAF2209555,839,784,1492,0,0,0,0,0,2,21,0,8,49,75,45
KAF2209556,266,266,97,0,0,0,0,0,0,0,0,0,0,2,0
KAF2209557,3857,3605,2158,3,0,0,2,0,2,13,6,0,19,44,15
KAF2209558,1241,1216,1054,0,0,0,0,4,3,13,7,0,23,61,24
KAF2209559,673,575,631,0,0,0,0,0,1,3,0,2,7,14,4
KAF2209560,640,609,631,0,2,0,0,0,0,3,5,1,3,6,7
KAF2209561,498,465,598,0,0,0,0,0,0,2,0,0,4,29,14
KAF2209562,883,751,998,0,0,0,0,0,0,0,0,1,11,26,1
KAF2209563,19596,16008,8128,13,2,3,7,2,4,21,8,7,71,118,65
KAF2209564,948,879,723,0,0,0,2,0,0,4,0,0,26,36,15
KAF2209565,24,28,41,0,0,0,0,0,0,0,0,0,8,16,0
KAF2209566,2266,2017,1052,2,0,4,0,0,0,3,0,2,12,30,7
KAF2209567,252,216,274,0,0,0,1,0,0,8,2,0,7,27,14
KAF2209568,1732,2123,4379,0,0,0,2,0,2,15,0,10,30,92,36
KAF2209569,1455,1515,1203,4,0,0,2,0,0,20,0,0,20,14,10
KAF2209570,5738,5875,2285,4,0,2,0,0,0,14,0,2,11,30,10
KAF2209571,3897,3054,3866,2,2,6,0,0,0,6,6,3,74,143,78
KAF2209572,489,489,841,0,0,0,0,0,1,18,8,13,62,114,26
KAF2209573,251,226,291,0,0,0,4,0,2,12,0,0,9,31,17
KAF2209574,801,936,2076,0,0,0,0,0,2,3,2,0,34,87,35
KAF2209575,10,4,6,0,0,0,0,0,0,0,0,0,0,0,0
KAF2209576,6601,4994,7333,43,13,28,0,0,0,2,0,0,13,33,22
KAF2209577,994,1274,1922,0,0,0,1,0,1,4,0,0,21,17,12
KAF2209578,42934,42743,30653,9,8,6,29,9,19,151,69,44,276,479,254
KAF2209579,3894,3464,2536,0,2,2,0,0,0,21,8,2,57,131,73
KAF2209580,4306,4236,3039,2,0,2,2,0,0,14,0,12,32,52,19
KAF2209581,78,54,104,0,0,0,0,0,0,0,0,0,0,0,2
KAF2209582,2089,1787,1985,0,0,3,2,0,0,10,4,8,58,96,41
KAF2209583,195,142,325,0,0,0,0,0,0,0,0,0,0,1,0
KAF2209584,6,2,6,0,0,0,0,0,0,0,0,0,0,0,0
KAF2209585,1949,2368,5526,0,0,0,0,0,0,2,0,3,8,24,12
KAF2209586,384,468,2342,0,0,0,2,2,2,18,6,8,80,264,102
KAF2209587,5,11,15,0,0,0,0,0,0,0,0,0,0,4,0
KAF2209588,904,1021,657,0,0,0,0,2,2,4,1,0,13,28,16
KAF2209589,10069,8798,7078,0,0,0,4,2,2,28,7,10,82,138,42
KAF2209590,1032,974,1333,0,0,0,0,0,2,6,0,2,15,44,26
KAF2209591,1061,915,1430,0,2,0,0,0,0,14,6,4,69,107,31
KAF2209592,735,746,523,0,0,0,2,2,0,12,1,0,25,43,36
KAF2209593,182,177,435,0,0,0,6,0,2,141,25,38,146,283,90
KAF2209594,4,13,4,0,0,0,0,0,0,2,0,0,6,2,0
KAF2209595,26,21,51,0,0,0,0,0,0,0,2,0,0,7,2
KAF2209596,267,254,189,0,0,0,1,0,2,18,0,3,10,28,13
KAF2209597,313,298,394,0,0,0,0,0,0,2,0,5,24,10,10
KAF2209598,2,2,8,0,0,0,0,0,0,0,0,0,0,2,0
KAF2209599,4063,3450,3462,0,0,4,6,2,2,32,3,10,73,157,60
KAF2209600,1410,1366,398,0,0,1,0,0,0,4,5,2,9,25,17
KAF2209601,331,268,872,0,0,0,0,0,4,16,0,0,19,58,13
KAF2209602,1492,1029,1005,0,0,2,0,0,0,1,0,2,20,24,18
KAF2209603,4636,4274,4283,0,0,0,0,0,0,4,6,0,8,18,6
KAF2209604,1536,1590,1227,0,0,0,0,0,0,2,0,0,2,2,0
KAF2209605,4865,4323,4558,0,0,2,0,2,2,32,6,13,61,159,95
KAF2209606,1266,1120,924,2,0,0,0,2,1,11,0,1,34,61,21
KAF2209607,754,679,388,0,0,2,0,0,0,0,0,2,5,8,0
KAF2209608,593,433,325,0,0,0,0,0,2,0,0,0,0,6,2
KAF2209609,462,409,270,0,0,0,0,0,0,2,0,0,6,3,1
KAF2209610,537,430,347,0,0,0,0,0,0,6,0,2,2,12,3
KAF2209611,5859,5108,2203,2,0,2,0,0,0,2,0,4,18,41,15
KAF2209612,3119,2479,2631,2,4,4,4,0,6,64,14,8,160,409,197
KAF2209613,124,141,217,0,0,0,0,0,2,16,0,2,37,81,33
KAF2209614,267,252,419,0,0,0,0,0,1,14,6,15,42,50,31
KAF2209615,1218,1157,488,0,0,0,0,0,0,15,4,6,62,152,101
KAF2209616,17,5,16,0,0,0,0,0,0,0,0,0,2,2,2
KAF2209617,7,7,19,0,0,0,0,0,0,0,0,0,0,2,0
KAF2209618,364,414,398,0,0,0,0,0,0,4,0,0,2,18,4
KAF2209619,24491,20961,44293,10,6,14,6,6,8,24,4,18,128,279,102
KAF2209620,13551,12290,26783,14,6,14,5,4,4,28,2,3,51,145,53
KAF2209621,92,93,147,0,0,0,0,0,0,1,0,0,1,6,3
KAF2209622,1167,1070,1586,0,0,0,0,0,0,4,0,10,21,44,24
KAF2209623,169,185,334,0,0,2,0,2,0,1,2,0,1,11,6
KAF2209624,471,360,270,0,0,2,0,0,0,0,6,6,18,17,8
KAF2209625,41,46,45,0,0,0,0,0,0,4,2,1,12,14,13
KAF2209626,51,67,104,0,0,0,0,0,0,12,6,0,6,16,4
KAF2209627,361,458,1760,0,0,0,0,0,0,0,0,0,0,2,2
KAF2209628,416,432,588,0,0,0,1,0,0,0,1,2,9,20,7
KAF2209629,363,375,374,0,0,2,0,0,2,8,2,12,33,49,49
KAF2209630,397,331,364,0,0,0,2,2,0,7,0,0,18,25,9
KAF2209631,338,322,303,0,0,0,0,0,0,2,0,2,4,12,2
KAF2209632,4028,3259,2260,8,2,9,2,0,2,4,5,4,42,62,9
KAF2209633,7022,7395,11285,2,3,5,2,0,0,25,1,6,117,289,143
KAF2209634,1183,1301,1956,0,0,2,0,0,0,5,0,1,17,73,33
KAF2209635,692,609,960,0,2,0,0,0,0,0,0,0,16,17,10
KAF2209636,50,38,72,0,0,0,0,0,0,0,0,0,0,8,2
KAF2209637,84,66,75,0,0,0,0,0,0,0,0,1,4,5,0
KAF2209638,3115,2634,864,5,1,2,2,0,4,0,4,1,26,45,21
KAF2209639,2586,2591,3489,3,3,4,2,0,0,5,0,2,17,36,7
KAF2209640,113,95,142,0,0,0,0,0,0,0,0,0,2,4,0
KAF2209641,26,13,20,0,0,0,0,0,0,0,0,0,2,0,0
KAF2209642,1738,1694,1422,0,0,3,0,0,0,9,3,2,4,26,13
KAF2209643,1193,1152,1207,2,4,0,0,2,2,13,4,0,27,78,50
KAF2209644,28,27,44,0,0,0,0,0,0,0,0,0,0,0,0
KAF2209645,89,108,156,0,0,0,0,0,0,0,2,0,0,0,0
KAF2209646,4735,3879,2229,4,1,4,0,0,0,6,4,2,6,18,17
KAF2209647,2929,2487,2017,0,0,3,0,0,0,11,4,4,55,99,55
KAF2209648,983,729,834,2,0,0,0,0,2,10,14,2,29,97,37
KAF2209649,298,137,213,0,0,0,0,0,0,0,0,0,0,0,0
KAF2209650,4545,3971,7249,6,0,0,0,0,2,22,5,6,36,77,28
KAF2209651,2794,2532,2807,0,0,2,0,2,0,8,2,2,24,59,16
KAF2209652,1588,1683,841,0,2,0,2,6,4,70,40,32,77,216,93
KAF2209653,40,46,89,0,0,2,0,0,0,0,2,0,0,6,2
KAF2209233,0,0,0,0,0,0,0,0,0,0,0,0,0,0,0
KAF2209234,721,684,1152,0,0,0,3,2,2,4,8,2,18,62,35
KAF2209235,4204,4790,8358,0,0,0,10,4,10,30,0,6,50,73,25
KAF2209236,2,4,1,0,0,0,0,0,0,0,0,0,0,2,0
KAF2209237,278,270,452,0,0,0,0,2,0,4,2,4,32,67,24
KAF2209238,3394,2675,3606,0,0,8,2,2,3,16,0,3,46,97,57
KAF2209239,1662,1382,1350,3,0,0,0,2,1,7,2,4,38,61,42
KAF2209240,5547,4429,5576,4,4,8,6,0,2,35,2,10,82,151,54
KAF2209241,738,905,1338,2,0,0,0,0,0,2,0,0,34,107,70
KAF2209242,1669,1852,3773,0,0,0,0,0,0,28,1,6,39,76,25
KAF2209243,370,314,118,0,0,0,0,0,0,0,0,0,0,2,6
KAF2209244,13210,10582,6292,2,2,8,6,0,8,26,11,9,64,158,77
KAF2209245,108,106,184,0,0,0,0,2,0,6,5,0,28,56,11
KAF2209246,274,272,533,0,0,0,0,0,0,4,6,2,4,23,2
KAF2209247,8610,7324,4463,2,6,2,4,0,2,22,4,0,92,190,85
KAF2209248,3546,3301,1932,0,0,2,2,2,0,12,6,6,41,85,30
KAF2209249,11680,10920,13546,2,2,2,16,6,14,122,44,47,414,821,434
KAF2209250,422,426,399,2,0,0,0,0,0,7,0,0,19,54,12
KAF2209251,85,102,126,0,0,1,0,0,0,0,0,0,0,2,0
KAF2209252,302,277,178,0,0,0,0,0,0,0,2,2,6,11,5
KAF2209253,748,674,444,0,0,0,2,0,0,2,4,7,22,82,22
KAF2209254,1368,1117,600,4,4,0,4,0,0,8,2,0,34,30,12
KAF2209255,322,283,309,0,0,0,0,2,0,9,1,1,21,24,7
KAF2209256,205,170,272,0,0,0,0,0,0,3,0,0,18,10,6
KAF2209257,147,129,316,0,0,0,0,0,0,0,0,0,5,10,10
KAF2209258,205,224,283,0,0,0,0,0,4,0,0,0,12,10,7
KAF2209259,8,4,8,0,0,0,0,0,0,0,0,0,2,0,0
KAF2209260,984,1158,1669,0,0,2,0,2,2,14,0,4,46,83,58
KAF2209261,34408,29693,13193,6,6,4,0,0,6,18,6,16,75,97,40
KAF2209262,2467,2082,665,1,0,0,0,0,2,4,2,2,6,30,8
KAF2209263,441,459,394,0,0,0,0,0,0,2,0,6,10,31,7
KAF2209264,708,722,1222,0,0,0,0,0,2,14,0,7,20,86,51
KAF2209265,399,315,491,0,0,0,0,0,2,2,2,2,15,40,16
KAF2209266,1805,1672,1951,2,0,0,0,0,1,10,0,9,51,96,48
KAF2209267,1491,1362,921,0,2,0,2,0,0,19,6,2,24,84,57
KAF2209268,1358,1100,1466,0,0,0,2,4,2,12,2,4,32,80,37
KAF2209269,125,149,276,0,0,0,0,0,0,4,0,0,8,15,12
KAF2209270,1699,1656,2769,0,0,0,4,0,4,62,22,8,127,262,128
KAF2209271,871,742,548,0,0,0,0,0,1,12,0,2,5,16,8
KAF2209272,5134,4675,7371,6,2,8,4,2,4,51,12,12,105,208,90
KAF2209273,8230,6490,4400,4,2,4,2,0,4,31,1,9,81,126,52
KAF2209274,17545,15695,11382,15,14,15,7,4,28,120,58,69,643,1394,644
KAF2209275,224,160,183,0,0,0,1,0,0,3,0,1,8,3,5
KAF2209276,427,320,332,0,0,0,0,0,0,15,0,2,26,32,14
KAF2209277,21,27,9,0,0,0,0,0,0,0,0,0,0,0,0
KAF2209278,3238,2753,2491,2,2,6,2,0,2,16,7,6,79,147,77
KAF2209279,6312,5542,3469,2,2,2,3,0,2,21,10,13,97,198,79
KAF2209280,757,630,926,0,0,0,0,0,0,8,1,0,11,30,14
KAF2209281,12,11,15,0,0,0,0,0,0,0,0,0,0,1,4
KAF2209282,1557,1349,1454,0,0,0,2,2,1,11,2,2,44,57,24
KAF2209283,398,291,493,0,0,0,0,4,0,0,0,6,22,29,18
KAF2209284,1018,879,582,0,4,0,0,0,0,0,2,2,25,20,5
KAF2209285,760,698,368,0,1,4,2,0,0,0,0,0,14,24,13
KAF2209286,1334,1066,748,2,2,0,2,2,2,12,0,8,36,89,38
KAF2209287,905,837,1297,0,0,0,0,0,0,23,2,13,34,98,43
KAF2209288,1016,863,833,0,2,2,0,0,2,12,4,4,26,62,63
KAF2209289,185,196,124,0,0,0,0,0,0,1,0,2,3,12,10
KAF2209290,483,554,874,0,0,0,0,0,2,14,0,11,18,41,21
KAF2209291,1415,1161,886,2,0,0,0,0,0,6,4,8,11,26,13
KAF2209292,655,607,1017,0,0,0,0,0,2,22,5,8,61,76,37
KAF2209293,3349,4375,8142,0,2,0,12,0,8,62,18,20,103,251,164
KAF2209294,4816,4566,9916,2,0,2,2,2,2,22,0,5,74,222,132
KAF2209295,428,459,1003,0,0,0,0,0,0,4,0,2,20,37,20
KAF2209296,3953,3643,1886,2,0,0,0,0,2,13,4,7,34,74,31
KAF2209297,409,397,392,0,0,0,4,0,4,4,2,0,9,49,18
KAF2209298,173,199,287,2,0,0,0,0,0,2,2,0,14,26,10
KAF2209299,132,79,130,0,0,0,0,0,0,2,0,0,7,19,6
KAF2209300,2441,2098,1153,2,0,0,0,4,2,8,4,2,34,94,24
KAF2209301,1748,1423,1264,0,0,2,0,0,0,8,4,4,27,73,25
KAF2209302,80,73,72,0,0,0,2,0,2,28,5,8,101,211,105
KAF2209303,1734,1546,897,0,0,0,0,0,0,15,3,3,13,32,6
KAF2209304,12,11,29,0,0,0,0,0,0,0,0,0,0,3,1
KAF2209305,783,746,1644,2,2,0,0,0,0,16,0,8,31,68,39
KAF2209306,1352,1283,1922,0,0,0,2,2,0,22,8,6,78,206,81
KAF2209307,345,354,932,0,0,0,0,0,0,3,2,2,15,46,17
KAF2209308,5297,4546,3517,0,0,0,0,0,2,15,4,6,19,29,18
KAF2209309,38,33,19,0,0,0,0,0,0,3,0,0,2,0,0
KAF2209310,1840,1712,1414,0,0,0,4,2,2,23,4,8,100,251,140
KAF2209311,368,197,168,0,0,0,0,0,2,1,2,0,4,12,8
KAF2209312,432,309,251,0,0,0,0,0,0,3,0,4,1,16,6
KAF2209313,945,884,344,0,0,0,0,0,0,2,0,4,7,9,8
KAF2209314,116,114,153,0,0,0,0,0,0,4,0,0,10,8,2
KAF2209315,166129,152510,171106,74,60,87,106,70,117,950,257,340,3464,7431,3094
KAF2209316,819,748,934,2,0,0,2,0,5,10,4,5,38,69,57
KAF2209317,1250,1155,1159,0,0,0,0,0,2,18,6,2,10,47,22
KAF2209318,3339,2999,2037,2,1,0,2,2,2,12,8,14,39,76,25
KAF2209319,5672,4902,4916,2,2,5,0,4,4,18,5,14,75,145,48
KAF2209320,5874,5368,4534,2,2,1,2,4,2,26,7,14,99,216,103
KAF2209321,2228,2004,2528,0,0,2,5,4,4,26,18,14,102,166,118
KAF2209322,472,354,543,0,0,4,0,0,0,8,2,0,13,28,16
KAF2209323,115,90,95,0,0,0,0,0,0,0,0,0,1,0,2
KAF2209324,1794,1707,1002,4,0,0,0,0,0,3,0,2,30,74,11
KAF2209325,12088,12231,12142,2,0,2,0,8,8,87,28,17,289,681,286
KAF2209326,137,134,304,0,0,0,0,0,0,4,0,0,30,97,59
KAF2209327,5589,4950,3414,0,0,0,4,0,1,6,2,8,41,74,36
KAF2209328,7604,6282,5387,4,0,7,1,4,9,73,15,13,183,275,185
KAF2209329,1238,1203,1072,0,0,0,4,0,0,10,2,3,26,32,12
KAF2209330,5727,5438,2213,3,2,2,0,0,2,9,2,2,26,45,33
KAF2209331,1026,1046,1232,0,0,4,4,0,2,11,2,2,30,40,38
KAF2209332,113,137,170,0,0,0,0,0,0,2,0,0,5,8,0
KAF2209333,3404,3153,2732,0,0,0,2,0,0,24,2,10,44,97,44
KAF2209334,1409,1236,977,0,0,0,2,0,0,9,0,7,22,31,28
KAF2209335,1675,1679,1263,0,2,0,0,0,2,11,2,5,10,26,22
KAF2209336,11275,11521,6225,0,2,2,4,0,4,28,8,13,45,96,60
KAF2209337,157,151,229,0,0,0,0,0,0,2,0,0,7,10,10
KAF2209338,586,509,596,0,0,0,0,0,0,14,0,6,42,79,43
KAF2209339,6127,5572,2212,2,0,6,10,0,4,8,6,6,44,141,48
KAF2209340,1529,1656,1783,0,0,0,2,0,2,18,2,4,52,100,48
KAF2209341,6182,5855,6490,0,2,0,1,2,4,20,4,6,76,137,85
KAF2209342,8644,8127,6347,15,4,4,4,6,4,52,23,21,165,342,160
KAF2209343,1538,1910,2549,0,0,0,0,0,2,27,4,8,39,87,49
KAF2209344,772,708,1253,0,0,0,0,0,0,7,0,0,18,40,11
KAF2209345,5131,4764,3011,4,4,2,1,4,2,20,14,12,146,351,157
KAF2209346,254,280,393,0,0,0,0,0,0,4,0,2,10,74,16
KAF2209347,447,453,652,2,0,0,0,0,2,20,2,10,46,64,49
KAF2209348,1250,973,1005,0,0,0,2,0,0,9,5,3,22,39,8
KAF2209349,3625,3148,2634,0,0,0,4,0,0,14,12,6,32,55,33
KAF2209350,965,807,843,2,2,0,0,0,4,10,0,2,18,67,28
KAF2209351,190,207,296,0,0,0,0,0,0,2,0,0,2,2,10
KAF2209352,7485,7216,5949,2,0,0,0,0,1,18,2,4,45,91,31
KAF2209353,3198,2716,1393,0,0,1,0,0,2,14,6,4,44,75,26
KAF2209354,115,73,45,0,0,0,0,0,0,0,4,0,0,0,2
KAF2209355,5049,4024,1438,0,2,3,2,0,2,4,6,7,99,184,102
KAF2209356,1756,1785,1876,3,0,2,4,0,0,9,4,12,34,54,43
KAF2209357,304,226,217,2,4,5,6,0,11,29,8,23,110,316,134
KAF2209358,13,13,11,0,0,0,0,0,0,0,0,0,0,2,0
KAF2209359,95,96,138,0,0,0,0,0,0,18,2,6,34,84,64
KAF2209360,150,139,179,0,0,0,0,2,6,22,11,6,39,116,46
KAF2209361,324,274,211,0,0,0,2,0,0,4,0,0,3,5,2
KAF2209362,57,43,47,0,0,0,0,0,0,1,1,0,1,3,0
KAF2209363,569,501,488,0,0,0,3,6,2,14,10,12,60,80,36
KAF2209364,368,273,291,0,0,0,7,2,0,10,0,2,9,38,27
KAF2209365,5121,4484,3573,2,2,2,4,2,8,24,17,22,91,162,49
KAF2209366,357,271,441,0,0,0,1,0,0,8,1,10,38,88,15
KAF2209367,974,960,1331,0,0,0,3,3,4,31,6,12,59,141,62
KAF2209368,1212,1270,1427,0,0,1,3,0,1,20,4,4,60,169,86
KAF2209369,916,817,1009,0,0,0,1,0,2,29,6,16,53,103,28
KAF2209370,351,337,442,0,0,0,0,0,4,0,6,4,24,45,28
KAF2209371,278,224,386,0,0,0,4,0,1,6,4,0,13,23,8
KAF2209372,309,280,384,0,1,0,0,2,1,7,0,0,10,19,7
KAF2209373,30085,27932,26813,22,2,17,40,8,51,238,91,102,1141,2630,1266
KAF2209374,1395,1235,1173,2,0,2,0,0,0,4,0,4,14,14,12
KAF2209375,1493,1351,1110,3,0,0,0,0,0,5,4,2,26,67,26
KAF2209376,330,390,489,0,0,0,0,0,4,4,2,4,20,46,20
KAF2209377,335,329,387,0,0,0,0,0,2,8,0,2,12,30,16
KAF2209378,1910,1668,1208,1,0,0,4,2,4,14,8,10,78,201,104
KAF2209379,2150,1992,2424,0,0,6,4,6,2,36,6,9,58,101,54
KAF2209380,1128,902,713,0,0,0,2,0,0,2,4,0,30,68,26
KAF2209381,2442,2080,1612,0,0,0,0,0,2,16,0,0,52,73,22
KAF2209382,275,311,569,0,0,0,0,0,0,8,4,2,35,44,22
KAF2209383,2458,2373,2944,0,0,0,0,0,0,18,2,6,79,174,68
KAF2209384,5027,4373,3410,2,0,2,2,2,6,20,2,10,59,58,18
KAF2209385,4918,4155,3231,2,0,8,2,0,0,14,6,0,36,57,13
KAF2209386,614,523,978,0,0,2,2,0,0,1,0,0,22,43,4
KAF2209387,630,537,1135,0,0,0,0,2,0,13,6,0,20,34,30
KAF2209388,6702,5530,3528,0,0,2,0,0,2,10,2,6,50,97,46
KAF2209389,939,733,464,0,0,1,0,0,0,2,0,0,6,7,4
KAF2209390,3629,3674,2899,0,0,0,0,0,0,2,0,2,13,23,4
KAF2209391,6391,6105,4577,2,0,2,4,2,2,10,6,4,46,86,24
KAF2209392,1373,1355,1601,0,0,2,0,0,2,25,0,8,60,74,33
KAF2209393,4964,4607,3578,0,0,2,4,0,4,18,4,2,65,164,54
KAF2209394,5706,4229,2811,4,6,2,0,0,0,19,0,4,28,109,49
KAF2209395,8041,7685,9433,4,4,2,10,0,2,35,8,14,129,226,108
KAF2209396,5688,5146,4819,6,0,0,0,0,0,2,0,2,22,54,24
KAF2209397,13974,11060,4419,4,6,2,4,6,6,16,6,8,64,228,82
KAF2209398,904,670,624,0,2,0,0,0,0,8,4,1,22,63,16
KAF2209399,10367,10799,13305,0,1,2,6,5,4,35,14,6,97,230,78
KAF2209400,11721,9862,4707,0,4,0,2,2,2,35,26,10,138,279,151
KAF2209401,12236,10425,5562,6,6,12,2,0,0,26,8,14,65,91,67
KAF2209402,1054,874,663,0,0,2,0,0,0,10,4,4,21,98,44
KAF2209403,1916,1689,1379,2,0,2,2,0,2,18,2,4,28,53,21
KAF2209404,353,334,415,0,0,0,2,0,0,4,2,0,12,22,14
KAF2209405,1428,1333,1855,2,0,2,2,0,0,11,8,6,66,154,55
KAF2209406,454,411,361,2,0,0,0,0,0,2,6,4,4,28,14
KAF2209407,1854,1574,1026,2,0,2,2,0,0,8,4,0,24,68,26
KAF2209408,3106,2281,2035,0,0,2,2,2,0,12,1,4,60,123,40
KAF2209409,194,161,190,0,0,0,2,0,2,2,0,0,0,26,4
KAF2209410,2982,2431,1963,4,2,2,0,2,4,25,12,7,54,133,62
KAF2209411,1741,1525,2823,2,0,4,4,2,2,22,8,6,68,119,42
KAF2209412,308,329,478,2,0,0,8,2,2,19,18,6,38,114,50
KAF2209413,2547,2246,2785,3,0,0,2,0,9,20,4,13,67,114,31
KAF2209414,876,760,874,4,0,2,0,2,0,8,2,5,25,51,18
KAF2209415,854,859,588,0,0,0,4,0,2,0,0,0,13,60,17
KAF2209416,1728,1519,1400,0,0,0,2,0,2,6,6,12,52,86,38
KAF2209417,6807,6502,4298,0,4,4,0,6,7,11,3,1,84,105,63
KAF2209418,990,1001,1646,0,2,0,0,0,4,27,6,6,56,102,72
KAF2209419,916,885,1032,0,0,0,2,0,2,1,2,2,53,84,63
KAF2209420,778,752,1050,2,0,0,0,0,2,2,0,4,12,24,8
KAF2209421,4985,6155,7056,0,0,0,0,0,2,12,6,8,34,85,46
KAF2209422,392,390,460,0,0,0,1,0,0,19,4,4,23,86,24
KAF2209423,9105,8622,4724,0,2,4,4,0,2,30,9,15,66,183,65
KAF2209424,10384,10890,8366,2,0,2,0,0,0,2,6,2,11,26,21
KAF2209425,289,409,684,0,0,0,1,0,0,0,0,0,12,12,18
KAF2209114,0,0,0,0,0,0,0,0,0,0,0,0,0,0,0
KAF2209115,0,0,0,0,0,0,0,0,0,0,0,0,0,0,0
KAF2209116,0,0,0,0,0,0,0,0,0,0,0,0,0,0,0
KAF2209117,0,0,0,0,0,0,0,0,0,0,0,0,0,0,0
KAF2209118,0,0,0,0,0,0,0,0,0,0,0,0,0,0,0
KAF2209119,0,0,0,0,0,0,0,0,0,0,0,0,0,0,0
KAF2209120,0,0,0,0,0,0,0,0,0,0,0,0,0,0,0
KAF2209121,0,0,0,0,0,0,0,0,0,0,0,0,0,0,0
KAF2209122,0,0,0,0,0,0,0,0,0,0,0,0,0,0,0
KAF2209123,0,0,0,0,0,0,0,0,0,0,0,0,0,0,0
KAF2209124,0,0,0,0,0,0,0,0,0,0,0,0,0,0,0
KAF2209125,0,0,0,0,0,0,0,0,0,0,0,0,0,0,0
KAF2209126,10,6,4,0,0,0,0,0,0,0,0,0,0,0,0
KAF2209127,0,0,0,0,0,0,0,0,0,0,0,0,2,0,0
KAF2209128,426,478,1028,0,0,0,0,0,0,6,6,1,35,82,63
KAF2209129,185,197,222,0,0,0,0,0,0,0,0,0,0,15,6
KAF2209130,72,79,72,0,0,0,0,0,0,0,0,0,0,2,0
KAF2209131,0,0,0,0,0,0,0,0,0,0,0,0,0,0,0
KAF2209132,7,7,12,0,0,0,0,0,0,0,0,0,0,0,0
KAF2209133,2,2,2,0,0,0,0,0,0,0,0,0,0,0,0
EFT00053797987,4,1,2,0,0,0,0,0,0,0,0,0,0,0,0
KAF2209134,71,83,232,0,0,0,0,0,0,0,0,0,0,0,0
KAF2209135,6,8,26,0,0,0,0,0,0,0,0,0,0,0,0
KAF2209136,183,228,397,0,0,0,0,2,0,0,0,0,0,6,0
KAF2209137,575,765,1283,0,0,0,0,0,0,4,0,0,0,3,4
KAF2209138,157,185,251,0,0,0,0,0,0,0,0,0,6,0,0
KAF2209139,91,138,237,0,0,0,0,0,0,0,0,0,1,1,0
KAF2209140,208,270,477,0,0,0,0,0,0,0,0,0,4,11,0
KAF2209141,113,145,302,0,0,0,0,0,0,0,0,0,2,4,8
KAF2209142,95,53,117,0,0,0,0,0,0,1,0,0,4,5,4
KAF2209143,11,11,13,0,0,0,0,0,0,0,0,0,0,0,0
KAF2209144,4,4,2,0,0,0,0,0,0,0,0,0,0,0,0
KAF2209145,0,0,0,0,0,0,0,0,0,0,0,0,0,0,0
KAF2209146,0,0,0,0,0,0,0,0,0,0,0,0,0,0,0
KAF2209147,2,6,4,0,0,0,0,0,0,0,0,0,0,0,0
KAF2209148,71,96,141,0,0,0,0,0,0,2,0,0,0,0,4
KAF2209149,2,0,0,0,0,0,0,0,0,0,0,0,0,2,0
KAF2209150,2,0,4,0,0,0,0,0,0,0,0,0,0,0,0
KAF2209151,0,0,0,0,0,0,0,0,0,0,0,0,0,0,0
KAF2209152,0,0,0,0,0,0,0,0,0,0,0,0,0,0,0
KAF2209153,17,12,12,0,0,0,0,0,0,0,0,0,0,0,0
KAF2209154,9,1,4,0,0,0,0,0,0,0,0,0,0,0,0
KAF2209155,785,516,154,2,0,0,0,0,0,0,0,0,0,6,2
KAF2209156,21,40,36,0,0,0,0,0,0,0,2,0,0,2,0
KAF2209157,623,723,1833,0,0,0,0,0,8,16,12,6,61,71,40
KAF2209158,1676,1414,1343,2,3,1,0,0,0,0,2,0,9,36,9
KAF2209159,2726,2922,4224,0,0,0,0,0,2,3,0,4,27,51,19
KAF2209160,3628,2830,2675,2,0,0,2,2,6,16,0,0,28,50,15
KAF2209161,5573,5060,3864,6,0,0,2,0,4,14,6,4,77,158,70
KAF2209162,63,50,54,0,0,0,0,0,0,0,0,0,1,4,2
KAF2209163,262,219,248,0,0,0,0,0,0,7,0,0,10,14,10
KAF2209164,7480,8183,3663,2,0,0,0,0,4,0,2,2,25,27,8
KAF2209165,303,186,185,0,0,0,0,0,0,0,0,0,0,1,0
KAF2209166,892,617,299,4,0,2,0,0,0,0,0,0,4,0,0
EFT00053797989,0,0,0,0,0,0,0,0,0,0,0,0,0,0,0
EFT00053797988,0,0,0,0,0,0,0,0,0,0,0,0,0,0,0
KAF2209167,293,217,423,0,0,0,0,0,6,10,2,2,20,40,21
KAF2209168,2517,2515,3082,0,1,4,2,9,12,48,28,28,133,345,150
KAF2209169,2898,2288,1072,0,0,0,0,0,2,5,4,3,15,27,16
KAF2209170,6742,5284,3955,7,9,5,4,0,8,77,35,16,189,309,140
KAF2209171,2613,2412,2484,2,0,1,3,0,0,17,3,3,40,74,26
KAF2209172,1874,2341,5337,0,0,2,2,0,0,6,2,0,19,64,27
KAF2209173,6,2,7,0,0,0,0,0,0,0,0,0,0,0,0
KAF2209174,478,474,557,0,2,0,0,0,0,2,4,0,12,38,7
KAF2209175,622,666,593,0,0,0,0,0,0,2,2,0,24,61,36
KAF2209176,154,109,98,0,0,0,0,0,4,34,6,25,66,81,41
KAF2209177,642,687,1374,0,0,0,2,2,0,17,4,0,26,52,10
KAF2209178,83,107,120,0,0,0,0,0,0,6,3,0,7,13,10
KAF2209179,2120,1770,909,6,2,0,2,0,2,13,2,5,45,89,46
KAF2209180,7426,7395,8345,2,0,0,0,0,4,10,4,2,43,99,17
KAF2209181,364,393,1001,0,0,0,0,2,2,22,4,0,24,49,24
KAF2209182,1166,1456,4854,0,0,2,6,0,2,6,0,10,21,56,18
KAF2209183,264,198,404,0,0,0,0,0,0,1,0,0,4,7,6
KAF2209184,4380,3988,4969,4,0,2,0,0,4,9,6,2,42,42,14
KAF2209185,36,30,18,0,0,0,0,0,0,0,0,0,0,4,0
KAF2209186,1888,1893,2057,3,0,0,0,2,2,15,5,4,33,31,9
KAF2209187,792,661,800,0,0,1,0,0,0,12,0,8,18,31,8
KAF2209188,13,21,14,0,0,0,0,0,0,0,0,0,0,0,0
KAF2209189,104,86,88,0,0,0,0,0,0,0,0,0,0,0,0
KAF2209190,49,37,50,0,0,0,0,0,0,1,0,0,1,2,0
KAF2209191,6507,5933,3517,2,0,2,6,4,0,5,0,5,24,60,56
KAF2209192,27,42,47,0,0,0,0,0,0,0,0,0,0,4,1
KAF2209193,547,457,219,0,0,0,0,0,0,4,1,0,1,3,4
KAF2209194,364,302,188,0,0,0,0,0,0,0,0,0,4,4,8
KAF2209195,18,40,27,0,0,0,0,0,0,2,0,0,0,0,0
KAF2209196,47,34,47,0,0,0,0,0,0,0,0,0,0,2,2
KAF2209197,853,675,561,0,0,0,0,2,0,4,0,0,9,34,23
KAF2209198,7986,6472,4348,0,1,0,2,2,2,44,12,17,84,145,64
KAF2209199,84,58,39,0,0,0,0,0,0,0,0,0,2,0,2
KAF2209200,204,126,235,0,0,0,0,0,0,0,0,0,4,12,2
KAF2209201,2380,1936,3342,0,0,6,0,0,0,0,0,0,22,8,20
KAF2209202,3568,2777,1195,2,0,2,10,4,0,36,14,14,12,27,11
KAF2209203,937,878,482,0,0,0,0,0,0,1,0,2,13,20,10
KAF2209204,45182,37549,16649,4,8,10,0,2,2,9,6,8,32,111,54
KAF2209205,1553,1383,779,2,1,2,0,1,1,7,2,0,14,38,19
KAF2209206,104,103,111,0,0,0,0,0,0,0,0,0,0,0,0
KAF2209207,439,350,463,0,0,0,0,0,0,0,0,0,2,7,4
KAF2209208,210,227,329,0,0,0,0,0,0,0,2,0,6,8,2
KAF2209209,317,268,270,0,0,0,2,0,0,2,2,2,6,12,4
KAF2209210,33582,32445,8549,0,2,0,0,2,2,16,4,14,68,130,52
KAF2209211,2444,2480,4448,0,0,0,4,0,12,25,10,16,84,173,83
KAF2209212,49,56,85,0,0,0,0,0,0,0,0,0,2,0,0
KAF2209213,214,228,260,0,0,0,0,0,0,0,0,0,4,6,5
KAF2209214,2097,2644,5930,0,0,0,8,0,8,107,28,65,216,338,173
KAF2209215,11682,11088,7736,6,2,4,0,0,0,18,0,2,24,33,9
KAF2209216,5060,4961,2529,0,0,2,0,0,0,1,6,2,22,64,27
KAF2209217,7234,6077,5087,2,0,3,0,0,1,9,0,4,19,34,10
KAF2209218,13348,11068,8605,7,4,8,0,0,0,17,12,12,35,42,16
KAF2209219,15,20,20,0,0,0,0,0,0,0,0,0,0,0,0
KAF2209220,7200,6088,4998,0,2,2,0,0,2,14,2,4,32,74,20
KAF2209221,430,354,253,2,0,0,0,0,0,0,0,0,4,13,12
KAF2209222,459,419,176,2,0,0,0,0,1,4,1,0,6,13,3
KAF2209223,610,474,461,0,0,2,0,0,0,2,0,2,6,8,10
KAF2209224,4433,3880,1500,0,2,0,0,2,0,4,2,2,7,21,4
KAF2209225,2036,1928,791,0,0,0,0,0,0,3,0,0,9,23,7
KAF2209226,396,358,318,0,0,0,0,0,2,18,1,5,26,66,29
KAF2209227,644,585,697,0,0,0,2,2,0,2,3,4,18,46,13
KAF2209228,179,153,155,0,0,0,0,0,0,2,0,0,1,18,4
KAF2209229,4041,3762,2817,0,0,0,6,1,0,15,2,0,33,59,28
KAF2209230,71,58,35,2,0,0,0,0,0,2,0,0,4,1,1
KAF2209231,103228,84210,29564,14,10,16,6,8,7,65,18,20,195,384,148
KAF2209232,583,505,616,0,0,2,0,0,2,6,2,0,18,44,9
KAF2208997,1632,1296,1554,0,2,3,0,0,2,19,6,7,14,61,30
KAF2208998,358,400,397,0,0,0,0,0,0,2,2,0,7,9,4
KAF2208999,222,178,138,0,0,0,0,0,0,1,0,0,0,8,4
KAF2209000,2152,2059,3673,0,0,0,2,0,4,20,6,4,65,112,51
KAF2209001,1407,1159,1615,0,0,0,0,0,0,115,34,52,329,746,344
KAF2209002,102,85,131,0,0,2,0,0,0,6,1,2,4,23,10
KAF2209003,54,49,88,0,0,0,0,0,0,5,0,1,6,8,6
KAF2209004,1453,915,826,0,0,0,0,0,0,4,0,0,2,15,6
KAF2209005,10529,9322,5768,0,0,2,8,4,3,307,123,334,1284,1681,714
EFT00053797990,0,0,0,0,0,0,0,0,0,0,0,0,0,0,0
KAF2209006,299,269,418,0,0,0,0,0,0,6,0,2,17,9,2
KAF2209007,368,316,543,0,0,0,0,0,0,3,2,1,9,19,8
KAF2209008,313,324,589,0,0,0,0,0,2,4,0,0,0,13,0
KAF2209009,3532,3805,2785,2,0,2,0,0,0,4,2,2,8,43,8
KAF2209010,1326,1232,1075,0,0,0,0,0,0,2,0,0,8,17,4
KAF2209011,307,299,1369,0,0,0,0,0,0,3,0,0,6,16,6
KAF2209012,1055,831,1016,0,0,2,0,0,0,12,4,4,35,44,19
KAF2209013,363,395,495,0,0,0,0,0,0,8,2,0,26,49,10
KAF2209014,880,1033,1338,0,0,0,0,0,0,4,4,0,13,32,13
KAF2209015,1341,1306,2908,0,0,2,0,2,2,83,24,10,175,364,156
KAF2209016,1011,1354,11052,0,0,0,0,0,0,0,0,0,0,2,0
KAF2209017,4541,4715,9991,2,0,2,3,2,20,59,20,12,144,285,85
KAF2209018,759,792,925,0,0,0,0,0,2,8,6,2,24,62,35
KAF2209019,153,116,186,0,0,0,0,0,0,0,0,2,3,1,2
KAF2209020,1736,1686,6247,2,0,0,2,0,0,56,10,20,84,183,94
KAF2209021,518,477,609,0,0,0,0,0,0,4,2,2,14,40,13
KAF2209022,967,868,1224,0,0,0,0,0,0,8,6,8,32,50,24
KAF2209023,2764,2002,1416,2,0,2,0,0,0,4,2,6,30,81,39
KAF2209024,9432,8885,4626,2,0,0,0,0,0,12,5,2,22,82,26
KAF2209025,3615,3547,1896,0,0,0,0,0,0,2,3,1,10,12,8
KAF2209026,465,530,1634,0,0,0,4,0,0,3,0,2,8,20,16
KAF2209027,50,51,91,0,0,0,0,0,0,0,0,0,0,3,0
KAF2209028,42,33,67,0,0,0,0,0,0,2,0,1,2,2,2
KAF2209029,20,41,67,0,0,0,1,0,0,0,0,0,2,0,2
KAF2209030,30,32,84,0,0,0,0,0,0,0,0,0,0,1,0
KAF2209031,11,17,43,0,0,0,0,0,0,0,0,0,0,1,3
KAF2209032,2847,2590,4201,4,2,5,2,2,0,16,2,12,54,135,51
KAF2209033,1171,1266,2238,0,0,0,0,0,0,18,4,0,32,102,27
KAF2209034,7731,7704,8350,0,0,0,0,3,0,35,9,13,66,129,29
KAF2209035,4005,3796,4305,6,2,0,4,0,0,17,4,4,26,42,12
KAF2209036,1378,1426,1646,0,0,2,2,0,0,16,0,0,15,66,32
KAF2209037,15527,15228,20811,0,0,2,2,1,0,2,6,8,19,30,20
KAF2209038,241,235,560,0,0,0,0,0,0,1,0,0,17,24,10
KAF2209039,57,52,56,0,0,0,0,0,0,0,0,0,0,1,2
KAF2209040,281,251,124,0,0,0,0,0,0,0,0,0,0,2,4
KAF2209041,32,40,78,0,0,0,0,0,1,0,0,0,0,1,1
KAF2209042,38,50,99,0,0,0,0,0,0,2,0,0,4,7,5
KAF2209043,507,464,809,0,0,0,0,0,2,6,4,2,20,47,12
KAF2209044,707,573,433,0,0,0,0,0,0,5,4,0,19,31,15
KAF2209045,348,255,250,0,0,0,0,0,1,4,3,0,12,30,16
KAF2209046,0,0,6,0,0,0,0,0,0,0,0,0,0,0,0
KAF2209047,509,423,666,0,0,4,0,0,0,8,4,1,12,22,15
KAF2209048,2012,2038,3034,0,0,0,3,0,0,31,4,5,43,132,65
KAF2209049,4,3,0,0,0,0,0,0,0,0,0,0,0,1,0
KAF2209050,14271,12307,8855,9,8,4,1,0,4,39,14,28,100,155,72
KAF2209051,2731,2468,1741,4,2,0,0,0,2,2,3,1,8,38,4
KAF2209052,12217,10800,8824,0,4,4,4,0,2,47,11,19,64,159,54
KAF2209053,155,145,218,0,0,0,0,0,0,1,0,0,4,6,1
KAF2209054,689,542,727,0,0,0,0,0,0,2,2,1,11,22,12
KAF2209055,1050,873,896,0,2,0,2,3,0,10,0,0,56,76,41
KAF2209056,274,300,491,4,0,2,0,0,0,2,0,0,10,43,14
KAF2209057,105,59,24,0,0,0,0,0,0,2,0,2,2,11,0
KAF2209058,4329,3512,1764,2,0,0,4,4,0,12,0,3,19,51,23
KAF2209059,797,668,406,0,0,0,0,0,0,7,0,0,9,21,4
KAF2209060,897,825,914,0,0,2,2,0,0,10,0,4,3,24,2
KAF2209061,26,43,56,0,0,0,0,0,0,0,0,0,4,4,0
KAF2209062,28,26,76,0,0,0,0,0,0,2,0,0,3,6,1
KAF2209063,226,206,346,0,0,0,0,0,4,0,1,0,2,0,0
KAF2209064,2191,1861,1895,5,0,2,0,0,0,2,2,3,18,35,6
KAF2209065,122,133,289,0,0,0,0,0,0,4,0,0,4,16,0
KAF2209066,33896,36142,47312,16,9,12,10,14,14,65,35,20,311,731,368
KAF2209067,14,22,36,0,0,0,0,0,0,0,0,1,0,4,0
KAF2209068,32,30,71,0,0,0,0,0,0,0,0,0,8,1,2
KAF2209069,34,40,54,0,0,0,0,0,0,0,0,0,0,10,0
KAF2209070,693,819,2038,0,0,0,0,0,2,4,0,0,7,12,4
KAF2209071,182,98,224,0,0,2,0,0,2,0,0,0,2,2,2
KAF2209072,354,271,687,0,0,0,0,0,0,5,0,2,8,22,3
KAF2209073,7655,9872,27051,0,2,0,2,4,2,11,0,0,10,15,15
KAF2209074,12546,10866,8156,4,6,4,2,0,6,54,18,18,186,421,118
KAF2209075,282,218,324,0,0,0,0,0,1,0,0,0,5,10,0
KAF2209076,3373,3426,4025,0,2,4,6,2,10,40,12,6,145,389,177
KAF2209077,1060,1007,2420,0,0,2,0,2,3,21,6,4,41,105,46
KAF2209078,898,708,683,0,0,0,0,0,0,8,0,0,10,19,8
KAF2209079,361,303,420,0,0,0,0,0,0,0,0,0,7,20,5
KAF2209080,130,91,108,0,0,0,0,0,0,0,0,0,4,2,0
KAF2209081,7652,7099,6647,4,0,4,0,1,6,23,9,17,111,155,55
KAF2209082,2251,1694,1319,0,0,2,2,0,2,5,2,0,14,36,8
KAF2209083,87,99,190,0,0,0,0,0,0,6,6,6,28,39,6
KAF2209084,48,38,73,0,0,2,0,0,0,0,0,0,0,2,4
KAF2209085,5,8,14,0,0,0,0,0,0,0,0,0,0,0,0
KAF2209086,18,30,88,0,0,0,0,0,0,0,0,0,0,0,0
KAF2209087,3325,2582,2260,0,0,0,2,0,5,24,3,4,55,90,53
KAF2209088,19923,22078,32391,0,0,6,4,2,2,25,7,10,134,357,174
KAF2209089,1094,963,511,1,3,0,0,0,0,3,0,1,17,40,23
KAF2209090,284,344,305,0,0,0,0,0,2,8,2,2,21,35,16
KAF2209091,959,810,1442,2,0,4,2,2,1,13,6,13,46,114,43
KAF2209092,2845,2748,4925,3,2,1,0,4,3,15,1,18,63,122,54
KAF2209093,953,836,862,0,0,0,0,0,4,24,4,6,99,165,49
KAF2209094,2096,2157,3521,0,0,1,0,0,0,9,0,1,17,15,20
KAF2209095,894,864,856,2,0,0,4,0,0,2,0,0,4,8,0
KAF2209096,4,0,0,0,0,0,0,0,0,0,0,0,0,0,0
KAF2209097,730,732,1904,0,0,0,0,0,0,8,11,2,36,75,38
KAF2209098,397,332,369,0,0,0,0,0,0,4,4,0,17,35,2
KAF2209099,31,24,45,0,0,0,0,0,0,2,0,0,3,8,1
KAF2209100,1286,1131,2384,1,0,0,0,0,0,8,0,2,8,18,2
KAF2209101,2321,1806,1612,0,0,0,2,2,6,14,8,4,60,158,54
KAF2209102,561,474,357,2,2,0,1,0,0,2,7,1,25,32,12
KAF2209103,1722,1525,1753,0,0,0,2,4,4,18,6,0,50,95,36
KAF2209104,928,814,995,4,2,2,0,2,4,14,10,8,59,135,56
KAF2209105,578,476,553,3,0,0,2,0,0,10,0,4,14,38,11
KAF2209106,0,0,0,0,0,0,0,0,0,0,0,0,0,0,0
KAF2209107,0,0,0,0,0,0,0,0,0,0,0,0,0,0,0
KAF2209108,0,0,0,0,0,0,0,0,0,0,0,0,0,0,0
KAF2209109,20,29,40,0,0,0,0,0,0,2,0,0,2,1,0
KAF2209110,0,0,0,0,0,0,0,0,0,0,0,0,0,0,0
KAF2209111,16,6,53,0,0,0,0,0,0,0,0,0,0,0,0
KAF2209112,20,60,159,0,0,0,0,0,0,0,0,0,0,0,0
KAF2209113,67,109,527,0,0,0,0,0,0,0,0,0,0,0,0
KAF2208879,1916,1705,2702,0,0,0,2,2,0,14,6,19,48,136,35
KAF2208880,332,299,265,0,0,0,0,0,0,12,0,5,39,103,18
KAF2208881,50,40,16,0,0,0,0,0,2,33,26,2,126,303,125
KAF2208882,28,14,32,0,0,0,0,0,0,6,10,8,85,112,42
KAF2208883,26,12,10,0,0,0,0,0,0,18,4,4,122,408,174
KAF2208884,30,18,26,0,0,0,0,0,0,18,6,8,56,168,54
KAF2208885,2741,2989,5340,4,0,2,0,0,0,6,2,0,32,62,36
KAF2208886,714,818,1145,0,0,0,2,0,10,10,8,6,50,124,49
KAF2208887,7,4,6,0,0,0,0,0,0,0,0,0,0,0,0
KAF2208888,24,13,29,0,0,0,0,0,0,1,0,0,4,0,0
KAF2208889,339,240,57,0,0,0,0,0,0,0,0,0,0,0,2
KAF2208890,1731,1442,502,0,2,4,0,0,0,6,0,0,3,23,10
KAF2208891,0,0,0,0,0,0,0,0,0,0,0,0,0,0,0
KAF2208892,2,5,7,0,0,0,0,0,0,0,0,0,0,0,0
KAF2208893,1834,2206,5239,0,0,0,0,4,10,110,16,18,361,898,370
KAF2208894,214,239,369,0,0,0,0,0,0,0,0,3,5,13,4
KAF2208895,756,615,696,0,0,0,2,0,0,2,2,2,16,34,7
KAF2208896,698,688,692,2,0,0,0,0,0,6,2,2,8,29,7
KAF2208897,206,154,247,0,0,0,0,0,0,2,0,0,2,18,6
KAF2208898,26,47,49,0,0,0,0,0,0,0,0,0,0,1,0
KAF2208899,36,12,22,0,0,0,0,0,0,0,0,0,0,2,0
KAF2208900,983,761,687,2,0,0,0,3,0,12,0,1,31,52,10
KAF2208901,392,425,519,0,0,0,0,0,4,2,2,0,4,23,2
KAF2208902,973,1009,1099,0,0,0,4,0,2,6,2,2,17,13,10
KAF2208903,1785,1793,1269,0,0,0,0,0,2,13,0,0,33,66,23
KAF2208904,271,260,621,0,0,0,0,0,0,2,0,0,9,27,6
KAF2208905,3,0,5,0,0,0,0,0,0,0,0,0,0,2,0
KAF2208906,31,22,16,0,0,0,0,0,0,0,0,0,0,0,0
KAF2208907,2106,1951,708,2,0,2,0,0,0,8,0,0,22,43,31
KAF2208908,3518,2989,2052,0,0,0,0,0,4,17,8,14,70,116,52
KAF2208909,5341,5648,5524,0,4,4,6,2,8,36,16,30,144,333,140
KAF2208910,280,237,218,0,0,2,0,0,0,0,1,0,7,13,6
KAF2208911,114,104,104,0,0,0,0,0,0,0,1,0,0,14,8
KAF2208912,14312,13110,4979,2,6,2,0,0,4,26,3,14,72,129,60
KAF2208913,592,530,537,0,0,0,0,0,0,9,3,2,11,17,4
KAF2208914,1219,1045,1132,0,0,2,0,2,0,8,5,4,20,38,12
KAF2208915,6,2,4,0,0,0,0,0,0,0,0,0,0,0,0
KAF2208916,8241,7634,7079,6,6,0,0,0,0,7,6,6,82,219,71
KAF2208917,221,214,327,0,0,0,0,0,0,2,2,4,10,20,10
KAF2208918,9964,9201,10864,6,2,10,6,2,10,7,20,11,61,140,32
KAF2208919,10232,9708,10783,8,2,4,8,2,6,42,12,14,99,216,87
KAF2208920,638,565,730,0,0,0,5,4,4,16,2,4,18,61,32
KAF2208921,1097,927,497,0,0,2,0,0,0,2,0,0,20,14,20
KAF2208922,294,313,484,0,0,0,0,0,0,0,0,0,24,22,15
KAF2208923,6122,5350,15984,5,0,1,2,4,6,29,10,25,82,185,111
KAF2208924,7997,10867,14195,1,0,2,0,0,4,4,2,0,23,64,20
KAF2208925,16306,15996,20607,0,3,2,2,0,3,9,5,11,52,80,33
KAF2208926,1343,1416,1918,0,0,0,0,0,2,6,2,8,15,23,18
KAF2208927,16553,15390,12888,4,6,3,14,8,1,41,15,4,77,201,105
KAF2208928,361,292,252,0,1,0,0,0,0,1,0,0,0,0,2
KAF2208929,4424,3671,2679,2,5,4,1,0,0,15,3,4,55,143,44
KAF2208930,4210,3653,2548,2,2,0,6,2,0,32,4,1,62,97,39
KAF2208931,682,659,454,0,0,0,0,0,0,2,2,1,7,14,6
KAF2208932,558,421,531,2,2,0,3,1,0,18,5,7,44,108,27
KAF2208933,536,469,1031,0,0,0,1,0,2,6,2,0,26,40,22
KAF2208934,79,60,102,0,2,0,0,0,0,2,0,0,2,17,0
KAF2208935,345,332,217,0,0,0,0,0,0,0,2,0,0,2,2
KAF2208936,11177,11357,8581,0,0,2,0,2,0,2,4,2,43,70,16
KAF2208937,2781,2488,2252,0,0,0,2,0,0,12,4,9,36,120,47
KAF2208938,828,957,2230,0,0,2,2,2,0,11,1,4,26,69,33
KAF2208939,920,608,225,0,0,0,0,0,2,4,0,0,2,4,8
KAF2208940,1759,2116,878,0,0,2,1,2,0,4,3,2,24,37,16
KAF2208941,98,93,157,0,0,0,0,0,0,0,0,0,6,8,4
KAF2208942,708,664,640,0,0,2,0,0,0,2,0,2,12,36,15
KAF2208943,1845,1588,601,0,0,0,0,0,0,14,6,4,11,44,16
KAF2208944,17,20,18,0,0,0,0,0,0,0,1,2,0,2,0
KAF2208945,4105,3463,4578,3,1,0,0,2,2,29,4,6,58,102,70
KAF2208946,484,486,995,0,0,0,0,0,2,4,0,4,24,59,30
KAF2208947,1223,1427,2650,0,0,0,0,2,2,24,6,8,22,46,18
KAF2208948,26,51,128,0,0,0,0,0,0,0,0,2,2,10,4
KAF2208949,37,25,119,0,0,0,0,0,0,0,0,0,3,6,2
KAF2208950,80,80,252,0,0,0,0,0,0,0,0,0,11,7,1
KAF2208951,55,91,174,0,0,0,0,0,0,2,0,0,0,2,2
KAF2208952,6084,5540,4824,2,2,4,4,1,6,36,30,11,107,249,198
KAF2208953,573,446,814,0,0,0,2,2,0,6,6,10,102,167,80
KAF2208954,295,262,343,0,0,0,2,2,2,7,0,4,14,30,16
KAF2208955,109,80,149,0,0,0,0,0,0,0,0,0,2,13,6
KAF2208956,3702,2960,4325,0,4,0,0,2,0,5,0,8,16,27,17
KAF2208957,424,612,2038,0,0,0,0,0,0,0,2,0,4,5,2
KAF2208958,1451,1718,2700,2,0,0,2,0,0,4,0,0,21,36,14
KAF2208959,1616,1486,1889,0,4,0,0,0,3,25,0,4,43,84,34
KAF2208960,655,489,675,0,0,2,3,0,4,8,0,3,19,56,17
KAF2208961,1205,1329,4992,0,0,0,2,0,2,2,2,4,16,30,11
KAF2208962,482,347,493,0,2,2,0,0,0,0,0,0,0,10,2
KAF2208963,1804,1774,1819,0,1,1,4,0,4,22,9,4,59,163,78
KAF2208964,1312,1096,1450,0,0,0,2,0,0,6,2,2,8,42,14
KAF2208965,6983,6486,9533,0,0,0,4,0,2,48,30,4,98,200,86
KAF2208966,473,453,401,0,0,0,0,0,0,2,0,2,1,12,2
KAF2208967,142,113,194,0,0,0,0,0,1,9,0,0,1,19,11
KAF2208968,29,24,60,0,0,0,0,0,0,0,0,0,0,6,2
KAF2208969,185,166,259,0,2,0,0,0,2,2,0,2,0,8,4
KAF2208970,785,768,828,0,0,0,0,0,0,0,0,0,0,8,6
KAF2208971,2001,1868,2292,0,0,0,0,0,0,8,2,0,28,82,25
KAF2208972,130,79,41,0,0,0,0,0,0,2,0,0,0,0,0
KAF2208973,1733,1531,2244,0,3,1,0,0,6,3,0,3,7,34,12
KAF2208974,833,799,1070,0,0,0,0,0,0,4,0,2,6,14,2
KAF2208975,449,400,256,0,0,0,0,0,0,2,0,2,4,8,2
KAF2208976,710,1102,2361,0,0,0,0,0,0,2,6,0,2,6,2
KAF2208977,560,513,600,0,0,0,0,0,0,0,0,0,4,10,2
KAF2208978,3149,3024,2772,0,0,2,6,4,0,30,12,19,62,169,77
KAF2208979,508,444,558,0,0,0,24,22,35,1166,323,367,2011,4782,2088
KAF2208980,1884,1513,856,0,0,2,0,0,0,0,4,4,20,45,10
KAF2208981,394,346,379,2,0,0,0,0,0,0,6,2,19,23,20
KAF2208982,749,687,772,2,0,0,0,0,0,4,0,2,28,30,22
KAF2208983,294,273,330,0,0,0,0,0,0,4,1,3,7,33,20
KAF2208984,565,606,889,0,0,0,0,0,0,0,3,1,20,53,25
KAF2208985,1741,1418,1262,2,0,0,2,0,4,15,8,8,70,146,86
KAF2208986,1157,1098,1851,0,2,0,2,0,0,6,0,8,20,62,25
KAF2208987,4247,3377,2831,2,2,2,0,0,0,12,4,4,57,109,49
KAF2208988,4607,4093,3310,0,2,4,6,2,0,22,7,8,100,183,92
KAF2208989,296,257,232,0,0,0,0,0,0,3,4,0,4,7,3
KAF2208990,59,82,176,0,0,0,0,0,0,2,0,1,2,2,4
KAF2208991,88,57,287,0,0,0,0,0,0,2,0,0,12,28,25
KAF2208992,1605,1502,2514,0,0,2,0,2,4,23,4,9,118,213,115
KAF2208993,401,411,615,0,0,0,0,0,0,8,0,1,24,83,31
KAF2208994,496,409,808,0,0,0,0,0,6,10,4,3,29,75,39
KAF2208995,182,164,195,0,0,0,0,0,0,10,0,0,6,11,8
KAF2208996,710,711,1469,0,2,0,0,0,0,8,2,2,21,38,17
KAF2208778,0,0,2,0,0,0,0,0,0,0,0,0,0,0,0
EFT00053797991,0,0,0,0,0,0,0,0,0,0,0,0,0,0,0
EFT00053797992,0,0,0,0,0,0,0,0,0,0,0,0,0,0,0
KAF2208779,1447,1163,1226,0,0,0,0,0,2,6,0,2,10,37,16
KAF2208780,615,591,964,0,0,0,2,0,0,14,2,9,37,55,25
KAF2208781,1043,818,971,0,0,0,4,0,2,11,0,0,20,67,54
KAF2208782,1752,1766,3450,0,0,0,4,2,8,21,5,10,70,149,58
KAF2208783,16626,13227,6976,9,4,2,10,6,8,87,48,32,283,577,276
KAF2208784,4805,5067,11351,0,0,2,4,0,0,18,4,0,53,94,64
KAF2208785,928,1129,1570,0,0,0,2,0,2,12,12,0,44,97,54
KAF2208786,7,14,12,0,0,0,0,0,1,1,0,0,3,3,2
KAF2208787,441,325,171,0,0,0,0,0,0,6,1,0,3,24,11
KAF2208788,1907,1583,843,2,1,0,2,0,0,8,5,2,21,50,34
KAF2208789,1144,794,1047,0,0,2,0,0,0,4,0,2,13,36,12
KAF2208790,1874,1437,968,0,0,2,0,2,3,8,10,6,32,87,39
KAF2208791,191,160,285,0,0,0,0,0,0,6,0,0,6,25,8
KAF2208792,2789,2717,3074,0,0,2,2,4,2,27,0,12,67,117,51
KAF2208793,297,322,643,0,0,0,0,1,0,2,4,8,22,28,8
KAF2208794,183,167,247,0,0,0,2,0,2,0,0,0,6,22,5
KAF2208795,789,716,700,0,0,0,0,0,0,22,20,8,132,330,94
KAF2208796,2685,2400,2401,0,0,0,2,0,2,14,0,8,51,73,29
KAF2208797,2673,2308,1631,0,0,2,0,2,0,11,6,6,67,107,42
KAF2208798,595,492,468,0,2,0,0,0,0,0,1,2,22,30,20
KAF2208799,2801,2326,1948,4,0,0,4,0,0,34,2,3,31,43,13
KAF2208800,11228,10178,6347,4,0,10,10,4,6,38,14,20,144,286,80
KAF2208801,2551,2785,2275,0,0,0,2,2,0,17,0,6,30,66,18
KAF2208802,1141,964,1674,0,0,0,0,0,2,4,0,1,22,33,17
KAF2208803,141,163,276,0,2,0,4,0,0,9,3,2,10,15,5
KAF2208804,4661,4275,4409,2,2,2,0,2,2,34,6,10,88,187,114
KAF2208805,288,224,286,0,0,0,0,0,0,1,0,0,16,21,13
KAF2208806,195,241,176,0,0,0,4,0,0,6,0,2,4,43,13
KAF2208807,1259,1009,684,0,5,2,0,0,2,20,4,10,47,56,25
KAF2208808,358,422,1203,0,0,0,2,0,0,6,6,0,30,21,25
KAF2208809,340,327,404,0,0,0,0,1,0,18,0,6,36,73,33
KAF2208810,4996,4673,5527,2,0,4,8,0,6,40,15,10,165,259,106
KAF2208811,2118,2103,3124,0,2,2,0,2,0,23,4,8,36,81,34
KAF2208812,175555,188226,128659,7,7,1,2,2,0,16,2,0,73,102,42
KAF2208813,621,574,441,0,0,0,0,0,0,0,0,0,4,0,0
KAF2208814,10,2,7,0,0,0,0,0,0,0,0,0,0,0,0
KAF2208815,2466,2454,1723,2,0,0,0,2,0,8,8,2,39,70,49
KAF2208816,138,184,388,0,0,0,2,0,0,5,4,1,40,53,20
KAF2208817,704,702,1854,0,0,0,2,0,6,14,0,7,59,87,36
KAF2208818,77,95,163,0,0,0,0,0,0,0,0,0,4,10,2
KAF2208819,1559,1429,1896,5,0,0,0,0,0,25,5,7,43,100,41
KAF2208820,880,921,768,0,0,2,2,0,2,8,3,2,47,96,60
KAF2208821,59,62,99,0,0,0,0,2,0,0,2,2,0,6,1
KAF2208822,19,24,5,0,0,0,0,0,0,0,0,0,0,2,0
KAF2208823,2135,1790,1142,0,0,2,2,2,0,9,2,2,47,52,12
KAF2208824,6026,5386,3905,0,2,2,4,0,2,30,14,12,43,164,78
KAF2208825,138,154,538,0,0,0,4,0,0,6,2,0,8,18,12
KAF2208826,88,85,173,0,0,0,0,0,0,4,2,3,6,17,7
KAF2208827,191,183,234,1,0,2,0,0,0,0,2,0,11,28,12
KAF2208828,708,617,924,0,0,0,2,0,5,12,6,0,25,119,56
KAF2208829,4249,3612,2071,2,4,2,2,2,6,10,4,12,61,170,66
KAF2208830,312,302,390,0,0,0,2,0,2,8,2,1,30,18,16
KAF2208831,799,890,1520,0,2,4,2,0,0,6,4,5,14,36,6
KAF2208832,100,70,117,0,0,0,0,0,0,0,0,3,4,4,3
KAF2208833,986,822,1443,0,0,0,1,0,0,2,0,4,31,32,21
KAF2208834,4518,3711,2311,0,4,2,4,2,2,24,14,6,83,166,64
KAF2208835,576,478,439,0,0,0,0,0,0,8,4,0,26,53,19
KAF2208836,189,145,176,0,0,0,0,0,2,0,0,0,5,10,2
KAF2208837,1127,958,586,0,0,0,2,0,1,6,2,1,4,16,12
KAF2208838,9899,8956,6466,1,0,2,6,8,10,65,18,18,165,361,150
KAF2208839,4460,3615,3173,2,0,0,8,2,4,45,12,12,122,281,95
KAF2208840,199,183,240,0,2,0,0,0,0,31,12,10,115,194,102
KAF2208841,1788,1528,1714,4,5,0,0,0,2,8,4,8,40,82,28
KAF2208842,5237,4385,1605,0,2,0,2,2,0,8,8,4,34,111,52
KAF2208843,418,289,131,0,2,0,0,0,0,0,0,0,1,16,3
KAF2208844,1634,1505,2030,2,0,0,4,0,0,13,4,6,99,197,106
KAF2208845,1429,1165,1336,0,0,0,2,4,0,17,4,4,80,96,44
KAF2208846,345,423,642,0,0,0,1,0,0,20,3,7,54,83,30
KAF2208847,328,338,735,0,0,2,0,4,2,28,6,6,48,110,40
KAF2208848,75,63,201,0,0,0,0,0,0,0,0,0,5,6,7
KAF2208849,205,187,371,0,0,0,0,0,0,0,0,0,12,12,2
KAF2208850,254,218,415,0,0,0,3,0,0,4,0,2,17,20,12
KAF2208851,1638,1298,626,0,0,1,0,4,2,8,3,0,6,43,12
KAF2208852,607,458,385,2,0,0,0,0,0,4,0,6,27,43,16
KAF2208853,9,6,12,0,0,0,0,0,0,0,0,0,0,0,0
KAF2208854,23,19,18,0,0,0,0,0,0,0,0,0,2,0,3
KAF2208855,5,9,18,0,0,0,0,0,0,0,0,0,0,2,0
KAF2208856,16,12,22,0,0,0,0,0,0,0,0,0,0,5,0
KAF2208857,806,716,1247,0,0,0,0,0,0,137,25,60,198,397,155
KAF2208858,18221,17969,8746,2,2,0,6,0,2,12,4,0,37,62,45
KAF2208859,701,884,1271,0,0,0,0,1,0,8,2,2,34,61,42
KAF2208860,327,212,203,0,0,0,0,0,0,4,4,3,21,47,9
KAF2208861,21,21,20,0,0,0,0,0,0,0,0,0,2,2,2
KAF2208862,264,347,618,0,0,0,0,0,0,0,0,12,8,31,20
KAF2208863,87,84,167,0,0,0,0,0,0,0,2,1,4,5,2
KAF2208864,8318,7098,7406,4,1,6,0,8,0,25,10,15,93,183,62
KAF2208865,1903,1587,1529,0,0,2,0,0,2,8,12,4,26,58,27
KAF2208866,283,252,246,0,0,0,2,0,0,4,3,0,5,18,9
KAF2208867,1111,934,864,0,0,0,1,0,0,9,4,2,27,57,30
KAF2208868,28,19,37,0,0,0,0,0,0,0,0,0,0,0,0
KAF2208869,9,10,9,0,0,0,0,0,0,2,0,0,0,0,0
KAF2208870,5797,5370,5815,6,6,2,2,2,0,18,14,4,37,80,42
KAF2208871,303,414,1465,0,0,0,0,0,0,0,0,0,3,0,8
KAF2208872,2049,1483,1431,4,2,0,1,0,6,14,2,13,19,71,33
KAF2208873,327,283,194,0,0,0,0,0,0,6,0,4,15,29,14
KAF2208874,1008,848,685,4,0,0,2,0,2,10,0,6,52,54,41
KAF2208875,1051,1056,1086,2,0,1,0,0,3,7,5,4,48,97,31
KAF2208876,42,50,101,0,0,0,0,0,0,1,0,0,3,0,0
KAF2208877,5100,4638,7345,6,2,0,1,0,4,42,6,12,69,107,38
KAF2208878,1429,1367,1123,2,2,0,2,0,0,0,2,2,11,29,20
EFT00053797993,18,12,35,0,0,0,0,0,0,0,0,0,0,3,3
KAF2208634,249,176,415,0,0,0,0,0,0,6,2,1,19,56,17
KAF2208635,76,73,176,0,0,0,0,0,0,4,4,0,5,18,2
KAF2208636,403,390,881,0,0,0,1,0,1,20,6,2,68,113,50
KAF2208637,84,89,126,0,0,0,2,0,4,16,12,6,176,361,138
KAF2208638,21,4,8,0,0,0,0,0,0,1,0,0,0,0,0
KAF2208639,6276,6325,3396,0,0,4,0,0,2,85,32,46,176,216,120
KAF2208640,991,1108,2958,0,0,0,0,0,3,27,2,11,46,118,29
KAF2208641,3968,2584,1922,10,6,12,2,12,22,560,56,66,376,888,478
KAF2208642,32,23,34,0,0,0,0,0,0,0,0,2,1,0,0
KAF2208643,2810,3073,3516,2,2,2,0,2,0,25,6,8,59,125,79
KAF2208644,1615,1971,3058,0,0,0,2,0,0,2,0,0,26,94,32
KAF2208645,572,484,1174,0,0,0,0,0,0,4,0,1,20,28,7
KAF2208646,941,871,1754,0,0,0,4,0,6,5,6,7,43,96,35
KAF2208647,343,303,756,0,0,0,4,0,0,1,6,2,19,30,11
KAF2208648,321,274,628,0,0,0,2,0,0,9,4,3,14,23,5
KAF2208649,239,352,1594,0,0,0,2,0,0,2,0,0,18,29,22
KAF2208650,146,144,426,0,0,0,0,0,0,2,0,2,10,39,24
KAF2208651,234,192,320,0,0,0,0,0,2,10,0,2,25,46,30
KAF2208652,57,33,553,0,0,0,0,0,0,0,0,0,0,0,0
KAF2208653,360,216,333,0,0,0,0,0,0,6,4,2,8,12,16
KAF2208654,113,101,90,0,0,0,0,0,0,2,0,0,16,48,8
KAF2208655,56,43,86,0,0,0,0,0,0,2,2,0,4,6,9
KAF2208656,19,4,37,0,0,0,0,0,0,8,0,2,15,9,4
KAF2208657,31,24,15,0,0,0,0,0,0,0,0,0,2,0,0
KAF2208658,112,83,117,0,0,0,0,0,0,2,0,0,4,12,8
KAF2208659,36,43,48,0,0,0,0,0,0,0,0,0,4,0,0
KAF2208660,7,9,32,0,0,0,0,0,0,1,0,0,9,2,5
KAF2208661,98,117,272,0,0,0,0,0,0,2,0,4,4,14,6
KAF2208662,179,204,350,0,0,0,0,0,0,4,0,4,12,2,9
KAF2208663,47,51,133,0,0,0,0,0,0,3,0,4,4,9,5
KAF2208664,242,290,836,0,0,0,1,0,4,38,18,23,31,56,36
KAF2208665,684,571,1504,0,0,0,4,0,2,40,0,18,60,101,40
KAF2208666,69,57,37,0,0,0,0,0,0,0,0,0,4,13,3
KAF2208667,10079,8372,7756,0,7,6,4,6,7,99,30,48,228,337,117
KAF2208668,2035,1617,2291,0,2,2,2,4,1,39,12,8,75,177,89
KAF2208669,9,13,12,0,0,0,0,0,0,1,0,0,0,2,0
KAF2208670,424,355,672,0,0,0,4,0,0,0,2,0,9,21,23
KAF2208671,2977,2567,2177,1,2,0,2,0,0,9,2,10,40,95,17
KAF2208672,3909,3563,3117,0,2,2,3,0,2,37,2,6,106,235,100
KAF2208673,423,312,411,2,0,0,0,0,0,0,0,4,6,23,6
KAF2208674,205,124,287,0,0,0,0,0,0,5,2,0,16,40,18
KAF2208675,61,55,164,0,0,0,0,0,0,2,0,2,6,15,10
KAF2208676,51,51,671,0,0,0,0,0,0,0,0,0,2,11,1
KAF2208677,384,383,1099,0,0,0,0,0,0,18,2,8,13,48,18
KAF2208678,190,140,244,0,0,0,0,0,0,0,1,0,6,10,0
KAF2208679,31,50,126,0,0,0,0,0,0,0,0,0,2,2,0
KAF2208680,473,449,309,0,0,0,0,0,0,0,0,0,2,12,2
KAF2208681,5998,4905,3498,6,4,1,2,4,0,38,12,4,66,117,46
KAF2208682,122,116,184,0,0,0,0,0,0,3,0,2,5,17,14
KAF2208683,38,50,69,0,0,0,0,0,0,0,0,0,0,0,0
KAF2208684,331,313,836,2,0,0,0,0,0,3,0,0,2,6,12
KAF2208685,132,99,205,0,0,0,2,0,0,10,0,6,6,4,11
KAF2208686,18,14,37,0,0,0,0,0,0,2,1,0,0,0,0
KAF2208687,6040,4966,2864,2,4,2,2,6,2,26,4,11,101,122,70
KAF2208688,1185,916,774,1,0,0,2,1,0,2,1,2,3,9,4
KAF2208689,67,76,94,0,0,0,0,0,0,0,0,0,0,0,0
KAF2208690,16792,14600,10672,6,10,6,18,10,22,128,53,44,494,1148,443
KAF2208691,48,49,51,0,0,0,0,0,0,0,0,0,2,2,2
KAF2208692,97,78,190,0,0,0,0,0,0,0,0,0,4,4,0
KAF2208693,415,347,717,0,0,0,0,0,0,5,2,2,25,101,38
KAF2208694,201,190,163,0,0,0,2,2,0,2,0,2,27,82,22
KAF2208695,344,336,212,2,0,2,3,2,0,6,0,3,54,166,61
KAF2208696,1984,1792,1657,0,2,0,2,2,2,6,8,2,33,95,27
KAF2208697,1828,1644,1184,4,0,2,0,0,0,4,0,0,33,51,29
KAF2208698,276,242,355,0,0,0,0,0,0,2,0,2,15,29,10
KAF2208699,326,249,309,0,0,0,0,0,0,13,8,6,70,231,96
KAF2208700,1071,918,1155,0,2,0,0,2,0,9,0,0,14,14,14
KAF2208701,869,671,261,0,0,0,0,0,0,0,0,1,0,3,0
KAF2208702,259,223,198,0,0,1,0,0,0,0,4,0,8,18,4
KAF2208703,2834,2415,1660,0,0,0,0,0,0,2,8,2,29,44,26
KAF2208704,130,94,73,0,0,0,0,0,0,0,0,0,4,2,2
KAF2208705,399,371,387,0,0,0,0,0,0,6,8,4,12,26,9
KAF2208706,133,135,180,0,2,0,0,0,0,3,0,2,4,9,0
KAF2208707,111,122,268,0,0,0,0,0,0,0,0,1,6,11,5
KAF2208708,1379,1229,993,0,2,0,6,0,1,4,5,8,11,15,12
KAF2208709,1534,1450,1429,4,0,0,2,0,3,20,3,6,37,70,24
KAF2208710,678,638,1035,0,0,0,2,2,0,4,0,0,4,18,12
KAF2208711,2740,2250,2567,0,0,0,2,0,0,38,8,2,53,88,64
KAF2208712,6,6,6,0,0,0,0,0,0,0,0,0,1,2,2
EFT00053797994,3,1,1,0,0,0,0,0,0,0,0,0,0,0,0
KAF2208713,1644,1533,1440,2,0,0,2,0,0,9,4,6,26,57,29
KAF2208714,2918,2473,1972,2,0,0,0,0,2,17,6,6,19,49,20
KAF2208715,1306,1100,1058,0,0,0,0,0,2,11,4,2,22,50,34
KAF2208716,1056,743,854,2,0,0,0,0,0,9,0,3,14,28,13
KAF2208717,1142,1031,1185,0,0,2,0,0,0,8,5,10,45,69,37
KAF2208718,4949,4207,2623,4,3,2,0,0,0,22,10,6,29,78,32
KAF2208719,1669,1542,1224,0,0,2,2,1,0,11,8,2,30,92,41
KAF2208720,545,479,657,2,0,2,1,0,0,7,4,2,14,45,46
KAF2208721,3142,2057,495,0,4,2,0,0,2,8,0,0,30,82,34
KAF2208722,9691,10033,11081,6,2,2,0,0,0,30,12,10,96,220,81
KAF2208723,739,743,668,0,2,0,0,0,0,0,4,0,12,24,9
KAF2208724,2282,2036,2561,4,0,0,0,0,2,5,3,7,20,42,22
KAF2208725,1076,747,1125,0,0,2,0,0,0,14,5,6,58,85,30
KAF2208726,236,236,290,0,0,0,0,0,0,3,0,0,4,5,2
KAF2208727,129,136,123,0,0,0,0,0,0,4,0,0,2,4,2
KAF2208728,667,481,564,0,0,0,0,0,0,17,2,6,53,87,44
KAF2208729,770,630,782,2,0,2,0,0,0,2,2,4,17,25,8
KAF2208730,2083,1497,1438,0,0,4,2,2,2,6,0,0,18,26,2
KAF2208731,708,565,543,2,0,0,0,1,1,4,0,3,10,42,17
KAF2208732,75,46,69,0,0,0,0,0,0,0,0,0,3,2,0
KAF2208733,1711,1560,1775,4,0,0,0,0,0,6,4,4,29,35,14
KAF2208734,1187,1016,1631,0,2,0,8,2,2,26,4,4,47,144,65
KAF2208735,203,260,305,0,0,0,0,0,0,2,2,2,8,12,14
KAF2208736,986,717,1053,2,0,0,0,0,0,2,0,0,12,17,20
KAF2208737,715,744,1142,0,0,0,1,0,2,13,2,0,28,61,31
KAF2208738,308,286,357,0,2,0,0,1,1,1,0,0,9,20,3
KAF2208739,264,205,239,0,0,0,0,0,0,0,0,0,13,20,7
KAF2208740,958,748,669,0,0,2,2,0,0,9,0,0,27,41,16
KAF2208741,4333,3743,3348,2,0,0,2,0,8,44,2,4,49,100,63
KAF2208742,48,45,67,0,0,0,0,0,0,0,0,0,0,0,0
KAF2208743,34,24,45,0,0,0,0,0,0,2,0,0,1,2,1
KAF2208744,604,542,924,0,0,3,2,0,0,6,2,4,19,51,10
KAF2208745,3160,2470,2310,0,0,2,2,2,2,10,0,8,25,80,26
KAF2208746,3464,2809,1742,0,0,2,0,0,0,0,0,2,4,20,8
KAF2208747,13,16,12,0,0,0,0,0,0,0,0,0,0,2,0
KAF2208748,2069,1967,2229,0,0,0,0,0,0,2,0,4,24,20,12
KAF2208749,2577,2339,1601,2,2,0,7,2,10,101,66,52,469,933,427
KAF2208750,240,203,208,0,0,0,0,0,0,0,0,2,0,6,4
KAF2208751,25,51,58,0,0,0,0,0,0,0,0,0,4,0,1
KAF2208752,1369,1245,1385,0,0,4,0,0,0,10,0,8,18,91,37
KAF2208753,530,513,879,2,0,0,0,0,2,4,0,2,33,63,27
KAF2208754,1750,1566,2211,0,0,0,4,0,4,0,4,6,33,76,25
KAF2208755,125,84,104,0,0,0,0,0,0,4,0,0,2,6,0
KAF2208756,772,616,538,0,0,0,0,0,0,1,3,2,1,17,6
KAF2208757,70,58,58,0,0,0,0,0,0,0,0,0,0,0,0
KAF2208758,59,35,107,0,0,0,0,0,0,0,0,0,0,0,4
KAF2208759,377,438,879,0,0,0,0,4,2,2,4,0,8,20,11
KAF2208760,98,78,94,0,0,2,0,0,0,0,6,0,4,8,5
KAF2208761,1344,950,796,0,0,4,0,2,2,5,1,5,15,46,20
KAF2208762,876,785,617,0,0,0,2,2,2,8,2,0,14,19,11
KAF2208763,683,582,585,0,0,0,0,2,4,12,8,0,16,58,40
KAF2208764,5285,4574,2243,2,6,3,1,0,2,17,2,2,22,118,62
KAF2208765,68,71,41,0,0,0,0,0,0,0,0,0,0,4,0
KAF2208766,6269,5749,5983,5,0,5,12,4,2,62,33,12,198,505,247
KAF2208767,469,363,488,0,0,0,0,0,0,2,7,2,10,35,14
KAF2208768,3622,3183,2321,2,2,1,2,0,0,14,8,6,50,110,38
KAF2208769,1023,808,573,1,2,0,0,2,0,4,0,4,9,10,11
KAF2208770,342,274,236,0,0,0,0,0,0,0,0,0,2,12,2
KAF2208771,56,39,51,0,0,0,0,0,0,1,0,0,2,4,0
KAF2208772,1563,1313,1853,0,0,0,2,0,0,8,4,2,46,123,42
KAF2208773,1656,1694,3833,1,0,2,0,0,2,12,2,2,6,18,4
KAF2208774,550,499,505,4,0,0,0,0,0,14,2,0,18,45,28
KAF2208775,541,597,849,0,0,0,5,0,0,2,5,2,8,39,10
KAF2208776,2164,1670,1765,0,0,2,0,2,2,3,0,4,25,39,14
KAF2208777,4505,4083,2128,0,2,2,0,1,4,8,1,11,47,68,21
KAF2208472,0,0,0,0,0,0,0,0,0,0,0,0,0,0,0
KAF2208473,378,371,630,0,0,2,0,0,1,9,2,0,14,37,7
KAF2208474,186,167,275,0,0,0,0,0,0,5,0,2,6,14,16
KAF2208475,2046,1842,1117,0,0,2,2,0,0,3,8,2,16,62,24
KAF2208476,91,57,122,0,0,0,0,0,0,0,0,0,2,10,2
KAF2208477,76,66,111,0,0,0,0,0,0,2,0,0,2,4,0
KAF2208478,58,47,56,0,0,0,0,0,0,0,0,1,2,4,3
KAF2208479,8666,7981,8594,4,3,2,1,3,4,47,26,19,223,469,179
KAF2208480,55,58,87,0,0,0,0,0,0,0,0,4,2,14,7
KAF2208481,100,85,125,0,0,0,0,0,0,5,2,2,4,29,2
KAF2208482,798,516,247,2,0,0,2,0,0,12,12,1,56,169,38
KAF2208483,95,83,150,0,0,0,0,0,0,2,0,0,1,14,9
KAF2208484,2287,2074,1345,4,4,4,2,0,4,8,2,10,53,100,27
KAF2208485,618,557,1354,2,0,0,22,6,4,27,18,2,68,187,48
KAF2208486,2524,2352,2464,4,0,0,0,0,0,10,4,10,62,96,24
KAF2208487,191,194,205,0,0,0,0,0,0,2,2,0,10,17,2
KAF2208488,946,826,657,0,0,0,0,0,0,5,4,2,21,28,25
KAF2208489,1118,1107,575,0,0,0,0,0,0,4,2,7,30,45,18
KAF2208490,112,104,137,0,0,0,2,0,0,0,0,0,0,3,6
KAF2208491,1275,963,1452,0,0,0,2,0,0,2,0,4,12,16,10
KAF2208492,199,232,340,0,0,0,0,0,0,5,2,1,24,36,25
KAF2208493,2579,2327,1656,0,0,0,0,4,2,14,2,0,44,74,25
KAF2208494,1685,1658,1697,0,0,0,2,0,0,4,9,2,52,99,74
KAF2208495,8,19,46,0,0,0,0,0,2,0,0,0,0,2,2
KAF2208496,266,231,334,2,0,0,0,0,0,7,0,1,9,50,22
KAF2208497,501,442,864,0,0,0,4,0,0,6,2,4,16,41,19
KAF2208498,392,428,776,0,0,0,1,1,0,6,2,2,8,46,12
KAF2208499,6559,6150,3678,0,7,2,2,0,2,15,2,4,54,86,16
KAF2208500,233,205,336,0,0,0,0,0,0,4,1,2,7,22,13
KAF2208501,165,159,234,0,2,0,0,0,0,3,1,0,21,22,6
KAF2208502,1103,1001,708,0,0,0,0,2,2,8,0,2,21,37,14
KAF2208503,2391,2309,2711,4,3,0,2,0,0,23,2,10,35,69,19
KAF2208504,11,10,18,0,0,0,0,0,0,0,0,0,0,0,0
KAF2208505,8,4,13,0,0,0,0,0,0,0,0,0,0,0,0
KAF2208506,1154,1181,1655,0,0,0,0,0,2,4,4,0,12,32,6
KAF2208507,2,4,2,0,0,0,0,0,0,0,0,0,0,0,0
KAF2208508,1,0,3,0,0,0,0,0,0,0,0,0,0,1,0
KAF2208509,28,64,67,0,0,0,0,0,0,0,0,0,0,0,0
KAF2208510,994,932,1415,0,0,0,2,0,4,8,6,2,20,51,22
KAF2208511,2953,2699,4496,0,2,2,12,12,12,62,15,22,125,320,121
KAF2208512,2866,2255,786,0,2,0,1,0,2,9,0,5,26,29,9
KAF2208513,37610,31166,23670,22,10,15,17,16,38,266,108,96,1389,3071,1448
KAF2208514,713,665,834,0,0,0,0,0,0,6,4,4,50,56,44
KAF2208515,1217,1103,799,2,0,0,0,0,0,4,1,3,20,15,8
KAF2208516,540,578,977,0,0,0,2,0,0,6,0,0,8,30,16
KAF2208517,14157,13665,10757,3,1,6,5,8,9,72,46,20,338,1001,463
KAF2208518,303,255,481,0,0,0,0,0,0,8,2,0,15,19,10
KAF2208519,64,57,33,0,0,0,0,0,0,0,0,0,0,0,2
KAF2208520,608,495,636,0,2,0,0,0,0,12,2,8,9,34,8
KAF2208521,1328,1165,1289,2,2,2,2,0,4,12,0,2,31,63,39
KAF2208522,655,665,966,0,0,0,0,0,2,4,2,0,6,28,12
KAF2208523,663,604,1084,0,0,0,4,0,0,16,2,4,42,93,24
KAF2208524,405,431,894,0,0,0,0,0,0,2,2,0,2,5,12
KAF2208525,624,612,1337,0,0,0,2,0,0,1,0,2,9,17,13
KAF2208526,71,53,121,0,0,0,0,0,0,0,0,0,2,0,2
KAF2208527,539,464,721,0,0,0,0,0,0,2,1,0,10,42,21
KAF2208528,2724,2553,1808,2,2,0,2,0,2,10,6,2,84,189,86
KAF2208529,1071,1012,1258,0,1,0,0,0,0,9,4,3,26,63,33
KAF2208530,947,857,1240,2,0,0,0,0,0,12,0,0,20,43,26
KAF2208531,275,286,498,0,0,0,0,0,2,3,0,0,14,15,4
KAF2208532,3403,4214,8458,2,0,0,4,0,0,20,2,3,48,138,71
KAF2208533,224,205,310,0,0,0,0,0,0,0,6,1,13,42,20
EFT00053797996,92,91,142,1,0,0,0,0,0,0,0,0,6,11,6
KAF2208534,5313,4848,5253,8,6,2,12,4,0,37,10,14,144,306,134
KAF2208535,43,61,63,0,0,0,0,0,0,1,0,0,0,3,0
KAF2208536,92,68,46,0,0,0,2,12,19,342,155,214,1263,1760,827
KAF2208537,94,95,82,0,0,0,0,0,0,4,0,4,8,12,2
KAF2208538,1629,1241,1124,2,0,0,1,2,0,2,0,0,2,11,9
KAF2208539,225,256,520,0,0,0,0,2,0,0,0,0,2,2,0
KAF2208540,468,456,1086,0,0,0,0,0,0,15,0,4,14,15,13
KAF2208541,2828,2425,2959,0,2,4,0,0,6,10,2,10,36,51,8
KAF2208542,53,64,116,0,0,0,0,0,0,0,0,0,0,7,1
KAF2208543,1448,1487,1266,2,0,0,0,4,0,19,5,0,60,136,45
KAF2208544,3427,3136,2802,0,2,0,0,0,2,6,2,12,13,27,9
KAF2208545,165,201,216,0,0,0,0,0,0,2,0,0,7,24,10
KAF2208546,824,770,1238,0,0,0,0,0,2,18,0,2,18,67,26
KAF2208547,364,357,503,0,0,0,0,0,0,0,0,0,0,22,3
KAF2208548,4,3,1,0,0,0,0,0,0,0,0,0,0,0,0
KAF2208549,111,114,283,0,1,0,0,0,0,0,0,0,7,5,5
KAF2208550,310,329,587,0,0,0,0,0,0,0,0,0,4,16,6
KAF2208551,8,7,17,0,0,0,0,0,0,0,0,0,0,0,0
KAF2208552,609,444,1290,0,0,0,0,0,2,63,24,39,212,255,111
KAF2208553,2363,2031,1270,2,2,6,2,0,0,2,2,4,19,58,29
KAF2208554,4075,3824,4459,0,2,2,0,5,2,25,4,12,82,182,68
KAF2208555,995,908,1095,2,0,0,0,0,0,8,0,0,24,78,30
KAF2208556,19408,21526,40301,2,0,2,28,12,22,143,41,45,429,874,408
KAF2208557,862,845,429,0,0,2,0,0,0,6,2,0,3,33,10
KAF2208558,6692,5852,2845,4,1,2,2,0,3,18,2,8,68,132,52
KAF2208559,728,787,1498,0,0,0,0,4,2,10,0,0,8,14,12
KAF2208560,552,472,854,0,0,0,0,0,0,6,0,2,7,15,7
KAF2208561,506,597,1105,0,0,0,0,0,0,6,0,4,14,16,29
KAF2208562,5051,4025,4015,4,6,2,2,0,2,6,6,4,17,29,4
KAF2208563,18,34,71,0,0,0,0,0,0,0,0,0,2,12,3
KAF2208564,12655,11514,8136,8,2,3,0,7,8,37,9,8,75,120,34
KAF2208565,776,745,481,0,2,0,0,0,0,0,0,0,5,12,2
KAF2208566,11,8,20,0,0,0,0,0,0,0,0,0,2,0,0
KAF2208567,1135,1111,1079,0,0,1,0,0,0,6,1,2,12,40,14
KAF2208568,151,200,248,0,0,0,0,0,0,1,0,2,1,0,2
KAF2208569,128,118,164,0,0,0,0,0,0,0,0,0,4,8,0
KAF2208570,668,684,689,0,0,0,0,1,0,0,0,2,6,19,12
KAF2208571,29,36,33,0,0,0,0,0,0,0,0,2,6,9,2
KAF2208572,1684,1555,663,0,0,0,0,0,0,6,0,3,10,32,21
KAF2208573,471,466,638,0,0,0,0,0,2,2,2,0,18,47,17
KAF2208574,218,237,395,0,0,0,0,0,0,4,1,2,5,30,7
KAF2208575,904,1150,2033,0,0,0,0,0,0,4,0,0,3,12,0
KAF2208576,1457,1081,657,0,4,0,0,0,1,4,0,0,7,20,9
KAF2208577,477,498,498,0,0,2,0,0,0,5,0,0,8,16,8
KAF2208578,377,370,466,0,0,0,0,0,0,0,0,0,16,15,13
KAF2208579,937,717,1462,0,2,2,0,0,2,34,4,2,53,102,55
KAF2208580,153,91,231,0,0,0,4,2,0,28,1,4,84,182,51
KAF2208581,306,240,350,0,0,1,0,0,0,4,0,0,26,58,43
EFT00053797997,0,0,0,0,0,0,0,0,0,0,0,0,0,0,0
EFT00053797995,0,0,0,0,0,0,0,0,0,0,0,0,0,0,0
KAF2208582,1822,1517,1296,0,0,0,0,0,0,12,2,2,6,42,22
KAF2208583,634,561,269,0,0,0,0,0,0,0,0,0,2,2,10
KAF2208584,804,748,608,0,0,0,0,2,0,9,2,0,6,35,24
KAF2208585,1915,1634,1147,2,0,1,0,0,0,1,2,4,31,49,16
KAF2208586,1564,1049,981,2,2,2,2,0,0,2,2,4,34,82,45
KAF2208587,27718,25879,19053,20,14,10,19,12,18,240,66,78,933,2555,1213
KAF2208588,712,692,698,0,0,0,2,0,0,7,2,3,48,54,41
KAF2208589,18798,23391,32702,0,0,2,8,6,0,9,6,12,35,68,57
KAF2208590,2630,2866,6161,0,2,0,0,2,2,34,6,15,86,79,52
KAF2208591,1050,981,1780,0,0,0,2,0,2,14,0,4,29,52,35
KAF2208592,474,344,284,0,0,0,0,0,0,2,0,0,4,12,4
KAF2208593,64,74,159,0,0,0,0,0,0,0,0,0,0,2,0
KAF2208594,136,177,277,0,0,0,0,0,0,0,0,0,2,4,0
EFT00053797998,4,6,14,0,0,0,0,0,0,0,0,0,0,0,0
KAF2208595,32,29,73,0,0,0,0,0,0,0,0,0,1,4,2
KAF2208596,276,326,1051,0,0,0,2,0,4,10,2,0,6,15,16
KAF2208597,373,389,783,0,0,0,0,0,0,8,0,0,2,2,2
KAF2208598,431,435,455,1,0,0,4,0,0,0,0,0,2,26,9
KAF2208599,2799,2570,2709,1,0,0,2,0,2,10,2,0,20,57,6
KAF2208600,1140,1143,1206,0,2,2,2,0,0,12,0,2,29,60,48
KAF2208601,837,944,1257,0,0,0,0,0,0,8,0,2,11,32,4
KAF2208602,1005,958,1166,0,0,2,0,0,0,8,6,4,25,51,9
KAF2208603,1563,1744,2067,0,0,0,0,0,0,14,6,0,23,42,14
KAF2208604,695,642,580,0,1,0,0,0,0,2,2,1,16,32,15
KAF2208605,147,119,147,2,0,0,0,0,0,11,0,0,25,60,14
KAF2208606,676,658,902,0,0,0,0,0,0,6,2,2,12,27,4
KAF2208607,1478,1239,1404,4,0,0,4,0,2,10,6,4,74,169,84
KAF2208608,308,337,634,0,0,2,0,0,0,4,4,2,26,48,22
KAF2208609,978,900,1245,0,0,0,0,0,2,2,0,2,10,46,17
KAF2208610,31,25,52,0,0,0,0,0,0,0,0,0,4,6,2
KAF2208611,15,14,12,0,0,0,0,0,0,0,0,0,4,0,0
KAF2208612,6391,5647,4072,3,0,3,0,4,2,19,4,12,83,183,103
KAF2208613,2914,2555,1281,4,0,2,0,2,0,6,13,10,43,106,48
KAF2208614,34,31,12,0,0,0,0,0,0,0,0,0,0,2,0
KAF2208615,257,154,263,0,0,0,0,0,0,1,0,0,0,11,14
KAF2208616,122,114,187,0,2,0,0,0,0,2,0,0,6,10,6
KAF2208617,52,42,88,0,0,0,0,0,0,0,0,0,1,6,0
KAF2208618,24,35,47,0,0,0,0,0,0,0,0,0,0,0,0
KAF2208619,5531,4728,5198,2,1,6,0,2,0,24,3,18,57,117,31
KAF2208620,3315,2789,2667,3,0,0,3,4,0,6,4,3,16,19,14
KAF2208621,1550,1349,1544,1,0,4,2,0,0,12,0,0,26,82,33
KAF2208622,47,36,72,0,0,0,0,0,0,0,0,0,0,1,0
KAF2208623,293,199,187,0,0,0,2,0,0,0,0,0,2,4,2
KAF2208624,4007,4012,6257,0,4,2,0,0,0,12,2,6,38,44,17
KAF2208625,585,388,584,0,0,0,0,0,1,4,0,4,15,13,6
KAF2208626,1516,1763,2753,0,0,2,6,0,4,18,5,10,38,60,20
KAF2208627,8,7,23,0,0,0,0,0,0,2,0,0,0,0,0
KAF2208628,108,110,116,0,0,0,0,0,0,0,2,2,9,37,7
KAF2208629,468,392,979,2,0,1,0,0,0,0,4,0,16,36,4
KAF2208630,4407,3361,1492,2,0,3,2,0,0,14,0,7,33,64,31
KAF2208631,75,36,48,0,0,0,0,0,0,2,0,0,0,0,2
KAF2208632,4,2,10,0,0,0,0,0,0,0,0,0,0,0,0
KAF2208633,120,200,401,0,0,0,0,0,0,0,0,0,0,2,3
KAF2208310,0,0,0,0,0,0,0,0,0,0,0,0,0,0,0
KAF2208311,0,0,0,0,0,0,0,0,0,0,0,0,0,0,0
KAF2208312,237,183,226,0,0,2,0,0,2,0,2,0,24,38,13
KAF2208313,3703,3268,1610,0,0,0,0,0,0,6,4,2,18,33,16
KAF2208314,1679,1726,2291,0,0,2,4,0,0,8,2,0,36,61,32
KAF2208315,430,357,450,0,2,2,0,0,0,0,3,2,12,30,21
KAF2208316,2616,2571,4115,5,0,2,4,0,3,20,8,14,75,149,64
KAF2208317,1773,1327,873,0,4,5,0,6,14,20,6,10,37,121,42
KAF2208318,520,551,550,0,2,0,0,0,0,4,1,2,24,28,19
KAF2208319,254,243,273,1,0,0,0,0,2,0,2,3,13,28,13
KAF2208320,6807,5542,3987,2,1,4,2,6,6,26,12,20,98,203,84
KAF2208321,156,128,402,0,0,2,0,0,0,6,0,0,7,36,19
KAF2208322,94,169,460,0,0,0,0,0,0,6,0,0,4,10,0
KAF2208323,265,248,327,0,0,0,0,0,0,6,0,2,7,22,10
KAF2208324,479,535,579,0,0,2,0,0,4,2,2,0,21,34,20
KAF2208325,210,223,368,0,0,0,2,0,0,0,0,6,17,34,16
KAF2208326,171,141,228,0,0,0,0,0,0,5,2,0,12,18,23
KAF2208327,7109,6726,4864,6,8,2,2,6,2,49,16,18,208,419,193
KAF2208328,1413,1282,2408,4,2,0,2,2,2,6,0,8,53,63,49
KAF2208329,191,114,282,0,0,0,0,0,0,7,0,0,2,11,7
KAF2208330,9,15,22,0,0,0,0,0,0,0,0,0,0,0,0
KAF2208331,210,189,145,0,0,0,0,0,2,7,0,2,8,10,2
KAF2208332,625,512,473,0,0,0,0,0,2,1,0,0,6,26,4
KAF2208333,2451,2412,2153,0,0,0,6,4,4,35,12,12,131,280,108
KAF2208334,12425,13041,7092,0,0,1,2,6,1,37,17,13,138,298,115
KAF2208335,1350,1336,2396,0,0,0,4,2,2,36,8,14,48,98,43
KAF2208336,442,386,569,0,0,0,0,2,2,14,5,6,22,34,23
KAF2208337,7555,6016,4239,2,0,0,0,0,8,20,6,14,37,113,40
KAF2208338,12669,10757,6724,1,2,6,11,6,5,75,26,19,106,284,129
KAF2208339,4748,5627,1793,0,0,1,1,0,1,2,3,2,14,16,9
KAF2208340,19,8,10,0,0,0,0,0,0,0,0,0,0,0,0
KAF2208341,4787,4174,7497,4,2,6,0,0,2,16,4,8,34,59,16
KAF2208342,1271,1304,828,0,6,0,4,0,0,10,4,4,36,123,31
KAF2208343,2181,1847,2221,0,0,0,2,1,0,4,2,0,7,26,4
KAF2208344,722,523,321,0,0,0,0,0,0,0,0,0,2,16,7
KAF2208345,190,172,200,0,0,0,0,0,0,2,0,0,0,0,4
KAF2208346,84,99,208,0,2,0,0,0,0,2,0,0,2,9,0
KAF2208347,16,26,27,0,0,0,0,0,0,0,0,0,1,2,0
KAF2208348,1062,957,379,0,0,1,0,2,0,0,0,0,8,8,11
KAF2208349,2335,1851,1936,4,2,1,2,0,0,19,4,4,67,143,93
KAF2208350,1898,1574,2044,4,0,0,2,0,5,21,4,9,83,155,81
KAF2208351,2515,2343,1982,0,4,0,0,2,2,1,4,2,8,25,2
KAF2208352,371,330,409,0,0,0,2,2,0,4,4,1,11,30,14
KAF2208353,142,118,173,0,0,0,0,0,0,0,0,0,1,2,2
KAF2208354,1406,1298,1689,0,0,0,0,2,0,5,2,8,38,59,19
KAF2208355,53,53,68,0,0,1,0,0,0,0,0,0,4,3,7
KAF2208356,9,8,27,0,0,0,0,0,0,0,0,0,2,2,0
KAF2208357,2,0,0,0,0,0,0,0,0,0,0,0,0,0,0
KAF2208358,0,0,1,0,0,0,0,0,0,0,0,0,0,0,0
KAF2208359,3,2,3,0,0,0,0,0,0,0,0,0,0,2,0
KAF2208360,5432,5064,6556,4,0,2,0,2,0,24,2,6,38,95,38
KAF2208361,194,161,366,0,0,0,0,0,0,2,0,2,2,15,9
KAF2208362,1306,1169,842,0,2,0,0,0,2,4,0,0,22,41,17
KAF2208363,2000,1562,1065,0,0,1,0,2,0,2,0,2,11,28,9
KAF2208364,455,432,301,0,0,2,2,0,0,6,0,0,4,30,7
KAF2208365,39,25,32,0,0,0,0,0,0,0,2,0,25,47,31
EFT00053797999,0,0,0,0,0,0,0,0,0,0,0,0,0,2,0
KAF2208366,188,227,623,0,0,0,4,2,0,10,4,4,68,131,79
KAF2208367,62,74,112,0,0,0,0,0,0,0,0,0,9,19,0
KAF2208368,1970,1797,975,8,0,2,0,2,2,4,0,4,25,69,43
KAF2208369,3027,2409,1307,4,2,4,0,2,0,14,4,6,43,88,48
KAF2208370,142,144,115,0,0,0,0,0,0,0,0,0,2,0,2
KAF2208371,1358,1156,392,4,0,0,0,0,0,0,0,0,0,8,0
KAF2208372,1295,968,1028,2,0,2,0,0,0,8,0,1,14,27,6
KAF2208373,723,763,1110,0,2,4,0,0,0,10,2,2,14,23,26
KAF2208374,1037,867,837,0,2,0,0,0,2,12,0,2,24,39,21
KAF2208375,29,19,14,0,0,0,0,0,0,0,0,0,3,0,0
KAF2208376,5146,4959,5758,0,0,0,0,0,4,12,13,2,39,54,34
KAF2208377,4192,3846,3999,0,4,4,2,2,8,28,6,18,127,241,116
KAF2208378,3935,3271,2875,2,0,6,2,6,2,30,12,8,84,161,68
KAF2208379,2950,2688,2092,2,0,3,2,0,0,10,6,5,31,48,33
KAF2208380,792,660,1628,2,0,0,0,0,0,2,0,2,38,65,38
KAF2208381,151,144,319,0,0,0,0,0,0,0,0,0,6,5,6
KAF2208382,25,15,12,0,0,0,0,0,0,0,0,0,4,4,0
KAF2208383,1,8,20,0,0,0,0,0,0,0,0,0,1,0,0
KAF2208384,11,24,28,0,0,0,0,0,0,0,0,0,0,0,0
KAF2208385,491,435,502,0,0,0,0,0,0,8,0,0,19,31,12
KAF2208386,469,336,623,0,0,0,2,0,0,4,0,2,20,32,2
KAF2208387,1880,1637,2015,0,0,0,2,0,2,16,2,4,36,85,34
KAF2208388,3027,2933,3724,2,1,0,0,4,1,15,4,8,32,98,40
KAF2208389,535,458,615,0,0,0,0,2,2,16,2,0,13,44,4
KAF2208390,136,112,111,0,0,0,0,0,0,0,2,0,3,14,9
KAF2208391,14940,13111,4519,9,2,14,2,0,4,25,13,2,78,170,62
KAF2208392,14032,9309,4635,12,8,20,2,2,4,29,8,22,93,155,49
KAF2208393,479,456,560,0,0,0,0,2,0,8,0,0,15,40,23
KAF2208394,196,216,273,0,0,0,0,0,2,7,0,0,4,17,4
KAF2208395,6584,5921,4787,0,0,2,0,0,2,21,18,8,68,142,35
KAF2208396,701,583,662,0,2,0,1,0,2,2,4,2,27,26,6
KAF2208397,333,277,398,2,0,0,2,0,0,2,1,0,11,29,2
KAF2208398,0,0,0,0,0,0,0,0,0,0,0,0,0,0,0
KAF2208399,737,548,488,0,0,0,0,0,0,9,2,2,28,48,23
KAF2208400,671,645,656,0,0,0,3,0,0,9,2,0,20,23,15
KAF2208401,340,263,448,0,0,0,0,0,0,1,0,2,4,16,2
KAF2208402,5313,4734,3451,0,0,3,0,0,9,32,2,7,129,270,130
KAF2208403,2156,2427,4796,0,2,2,4,3,6,54,6,10,171,323,136
KAF2208404,1985,1430,750,0,0,0,0,0,0,12,2,2,3,20,6
KAF2208405,788,863,1019,0,0,0,0,2,0,0,0,0,2,2,4
KAF2208406,1004,1058,1736,0,0,2,0,0,0,0,0,0,8,4,2
KAF2208407,437,385,349,0,0,0,4,0,0,1,1,0,9,10,11
KAF2208408,5125,3787,2338,3,0,1,1,2,3,21,6,2,28,75,29
KAF2208409,402,263,625,0,0,0,0,0,0,6,0,2,8,37,9
KAF2208410,6,13,6,0,0,0,0,0,0,0,0,0,0,1,0
KAF2208411,724,890,1702,0,0,0,0,0,0,2,4,2,6,11,10
KAF2208412,85,86,165,0,0,0,0,2,0,4,0,0,2,2,0
KAF2208413,48,46,182,0,0,0,0,0,2,0,0,0,2,0,0
KAF2208414,31,18,57,0,0,0,0,0,0,0,0,0,4,6,0
KAF2208415,187,221,960,0,0,0,3,0,0,6,3,0,4,16,8
KAF2208416,6,26,48,0,0,0,0,0,0,0,0,0,0,0,0
KAF2208417,70,68,201,0,0,0,0,0,0,2,0,0,2,2,2
KAF2208418,36,62,138,0,0,0,0,0,0,0,0,0,0,0,0
KAF2208419,102,89,187,0,0,0,0,0,0,0,0,0,0,3,0
KAF2208420,2,9,15,0,0,0,0,0,0,0,0,0,0,0,0
KAF2208421,132,177,431,0,0,0,0,0,0,0,0,0,2,0,0
KAF2208422,215,242,332,0,0,0,0,0,0,2,0,0,2,8,8
KAF2208423,534,408,288,0,0,0,0,0,0,13,2,10,45,55,39
KAF2208424,1487,1923,2628,0,0,0,0,2,0,2,0,0,7,14,11
KAF2208425,649,639,1002,0,0,0,0,0,0,5,0,1,6,14,6
KAF2208426,95,121,207,0,0,0,0,0,0,1,0,0,1,8,2
KAF2208427,118,123,244,0,0,0,0,0,0,0,0,0,3,4,1
KAF2208428,5822,6041,14572,4,12,6,0,4,0,13,4,0,50,87,16
KAF2208429,259,235,378,0,0,0,0,2,0,8,4,0,13,26,12
KAF2208430,426,307,356,0,0,4,0,0,2,0,0,0,11,26,11
KAF2208431,129,108,105,0,0,0,0,0,0,0,2,1,6,15,5
KAF2208432,201,190,192,0,0,0,0,0,0,0,0,0,2,2,4
KAF2208433,222,217,785,0,2,0,0,0,0,4,0,0,2,9,0
KAF2208434,97,84,202,0,0,0,0,0,0,0,0,0,1,0,0
KAF2208435,3417,3657,1035,0,0,0,0,0,0,0,0,0,6,8,2
KAF2208436,16625,15590,6600,0,2,4,10,12,12,107,26,46,187,437,195
KAF2208437,1059,785,1703,0,2,2,0,0,0,10,1,6,40,117,21
KAF2208438,1762,1512,3267,2,0,2,0,0,0,12,0,2,57,150,50
KAF2208439,619,577,978,0,0,0,2,0,0,1,1,0,6,23,3
KAF2208440,603,536,396,2,2,0,0,0,0,2,2,0,26,36,22
KAF2208441,420,298,403,0,0,0,2,0,0,14,2,4,13,26,24
KAF2208442,422,383,483,0,0,0,0,0,2,6,6,13,48,66,24
KAF2208443,318,291,425,0,0,2,0,0,0,6,4,0,18,30,26
KAF2208444,6110,6745,14246,2,2,2,0,4,2,19,13,14,54,94,28
KAF2208445,0,0,0,0,0,0,0,0,0,0,0,0,0,0,0
KAF2208446,2587,2462,1233,4,2,0,0,0,2,9,0,0,31,66,48
KAF2208447,570,578,598,0,0,2,0,0,2,5,2,0,20,33,10
KAF2208448,32493,29144,35852,15,12,28,0,0,0,32,8,18,213,314,190
KAF2208449,6066,8102,6083,1,0,2,0,0,0,4,0,0,10,18,12
KAF2208450,242,314,942,0,2,1,0,0,0,0,0,0,0,4,0
KAF2208451,439,430,817,0,0,0,0,0,2,4,0,5,34,82,37
KAF2208452,1288,1305,1640,2,0,2,0,0,0,10,4,4,52,118,73
KAF2208453,1790,1349,1686,7,6,0,6,0,0,27,4,6,108,252,130
KAF2208454,686,1078,1910,0,0,2,0,0,0,0,0,2,8,12,8
KAF2208455,441,630,539,6,0,4,0,0,0,4,0,0,5,0,2
KAF2208456,90,28,144,0,0,0,0,0,0,0,0,0,4,12,10
KAF2208457,45,75,150,0,0,0,0,0,0,8,0,0,2,10,4
KAF2208458,32,22,47,0,0,0,0,0,0,0,0,0,0,4,2
KAF2208459,169,176,442,0,0,0,6,0,0,0,0,0,2,11,8
KAF2208460,28,20,87,0,0,0,0,0,0,1,0,0,0,5,0
KAF2208461,12,7,20,0,0,0,0,0,0,0,0,0,0,2,0
KAF2208462,5787,5763,6300,2,3,4,10,10,6,46,12,9,99,192,93
KAF2208463,6417,6353,9225,4,0,6,18,8,34,126,38,42,519,1151,546
KAF2208464,1203,1000,816,0,0,0,2,0,0,8,2,3,17,40,13
KAF2208465,2605,2244,1046,0,0,0,2,0,2,10,4,2,12,55,8
KAF2208466,297,286,630,0,0,0,0,0,0,4,4,6,16,31,12
KAF2208467,107,115,301,0,0,0,2,0,0,0,0,0,8,19,11
KAF2208468,634,560,426,0,0,2,0,0,0,12,0,0,25,45,13
KAF2208469,199,205,410,0,0,0,0,0,0,0,0,0,20,68,30
KAF2208470,529,409,431,0,0,0,2,0,0,16,2,4,31,33,17
KAF2208471,7216,6958,8159,4,2,0,2,0,11,37,16,10,201,452,191
KAF2208274,0,0,0,0,0,0,0,0,0,0,0,0,0,0,0
KAF2208275,0,0,0,0,0,0,0,0,0,0,0,0,0,0,0
EFT00053798001,0,0,0,0,0,0,0,0,0,0,0,0,0,0,0
KAF2208276,0,0,0,0,0,0,0,0,0,0,0,0,0,0,0
KAF2208277,0,0,0,0,0,0,0,0,0,0,0,0,0,0,0
KAF2208278,0,0,0,0,0,0,0,0,0,0,0,0,0,0,0
KAF2208279,0,0,0,0,0,0,0,0,0,0,0,0,0,0,0
KAF2208280,0,0,0,0,0,0,0,0,0,0,0,0,0,0,0
KAF2208281,0,0,0,0,0,0,0,0,0,0,0,0,0,0,0
KAF2208282,0,0,0,0,0,0,0,0,0,0,0,0,0,0,0
EFT00053798002,0,0,0,0,0,0,0,0,0,0,0,0,0,0,0
KAF2208283,0,0,0,0,0,0,0,0,0,0,0,0,0,0,0
KAF2208284,0,0,0,0,0,0,0,0,0,0,0,0,0,0,0
KAF2208285,0,0,0,0,0,0,0,0,0,0,0,0,0,0,0
KAF2208286,0,0,0,0,0,0,0,0,0,0,0,0,0,0,0
KAF2208287,0,0,0,0,0,0,0,0,0,0,0,0,0,0,0
KAF2208288,0,0,0,0,0,0,0,0,0,0,0,0,0,0,0
KAF2208289,0,0,0,0,0,0,0,0,0,0,0,0,0,0,0
KAF2208290,0,0,0,0,0,0,0,0,0,0,0,0,0,0,0
KAF2208291,0,0,0,0,0,0,0,0,0,0,0,0,0,0,0
KAF2208292,0,0,0,0,0,0,0,0,0,0,0,0,0,0,0
KAF2208293,0,0,0,0,0,0,0,0,0,0,0,0,0,0,0
KAF2208294,0,0,0,0,0,0,0,0,0,0,0,0,0,0,0
KAF2208295,0,0,0,0,0,0,0,0,0,0,0,0,0,0,0
KAF2208296,0,0,0,0,0,0,0,0,0,0,0,0,0,0,0
EFT00053798000,0,0,0,0,0,0,0,0,0,0,0,0,0,0,0
KAF2208297,0,0,0,0,0,0,0,0,0,0,0,0,0,0,0
KAF2208298,0,0,0,0,0,0,0,0,0,0,0,0,0,0,0
KAF2208299,0,0,0,0,0,0,0,0,0,0,0,0,0,0,0
KAF2208300,0,0,0,0,0,0,0,0,0,0,0,0,0,0,0
KAF2208301,0,0,0,0,0,0,0,0,0,0,0,0,0,0,0
KAF2208302,0,0,0,0,0,0,0,0,0,0,0,0,0,0,0
KAF2208303,0,0,0,0,0,0,0,0,0,0,0,0,0,0,0
KAF2208304,0,0,0,0,0,0,0,0,0,0,0,0,0,0,0
KAF2208305,0,0,0,0,0,0,0,0,0,0,0,0,0,0,0
KAF2208306,0,0,0,0,0,0,0,0,0,0,0,0,0,0,0
KAF2208307,0,0,0,0,0,0,0,0,0,0,0,0,0,0,0
KAF2208308,0,0,0,0,0,0,0,0,0,0,0,0,0,0,0
KAF2208309,0,0,0,0,0,0,0,0,0,0,0,0,0,0,0
KAF2208126,225,217,388,0,0,2,2,0,0,3,0,10,16,22,9
KAF2208127,432,430,811,0,0,0,0,0,1,6,2,2,15,16,13
KAF2208128,61,61,66,0,0,0,0,0,0,0,0,0,2,2,1
KAF2208129,6975,7323,11304,0,0,0,0,2,2,14,2,3,43,90,41
KAF2208130,4979,4793,5284,0,0,0,4,0,2,20,12,20,112,230,154
KAF2208131,46,48,96,0,1,0,0,0,0,1,0,0,0,3,0
KAF2208132,291,287,198,0,0,1,0,0,0,0,1,0,0,11,1
KAF2208133,246,260,204,0,0,0,0,0,0,2,2,2,0,2,6
KAF2208134,903,845,966,0,0,2,0,0,2,13,6,2,22,51,31
KAF2208135,56,70,117,0,0,0,0,0,0,0,0,0,0,0,0
KAF2208136,1049,960,2477,4,0,0,0,0,3,11,2,6,27,43,34
KAF2208137,33,21,13,0,0,0,0,0,0,0,0,0,1,1,0
KAF2208138,20726,17554,9008,10,8,7,2,2,4,7,2,6,42,115,30
KAF2208139,7390,6568,4040,6,0,2,0,0,0,4,0,0,32,35,19
KAF2208140,792,914,1186,0,0,0,0,0,0,4,0,1,31,90,31
KAF2208141,3,3,3,0,0,0,0,0,0,0,0,0,0,0,0
KAF2208142,2131,2317,2666,0,0,2,6,2,4,34,15,8,121,323,163
KAF2208143,1937,1757,2112,0,2,0,0,0,2,18,4,6,39,56,24
KAF2208144,471,424,957,2,0,0,0,2,0,5,0,0,4,10,0
KAF2208145,146,127,236,2,0,0,0,0,0,0,0,0,12,8,9
KAF2208146,759,746,964,0,1,0,2,0,0,19,2,6,50,115,47
KAF2208147,1013,807,483,0,0,0,0,0,0,9,2,5,20,44,17
KAF2208148,245,219,218,0,0,0,0,0,0,0,2,0,2,9,9
KAF2208149,1657,1690,3653,1,0,0,14,0,10,51,16,9,93,139,89
KAF2208150,119,88,11,0,0,0,0,0,0,2,0,0,2,6,5
KAF2208151,5,7,7,0,0,0,0,0,0,0,0,0,0,0,0
KAF2208152,12,0,13,0,0,0,0,0,0,0,0,0,0,0,0
KAF2208153,723,967,1341,2,0,0,0,0,0,6,0,0,11,12,6
KAF2208154,154,107,235,0,0,0,0,0,0,0,2,0,4,14,8
KAF2208155,78,94,179,0,0,0,0,0,0,4,2,0,0,8,4
KAF2208156,104,134,301,0,0,0,0,0,2,0,2,2,0,0,0
KAF2208157,190899,186885,117775,13,2,16,2,4,0,5,2,0,51,96,78
KAF2208158,290,243,309,0,0,0,0,0,0,2,0,0,8,22,10
KAF2208159,1006,930,1250,2,0,2,2,0,4,22,2,0,42,146,57
KAF2208160,842,721,738,0,0,0,0,1,0,16,6,7,38,56,40
KAF2208161,180,212,330,0,0,0,0,0,2,14,10,0,26,98,32
KAF2208162,2705,2348,2286,0,0,4,0,0,4,9,0,6,33,70,29
KAF2208163,171,211,234,0,0,0,0,0,0,0,2,0,6,6,2
KAF2208164,1923,2102,3144,0,2,0,0,0,0,4,0,2,8,11,4
KAF2208165,12,15,24,0,0,0,0,0,0,0,0,0,0,0,0
KAF2208166,852,945,1324,0,0,2,2,2,2,10,4,2,20,50,20
KAF2208167,1824,1609,2585,0,2,2,0,0,2,20,5,8,50,130,61
KAF2208168,54,27,41,0,0,0,0,0,1,0,4,0,4,9,3
KAF2208169,4370,3700,3905,2,0,2,4,2,8,33,8,12,125,294,118
KAF2208170,2452,2135,1719,0,0,2,0,2,0,18,10,0,18,51,42
KAF2208171,527,478,778,0,0,0,2,0,0,2,2,1,4,14,6
KAF2208172,586,626,1034,0,0,0,6,0,2,14,0,0,25,62,29
KAF2208173,83,64,80,0,0,0,0,0,0,8,0,0,4,10,2
KAF2208174,456,413,662,0,0,0,0,0,0,12,4,0,16,38,13
KAF2208175,122,115,890,0,0,0,13,2,0,6,0,2,19,13,11
KAF2208176,26,21,36,0,0,0,0,0,0,2,0,1,5,8,1
KAF2208177,12198,11266,4806,2,4,2,4,3,12,54,8,12,72,169,76
KAF2208178,255,266,231,0,0,0,0,0,0,0,0,0,2,5,2
EFT00053798003,15,20,23,0,0,0,0,0,0,0,0,0,0,1,1
KAF2208179,538,515,485,2,0,0,0,0,0,6,6,6,32,99,34
KAF2208180,25408,28331,17361,24,16,18,0,0,0,0,0,0,30,76,42
KAF2208181,93,85,129,0,0,0,0,0,0,0,0,0,1,4,2
KAF2208182,353,313,465,0,0,0,4,1,0,8,2,3,11,28,5
KAF2208183,215,156,266,2,0,0,2,0,0,4,0,0,2,15,4
KAF2208184,537,511,694,4,0,2,2,2,0,31,2,6,15,28,2
KAF2208185,70,67,142,0,0,0,0,0,0,6,0,2,29,57,18
KAF2208186,1163,1317,2092,0,0,0,0,2,2,68,2,8,36,49,40
KAF2208187,2815,2298,1974,4,2,0,0,0,0,12,8,2,53,104,46
KAF2208188,2693,2296,2031,0,0,0,0,0,2,18,4,4,22,72,14
KAF2208189,115,86,176,0,0,0,0,0,0,0,0,0,11,13,6
KAF2208190,1001,1073,1659,0,2,0,0,0,0,8,4,4,30,66,28
KAF2208191,137,70,119,0,0,0,0,0,0,2,0,1,1,8,4
KAF2208192,1912,1830,2448,0,0,0,4,2,2,43,12,16,93,266,148
KAF2208193,109,86,147,0,0,0,0,2,0,0,0,0,3,5,3
KAF2208194,332,331,637,0,0,0,0,0,2,4,0,4,5,31,14
KAF2208195,241,276,252,0,0,0,0,0,0,2,0,0,0,2,2
KAF2208196,5158,4588,4962,4,2,2,0,0,0,10,3,0,24,36,8
KAF2208197,270,323,336,0,0,0,0,0,0,1,0,0,9,9,6
KAF2208198,52363,53115,28400,10,8,13,4,2,2,8,2,0,26,73,16
KAF2208199,333,340,562,0,0,0,0,0,0,8,2,0,17,41,22
KAF2208200,12,8,3,0,0,0,0,0,0,0,0,0,0,0,0
KAF2208201,382,416,491,0,0,0,0,0,1,2,0,0,28,29,19
KAF2208202,18,21,31,0,0,0,0,0,0,0,0,0,0,5,2
KAF2208203,102,63,139,0,0,0,0,0,0,0,0,0,8,4,0
KAF2208204,101,99,83,0,0,0,0,0,0,0,0,0,0,2,6
KAF2208205,33,20,65,0,0,0,0,0,0,1,0,0,3,6,5
KAF2208206,2640,2375,3139,0,0,0,6,2,10,24,6,6,86,199,120
KAF2208207,20,22,50,0,0,0,0,0,0,0,0,0,0,3,0
KAF2208208,2452,2141,2515,0,0,0,0,1,1,10,8,4,24,50,29
KAF2208209,3907,4334,5382,1,0,0,4,2,3,4,4,6,49,144,60
KAF2208210,608,546,1032,0,0,0,2,0,0,9,2,3,9,20,11
KAF2208211,897,821,791,0,0,0,2,0,0,13,2,8,37,75,48
KAF2208212,1318,958,2373,0,0,0,0,0,2,7,0,0,28,36,16
KAF2208213,1191,1384,2132,0,0,0,0,0,0,12,6,3,29,65,26
KAF2208214,2433,2674,3408,0,0,0,2,2,6,13,4,11,54,80,29
KAF2208215,60,47,111,0,0,0,0,0,0,2,0,0,0,8,3
KAF2208216,363,329,722,0,0,0,0,0,0,0,0,0,10,22,1
KAF2208217,28,24,44,0,0,0,0,0,0,0,0,2,4,1,2
KAF2208218,88,82,140,0,0,0,0,0,0,0,0,2,9,24,8
KAF2208219,551,569,762,0,0,0,2,2,2,252,40,102,361,497,249
KAF2208220,73,64,11,0,0,0,0,0,0,0,0,0,0,0,0
KAF2208221,1448,1014,218,0,0,0,0,0,0,0,0,0,2,9,4
KAF2208222,410,331,407,0,2,0,2,0,0,2,0,0,12,20,12
KAF2208223,663,586,536,2,2,1,0,2,0,6,0,4,16,50,23
KAF2208224,0,0,0,0,0,0,0,0,0,0,0,0,0,0,0
KAF2208225,3430,3832,3304,0,0,0,6,0,4,9,4,2,53,104,45
KAF2208226,1299,1066,427,2,0,0,0,0,2,16,5,10,27,83,23
KAF2208227,2958,2495,2795,1,0,0,4,2,0,16,0,4,53,81,32
KAF2208228,21,29,24,0,0,0,0,0,0,1,0,0,0,0,0
KAF2208229,305447,268495,211009,224,162,173,65,32,128,678,176,348,1686,3946,1400
KAF2208230,105717,97094,79731,66,39,37,11,14,12,33,0,8,135,204,90
KAF2208231,419,322,540,0,0,0,0,0,0,15,1,0,7,33,6
KAF2208232,4147,3228,2451,2,2,0,0,0,2,24,10,20,57,150,63
KAF2208233,4006,2544,293,4,0,6,0,0,2,4,2,0,6,6,7
KAF2208234,59,50,46,1,0,0,0,0,0,0,0,0,0,0,0
KAF2208235,5414,5237,6286,0,0,3,0,0,2,28,10,14,157,356,153
KAF2208236,3498,3016,2247,0,4,0,0,2,0,8,2,2,23,52,27
KAF2208237,625,511,948,0,0,0,0,0,0,0,0,0,11,18,14
KAF2208238,817,742,1140,0,0,2,0,0,2,7,1,2,31,57,26
KAF2208239,633,569,1743,0,0,0,4,0,2,14,0,8,38,64,14
KAF2208240,648,515,392,0,0,2,2,2,4,75,9,31,93,135,66
KAF2208241,1144,1059,2410,0,0,0,4,6,4,195,36,53,254,484,216
KAF2208242,867,783,363,0,0,0,2,0,0,2,0,2,4,14,6
KAF2208243,354,336,543,0,0,0,0,0,0,2,0,0,7,19,0
KAF2208244,31,62,92,0,0,0,0,0,0,2,0,0,2,1,0
KAF2208245,456,483,598,0,0,0,0,0,0,4,0,0,7,14,18
KAF2208246,1238,1086,1156,0,0,0,0,0,0,13,0,0,35,72,26
KAF2208247,9,10,21,0,0,0,0,0,0,0,0,2,0,1,5
KAF2208248,284,306,388,0,0,0,0,0,0,2,0,0,6,25,9
KAF2208249,891,794,377,0,0,0,0,2,0,0,4,0,10,28,14
KAF2208250,128,101,94,0,0,0,0,0,0,0,1,0,2,7,1
KAF2208251,6730,6698,6727,0,0,0,0,4,4,36,0,6,77,133,60
KAF2208252,1166,948,1175,0,2,0,0,0,0,0,0,0,8,16,4
KAF2208253,7805,7825,5082,0,0,1,1,0,0,2,0,3,26,74,17
KAF2208254,219,210,395,0,0,0,0,0,0,0,2,0,6,39,16
KAF2208255,865,706,836,0,0,0,4,0,2,11,2,2,24,46,23
KAF2208256,264,214,327,0,0,0,0,2,0,6,0,3,25,24,12
KAF2208257,83,72,98,0,0,0,0,0,0,2,2,0,3,11,0
KAF2208258,345,366,345,0,0,0,0,0,0,6,1,2,8,14,6
KAF2208259,1580,1792,1335,0,0,2,0,0,2,26,5,10,17,69,52
KAF2208260,599,565,613,0,0,0,0,0,0,0,0,4,8,5,1
KAF2208261,45,30,91,0,0,0,0,0,0,0,0,0,3,1,4
KAF2208262,1,1,2,0,0,0,0,0,0,0,0,0,1,0,0
KAF2208263,223,183,224,0,0,0,0,2,0,8,6,2,23,46,24
KAF2208264,1507,1360,1453,0,0,4,0,0,2,16,2,2,55,104,29
KAF2208265,780,748,726,0,1,0,0,2,2,5,4,4,6,45,10
KAF2208266,342,261,289,0,0,0,2,0,0,19,0,0,14,35,28
KAF2208267,4660,3987,1633,0,0,0,2,0,0,6,1,2,11,38,18
KAF2208268,5149,4959,3845,6,0,3,5,2,14,54,25,28,182,498,220
KAF2208269,2755,2465,3097,0,0,4,0,0,0,20,5,11,66,153,63
KAF2208270,4611,4239,2960,0,4,0,0,0,2,10,12,8,57,124,78
KAF2208271,6391,6147,2988,0,0,2,6,8,4,26,5,12,71,169,52
KAF2208272,292,235,243,0,0,0,0,0,0,20,6,16,34,45,15
KAF2208273,73,38,50,0,0,0,0,0,0,31,4,8,27,27,6
EFT00053797980,10,12,27,0,0,0,0,0,0,0,0,0,0,0,0
KAF2208028,980,911,1785,0,0,2,0,2,2,6,8,6,23,55,48
KAF2208029,3595,3390,5840,2,3,8,2,0,2,28,10,14,114,208,90
KAF2208030,10751,9317,8124,0,0,3,6,6,6,14,7,5,85,160,68
KAF2208031,1818,1516,1809,0,0,0,0,0,0,2,2,4,14,51,26
KAF2208032,472,532,1046,0,0,0,2,0,2,0,2,0,6,21,10
KAF2208033,17,23,31,0,0,0,0,0,0,4,0,0,2,6,2
KAF2208034,14,13,19,0,0,0,0,0,0,6,6,6,6,29,8
KAF2208035,24,29,24,0,0,0,0,0,0,16,16,0,9,33,25
KAF2208036,6,12,33,0,0,0,0,2,0,76,45,17,37,111,17
KAF2208037,46,42,70,0,0,0,0,0,0,0,0,0,0,3,1
KAF2208038,45,25,48,0,0,0,0,0,0,0,0,0,2,4,0
KAF2208039,1173,1381,1361,0,0,0,0,0,4,4,2,2,6,42,15
KAF2208040,13985,13880,8350,0,4,2,8,2,2,59,10,18,131,231,83
KAF2208041,1462,1594,465,2,0,0,0,0,0,1,0,2,25,45,31
KAF2208042,0,0,0,0,0,0,0,0,0,0,0,0,0,0,0
KAF2208043,73,36,51,0,0,0,0,0,0,0,0,0,0,0,0
KAF2208044,670,633,791,0,0,0,0,0,0,0,0,4,7,12,5
KAF2208045,1473,1399,1351,0,0,0,6,0,4,14,6,8,45,93,18
KAF2208046,28,24,24,0,0,0,0,0,0,0,0,0,0,0,0
KAF2208047,1,6,2,0,0,0,0,0,0,0,0,0,0,0,0
KAF2208048,6838,4598,4397,0,0,4,8,4,8,42,14,20,57,122,32
KAF2208049,180,199,460,0,0,0,0,0,0,1,0,1,12,22,10
KAF2208050,5383,4508,2291,0,2,4,6,0,7,36,24,18,183,292,128
KAF2208051,322,230,183,0,0,0,0,0,0,6,0,0,7,25,10
KAF2208052,249,185,208,0,0,0,0,2,0,0,2,2,3,24,7
KAF2208053,572,407,425,0,2,0,0,0,2,0,0,0,10,14,5
KAF2208054,901,774,548,0,0,2,0,0,0,0,0,0,0,23,6
KAF2208055,4720,4227,2496,0,0,5,0,0,2,2,4,2,36,82,58
KAF2208056,53,55,67,0,0,0,0,0,0,20,22,4,117,332,128
KAF2208057,5640,3920,1321,49,34,65,0,0,0,4,2,0,85,120,136
KAF2208058,4,6,16,0,0,0,0,0,0,0,0,0,0,0,0
KAF2208059,121,75,160,0,0,0,0,0,0,0,0,0,12,12,2
KAF2208060,275,209,129,0,0,0,0,0,0,9,8,0,16,30,26
KAF2208061,58,63,96,0,0,0,0,0,0,4,0,0,6,0,5
KAF2208062,317,286,155,0,0,0,0,0,0,0,0,0,0,0,2
KAF2208063,88,63,57,0,0,0,0,0,0,0,0,0,2,2,0
KAF2208064,2560,3077,7217,3,2,4,0,0,4,6,0,2,33,82,26
KAF2208065,901,813,1266,0,0,0,0,0,0,8,2,0,13,30,10
KAF2208066,145,131,199,0,0,0,0,0,0,0,0,0,3,12,2
KAF2208067,483,407,654,0,0,0,0,0,0,2,4,2,19,38,16
KAF2208068,311,335,855,0,0,0,0,0,0,0,0,0,8,18,10
KAF2208069,133,156,226,0,0,0,0,0,4,2,0,2,10,9,0
KAF2208070,1,4,0,0,0,0,0,0,0,0,0,0,0,0,0
EFT00053797981,0,0,0,0,0,0,0,0,0,0,0,0,0,0,0
KAF2208071,4609,4953,8167,6,0,2,0,2,2,15,2,7,54,136,78
KAF2208072,2370,1662,1738,0,2,2,0,2,2,12,8,0,14,38,13
KAF2208073,2243,2175,3776,2,0,0,2,2,2,26,0,7,41,84,46
KAF2208074,1930,1739,1229,2,0,0,2,0,0,2,0,0,12,11,6
KAF2208075,57,43,46,0,0,0,0,0,0,0,0,0,0,4,0
KAF2208076,423,370,710,0,0,0,4,2,8,30,11,4,46,123,36
KAF2208077,3462,2910,2192,0,0,0,0,0,1,6,8,4,29,68,20
KAF2208078,1222,971,1263,0,0,0,0,0,0,8,2,0,23,60,21
KAF2208079,284,279,334,2,0,0,0,0,0,3,0,0,8,20,7
KAF2208080,47,60,104,0,0,0,0,0,0,0,0,0,0,6,0
KAF2208081,5457,5623,5695,0,2,4,6,4,10,54,14,15,183,445,223
KAF2208082,5721,5713,5147,0,2,1,1,2,0,15,5,4,74,98,41
KAF2208083,5867,5173,1088,3,0,1,0,2,2,16,8,6,24,41,18
KAF2208084,119,102,351,0,0,0,0,0,4,10,2,0,12,26,28
KAF2208085,394,395,691,2,0,0,0,0,0,0,0,4,16,36,6
KAF2208086,6291,5502,3529,0,4,1,2,4,4,30,4,11,75,131,31
KAF2208087,392,319,364,0,0,0,0,0,0,0,6,6,10,14,7
KAF2208088,662,674,1031,0,0,0,0,2,0,2,2,3,49,84,44
KAF2208089,3737,4029,2356,0,2,0,0,4,5,20,12,6,41,138,78
KAF2208090,568,522,618,0,0,0,0,0,0,3,1,4,16,55,10
KAF2208091,272,271,314,0,0,0,2,2,2,6,2,2,8,33,10
KAF2208092,615,548,870,2,0,0,0,0,0,4,2,5,29,60,17
KAF2208093,93,92,346,0,0,0,0,0,0,0,0,2,6,11,5
KAF2208094,0,2,4,0,0,0,0,0,0,0,0,0,0,0,0
KAF2208095,299,264,689,0,0,0,0,0,0,5,2,0,16,9,7
KAF2208096,194,189,396,0,0,0,0,0,0,2,0,0,8,28,6
KAF2208097,401,370,564,0,0,0,0,0,0,2,0,2,17,27,12
KAF2208098,312,356,692,4,0,0,2,0,0,2,0,2,14,33,0
KAF2208099,58,44,48,0,0,2,0,0,0,0,0,0,0,6,3
KAF2208100,747,766,943,0,0,2,2,0,0,3,0,1,6,10,4
KAF2208101,5721,5402,7253,6,2,2,4,0,2,23,12,11,52,111,31
KAF2208102,1091,970,1368,2,0,0,0,0,2,2,0,2,6,14,5
KAF2208103,1553,1290,1477,0,0,0,3,0,0,6,2,2,30,66,31
KAF2208104,1367,1252,1236,0,0,1,0,2,2,7,0,0,15,37,22
KAF2208105,460,395,278,0,0,0,0,0,0,4,0,2,3,4,1
KAF2208106,866,749,581,0,0,0,0,2,0,11,3,2,26,51,17
KAF2208107,267,207,169,0,0,0,0,0,0,6,0,0,34,24,26
KAF2208108,1041,1014,1623,0,2,0,2,0,0,2,2,0,12,42,4
KAF2208109,31,21,63,0,0,0,0,0,0,0,0,0,0,0,0
KAF2208110,122,118,197,0,0,0,0,0,0,0,0,0,4,15,4
KAF2208111,15,6,8,0,0,0,0,0,0,0,0,0,0,0,0
KAF2208112,132,89,325,0,0,0,0,0,0,0,0,1,4,9,4
KAF2208113,4942,4275,2245,4,0,2,2,0,10,32,22,10,172,334,150
KAF2208114,118,112,131,0,2,0,0,0,0,0,0,2,0,4,0
KAF2208115,2211,1733,2120,2,0,4,2,0,1,18,1,5,68,113,52
KAF2208116,1313,1059,1099,0,0,0,0,0,0,8,0,0,4,11,5
KAF2208117,1589,1227,1502,0,2,0,0,0,3,16,0,6,37,69,36
KAF2208118,827,630,497,0,0,0,0,0,0,6,2,6,22,29,20
KAF2208119,7505,6754,2092,2,0,2,0,0,0,2,0,0,14,50,20
KAF2208120,159,82,68,0,0,0,2,0,0,0,0,2,0,3,0
KAF2208121,0,3,2,0,0,0,0,0,0,0,0,0,0,0,0
KAF2208122,1616,1394,1594,0,0,0,4,0,2,12,7,4,23,56,36
KAF2208123,166,135,312,2,0,0,0,0,0,0,0,2,8,14,6
KAF2208124,30,25,25,0,0,0,0,0,2,2,0,7,6,6,2
KAF2208125,40,17,23,0,0,0,0,0,0,0,0,0,0,0,2
KAF2207966,6697,5819,4505,4,0,2,4,2,6,38,2,8,120,299,181
KAF2207967,46,48,83,0,0,0,0,0,0,0,0,0,0,0,0
KAF2207968,57,40,39,0,0,0,0,0,0,2,0,0,0,2,6
KAF2207969,98,104,116,0,0,0,0,0,2,0,0,0,0,4,0
KAF2207970,0,1,0,0,0,0,0,0,0,0,0,0,0,0,0
KAF2207971,9,20,27,0,0,0,0,0,0,0,0,0,0,2,1
KAF2207972,0,0,0,0,0,0,0,0,0,0,0,0,0,0,0
KAF2207973,0,0,0,0,0,0,0,0,0,0,0,0,0,0,0
KAF2207974,24,18,21,0,0,0,0,0,0,0,0,0,0,0,0
KAF2207975,1,1,4,0,0,0,0,0,0,0,0,0,0,0,0
KAF2207976,2,0,1,0,0,0,0,0,0,0,0,0,0,0,0
KAF2207977,174,161,123,0,0,0,0,0,0,0,0,1,7,10,3
KAF2207978,1,5,2,0,0,0,0,0,0,0,0,0,0,0,0
KAF2207979,1082,881,616,2,0,0,2,0,0,12,1,2,19,42,30
KAF2207980,106,77,95,0,0,0,0,0,0,0,0,0,4,6,0
KAF2207981,0,0,0,0,0,0,0,0,0,0,0,0,0,0,0
KAF2207982,33,29,33,0,0,0,0,0,0,0,0,0,4,0,1
KAF2207983,198,156,269,0,0,0,0,0,0,0,0,0,3,3,2
KAF2207984,2,2,0,0,0,0,0,0,0,0,0,0,0,0,0
KAF2207985,0,0,0,0,0,0,0,0,0,0,0,0,0,0,0
KAF2207986,2,0,0,0,0,0,0,0,0,0,0,0,0,0,0
KAF2207987,0,0,0,0,0,0,0,0,0,0,0,0,0,0,0
KAF2207988,130,150,298,2,0,0,0,0,0,0,0,3,3,5,1
KAF2207989,123,96,223,0,0,0,0,0,0,3,0,0,3,11,11
KAF2207990,219,159,168,0,0,0,0,0,0,0,0,0,7,12,7
KAF2207991,10,22,21,0,0,0,0,0,0,0,0,0,0,2,0
KAF2207992,0,1,0,0,0,0,0,0,0,0,0,0,0,0,0
KAF2207993,0,0,0,0,0,0,0,0,0,0,0,0,0,0,0
KAF2207994,6,0,0,0,0,0,0,0,0,0,0,0,0,0,0
KAF2207995,0,0,0,0,0,0,0,0,0,0,0,0,0,0,0
KAF2207996,48,52,41,0,0,0,0,0,0,0,0,0,3,5,0
KAF2207997,2,4,4,0,0,0,0,0,0,0,0,0,0,0,0
KAF2207998,0,0,0,0,0,0,0,0,0,0,0,0,0,0,0
KAF2207999,0,0,1,0,0,0,0,0,0,0,0,0,0,0,0
KAF2208000,2,0,0,0,0,0,0,0,0,0,0,0,0,0,0
KAF2208001,0,0,0,0,0,0,0,0,0,0,0,0,0,0,0
KAF2208002,46,30,20,2,0,0,0,0,0,0,0,0,0,0,1
KAF2208003,2,0,0,0,0,0,0,0,0,0,0,0,0,0,0
KAF2208004,2,0,0,0,0,0,0,0,0,0,0,0,0,0,0
KAF2208005,516,375,663,2,0,2,0,0,0,0,6,0,8,24,17
KAF2208006,70,52,90,0,0,0,0,0,0,0,0,0,0,6,4
KAF2208007,66,69,87,0,0,0,0,0,0,0,0,0,5,0,2
KAF2208008,139,124,120,0,0,0,0,0,0,0,0,0,3,4,6
KAF2208009,0,2,4,0,0,0,0,0,0,0,0,0,0,0,0
KAF2208010,9,7,16,0,0,0,0,0,0,0,0,0,0,0,0
KAF2208011,21,19,32,0,0,0,0,0,0,0,0,0,0,0,0
KAF2208012,117,109,126,2,0,0,0,0,0,1,0,0,6,6,1
KAF2208013,1181,1032,814,0,0,0,2,0,0,9,2,0,8,25,10
KAF2208014,5,1,11,0,0,0,0,0,0,0,0,0,0,0,0
KAF2208015,0,2,3,0,0,0,0,0,0,0,0,0,0,0,0
KAF2208016,0,0,0,0,0,0,0,0,0,0,0,0,0,0,0
KAF2208017,2,3,9,0,0,0,0,0,0,0,0,0,1,2,0
KAF2208018,864,694,717,4,0,0,0,0,0,6,2,8,38,43,19
KAF2208019,346,433,463,0,0,0,0,0,0,0,0,0,2,4,12
KAF2208020,369,341,830,0,0,0,0,0,0,5,2,0,7,20,0
KAF2208021,703,534,439,0,0,0,0,0,0,1,0,0,4,6,9
KAF2208022,76,64,44,0,0,0,0,0,0,0,0,0,0,8,2
KAF2208023,158,197,367,0,0,0,0,0,0,1,4,2,6,21,6
KAF2208024,138,106,223,0,0,0,0,0,0,2,0,2,6,2,6
KAF2208025,151,134,234,0,2,0,0,0,0,1,0,4,10,25,6
KAF2208026,1359,1193,583,0,0,0,0,0,0,0,2,0,3,12,2
KAF2208027,118,158,163,0,0,0,2,0,0,0,0,0,6,22,12
KAF2207851,2358,2628,3106,0,2,0,0,0,0,7,2,0,4,20,4
KAF2207852,648,826,1406,2,0,1,3,2,6,29,13,8,61,113,62
KAF2207853,208,181,377,1,0,4,1,0,2,21,8,6,13,60,28
KAF2207854,11538,12257,13229,2,2,0,3,2,2,10,0,1,41,54,35
KAF2207855,656,599,424,0,0,0,1,0,1,2,0,0,18,44,22
KAF2207856,1217,995,864,0,0,0,0,0,0,24,4,2,74,128,71
KAF2207857,807,824,1440,1,0,0,0,1,6,2,0,4,32,62,34
KAF2207858,3620,3151,928,0,7,3,0,2,6,20,7,4,45,108,71
KAF2207859,636,632,124,0,2,2,0,0,0,4,4,2,15,18,18
KAF2207860,1560,1532,1711,2,0,0,0,2,0,20,8,0,53,106,66
KAF2207861,169,122,212,1,0,0,0,0,0,2,0,0,5,13,4
KAF2207862,3861,3576,2989,0,2,2,4,8,8,91,8,16,107,115,48
KAF2207863,1334,1454,1915,0,0,0,2,0,2,18,13,10,104,286,178
KAF2207864,143,160,407,0,0,0,0,0,0,2,1,0,23,57,10
KAF2207865,580,432,305,0,0,0,0,0,0,4,0,0,4,14,8
KAF2207866,3539,3080,1426,5,0,0,2,0,0,11,1,9,35,49,28
KAF2207867,394,420,405,0,0,0,0,0,0,4,3,0,13,45,26
KAF2207868,61,70,107,0,0,0,0,0,0,0,0,0,2,9,2
KAF2207869,10062,10259,10640,0,5,5,16,8,4,84,18,21,362,790,415
KAF2207870,1609,1273,1693,0,0,0,2,0,2,12,10,4,41,150,56
KAF2207871,2452,2045,2861,0,0,0,2,4,6,22,2,10,71,166,68
KAF2207872,209,233,377,0,0,0,2,0,0,8,2,8,4,30,16
KAF2207873,540,521,554,0,0,0,0,2,0,10,1,0,8,38,20
KAF2207874,417,345,149,0,0,2,0,0,0,42,2,1,45,101,68
KAF2207875,304,261,230,0,2,0,0,0,2,4,0,2,10,14,4
KAF2207876,295,287,578,0,0,0,0,2,0,4,0,0,6,26,2
KAF2207877,2081,1947,1881,2,0,4,2,0,0,12,6,0,42,86,46
KAF2207878,2698,2857,6822,0,0,2,6,2,6,35,21,14,133,310,121
KAF2207879,400,487,603,0,0,0,2,2,0,8,2,0,30,84,41
KAF2207880,17266,15782,11404,0,2,6,10,8,10,61,8,38,135,294,91
KAF2207881,1272,1014,1135,0,0,0,0,0,0,8,0,0,16,35,20
KAF2207882,289,227,511,0,0,0,0,0,2,11,2,4,6,35,24
KAF2207883,150,142,198,0,0,0,1,0,2,5,0,2,6,14,4
KAF2207884,6492,5969,7063,6,2,0,0,0,0,12,14,18,78,142,78
KAF2207885,824,636,763,0,0,2,0,0,0,2,2,1,14,30,21
KAF2207886,2372,2014,1109,0,0,2,2,0,2,10,1,2,38,48,22
KAF2207887,2635,2059,1727,0,0,4,0,0,0,11,1,2,24,81,51
KAF2207888,1612,1607,2103,4,0,0,0,0,0,4,9,8,39,89,37
KAF2207889,557,478,682,0,0,0,0,0,0,14,0,12,26,40,21
KAF2207890,297,256,273,0,0,0,0,0,0,0,0,0,5,7,9
KAF2207891,569,469,494,2,2,0,0,0,0,4,0,0,9,31,12
KAF2207892,1506,1315,366,0,2,0,2,0,0,10,0,7,24,20,4
KAF2207893,720,618,819,0,0,0,0,0,2,17,5,8,16,45,33
KAF2207894,2588,2637,885,0,2,0,2,2,0,12,14,0,36,58,36
KAF2207895,1241,859,681,0,0,0,6,0,2,10,2,3,28,47,24
KAF2207896,6676,5439,2150,1,0,2,0,4,0,17,12,8,73,149,77
KAF2207897,1172,1044,1274,0,0,2,0,0,4,25,3,9,44,98,54
KAF2207898,434,472,721,0,0,0,1,0,2,8,4,6,52,71,33
KAF2207899,1887,1625,2175,0,3,0,0,2,4,21,7,2,56,91,39
KAF2207900,1325,1421,2007,0,0,0,2,0,4,12,0,4,38,103,30
KAF2207901,334,300,449,0,0,0,0,0,0,2,0,1,18,40,6
KAF2207902,664,459,455,0,1,0,0,0,3,12,0,3,29,46,24
KAF2207903,2082,1559,1451,0,0,2,2,2,0,2,4,0,27,31,14
KAF2207904,1216,978,837,0,0,0,1,0,0,6,7,8,27,52,14
KAF2207905,747,636,651,0,2,0,0,0,2,10,0,0,17,50,36
KAF2207906,1741,1521,1274,0,0,0,0,0,0,16,2,3,74,126,76
KAF2207907,4201,3543,1740,3,0,3,0,2,2,18,6,4,55,182,67
KAF2207908,1251,1009,1174,1,0,1,0,0,0,12,4,4,79,120,57
KAF2207909,460,435,718,0,2,0,4,0,0,6,5,4,56,96,30
KAF2207910,2910,3633,3439,0,0,0,0,0,0,3,0,0,22,32,19
KAF2207911,84,108,112,0,0,0,0,0,0,0,2,0,0,4,0
KAF2207912,201,209,331,0,0,0,0,0,0,0,0,0,2,8,5
KAF2207913,663,505,506,0,2,0,0,0,0,11,4,6,104,270,71
KAF2207914,56,33,42,0,0,0,0,0,0,0,0,0,4,10,2
KAF2207915,23162,18773,14452,9,10,17,26,10,26,203,42,70,355,669,289
KAF2207916,223,223,339,0,0,0,0,0,0,5,0,4,20,36,5
KAF2207917,328,345,574,0,0,0,0,0,2,5,0,2,24,54,18
KAF2207918,152,106,222,0,0,0,0,0,0,2,0,0,4,4,2
KAF2207919,1611,1564,1406,0,0,2,4,2,1,29,16,10,75,162,109
KAF2207920,6810,5328,2646,2,4,2,4,2,0,20,4,0,52,80,38
KAF2207921,852,667,936,0,0,0,0,0,0,8,2,1,43,56,18
KAF2207922,4710,4163,8970,0,2,0,4,0,6,18,14,5,67,171,93
KAF2207923,3410,4369,8156,2,0,0,4,0,8,30,11,4,52,193,85
KAF2207924,1748,1830,2867,0,0,0,4,0,0,20,8,10,88,171,91
KAF2207925,57,49,186,0,0,0,2,0,0,3,0,2,4,13,5
KAF2207926,5844,5219,7692,0,0,6,0,6,0,20,2,11,46,96,43
KAF2207927,4465,4428,5457,4,0,2,5,0,8,49,18,12,135,216,119
KAF2207928,8350,6903,2850,3,0,4,6,6,2,35,10,14,106,250,136
KAF2207929,1873,1765,1283,0,0,3,0,1,2,10,2,2,43,137,36
KAF2207930,121,107,159,0,0,0,0,0,0,3,0,0,2,3,0
KAF2207931,1401,1208,1061,2,2,2,0,0,0,2,0,4,36,56,65
KAF2207932,216,185,555,0,0,0,0,0,0,3,0,0,14,18,15
KAF2207933,0,0,0,0,0,0,0,0,0,0,0,0,0,0,0
KAF2207934,7803,7990,13585,0,3,3,8,2,2,62,14,6,147,300,146
KAF2207935,2866,2561,2380,4,0,0,0,0,2,9,6,2,38,68,28
KAF2207936,1161,971,830,0,0,0,6,2,0,8,1,5,42,70,18
KAF2207937,3071,2961,3868,2,0,0,4,4,4,37,13,8,93,322,126
KAF2207938,605,715,1571,0,0,0,6,0,0,4,3,5,59,65,46
KAF2207939,363,315,301,0,0,0,0,0,2,0,0,4,12,28,22
KAF2207940,95,68,116,0,0,0,0,0,0,0,2,0,2,10,2
KAF2207941,67,63,92,0,0,0,0,0,0,3,0,0,5,12,11
KAF2207942,161,159,259,0,0,0,1,0,2,0,0,0,8,13,4
KAF2207943,246,206,188,0,0,0,0,0,0,2,0,0,11,16,10
KAF2207944,3219,2773,4136,11,8,10,0,0,2,6,0,0,43,96,50
KAF2207945,1233,1051,1123,0,0,0,0,0,2,21,2,3,49,92,70
KAF2207946,1329,1547,2114,2,0,0,0,0,2,18,2,5,88,199,91
KAF2207947,3588,3681,2517,0,0,0,0,0,2,12,0,0,35,92,34
KAF2207948,266,337,601,0,2,0,0,0,0,42,10,18,77,162,30
KAF2207949,4257,3964,5501,11,5,4,3,4,6,35,4,6,76,184,70
KAF2207950,386,321,446,0,2,0,0,0,1,7,2,2,8,14,4
KAF2207951,309,286,456,0,0,0,0,0,0,4,1,2,4,7,5
KAF2207952,5632,4815,3349,0,0,0,0,0,0,12,6,2,36,102,26
KAF2207953,292,269,283,0,0,0,0,0,2,2,0,0,6,4,8
KAF2207954,7109,7653,6351,0,4,0,0,4,0,6,4,2,30,56,25
KAF2207955,1077,1168,2133,0,0,0,2,0,6,8,2,0,57,135,45
KAF2207956,551,563,813,0,0,0,2,0,0,4,1,2,24,54,18
KAF2207957,71674,82053,102520,2,4,4,8,16,39,280,67,65,435,837,490
KAF2207958,2283,2502,3957,0,0,0,4,2,4,20,4,7,90,170,135
KAF2207959,3362,2793,2493,0,0,0,2,2,2,5,2,0,11,23,6
KAF2207960,4784,4545,1495,5,0,4,0,1,0,7,6,2,49,124,61
KAF2207961,2621,2355,1323,2,2,0,2,0,2,12,4,2,28,116,55
KAF2207962,243,227,521,0,0,0,0,0,0,4,0,2,13,18,12
KAF2207963,174,222,510,0,0,0,0,0,0,1,0,4,7,25,8
KAF2207964,2656,2894,2928,0,0,0,0,0,0,10,0,2,18,44,19
EFT00053797982,2,0,1,0,0,0,0,0,0,0,0,0,0,0,0
KAF2207965,116776,116727,101837,6,0,8,2,0,2,16,8,12,56,181,78
KAF2207724,4116,3574,3086,0,0,0,0,0,0,62,4,20,178,294,177
KAF2207725,269,277,192,0,0,0,0,0,0,3,0,2,24,24,24
KAF2207726,362,316,528,0,0,0,0,0,0,4,2,2,14,29,18
KAF2207727,12,5,36,0,0,0,0,0,0,0,0,0,0,0,0
KAF2207728,776,766,1571,2,0,0,6,0,0,12,1,5,59,88,45
KAF2207729,2193,2330,4816,1,0,0,6,0,4,53,12,15,175,335,122
KAF2207730,12365,11234,7916,2,2,4,0,0,4,9,3,14,64,107,46
KAF2207731,847,887,1105,0,0,0,0,0,0,2,0,4,10,23,6
KAF2207732,580,628,1120,0,0,0,0,0,0,5,0,1,10,28,22
KAF2207733,937,782,1113,2,0,0,4,0,6,6,2,6,50,90,56
KAF2207734,1133,856,652,2,0,0,2,0,0,4,3,4,15,37,18
KAF2207735,816,760,965,0,0,0,0,0,2,23,4,2,39,88,43
KAF2207736,436,336,243,0,0,0,0,0,0,4,0,0,4,7,2
KAF2207737,271,188,204,0,0,0,0,0,0,1,0,3,6,9,5
KAF2207738,125,118,112,0,0,1,0,0,0,0,0,0,3,2,2
KAF2207739,2371,2485,1758,0,0,0,1,0,0,8,6,2,4,11,6
KAF2207740,1329,969,462,0,0,0,0,0,0,2,0,0,10,29,10
KAF2207741,3104,2418,1166,2,0,2,2,0,0,0,0,1,18,29,20
KAF2207742,19,15,69,0,0,0,0,0,0,0,0,0,0,1,0
KAF2207743,1251,1637,7831,0,0,0,4,0,6,17,4,4,20,34,12
KAF2207744,6,8,17,0,0,0,0,0,0,0,0,0,0,0,0
KAF2207745,273,216,210,0,1,0,0,0,0,4,0,0,13,25,12
KAF2207746,2968,2863,1555,0,0,0,0,4,0,10,0,10,58,85,36
KAF2207747,1341,1116,1086,4,0,0,0,0,0,2,0,0,2,12,10
KAF2207748,3881,3359,1918,0,0,2,0,0,2,28,7,4,52,118,49
KAF2207749,399,390,937,0,0,0,2,2,0,0,2,0,14,12,11
KAF2207750,2642,1519,1239,0,0,2,10,0,10,158,32,42,161,335,130
KAF2207751,1310,1201,1380,0,0,0,0,0,4,10,4,2,26,38,42
KAF2207752,1528,1411,2226,2,0,2,2,0,8,18,2,6,55,86,48
KAF2207753,8548,8034,11237,6,4,6,2,4,3,45,16,14,139,490,203
KAF2207754,11,11,7,0,0,0,0,0,0,0,0,2,1,6,0
KAF2207755,919,784,327,0,0,0,4,0,0,12,5,11,19,42,5
KAF2207756,1952,1681,1053,2,0,3,0,0,4,23,7,10,44,130,40
KAF2207757,3279,2364,892,2,0,2,2,0,0,2,0,0,19,38,18
KAF2207758,219,157,167,0,0,0,0,0,2,0,0,0,4,12,7
KAF2207759,863,733,726,4,0,0,6,0,0,17,8,2,36,58,34
KAF2207760,1193,1084,829,2,2,2,0,0,0,0,0,0,3,14,22
KAF2207761,88,73,134,0,0,0,0,0,0,1,0,0,2,4,2
KAF2207762,199,174,411,0,0,0,2,0,0,6,0,0,2,4,2
KAF2207763,383,351,417,0,0,0,0,0,0,4,0,2,3,22,4
KAF2207764,1284,1271,1572,4,2,0,0,0,0,0,4,5,16,53,20
KAF2207765,1630,1575,2452,0,0,0,2,0,8,6,4,10,77,133,73
KAF2207766,433,456,1298,0,0,0,0,0,2,2,2,0,2,6,6
KAF2207767,61,59,115,0,0,0,0,0,0,2,0,0,0,10,4
KAF2207768,25,45,38,0,0,0,0,0,0,0,0,0,6,6,4
KAF2207769,795,898,2085,0,0,0,0,0,0,17,0,8,41,89,27
KAF2207770,878,887,2630,0,0,2,0,0,4,13,7,3,32,74,16
KAF2207771,456,424,970,0,0,0,2,0,0,8,2,2,31,88,30
KAF2207772,3576,3913,4361,2,2,2,0,6,3,38,13,6,105,365,134
KAF2207773,8575,8234,9638,12,0,0,12,4,20,83,18,22,247,592,274
KAF2207774,2112,1900,1470,1,0,2,0,6,0,26,4,4,42,64,34
KAF2207775,64,56,71,0,0,0,0,0,0,0,0,0,0,2,2
KAF2207776,37,29,39,1,0,0,0,0,0,0,0,0,0,0,2
KAF2207777,123,145,223,0,0,0,0,0,0,0,0,0,7,18,12
KAF2207778,2009,1482,1326,6,0,0,2,0,6,13,6,6,45,87,54
KAF2207779,87,101,88,0,0,0,0,0,0,1,0,0,8,11,5
KAF2207780,131,146,179,0,0,0,0,0,0,2,0,0,5,3,3
KAF2207781,75,65,116,0,0,0,0,0,0,3,0,0,4,7,1
KAF2207782,1219,1574,2347,2,4,1,1,2,4,16,5,2,28,119,43
KAF2207783,168,211,479,0,0,0,0,0,0,5,0,0,7,8,6
KAF2207784,219,172,229,0,0,0,0,0,0,0,0,0,17,48,20
KAF2207785,109,119,119,0,0,0,0,0,1,0,0,0,8,10,2
KAF2207786,498,433,550,0,0,0,0,0,2,0,0,0,8,36,4
KAF2207787,234,184,306,0,0,0,2,2,0,12,4,0,28,62,35
KAF2207788,1505,1175,3337,0,0,2,13,5,20,737,106,231,665,1328,632
KAF2207789,35,27,45,0,0,0,0,0,0,1,0,0,0,1,2
KAF2207790,347,274,243,0,1,0,0,0,0,0,3,2,7,10,12
KAF2207791,693,633,797,0,2,0,2,0,0,19,6,6,67,126,26
KAF2207792,3528,3202,2577,10,11,4,0,0,0,2,0,4,4,11,6
KAF2207793,4514,4491,4000,0,2,2,2,0,0,6,0,0,24,52,34
KAF2207794,62,48,152,1,0,0,0,0,0,1,7,5,10,10,8
KAF2207795,37,27,54,0,0,0,0,0,0,0,0,2,1,3,1
KAF2207796,5945,5615,7284,0,2,2,8,6,0,17,6,16,37,80,38
KAF2207797,415,313,552,0,0,0,0,0,0,13,0,0,11,20,4
KAF2207798,278,224,243,0,0,0,0,0,8,40,5,12,52,67,42
KAF2207799,125,116,159,0,0,0,2,0,0,2,0,0,0,3,3
KAF2207800,38,35,62,0,0,0,0,0,0,0,0,0,0,6,2
KAF2207801,30,27,57,0,0,0,0,0,0,0,0,0,2,0,0
KAF2207802,1186,965,1323,2,0,2,0,0,2,16,3,5,33,72,36
KAF2207803,2631,2926,3198,0,0,0,0,2,4,32,8,2,58,147,58
KAF2207804,356,399,443,0,0,0,0,0,0,4,0,0,18,38,8
KAF2207805,21,27,39,0,0,0,0,0,0,2,0,0,1,2,2
KAF2207806,96,78,120,0,0,0,0,0,0,0,2,2,4,8,0
KAF2207807,390,352,383,0,0,0,0,0,2,2,0,0,6,8,6
KAF2207808,74,61,123,0,0,2,0,0,2,3,0,0,0,2,3
KAF2207809,202,213,304,0,0,0,0,0,0,0,2,0,4,18,6
KAF2207810,1497,1382,1158,2,0,0,0,0,0,3,0,2,4,8,9
KAF2207811,11699,10560,4937,2,2,4,4,0,0,10,6,7,34,64,26
KAF2207812,8723,7908,4342,8,4,0,2,0,0,9,0,4,30,48,2
KAF2207813,7484,7164,4538,1,0,2,0,0,0,2,4,2,12,20,3
KAF2207814,239,271,582,2,0,2,0,0,0,8,0,0,3,7,2
KAF2207815,513,511,1215,0,0,2,0,0,0,1,0,2,18,45,6
KAF2207816,24050,21600,22827,10,7,4,11,14,28,172,45,52,508,1077,444
KAF2207817,2578,1955,873,0,0,0,2,0,2,4,3,2,38,96,45
KAF2207818,898,906,742,0,0,0,0,0,0,2,0,2,8,2,4
KAF2207819,138,99,273,0,0,2,0,0,0,0,2,0,0,4,8
KAF2207820,2048,1819,2614,0,4,2,0,0,4,21,2,6,42,110,32
KAF2207821,3,0,1,0,0,0,0,0,0,0,0,0,0,0,0
KAF2207822,0,0,0,0,0,0,0,0,0,0,0,0,0,0,0
KAF2207823,251,245,254,0,1,0,0,0,0,2,0,0,4,0,2
KAF2207824,105,81,99,0,0,0,0,0,0,0,0,0,0,1,4
KAF2207825,676,570,782,0,0,0,3,0,0,2,4,4,8,8,4
KAF2207826,19,17,45,0,0,0,0,0,0,0,0,0,2,0,0
KAF2207827,914,726,347,0,0,0,0,0,0,1,0,0,3,10,5
KAF2207828,3367,3349,5278,0,0,0,8,2,4,24,6,12,40,75,50
KAF2207829,1770,1763,2694,0,0,0,2,4,0,10,4,8,53,120,36
KAF2207830,522,461,827,2,0,0,0,0,0,4,0,0,5,16,9
KAF2207831,2,0,0,0,0,0,0,0,0,0,0,0,0,0,0
KAF2207832,0,0,0,0,0,0,0,0,0,0,0,0,0,0,0
KAF2207833,0,0,0,0,0,0,0,0,0,0,0,0,0,0,0
KAF2207834,0,0,0,0,0,0,0,0,0,0,0,0,0,0,0
KAF2207835,0,0,0,0,0,0,0,0,0,0,0,0,0,0,0
KAF2207836,259,228,381,0,0,0,0,0,0,6,0,0,21,30,18
KAF2207837,144,127,261,0,0,0,0,0,0,8,0,0,2,11,4
KAF2207838,86,127,247,0,0,0,0,0,0,2,0,2,10,10,4
KAF2207839,0,0,0,0,0,0,0,0,0,0,0,0,0,0,0
KAF2207840,0,0,2,0,0,0,0,0,0,0,0,0,0,0,0
KAF2207841,0,0,2,0,0,0,0,0,0,0,0,0,0,0,0
KAF2207842,46,61,48,0,0,0,0,0,0,2,0,2,8,9,4
KAF2207843,133,97,205,0,0,0,0,0,0,0,0,0,6,16,5
KAF2207844,320,369,537,0,0,0,0,0,0,1,0,5,24,18,11
KAF2207845,6,6,4,0,0,0,0,0,0,0,0,0,0,6,0
KAF2207846,3560,3265,3311,0,2,2,4,2,5,28,18,12,125,290,132
KAF2207847,43,39,48,0,0,0,0,0,0,1,2,0,0,2,4
KAF2207848,5870,5189,2459,0,0,3,0,0,0,4,8,2,21,42,24
KAF2207849,3232,3022,756,2,2,4,0,2,0,2,2,4,12,28,12
KAF2207850,18786,22448,21946,2,0,2,2,2,6,35,18,8,158,343,202
KAF2207631,496,473,101,0,0,2,4,4,38,76,45,6,114,188,72
KAF2207632,11,13,10,0,0,0,0,0,4,8,0,0,18,14,11
KAF2207633,438,371,825,2,0,0,0,0,0,2,0,4,11,14,8
KAF2207634,2263,2188,3420,0,2,4,2,0,1,18,2,3,41,87,26
KAF2207635,126,148,155,0,0,0,2,0,0,2,0,0,5,10,6
KAF2207636,25,35,27,0,0,0,0,0,0,0,0,0,0,0,0
KAF2207637,22,34,15,0,0,0,0,0,0,0,0,0,0,0,0
KAF2207638,2,1,6,0,0,0,0,0,0,0,0,0,0,0,0
KAF2207639,1765,1855,2945,0,0,4,0,0,0,4,2,0,37,62,44
KAF2207640,1056,903,1151,0,0,4,0,0,0,6,6,0,17,47,15
KAF2207641,435,423,291,2,0,2,0,0,0,0,0,0,2,3,0
KAF2207642,302,242,231,0,0,2,0,0,0,2,0,0,5,8,0
KAF2207643,352,327,209,2,0,0,0,0,0,8,0,0,6,12,12
KAF2207644,1124,960,329,0,0,0,0,0,0,4,0,2,2,16,6
KAF2207645,134,78,93,0,0,0,0,0,0,0,0,0,1,0,0
KAF2207646,21004,20129,41472,8,12,12,16,8,4,87,18,30,235,453,151
KAF2207647,13640,12294,9151,5,8,6,2,2,0,24,4,16,63,121,25
KAF2207648,43,18,29,0,0,0,1,0,0,0,0,0,1,2,4
KAF2207649,1,2,2,0,0,0,0,0,0,0,0,0,0,0,0
KAF2207650,1521,1287,1661,0,0,0,6,4,0,31,8,4,74,216,62
KAF2207651,1474,1368,731,2,0,0,0,0,2,6,6,2,16,47,16
KAF2207652,7036,4603,1611,2,1,0,6,0,10,137,70,108,353,508,243
KAF2207653,472,571,1000,0,0,0,8,0,0,28,12,4,36,84,18
KAF2207654,37262,30873,16410,25,35,38,18,6,19,128,42,48,438,1088,432
KAF2207655,87,109,170,0,0,0,1,0,0,0,0,2,0,2,2
KAF2207656,81,87,178,0,0,0,0,0,0,0,0,0,1,0,2
KAF2207657,1520,1252,570,0,0,0,0,0,2,8,2,2,18,41,14
KAF2207658,1068,870,973,0,0,0,0,0,8,6,2,6,52,65,32
KAF2207659,304,301,495,0,0,0,0,0,0,10,0,0,8,20,4
KAF2207660,187,207,238,0,0,2,0,0,2,11,4,4,24,40,17
KAF2207661,7605,8132,12253,0,2,0,16,10,7,138,35,38,233,524,206
KAF2207662,1727,2064,4163,0,0,0,1,0,2,22,0,0,45,35,11
KAF2207663,290,289,641,0,0,0,0,0,0,6,2,4,12,26,16
KAF2207664,3271,3029,2507,2,0,0,0,2,4,20,3,2,28,30,24
KAF2207665,141,175,395,0,0,0,0,0,0,1,0,2,8,16,9
KAF2207666,26,41,46,0,0,0,0,0,0,0,0,0,0,0,0
KAF2207667,1943,1762,1837,0,0,0,0,0,0,2,0,2,10,12,8
KAF2207668,2763,2249,2270,2,0,0,0,0,0,5,0,5,15,15,6
KAF2207669,166,126,267,0,0,0,0,0,0,6,0,0,8,9,8
KAF2207670,262,230,271,0,0,0,1,0,0,2,6,3,8,21,15
KAF2207671,1764,1737,1580,0,0,0,2,0,0,4,10,0,42,92,87
KAF2207672,15,13,38,0,0,0,0,0,0,0,0,0,0,2,1
KAF2207673,112,97,317,0,2,0,0,0,0,4,0,0,0,4,2
KAF2207674,501,483,721,0,0,0,0,0,0,20,0,0,18,21,11
KAF2207675,48,31,38,0,0,0,0,0,0,2,0,2,1,2,2
KAF2207676,654,642,461,0,0,0,0,4,0,3,8,2,20,39,22
KAF2207677,2079,1968,1349,0,0,0,0,0,2,9,6,2,19,32,28
KAF2207678,17585,13962,6193,2,4,7,2,0,2,24,5,9,61,99,52
KAF2207679,3654,3383,3329,2,2,0,2,2,8,36,18,18,137,349,183
KAF2207680,912,901,1973,0,0,0,0,0,0,3,0,0,9,0,8
KAF2207681,6312,5762,5302,1,1,0,0,0,0,8,2,0,23,38,32
KAF2207682,82,68,94,0,0,0,0,0,0,0,0,0,0,0,2
KAF2207683,37,32,70,0,0,0,0,0,0,1,0,0,0,1,0
KAF2207684,453,475,541,0,1,0,2,0,0,8,0,0,16,22,10
KAF2207685,147,146,234,0,0,0,0,0,0,2,0,0,6,6,8
KAF2207686,449,405,293,0,0,0,0,0,0,0,0,0,2,12,6
KAF2207687,1508,1407,1654,0,0,0,4,6,2,13,8,2,51,62,48
KAF2207688,875,1135,1949,0,0,0,0,0,0,0,0,0,4,6,2
KAF2207689,53,47,23,0,0,0,0,0,0,0,0,0,0,0,0
KAF2207690,85,64,149,0,0,0,0,0,0,0,0,0,0,4,0
KAF2207691,919,1275,1772,0,0,0,0,0,0,0,0,0,3,2,4
EFT00053798004,0,1,4,0,0,0,0,0,0,0,0,0,0,0,0
KAF2207692,1068,1529,3355,0,0,0,0,0,0,4,0,0,0,2,0
KAF2207693,313,350,268,0,0,0,0,0,0,0,0,0,0,1,2
KAF2207694,1384,1045,1105,1,0,0,0,2,6,6,0,0,27,83,34
KAF2207695,2472,2016,1812,2,2,4,2,0,0,13,4,14,69,98,59
KAF2207696,1010,969,1342,0,2,0,0,0,0,16,6,2,24,64,48
KAF2207697,983,719,707,3,3,2,4,0,2,11,7,12,27,117,40
KAF2207698,1729,1511,1508,0,0,0,0,0,0,20,2,5,31,67,44
KAF2207699,460,462,761,0,0,0,0,0,0,0,4,3,24,28,9
KAF2207700,1263,1071,701,0,0,0,0,1,4,11,1,5,55,119,44
KAF2207701,2909,2628,2675,4,0,0,2,2,0,14,2,2,36,56,16
KAF2207702,39,38,81,0,0,0,0,0,0,0,0,0,0,0,0
KAF2207703,32,33,73,0,0,0,0,0,0,0,0,0,0,10,1
KAF2207704,343,337,439,0,0,0,0,0,2,20,0,0,33,31,30
KAF2207705,81,90,194,0,0,0,0,0,0,6,0,2,26,33,19
KAF2207706,257,232,541,0,0,0,0,0,0,3,2,2,20,55,12
KAF2207707,220,197,358,0,0,0,0,4,2,39,26,26,134,184,82
KAF2207708,64,62,146,0,0,0,0,0,0,0,2,0,6,25,14
KAF2207709,69,70,150,0,0,0,0,0,0,8,0,2,22,50,15
KAF2207710,51,28,84,0,0,0,0,0,0,2,0,0,0,6,4
KAF2207711,42,43,109,0,0,0,0,0,0,4,0,0,2,14,4
KAF2207712,9,15,8,0,0,0,0,0,0,0,0,0,0,0,0
KAF2207713,0,0,0,0,0,0,0,0,0,0,0,0,0,0,0
KAF2207714,610,581,649,0,0,0,2,0,0,6,0,6,11,26,7
KAF2207715,757,696,228,0,0,0,0,0,0,1,1,0,9,7,8
KAF2207716,25,14,6,0,0,0,0,0,0,0,0,0,0,0,0
KAF2207717,116,84,118,0,0,0,0,0,0,4,0,0,8,26,8
KAF2207718,3209,3107,1758,0,0,0,0,2,0,6,4,0,7,41,8
KAF2207719,2207,2167,2630,0,0,0,0,0,0,11,8,5,59,103,29
KAF2207720,217,176,190,0,0,0,4,0,6,6,0,12,36,103,39
KAF2207721,68,71,159,0,0,0,0,2,0,1,2,2,2,5,2
KAF2207722,12,26,31,0,0,0,0,0,0,0,0,0,0,0,0
KAF2207723,31,41,76,0,0,0,0,0,0,2,0,0,0,4,0
KAF2207527,4,10,58,0,0,0,0,0,0,2,0,2,0,0,0
KAF2207528,487,520,1057,2,2,2,0,0,0,57,12,16,56,158,54
KAF2207529,124,92,203,0,0,0,0,0,0,0,0,0,3,3,2
KAF2207530,145,179,273,0,0,0,0,0,2,0,0,2,14,20,6
KAF2207531,154,148,278,0,0,2,0,2,0,2,2,0,4,13,11
KAF2207532,717,722,366,0,0,0,4,0,0,6,0,2,2,14,0
KAF2207533,1055,1429,2492,0,0,0,0,0,0,8,8,6,39,91,31
KAF2207534,3620,3376,3534,0,2,2,6,2,6,32,16,8,82,144,81
KAF2207535,220,211,375,0,0,0,1,0,0,0,2,0,3,22,8
KAF2207536,803,783,896,2,0,0,0,0,3,7,1,9,27,50,21
KAF2207537,8642,6693,2510,8,2,1,0,2,0,23,6,6,36,64,35
KAF2207538,883,774,203,0,0,0,0,0,0,8,0,0,8,10,6
KAF2207539,137,158,252,0,0,0,0,0,0,0,0,0,0,2,0
KAF2207540,2949,2399,1512,0,0,0,0,0,0,0,0,0,4,9,8
KAF2207541,1007,1007,1342,0,0,0,0,2,4,25,0,2,34,69,28
KAF2207542,100,63,164,0,0,0,0,0,0,3,0,0,3,8,2
KAF2207543,102,92,168,0,0,0,0,0,2,2,0,0,20,25,14
KAF2207544,604,802,1473,0,0,2,2,0,0,8,0,2,2,10,4
KAF2207545,3707,3242,2811,2,2,1,0,0,2,3,2,10,21,82,20
KAF2207546,2764,2581,2709,0,0,2,3,2,0,25,8,4,66,86,33
KAF2207547,1023,905,1154,0,0,0,0,2,2,12,4,0,19,59,19
KAF2207548,61,52,67,0,0,0,0,0,0,0,0,0,2,4,0
KAF2207549,46,49,88,0,0,0,0,0,0,0,0,0,2,5,2
KAF2207550,22,22,25,0,0,0,0,0,0,0,0,0,0,2,0
KAF2207551,77,50,77,0,0,0,0,0,0,2,0,0,1,2,2
KAF2207552,1475,1272,1239,4,4,0,0,0,0,2,0,0,23,34,22
KAF2207553,891,1018,1501,0,0,2,8,0,0,2,6,1,18,35,17
KAF2207554,606,433,592,0,0,0,2,0,0,4,0,1,10,22,6
KAF2207555,68,63,121,0,0,0,0,0,0,0,0,0,6,6,2
KAF2207556,4,0,6,0,0,0,0,0,0,0,0,0,0,0,0
KAF2207557,54,38,66,0,0,0,0,0,0,0,0,0,0,0,0
KAF2207558,32,46,118,0,0,0,0,0,0,0,0,0,3,0,0
KAF2207559,15,21,53,0,0,0,0,0,0,4,0,0,2,5,2
KAF2207560,378,433,1251,0,0,0,0,2,4,10,8,4,34,96,40
KAF2207561,268,255,521,0,0,0,0,0,0,4,4,1,4,17,2
KAF2207562,128,105,320,0,0,0,0,1,0,0,0,1,7,8,2
KAF2207563,719,518,426,0,0,2,0,0,2,4,4,6,8,46,40
KAF2207564,1391,1355,844,0,0,0,0,4,0,2,2,1,16,42,21
KAF2207565,273,246,338,0,0,0,0,0,0,2,2,0,13,36,5
KAF2207566,164,119,202,0,0,0,0,0,0,0,0,0,14,16,9
KAF2207567,2519,2753,3411,0,0,0,0,0,6,10,3,6,34,75,46
KAF2207568,71810,72675,45569,10,4,29,0,0,4,0,0,4,36,35,21
KAF2207569,1746,2254,4040,0,0,0,0,0,0,7,0,0,10,22,2
KAF2207570,43,30,28,0,0,0,0,0,0,0,0,0,0,0,0
KAF2207571,208,183,274,0,0,0,0,0,0,2,0,0,4,6,4
KAF2207572,166,145,102,0,0,0,0,0,0,10,0,6,11,28,16
KAF2207573,166,147,43,0,0,0,0,0,0,0,0,0,0,0,2
KAF2207574,702,725,1528,2,0,0,0,2,2,8,2,0,17,18,6
KAF2207575,37848,37133,57406,10,6,6,2,0,11,70,20,45,187,340,88
KAF2207576,71,92,52,0,0,0,0,0,0,2,0,0,2,9,0
KAF2207577,1505,1014,1578,1,0,0,0,0,0,12,3,10,77,151,66
KAF2207578,407,420,801,0,0,0,0,0,0,4,0,0,7,8,2
KAF2207579,216,159,108,0,0,0,0,0,0,0,0,0,0,2,0
KAF2207580,117,88,87,0,0,0,0,0,0,0,0,0,4,3,2
KAF2207581,178,110,125,0,0,0,0,0,0,1,0,0,2,5,8
KAF2207582,487,352,308,2,0,0,0,0,0,1,0,0,7,15,20
KAF2207583,5474,6375,15659,0,0,2,0,1,0,0,0,2,17,34,34
KAF2207584,5239,4872,5904,2,0,0,0,0,0,4,2,0,20,33,29
KAF2207585,438,420,350,0,0,0,0,0,0,3,0,0,9,11,2
KAF2207586,221939,193442,135670,105,73,92,4,14,42,175,52,37,737,1127,457
KAF2207587,866,751,574,0,0,0,0,0,2,0,2,2,17,22,16
KAF2207588,384,339,645,0,0,0,0,0,0,0,2,0,4,17,8
KAF2207589,1,2,13,0,0,0,0,0,0,0,0,0,0,0,0
KAF2207590,5762,5443,6496,4,0,0,4,0,0,16,4,10,55,78,31
KAF2207591,27953,31860,73617,2,0,2,2,0,4,10,0,8,50,74,48
KAF2207592,974,1046,1467,0,0,0,0,0,0,2,0,3,0,2,0
KAF2207593,56,48,99,0,0,0,0,0,0,0,0,0,4,9,6
KAF2207594,2211,2184,1642,7,6,0,0,2,2,8,6,0,24,54,12
KAF2207595,813,690,765,0,2,0,0,0,0,2,0,2,8,10,11
KAF2207596,29,33,111,0,0,0,0,0,0,0,0,1,3,0,0
KAF2207597,9,7,11,0,0,0,0,0,0,1,1,0,0,0,3
KAF2207598,8,6,2,0,0,0,0,0,0,0,0,0,0,0,0
KAF2207599,27464,22551,18497,14,9,20,4,2,8,41,23,21,265,472,184
KAF2207600,213,160,152,0,0,0,0,0,0,0,2,0,0,19,0
KAF2207601,34,48,92,0,0,0,0,0,0,2,0,0,2,6,5
KAF2207602,212,282,699,0,0,0,0,2,0,8,0,0,14,27,14
KAF2207603,181,187,222,1,0,0,0,0,0,0,0,0,0,2,2
KAF2207604,11,5,13,0,0,0,0,0,0,0,0,0,2,0,0
KAF2207605,6,8,25,0,0,0,0,0,0,0,0,0,2,1,0
KAF2207606,287,344,725,0,0,0,0,0,0,0,0,0,10,9,2
KAF2207607,2960,2369,1511,2,0,1,0,0,3,51,14,5,163,461,163
KAF2207608,7791,6544,4517,2,4,4,0,2,0,16,6,4,81,122,55
KAF2207609,1025,740,753,0,1,2,0,2,2,12,12,10,31,58,29
KAF2207610,64652,60869,22690,15,12,14,2,2,5,28,6,10,48,79,24
KAF2207611,90192,78382,29923,16,14,16,2,4,10,26,2,8,80,191,68
KAF2207612,325,273,275,0,0,0,0,0,0,0,0,0,0,0,0
KAF2207613,834,690,887,0,0,2,0,0,4,2,2,4,28,60,24
KAF2207614,257,134,220,0,0,0,0,0,0,4,0,0,9,21,5
KAF2207615,1208,1135,996,0,0,0,2,0,8,12,4,2,22,57,21
KAF2207616,367,334,470,0,0,2,5,0,0,7,0,0,33,62,29
KAF2207617,614,564,866,0,0,0,2,0,0,20,0,0,22,53,26
KAF2207618,926,975,2314,0,0,2,0,0,0,11,2,2,44,86,28
KAF2207619,429,330,350,0,0,0,1,2,2,10,4,2,19,31,43
KAF2207620,228,187,164,0,0,0,0,2,0,2,0,0,13,24,3
KAF2207621,239,313,259,0,0,0,0,0,0,5,2,0,16,23,12
KAF2207622,679,515,554,4,0,0,0,0,6,65,21,54,63,93,49
KAF2207623,148,166,250,0,0,0,0,0,0,0,0,0,3,22,10
KAF2207624,437,385,404,0,0,0,0,0,0,5,4,2,79,186,62
KAF2207625,98,103,223,0,0,0,0,0,0,6,0,1,9,42,8
KAF2207626,14,12,28,0,0,0,0,0,2,0,0,0,2,2,0
KAF2207627,47,36,65,0,0,0,2,0,0,0,0,0,2,8,8
KAF2207628,299,213,398,0,0,0,0,0,4,2,0,0,16,28,8
KAF2207629,302,285,821,0,0,0,2,0,0,4,4,6,17,40,6
KAF2207630,422,520,855,1,0,2,1,0,0,20,4,0,35,64,36
KAF2207414,2,9,11,0,0,0,0,0,0,0,0,0,0,0,0
KAF2207415,81,66,63,0,0,0,0,0,0,0,0,0,0,0,4
KAF2207416,6,7,12,0,0,0,0,0,0,0,0,0,2,0,0
KAF2207417,19,6,31,1,0,2,0,0,0,0,2,0,1,0,0
KAF2207418,323,344,380,0,0,0,0,0,0,0,0,1,4,26,22
KAF2207419,2804,2572,2858,0,2,0,0,0,4,14,4,13,39,110,49
KAF2207420,2108,1955,1598,0,0,0,0,0,2,17,8,4,112,180,93
KAF2207421,6383,5499,6424,0,0,1,0,2,4,14,1,9,121,255,133
KAF2207422,66232,59142,28041,21,16,24,2,4,13,63,47,40,369,994,417
KAF2207423,15015,13269,10531,6,6,8,24,4,34,125,44,34,682,1360,636
KAF2207424,20,41,18,0,0,0,0,0,0,6,4,0,2,2,4
KAF2207425,672,499,629,0,0,2,0,0,0,4,4,4,7,22,9
KAF2207426,687,515,604,0,0,0,0,0,2,4,1,0,10,33,22
KAF2207427,4342,5222,6574,5,7,3,6,0,1,8,3,2,99,323,117
KAF2207428,11154,9426,5158,4,6,2,0,2,0,26,20,10,98,310,144
KAF2207429,1300,1244,2311,0,0,0,0,0,0,26,2,8,74,119,74
KAF2207430,1868,1777,2327,0,5,0,0,2,4,26,6,4,187,417,170
KAF2207431,1342,1280,2345,0,0,0,9,4,8,37,17,6,96,221,118
KAF2207432,172,164,290,0,0,0,8,0,4,64,16,10,64,138,42
KAF2207433,1425,1632,2189,0,0,0,0,2,2,14,8,9,92,199,94
KAF2207434,3306,2968,3943,2,1,2,2,0,7,49,12,5,132,334,172
KAF2207435,719,727,1231,0,0,0,2,0,4,21,10,11,52,150,77
KAF2207436,6496,7208,16306,2,0,0,0,1,6,2,3,4,20,45,18
KAF2207437,117,111,98,0,0,0,0,0,0,4,0,0,4,4,0
KAF2207438,4951,4495,3526,0,0,4,5,2,6,22,6,9,28,93,21
KAF2207439,349,349,289,0,0,1,0,2,0,4,0,6,12,18,8
KAF2207440,142,144,102,0,0,0,0,0,0,1,3,2,4,5,7
KAF2207441,14977,12366,7136,8,4,9,10,0,5,52,19,34,237,438,158
KAF2207442,3131,2776,2341,0,2,0,2,2,4,16,6,16,104,156,72
KAF2207443,11089,10143,10961,12,2,10,1,0,0,23,6,8,98,208,81
KAF2207444,5289,4809,3832,2,0,2,4,0,0,16,6,4,21,61,30
KAF2207445,4968,5147,8616,0,0,0,4,0,8,52,16,16,167,253,150
KAF2207446,2222,2785,7509,4,0,0,8,0,2,53,4,20,151,302,40
KAF2207447,280,246,508,0,4,0,2,0,0,28,12,22,77,216,24
KAF2207448,135,94,123,0,0,0,2,0,0,2,2,0,10,19,12
KAF2207449,0,0,0,0,0,0,0,0,0,0,0,0,0,0,0
KAF2207450,516,496,929,0,0,0,0,0,0,10,5,2,40,98,47
KAF2207451,1898,1731,2120,0,0,2,0,0,2,10,0,2,27,67,30
KAF2207452,2246,1851,2006,0,2,2,0,0,0,4,8,3,22,34,13
KAF2207453,194,170,284,0,0,0,0,0,0,0,0,0,4,0,2
KAF2207454,316,389,899,0,0,0,0,2,0,2,2,6,30,37,6
KAF2207455,1780,1887,3395,0,0,0,2,0,2,9,1,0,29,98,28
KAF2207456,8526,9780,16062,4,2,4,6,2,16,39,15,16,169,521,199
KAF2207457,16320,22785,42915,17,6,23,4,0,6,24,8,6,38,59,14
KAF2207458,3636,3136,1337,2,0,0,2,0,0,2,2,6,22,41,5
KAF2207459,2313,1756,1861,2,0,0,0,2,2,12,6,10,59,128,26
KAF2207460,1050,1084,1089,0,0,0,2,0,0,18,5,8,54,104,74
KAF2207461,674,677,760,0,0,0,0,0,8,42,12,55,114,160,72
KAF2207462,977,672,686,0,0,0,2,0,2,8,5,4,32,68,39
KAF2207463,2555,2891,3083,3,0,0,0,0,2,22,10,0,50,142,63
KAF2207464,4825,5066,7067,4,0,0,2,2,6,16,4,8,64,114,31
KAF2207465,8030,6975,6175,2,1,2,6,2,5,31,4,11,75,206,88
KAF2207466,807,653,608,1,0,0,0,6,0,11,3,0,11,38,10
KAF2207467,1497,1314,1375,0,2,0,0,2,2,13,0,0,26,88,30
KAF2207468,5072,3893,7359,2,2,2,14,6,13,43,16,11,98,343,113
KAF2207469,2589,2298,1062,2,3,1,0,0,0,12,2,3,28,69,41
KAF2207470,1843,1631,1062,0,0,0,0,0,4,2,4,0,6,36,10
KAF2207471,111,77,154,0,0,0,0,0,0,6,0,0,9,17,15
KAF2207472,0,0,0,0,0,0,0,0,0,0,0,0,0,0,0
KAF2207473,394,294,200,0,0,0,0,2,0,2,4,0,1,4,3
KAF2207474,601,531,390,0,0,0,0,0,0,0,0,0,1,2,4
KAF2207475,3583,3065,2371,0,0,0,6,0,2,8,3,4,31,57,26
KAF2207476,666,607,605,0,0,0,0,0,0,10,3,2,15,33,20
KAF2207477,2222,2163,3713,2,0,2,2,0,0,10,2,0,28,42,17
KAF2207478,265,215,382,0,0,0,0,0,0,2,0,2,2,20,6
KAF2207479,207,131,135,0,0,0,0,0,0,8,0,0,14,39,13
KAF2207480,3274,2753,3306,0,0,2,0,0,4,29,6,10,46,104,53
KAF2207481,5432,4026,1532,10,0,2,2,0,2,11,4,5,45,90,20
KAF2207482,3968,2997,1988,3,2,1,0,0,2,19,2,14,43,107,41
KAF2207483,12527,12045,6865,3,2,0,2,2,0,14,4,12,45,88,51
KAF2207484,12,10,8,0,0,0,0,0,0,0,0,0,0,0,0
KAF2207485,1167,1134,258,0,0,0,0,2,0,2,0,0,9,21,18
KAF2207486,939,707,856,0,0,0,0,0,4,12,4,4,35,70,14
KAF2207487,235,306,293,0,0,0,0,2,0,6,4,0,10,48,13
KAF2207488,497,463,511,0,0,1,0,0,0,2,1,4,24,35,12
KAF2207489,465,392,427,0,0,1,0,0,0,2,1,2,4,46,21
KAF2207490,2064,2188,3516,0,0,2,2,0,4,10,2,2,35,76,38
KAF2207491,169,263,399,0,0,0,0,2,0,2,2,0,8,25,7
KAF2207492,296,239,303,0,0,1,0,0,0,1,0,0,7,38,24
KAF2207493,728,493,306,0,0,0,0,0,0,2,0,0,7,13,4
KAF2207494,984,947,687,0,0,1,0,0,0,6,4,2,6,15,6
KAF2207495,15542,12842,4289,6,6,2,2,0,2,14,0,2,35,64,11
KAF2207496,2118,2050,1222,2,3,0,0,0,2,2,8,2,7,32,8
KAF2207497,19655,17922,14913,12,7,10,18,14,30,104,47,27,519,1198,569
KAF2207498,476,461,551,0,0,0,0,0,0,7,0,2,6,10,9
KAF2207499,385,348,369,2,0,0,0,0,0,11,0,0,14,38,24
KAF2207500,192,177,266,0,0,2,0,0,0,2,0,0,11,14,4
KAF2207501,3120,2239,1558,0,4,4,0,0,0,2,0,4,61,123,47
KAF2207502,345,307,387,2,0,0,0,0,0,1,3,1,3,20,7
KAF2207503,801,764,1006,0,0,0,6,0,0,25,2,7,29,101,16
KAF2207504,19055,16901,11481,12,12,6,12,20,14,125,58,58,659,1642,759
KAF2207505,1911,1962,3270,2,0,0,3,2,8,23,6,9,50,136,60
KAF2207506,615,473,281,0,0,0,0,0,0,0,0,2,1,10,2
KAF2207507,976,921,786,2,0,2,2,0,0,6,2,0,12,47,16
KAF2207508,276,242,319,2,0,0,0,0,0,3,2,4,34,48,15
KAF2207509,2185,2532,4435,0,0,0,4,2,0,16,11,4,92,160,91
KAF2207510,1223,881,1503,2,0,6,0,0,0,2,2,0,32,38,27
KAF2207511,2413,2154,1374,0,0,2,0,0,4,12,10,0,28,39,10
KAF2207512,369,292,272,0,0,0,0,0,0,0,0,0,6,1,4
KAF2207513,2697,2394,4483,0,0,0,0,0,0,5,0,1,16,48,11
KAF2207514,13815,11776,4927,0,0,0,1,4,4,36,17,12,127,263,147
KAF2207515,139,136,140,0,0,0,0,0,1,4,7,2,13,21,23
KAF2207516,633,695,906,0,0,0,0,0,4,9,0,4,32,70,23
KAF2207517,355,282,504,0,0,0,0,0,0,4,0,0,28,23,17
KAF2207518,76,74,214,0,2,0,0,0,0,0,0,1,12,7,4
KAF2207519,33,11,27,0,0,0,0,0,0,2,0,0,0,9,0
KAF2207520,814,707,690,2,0,0,0,0,0,4,6,3,18,53,27
KAF2207521,1180,1121,1656,0,0,2,2,0,0,8,7,8,44,103,44
KAF2207522,386,363,614,0,0,0,0,0,0,0,4,2,26,20,8
KAF2207523,95,96,243,2,0,0,0,0,0,0,2,0,3,6,2
KAF2207524,18691,19678,16276,0,0,0,0,0,0,0,0,0,3,4,8
KAF2207525,8848,8834,5989,3,2,0,0,0,0,0,0,0,6,2,4
KAF2207526,1656,1580,1138,0,0,0,2,0,0,17,6,2,56,122,55
KAF2207327,461,264,717,0,0,0,0,0,0,4,0,6,20,33,15
KAF2207328,52,60,51,0,0,0,0,0,0,8,0,0,15,20,14
KAF2207329,82,40,107,0,0,0,0,0,0,0,2,2,8,26,12
KAF2207330,18,10,28,0,0,0,0,0,0,2,1,2,8,6,8
KAF2207331,23,23,33,0,0,0,0,0,0,6,2,2,17,16,16
KAF2207332,6,7,2,0,0,0,0,0,0,2,2,0,14,22,23
KAF2207333,8,8,11,0,0,0,0,0,0,0,0,0,6,6,2
KAF2207334,1148,904,553,0,0,0,0,0,6,44,14,16,135,168,107
KAF2207335,70,65,336,0,0,0,0,0,0,0,0,0,2,2,0
KAF2207336,88,71,207,0,0,0,0,0,0,2,0,2,0,8,4
KAF2207337,302,352,1138,0,0,0,0,0,0,0,2,0,10,8,8
KAF2207338,90,56,280,0,0,0,0,0,0,0,0,0,0,0,0
KAF2207339,2204,2295,3989,0,2,2,4,0,0,7,0,1,12,18,10
KAF2207340,2779,2698,3743,4,0,2,2,0,0,3,0,2,6,12,4
KAF2207341,405,406,500,1,0,0,0,0,1,6,6,3,20,92,28
KAF2207342,317,304,371,0,0,0,0,0,0,2,3,7,18,21,6
KAF2207343,4,1,4,0,0,0,0,0,0,0,0,0,0,0,0
KAF2207344,668,546,507,0,0,2,0,0,0,0,0,2,4,6,10
KAF2207345,51,35,103,0,0,0,0,0,0,0,0,0,0,0,2
KAF2207346,14235,17374,47219,2,0,2,4,3,6,30,10,20,112,314,166
KAF2207347,74,71,79,0,0,0,0,0,0,0,0,0,2,0,1
KAF2207348,2956,2737,5623,0,2,0,0,0,0,20,0,8,28,56,34
KAF2207349,111,105,100,0,0,0,0,0,0,2,0,3,0,3,8
KAF2207350,170,169,343,0,0,0,0,0,0,0,0,0,4,5,1
KAF2207351,2484,2376,4987,0,0,0,4,4,1,11,6,15,40,87,33
KAF2207352,3852,3437,5068,2,2,2,0,0,0,12,6,10,41,80,40
KAF2207353,1861,1891,1765,2,2,0,0,0,0,12,8,2,8,14,14
KAF2207354,4359,4286,4127,2,0,2,0,0,0,0,0,0,4,4,4
KAF2207355,95,114,222,0,0,0,0,2,0,0,0,0,0,0,0
KAF2207356,848,701,1202,0,2,0,2,0,0,7,0,2,12,41,12
KAF2207357,576,480,512,0,0,1,0,0,0,2,3,6,5,6,3
KAF2207358,51,34,148,0,0,0,0,2,0,34,4,7,26,87,20
KAF2207359,4,2,8,0,0,0,0,0,0,0,0,0,0,0,0
KAF2207360,1501,860,850,4,0,4,6,4,10,19,8,4,29,72,45
KAF2207361,1432,1366,1618,2,0,2,0,2,0,16,0,12,67,64,20
KAF2207362,16,33,147,0,0,0,0,0,0,0,0,0,0,0,2
KAF2207363,3987,3535,2601,0,0,4,2,4,1,28,4,6,107,213,82
KAF2207364,172,148,145,0,2,0,0,0,0,2,2,0,5,12,11
KAF2207365,6260,6467,6291,0,0,0,2,0,0,12,0,3,30,74,18
KAF2207366,910,817,624,0,0,0,0,0,0,12,3,0,13,8,14
KAF2207367,11810,11173,10645,1,0,7,6,2,8,35,4,10,169,323,142
KAF2207368,1805,1476,1353,0,0,0,0,2,0,11,2,5,33,55,12
KAF2207369,657,529,819,0,0,0,0,2,2,12,0,0,14,46,9
KAF2207370,480,411,503,0,0,0,0,1,0,2,0,3,24,51,19
KAF2207371,940,851,850,2,4,0,0,0,2,4,4,1,29,63,35
KAF2207372,9103,8969,4019,0,0,0,0,0,0,4,4,2,12,39,26
KAF2207373,934,1514,3269,0,0,0,2,2,0,0,0,0,0,8,2
KAF2207374,5125,4164,2697,2,2,2,4,2,0,34,2,8,75,150,31
KAF2207375,2508,2330,2822,0,2,0,0,2,0,4,0,0,14,42,16
KAF2207376,1272,1176,1510,0,0,2,0,0,2,10,0,6,48,81,59
KAF2207377,9982,9089,6541,2,6,4,14,8,6,94,44,30,538,1372,707
KAF2207378,3967,3765,2640,0,2,0,2,2,2,14,1,2,40,80,38
KAF2207379,2851,2518,2302,0,4,0,0,2,0,3,2,10,31,69,22
KAF2207380,2394,2076,2720,0,0,0,0,0,0,12,1,0,25,97,28
KAF2207381,845,624,465,0,0,0,0,0,0,2,0,0,12,19,6
KAF2207382,1990,1665,981,0,0,2,4,0,0,8,0,4,15,23,12
KAF2207383,45,55,123,0,0,0,0,0,0,0,0,0,0,6,2
KAF2207384,1213,983,813,1,0,0,0,0,0,6,0,0,15,46,9
KAF2207385,0,1,0,0,0,0,0,0,0,0,0,0,0,0,0
KAF2207386,1186,1013,2239,0,2,2,2,0,0,12,2,2,22,54,12
KAF2207387,1,1,10,0,0,0,0,0,0,0,0,0,0,2,2
KAF2207388,2895,2584,4189,4,4,2,0,0,3,10,4,8,45,56,28
KAF2207389,952,850,222,2,2,2,0,0,1,0,1,0,5,18,10
KAF2207390,4855,3627,1932,2,0,1,0,0,2,6,4,6,30,68,40
KAF2207391,81,60,68,0,0,0,0,0,0,0,0,0,0,4,0
KAF2207392,227,126,154,0,2,0,0,0,0,4,0,0,13,25,6
KAF2207393,15,26,51,0,0,0,0,0,0,4,0,0,0,4,0
KAF2207394,287,303,532,0,0,0,0,0,0,3,0,4,31,55,23
KAF2207395,3269,3037,3351,0,3,2,2,2,4,22,2,12,55,108,55
KAF2207396,212,196,304,0,2,1,0,0,0,0,0,1,5,8,9
KAF2207397,129,143,283,0,0,2,0,0,0,0,0,1,6,17,4
KAF2207398,523,454,280,0,0,0,0,0,0,0,0,0,0,0,1
KAF2207399,615,493,697,0,0,0,0,0,0,11,0,6,23,42,18
KAF2207400,298,307,466,0,1,1,0,0,0,5,0,0,4,15,0
KAF2207401,2034,1645,1326,0,0,0,0,0,2,6,0,2,16,31,14
KAF2207402,4237,3361,2736,0,0,2,2,0,1,16,4,10,27,35,15
KAF2207403,847,725,1325,3,4,2,4,0,0,37,6,18,36,88,24
KAF2207404,921,805,652,0,1,0,0,2,1,6,1,2,34,68,17
KAF2207405,7448,6456,3733,2,2,0,0,2,2,22,11,4,105,223,72
KAF2207406,8607,7125,5928,2,1,0,3,0,1,21,3,18,93,173,101
KAF2207407,32,24,28,0,0,0,0,0,0,0,0,0,0,4,2
KAF2207408,9,12,30,0,0,0,0,0,0,0,0,0,1,2,4
KAF2207409,463,574,2256,0,0,0,2,0,2,4,0,2,0,10,4
KAF2207410,79,52,140,0,0,0,0,0,0,0,3,0,6,28,6
KAF2207411,2550,2336,3034,0,2,4,4,0,8,8,4,2,19,42,8
KAF2207412,1378,1273,2863,0,0,0,2,1,2,7,4,4,30,54,15
KAF2207413,3078,2597,2122,2,1,0,2,0,6,12,8,13,46,127,58
KAF2207226,0,2,0,0,0,0,0,0,0,0,0,0,0,0,0
KAF2207227,509,590,887,0,2,0,0,0,0,4,0,2,7,16,8
KAF2207228,24278,26518,39014,0,0,3,0,3,10,4,2,4,68,102,104
KAF2207229,725,537,549,2,4,0,2,0,0,8,0,4,6,24,8
KAF2207230,57,30,21,0,0,0,0,0,0,1,0,0,0,2,0
KAF2207231,762,706,405,0,0,0,0,0,0,3,0,0,2,6,4
EFT00053797906,0,0,0,0,0,0,0,0,0,0,0,0,0,0,0
EFT00053797908,0,0,0,0,0,0,0,0,0,0,0,0,0,0,0
KAF2207232,2,4,0,0,0,0,0,0,0,0,0,0,0,0,1
KAF2207233,1020,919,705,0,0,0,0,0,0,6,0,2,10,36,5
KAF2207234,216,232,446,0,0,0,2,2,4,3,0,0,10,22,8
KAF2207235,306,308,623,0,0,0,2,0,2,2,2,2,4,21,1
KAF2207236,122,133,292,0,0,0,0,0,0,0,2,0,0,6,4
KAF2207237,505,582,628,0,4,0,0,0,0,2,0,2,6,15,4
KAF2207238,59,59,70,0,0,0,0,0,0,4,0,0,0,0,0
KAF2207239,65,64,70,0,0,0,0,0,0,4,0,0,2,7,2
KAF2207240,15980,14194,11020,14,8,6,24,10,27,122,59,40,666,1747,843
KAF2207241,1948,1669,1409,0,2,0,6,0,4,22,8,16,51,117,78
KAF2207242,6329,6756,10380,0,0,0,33,20,22,179,57,40,444,1045,441
KAF2207243,1646,1320,1322,3,2,2,0,0,0,10,5,6,30,72,29
KAF2207244,1093,1132,1962,0,0,0,0,2,0,2,0,8,2,28,10
KAF2207245,2491,3271,5403,2,0,0,0,2,2,15,0,2,42,74,24
KAF2207246,670,580,862,2,0,0,0,0,0,5,7,2,14,31,11
KAF2207247,15509,16237,25616,9,2,14,14,13,21,111,38,57,448,873,372
KAF2207248,180,137,235,0,0,2,0,0,0,2,1,5,12,40,17
KAF2207249,334,374,408,0,0,0,0,0,2,2,2,3,23,46,24
KAF2207250,154,143,271,0,0,0,0,0,3,6,0,3,2,8,3
KAF2207251,5,4,15,0,0,0,0,0,0,0,0,0,0,0,0
KAF2207252,0,1,0,0,0,0,0,0,0,0,0,0,0,0,0
KAF2207253,19,32,25,0,0,0,0,0,0,0,0,0,0,2,4
KAF2207254,30,18,12,0,0,0,0,0,0,0,0,0,3,2,1
EFT00053797907,27,13,25,0,0,0,0,0,0,0,0,0,0,1,0
KAF2207255,2152,1839,1186,2,2,1,0,0,0,9,6,3,38,87,22
KAF2207256,486,516,628,0,0,0,0,0,0,3,2,0,4,23,2
KAF2207257,6,9,29,0,0,0,0,0,0,0,0,0,0,3,2
KAF2207258,1470,1410,1919,0,0,4,2,0,2,0,0,0,3,10,14
KAF2207259,425,415,349,0,0,0,0,0,0,5,4,0,8,64,14
KAF2207260,88,66,549,0,0,0,0,0,0,0,0,0,0,2,0
KAF2207261,1248,1603,4561,0,0,0,0,0,0,0,0,0,7,18,7
KAF2207262,121,110,138,0,0,0,0,0,0,0,4,0,2,0,3
KAF2207263,1527,1623,1775,0,0,0,2,2,6,4,5,4,32,58,73
KAF2207264,2637,2984,3835,0,0,0,3,4,8,26,5,7,83,208,78
KAF2207265,2567,2349,1472,2,0,6,0,0,2,6,9,2,39,86,18
KAF2207266,142,118,117,0,0,0,0,0,0,0,0,2,0,1,2
KAF2207267,2,0,2,0,0,0,0,0,0,0,0,0,0,0,0
KAF2207268,163,265,297,0,0,0,0,0,0,1,2,0,4,13,2
KAF2207269,90,90,239,0,0,2,0,0,0,2,0,0,8,14,10
KAF2207270,1235,1369,3416,0,0,0,0,6,2,8,0,4,62,68,44
KAF2207271,478,506,1128,0,0,0,0,0,0,4,0,4,19,23,28
KAF2207272,567,484,598,0,0,0,0,0,0,6,1,0,9,33,15
KAF2207273,1225,1003,1043,0,0,0,2,0,0,8,0,0,6,14,18
KAF2207274,39,38,37,0,0,0,0,0,2,0,0,0,2,5,2
KAF2207275,39,27,28,2,0,0,0,0,2,4,0,0,2,1,5
KAF2207276,160,140,139,0,0,0,0,0,0,0,0,0,0,0,2
KAF2207277,990,821,648,0,0,0,2,0,0,0,0,2,26,71,10
KAF2207278,2028,1568,1062,2,0,0,0,2,2,2,0,4,22,56,17
KAF2207279,66748,71352,60046,13,3,15,0,0,1,24,4,8,50,145,40
KAF2207280,27130,27280,22474,2,5,1,0,0,0,7,7,13,32,70,38
KAF2207281,9476,9441,11538,0,0,0,4,0,2,35,4,14,30,73,27
KAF2207282,93,83,153,0,0,0,0,0,0,1,0,0,1,14,0
KAF2207283,56,72,61,0,0,0,0,0,0,1,0,0,5,7,3
KAF2207284,4556,3979,4270,0,0,0,0,0,0,4,4,0,19,53,18
KAF2207285,1535,1094,1875,1,4,4,2,0,1,20,18,14,35,72,32
KAF2207286,1718,1626,1531,0,0,0,0,2,0,6,2,0,17,55,20
KAF2207287,1098,924,924,3,0,6,6,0,4,22,0,4,36,50,35
KAF2207288,1070,1282,1663,0,2,2,0,0,2,2,4,2,19,45,30
KAF2207289,835,1255,2358,0,0,0,0,0,0,4,0,0,0,16,4
KAF2207290,20201,18074,13115,0,1,11,4,4,1,21,12,15,76,120,44
KAF2207291,5525,4628,3887,0,0,2,1,1,0,2,1,1,7,26,15
KAF2207292,1595,1243,511,4,2,0,0,0,0,4,0,0,14,48,12
KAF2207293,2570,2305,2502,0,0,2,4,2,0,23,5,12,100,189,76
KAF2207294,5133,3122,533,2,2,2,0,0,0,0,0,2,6,13,6
KAF2207295,30,32,18,0,0,0,0,0,0,0,0,0,0,0,0
KAF2207296,4822,4547,3156,0,0,2,0,0,0,22,4,7,42,77,33
KAF2207297,317,310,365,0,0,0,0,0,0,4,0,0,0,7,5
KAF2207298,8435,5282,9684,21,13,12,0,4,10,83,44,53,676,1426,508
KAF2207299,5059,4127,3123,2,4,3,10,0,0,15,8,7,46,71,24
KAF2207300,3263,2536,2561,4,0,6,4,1,0,11,8,6,46,78,45
KAF2207301,558,387,336,0,0,0,0,0,0,6,0,2,8,12,10
KAF2207302,134,137,112,0,0,2,0,0,0,4,2,0,75,232,118
KAF2207303,1671,1241,657,2,2,0,4,0,8,8,0,3,17,54,43
KAF2207304,123,134,178,0,0,0,0,0,0,0,0,0,0,5,3
KAF2207305,92,113,343,0,0,0,2,0,0,0,0,0,0,13,6
KAF2207306,2706,3262,6039,0,0,0,4,0,2,43,18,26,100,228,80
KAF2207307,25,21,43,0,0,0,0,0,0,0,0,2,0,2,0
KAF2207308,400,321,540,0,0,0,0,0,0,0,0,2,6,9,0
KAF2207309,857,903,1015,0,0,0,0,0,0,7,0,1,10,56,28
KAF2207310,1984,2555,3773,2,0,0,0,0,4,14,10,16,70,110,51
KAF2207311,768,595,297,0,0,0,0,0,0,2,0,2,6,10,10
KAF2207312,26,29,73,0,0,0,0,0,0,4,0,0,0,2,0
KAF2207313,80,51,100,0,0,0,0,0,0,0,0,0,0,5,2
KAF2207314,90,62,97,0,0,0,0,0,0,0,0,0,0,4,0
KAF2207315,3053,2725,1627,2,0,0,0,0,0,4,0,0,18,51,14
KAF2207316,38511,36223,23333,7,12,8,19,25,13,114,53,66,474,964,455
KAF2207317,20536,17755,7998,6,3,4,2,2,0,38,4,5,78,144,57
KAF2207318,227,182,118,0,0,0,0,0,0,0,0,0,2,8,0
KAF2207319,4570,3947,4864,0,2,2,0,0,0,25,8,2,31,110,45
KAF2207320,1801,1695,2244,0,2,0,0,0,0,12,4,2,6,26,14
KAF2207321,3611,2828,2577,0,4,0,2,0,2,22,4,6,46,103,31
KAF2207322,400,366,486,0,0,0,0,0,2,0,0,1,14,24,15
KAF2207323,16,25,56,0,0,0,0,0,0,2,0,0,7,3,1
KAF2207324,73,68,85,0,0,0,0,0,0,0,2,0,4,21,17
KAF2207325,22710,16769,3917,10,10,3,0,0,0,2,0,0,92,137,123
KAF2207326,2040,2068,4149,4,2,5,2,2,0,19,3,6,29,67,20
KAF2207103,506,549,833,0,0,0,0,0,2,6,2,0,24,83,44
KAF2207104,2967,2402,1938,0,0,0,0,0,2,11,10,3,23,68,37
KAF2207105,871,761,1185,0,2,0,2,0,0,10,6,8,45,43,24
KAF2207106,5,21,19,0,0,0,0,0,0,0,0,0,0,0,2
KAF2207107,13,12,12,0,0,0,0,0,0,0,0,0,0,0,4
KAF2207108,2181,2208,1996,0,2,0,0,0,2,4,0,0,31,31,14
KAF2207109,3269,3320,5383,4,0,3,4,0,0,6,2,5,14,44,10
KAF2207110,2384,2195,1226,0,2,2,0,0,0,8,0,8,33,92,27
KAF2207111,109,133,99,0,0,0,0,0,0,0,0,0,1,0,0
KAF2207112,1454,1386,2828,0,0,0,0,1,2,8,4,4,28,22,22
KAF2207113,543,433,824,0,0,0,0,0,2,1,2,2,4,8,6
KAF2207114,2,6,4,0,0,0,0,0,0,0,0,0,0,0,0
KAF2207115,533,485,355,0,0,0,0,0,0,14,6,7,14,39,22
KAF2207116,53,49,57,0,0,0,0,2,0,2,0,0,6,0,0
KAF2207117,1722,1561,1687,2,0,2,0,0,2,8,5,7,54,123,56
KAF2207118,489,484,759,0,0,0,0,0,0,2,4,0,25,66,14
KAF2207119,2078,1727,1023,0,4,2,2,1,2,11,0,6,30,54,26
KAF2207120,773,650,940,0,0,0,0,0,0,3,1,2,19,37,17
KAF2207121,14480,12995,6778,2,2,5,0,0,2,16,6,6,47,118,43
KAF2207122,76,82,175,0,0,0,0,0,0,0,0,0,0,13,4
KAF2207123,68,90,124,0,0,0,0,0,0,0,0,0,7,3,2
KAF2207124,120,72,143,0,0,0,0,0,0,3,0,2,5,6,6
KAF2207125,2199,1981,3201,1,0,0,2,0,2,10,0,2,17,33,11
KAF2207126,16576,14403,11743,10,6,3,2,0,2,51,15,34,178,314,91
KAF2207127,3805,3850,3726,2,0,0,2,2,8,23,6,11,99,239,131
KAF2207128,555,626,998,0,2,0,0,0,0,2,2,0,25,62,34
KAF2207129,49,34,74,0,0,0,0,0,0,3,0,0,0,10,0
KAF2207130,150,129,121,0,0,0,0,0,0,0,0,0,4,0,0
KAF2207131,287,305,482,0,0,0,2,0,3,1,0,0,13,24,6
KAF2207132,2842,3061,6363,2,0,0,4,2,6,28,8,9,44,95,33
KAF2207133,7015,5300,1176,0,0,0,0,1,0,6,0,0,28,39,20
KAF2207134,3,2,3,0,0,0,0,0,0,0,0,0,2,0,1
KAF2207135,1222,999,1190,2,0,4,2,0,3,22,0,10,54,135,48
KAF2207136,410,330,761,2,0,0,0,0,2,4,2,0,17,43,8
KAF2207137,712,709,688,0,0,0,0,0,0,4,2,4,4,10,16
KAF2207138,1239,1287,1710,0,0,0,0,2,1,6,0,4,11,52,22
KAF2207139,417,446,589,0,0,0,0,0,0,8,0,0,11,44,32
KAF2207140,3303,2746,1741,0,0,0,0,2,0,22,8,7,25,54,30
KAF2207141,1762,1750,1301,2,4,0,0,2,8,6,10,6,30,88,50
KAF2207142,34,33,39,0,0,0,0,0,0,0,0,0,0,2,0
KAF2207143,2405,1922,2706,8,0,2,4,0,8,12,9,13,29,70,23
KAF2207144,14267,12986,8731,5,6,7,9,2,11,125,70,30,603,1518,747
KAF2207145,4028,3312,6969,10,6,4,2,6,2,44,12,18,122,270,111
KAF2207146,2,3,3,0,0,0,0,0,0,0,0,0,0,0,2
KAF2207147,1704,1694,1623,0,0,2,0,0,2,6,2,8,23,58,11
KAF2207148,1275,1133,421,4,1,0,0,0,2,1,0,2,38,48,29
KAF2207149,1791,1616,1300,0,0,0,0,3,0,14,0,2,34,71,26
KAF2207150,29703,25580,12240,8,2,8,0,0,2,24,4,8,66,203,74
KAF2207151,180,146,194,0,0,0,0,0,0,4,1,4,7,8,13
KAF2207152,376,328,388,2,0,0,0,0,0,12,6,2,4,14,6
KAF2207153,1918,1484,895,2,0,0,0,0,0,7,3,4,54,54,33
KAF2207154,1392,862,473,2,0,2,2,0,0,6,6,2,10,18,15
KAF2207155,51,44,18,0,0,0,0,0,0,0,0,0,2,2,0
KAF2207156,15001,13893,11340,11,8,6,3,2,4,60,19,34,202,391,191
KAF2207157,42,29,39,0,0,0,2,0,0,0,0,0,2,2,2
KAF2207158,951,737,310,0,0,0,0,0,0,11,6,7,34,84,47
KAF2207159,1906,1568,1057,0,2,0,0,0,0,6,6,5,40,72,48
KAF2207160,3391,2989,3096,0,0,2,2,0,0,20,9,6,109,223,119
KAF2207161,489,501,1008,0,0,0,0,0,2,11,0,2,12,31,15
KAF2207162,814,814,1420,0,0,1,1,0,2,22,1,12,26,44,15
KAF2207163,123,72,130,0,0,0,0,0,0,0,0,0,0,2,2
KAF2207164,1514,1245,786,2,0,0,0,0,0,2,0,0,2,11,16
KAF2207165,5848,5595,3034,2,0,3,4,4,3,17,4,4,59,175,60
KAF2207166,2704,2567,2039,0,0,2,4,0,0,5,4,6,35,132,68
KAF2207167,1519,1329,1141,0,0,0,2,0,4,18,2,6,39,101,42
KAF2207168,12713,12317,9012,2,0,0,4,4,2,16,16,6,36,47,20
KAF2207169,1811,1423,1255,0,0,0,0,0,2,7,6,2,33,54,25
KAF2207170,26,27,26,0,0,0,1,0,0,0,0,0,1,4,2
KAF2207171,84,74,104,0,0,0,1,0,0,0,0,0,7,7,4
KAF2207172,39,22,49,0,0,2,0,0,0,0,0,0,0,2,0
KAF2207173,59,42,83,0,0,0,0,0,1,0,0,2,0,8,2
KAF2207174,3107,2611,1904,8,2,3,0,0,0,10,12,8,47,91,52
KAF2207175,471,316,245,2,0,0,0,0,0,0,0,4,4,8,4
KAF2207176,1697,1358,1076,0,0,2,0,0,0,8,4,2,44,54,35
KAF2207177,92,94,181,0,0,0,0,0,2,2,0,0,4,3,5
KAF2207178,97,80,249,0,0,0,0,0,2,0,0,0,6,4,2
KAF2207179,10123,8943,8461,3,2,12,0,2,3,74,25,35,271,438,192
KAF2207180,6,8,16,0,0,0,0,0,0,0,0,0,0,2,0
KAF2207181,130,116,101,0,0,2,0,0,0,0,0,0,0,10,0
KAF2207182,3784,3624,2307,0,0,0,1,2,2,19,0,4,28,75,42
KAF2207183,4238,3738,1381,4,2,3,0,0,2,8,5,4,39,51,30
KAF2207184,3996,3327,3786,2,2,14,6,10,6,24,6,6,100,224,67
KAF2207185,1195,1208,1618,2,0,0,0,2,2,14,6,4,42,97,51
KAF2207186,3695,3332,2941,2,6,2,0,2,4,25,14,12,97,218,114
KAF2207187,197,259,757,0,0,0,5,2,2,18,8,14,6,8,4
KAF2207188,437,636,1323,0,0,0,0,0,0,2,0,0,12,15,19
KAF2207189,318,258,373,0,0,0,0,0,0,13,0,2,29,70,58
KAF2207190,425,340,519,0,0,0,0,2,2,4,0,0,13,25,12
KAF2207191,132,151,212,0,0,0,0,0,0,6,1,4,8,25,6
KAF2207192,3567,3541,4115,0,0,0,46,34,28,198,32,35,267,560,301
KAF2207193,380,333,488,0,0,0,0,0,4,3,0,2,13,30,11
KAF2207194,379,338,617,0,0,0,0,2,0,4,2,8,23,37,22
KAF2207195,988,854,1062,0,2,0,4,0,0,4,2,2,34,71,25
KAF2207196,1090,1108,2641,0,1,0,0,2,2,22,2,6,56,110,70
KAF2207197,101,87,89,0,0,0,0,0,0,0,0,0,4,4,3
KAF2207198,8,10,2,0,0,0,0,0,0,0,2,0,0,0,0
KAF2207199,857,875,2065,2,0,0,0,0,2,10,2,2,52,63,30
KAF2207200,920,967,1346,0,0,2,0,0,2,6,0,4,36,83,44
KAF2207201,309,254,153,2,0,0,0,0,0,4,1,0,14,25,12
KAF2207202,1257,1233,843,2,0,2,0,1,0,6,0,2,21,22,4
KAF2207203,1488,1060,1168,0,0,2,0,0,0,16,2,10,70,153,58
KAF2207204,92,73,114,0,0,0,0,0,0,0,2,0,8,5,8
KAF2207205,160,118,274,0,0,0,0,0,0,2,0,0,11,22,10
KAF2207206,7,4,14,0,0,0,0,0,0,0,0,0,0,2,0
KAF2207207,34,29,67,0,0,0,0,0,0,4,0,0,2,4,3
KAF2207208,1843,1622,1685,0,0,0,4,0,4,4,2,9,38,86,28
KAF2207209,1253,1033,1029,2,0,0,0,0,0,2,8,4,16,11,10
KAF2207210,3712,2976,3088,0,6,2,0,2,2,6,0,0,28,79,43
KAF2207211,169,143,36,0,0,0,2,0,0,19,8,5,37,67,53
KAF2207212,269,249,464,0,0,0,0,0,1,8,4,6,25,67,18
KAF2207213,876,686,815,0,0,0,4,2,2,48,27,10,222,339,229
KAF2207214,1365,1257,726,0,0,3,3,0,1,7,0,1,5,27,4
KAF2207215,19138,14788,1059,5,0,2,2,0,10,8,4,2,58,184,67
KAF2207216,1687,1529,2902,0,2,2,0,2,4,22,2,0,26,75,39
KAF2207217,1706,1399,1534,1,0,2,2,0,2,7,0,4,23,51,30
KAF2207218,1310,1211,1783,0,0,1,2,0,3,14,3,0,19,53,16
EFT00053797909,5,7,4,0,0,0,0,0,0,0,0,0,2,0,0
KAF2207219,2,0,0,0,0,0,0,0,0,0,0,0,0,0,0
KAF2207220,401,555,587,0,0,0,0,0,0,0,0,2,10,21,17
KAF2207221,17,14,29,0,0,0,0,0,0,0,2,0,0,5,4
KAF2207222,989,789,576,0,0,0,0,0,2,2,10,0,18,36,24
KAF2207223,8282,7480,4082,6,4,4,4,4,2,11,11,11,78,138,55
KAF2207224,980,1043,2046,0,3,2,0,0,0,3,2,6,10,17,7
KAF2207225,2259,2321,2386,0,2,4,0,0,4,2,2,2,4,32,16
KAF2207024,154,102,111,2,0,0,0,0,0,22,2,12,91,51,50
KAF2207025,30,27,44,0,0,0,0,0,0,2,0,0,5,2,2
KAF2207026,316,423,678,0,0,2,0,0,0,7,8,3,9,50,22
KAF2207027,4629,5270,10301,0,2,2,8,2,4,36,12,18,91,211,105
KAF2207028,64,72,140,0,0,0,0,0,0,0,0,0,0,0,2
KAF2207029,318,368,584,0,0,0,0,0,0,5,0,6,12,27,6
KAF2207030,306,390,820,0,0,0,0,0,0,0,0,0,0,1,2
KAF2207031,10,18,46,0,0,0,0,0,0,0,0,0,0,0,0
KAF2207032,123,200,593,0,0,0,0,0,0,0,0,0,0,0,0
KAF2207033,517,559,479,0,0,0,0,0,0,3,0,5,36,66,49
KAF2207034,8636,7460,4248,0,0,1,2,3,0,9,12,3,45,147,69
KAF2207035,273,272,323,0,0,0,0,0,0,3,0,1,8,12,6
KAF2207036,205,192,166,0,0,0,0,0,0,1,0,1,5,5,0
KAF2207037,2496,2650,1056,0,0,0,8,0,5,21,1,3,28,70,26
KAF2207038,1127,1074,863,0,0,0,0,0,0,0,2,2,2,25,1
KAF2207039,8693,8103,2748,0,0,2,0,2,0,12,8,2,12,61,24
KAF2207040,89,88,57,0,0,0,0,0,0,1,0,0,0,1,1
KAF2207041,429,407,458,0,0,0,2,0,2,4,0,0,19,36,21
KAF2207042,1136,919,694,2,0,2,4,8,6,109,59,53,258,465,204
KAF2207043,419,332,690,0,0,0,0,0,0,4,0,0,8,9,6
KAF2207044,22,42,48,0,0,0,0,0,0,0,0,0,0,0,0
KAF2207045,41,36,107,0,0,0,0,0,0,0,0,1,2,4,3
KAF2207046,413,422,844,0,0,0,2,4,0,3,2,4,4,28,6
KAF2207047,963,798,704,2,6,0,0,0,2,4,0,5,18,38,10
KAF2207048,22,13,45,0,0,0,0,0,0,0,0,0,0,2,2
KAF2207049,58,60,109,0,0,2,1,0,0,0,0,0,1,2,2
KAF2207050,378,438,453,1,1,0,0,0,0,2,0,1,14,21,10
KAF2207051,3398,3194,2281,2,2,2,0,0,0,4,0,9,33,72,21
KAF2207052,428,436,321,0,2,0,4,0,2,2,0,0,4,6,2
KAF2207053,2653,2843,3967,0,0,2,4,0,12,34,11,14,130,322,153
KAF2207054,3677,4364,8237,1,0,0,4,0,2,6,2,9,16,60,10
KAF2207055,43,12,26,0,0,0,0,0,0,0,0,0,0,1,4
KAF2207056,120,91,88,0,0,0,0,0,0,0,0,2,8,10,6
KAF2207057,598,575,942,0,0,2,0,0,0,51,26,27,130,211,92
KAF2207058,329,317,391,0,0,0,0,0,0,11,2,2,55,87,39
KAF2207059,981,894,690,0,0,2,0,0,0,14,4,6,33,62,40
KAF2207060,423,312,478,0,0,0,0,0,2,13,2,6,28,71,27
KAF2207061,3218,2850,2996,0,2,0,6,0,6,12,10,2,47,116,64
KAF2207062,1354,1441,3186,0,0,0,6,0,3,20,6,23,68,131,41
KAF2207063,1349,1475,3420,0,0,0,2,2,0,4,0,2,21,28,13
KAF2207064,6970,6750,9167,5,0,2,4,0,2,23,5,21,66,135,77
KAF2207065,22,26,23,0,0,0,0,0,0,0,0,0,2,0,0
KAF2207066,551,576,1333,0,0,0,2,0,2,10,0,2,16,21,7
KAF2207067,532,482,751,0,0,0,0,0,0,5,0,0,12,20,6
EFT00053797911,0,0,0,0,0,0,0,0,0,0,0,0,0,0,0
KAF2207068,5722,2549,2774,34,14,51,4,0,0,16,0,0,91,108,113
KAF2207069,1,0,2,0,0,0,0,0,0,0,0,0,0,0,0
EFT00053797910,3,7,1,0,0,0,0,0,0,0,0,0,0,0,0
KAF2207070,64,76,138,0,0,0,0,0,0,0,0,0,2,0,0
KAF2207071,136,141,262,0,0,0,0,0,0,0,0,1,6,11,2
KAF2207072,17,6,18,0,0,0,0,0,0,0,0,0,0,3,0
KAF2207073,121,117,52,0,0,0,0,0,0,0,0,0,2,6,1
KAF2207074,1009,746,648,0,2,2,0,2,0,8,6,1,35,94,22
KAF2207075,1453,1625,3327,2,2,0,4,0,0,5,2,0,10,43,28
KAF2207076,12,13,58,0,0,0,0,0,0,0,0,2,0,0,0
KAF2207077,6,10,8,0,0,0,0,0,0,0,0,0,0,0,1
KAF2207078,2411,2175,2130,0,0,2,0,4,0,20,8,10,73,161,110
KAF2207079,446,471,575,0,0,0,2,0,0,5,5,2,20,42,11
KAF2207080,3819,3800,3284,2,0,4,0,0,2,27,2,10,44,106,49
KAF2207081,2949,2197,1464,0,0,2,0,0,6,6,4,4,20,65,34
KAF2207082,1433,1222,1365,2,0,0,0,0,0,3,4,10,40,56,26
KAF2207083,742,784,530,0,0,0,0,0,0,6,0,0,2,16,6
KAF2207084,465,426,326,0,0,0,0,0,0,4,0,2,10,18,7
KAF2207085,61,40,51,0,0,0,0,0,2,1,0,0,2,5,0
KAF2207086,152,157,252,0,0,0,0,0,0,5,0,2,9,27,10
KAF2207087,1533,1435,969,5,0,2,2,2,4,27,11,5,41,135,52
KAF2207088,383,437,292,0,2,0,0,0,2,7,0,0,12,30,12
KAF2207089,2612,2180,3665,0,2,0,0,1,0,10,2,4,17,34,14
KAF2207090,1035,1015,1070,0,0,1,0,0,0,1,2,0,11,10,3
KAF2207091,3546,2800,2171,2,2,0,6,0,0,18,2,4,29,60,22
KAF2207092,1200,1549,2408,0,0,0,2,0,2,2,8,0,10,14,10
KAF2207093,61,55,42,0,0,0,0,0,0,12,2,2,20,22,10
KAF2207094,1857,2798,4551,0,0,0,0,0,2,0,0,0,4,15,6
KAF2207095,312,255,421,2,0,0,6,0,0,2,3,5,9,46,22
KAF2207096,455,416,555,0,0,2,2,0,0,0,0,2,21,16,7
KAF2207097,749,731,800,0,0,0,0,0,0,0,3,3,20,24,12
KAF2207098,2448,2228,2034,0,0,0,2,0,2,14,3,6,13,74,26
KAF2207099,728,647,844,0,0,2,2,0,2,3,2,2,8,19,4
KAF2207100,65,89,125,0,0,0,0,2,0,18,10,12,25,46,26
KAF2207101,1271,928,891,0,0,0,0,0,0,44,22,30,97,195,92
KAF2207102,30,27,28,0,0,0,0,0,0,0,0,0,0,2,3
EFT00053797912,79,72,85,0,0,0,0,0,0,0,0,0,0,0,4
KAF2206951,866,855,1229,0,0,2,0,4,0,6,2,4,30,82,59
KAF2206952,1206,1125,1296,0,0,0,0,0,2,10,3,2,14,40,19
KAF2206953,231,173,229,0,0,1,0,0,0,3,0,1,1,9,9
KAF2206954,934,899,1011,0,0,0,2,0,0,15,10,4,41,70,37
KAF2206955,659,582,1132,0,0,4,0,0,0,2,1,7,2,15,2
KAF2206956,841,711,548,0,0,0,0,0,0,1,1,0,11,21,10
KAF2206957,1022,769,731,0,0,2,0,0,4,4,3,4,17,35,26
KAF2206958,720,604,1154,0,0,0,0,0,0,23,5,2,63,125,42
KAF2206959,30692,32137,57972,2,2,2,30,30,23,185,50,65,659,1285,504
KAF2206960,26,28,57,0,0,0,0,0,0,0,0,0,0,2,0
KAF2206961,69,71,246,0,0,0,0,0,0,2,0,0,6,5,4
KAF2206962,65,82,202,0,0,0,0,0,0,0,0,3,3,8,11
KAF2206963,1668,1385,718,0,0,0,0,0,0,4,2,4,18,46,16
KAF2206964,854,772,816,0,0,1,0,0,0,17,5,0,40,40,37
KAF2206965,17,25,27,0,0,0,0,0,0,0,0,0,2,0,0
KAF2206966,2516,2567,4813,0,0,2,0,2,8,52,6,12,91,195,45
KAF2206967,2737,2581,2507,0,0,2,0,2,2,30,17,8,97,147,84
KAF2206968,1325,1074,829,4,0,0,2,0,0,5,4,5,22,47,27
KAF2206969,605,547,387,0,0,0,0,0,0,3,4,1,8,9,15
KAF2206970,10,9,42,0,0,0,0,0,0,0,0,0,2,3,6
KAF2206971,22320,21753,10630,2,0,0,0,0,7,6,4,0,53,64,33
KAF2206972,18253,15577,6970,6,8,4,10,6,8,55,18,28,117,290,91
KAF2206973,3312,3334,2001,2,0,0,2,0,8,22,8,6,40,141,92
KAF2206974,42,57,30,0,0,0,0,0,0,2,0,0,0,4,0
KAF2206975,55,62,43,0,0,0,0,0,0,0,0,0,2,0,0
KAF2206976,390,400,857,0,0,0,0,0,0,12,0,2,18,28,20
KAF2206977,170,197,389,0,2,0,0,0,2,6,0,0,7,14,8
KAF2206978,1183,1180,359,0,0,0,0,0,0,0,0,0,2,10,2
KAF2206979,2158,1877,1298,0,0,0,0,2,4,10,8,4,28,49,20
KAF2206980,33404,29972,32943,12,8,22,32,22,52,193,54,81,562,1112,408
KAF2206981,16241,17977,17127,0,0,2,0,0,0,6,0,0,7,21,18
KAF2206982,732,738,820,2,0,0,0,0,2,6,4,2,13,33,8
KAF2206983,3092,2914,4792,0,0,0,4,0,2,6,0,0,18,29,16
KAF2206984,201,170,236,0,0,0,0,0,0,27,0,2,32,197,112
KAF2206985,1420,1464,1665,1,4,0,2,0,0,5,2,4,35,75,36
KAF2206986,390,338,524,0,0,0,0,0,0,4,2,6,26,68,20
KAF2206987,3383,2722,1065,0,0,2,0,0,0,6,2,1,11,14,23
KAF2206988,101,105,153,0,0,0,0,0,0,6,0,2,8,13,7
KAF2206989,1105,995,852,4,0,0,0,0,0,0,0,4,8,29,21
KAF2206990,3176,2348,949,6,0,2,2,0,0,11,3,3,69,185,78
KAF2206991,883,824,367,0,0,0,0,0,0,0,1,1,28,47,22
KAF2206992,398,360,553,0,0,0,0,0,0,4,0,4,13,20,2
KAF2206993,520,695,2039,0,0,0,0,0,0,0,0,0,10,43,14
KAF2206994,2856,2705,2629,2,0,4,2,4,2,24,2,2,88,157,84
KAF2206995,779,813,582,2,0,0,0,2,2,15,0,6,13,34,9
KAF2206996,1058,1003,641,0,0,0,0,0,0,0,0,0,7,10,12
KAF2206997,2406,2303,2221,0,2,4,0,0,2,10,2,5,29,77,37
KAF2206998,3000,2480,2508,2,0,0,2,0,1,55,20,17,196,345,201
KAF2206999,5801,5059,4419,4,0,2,2,2,2,24,2,21,116,246,87
KAF2207000,34,36,46,0,0,0,0,0,0,0,0,0,0,1,0
KAF2207001,1913,1685,1482,4,0,0,2,0,2,4,2,2,35,79,40
KAF2207002,92,76,105,0,0,0,0,0,0,2,4,0,0,6,3
KAF2207003,172,120,261,0,0,0,0,2,0,0,0,2,10,40,15
KAF2207004,384,322,238,0,0,0,1,0,0,6,3,0,11,19,19
KAF2207005,7126,6700,9819,0,0,2,0,0,0,0,0,2,21,89,29
KAF2207006,530,441,502,0,0,0,0,0,0,16,4,4,42,57,16
KAF2207007,1037,1086,968,0,2,0,0,4,4,26,10,6,64,86,55
KAF2207008,380,367,414,0,2,0,0,0,0,4,0,0,4,10,6
KAF2207009,23588,22519,22618,6,1,4,6,6,12,84,36,20,269,621,267
KAF2207010,1259,1450,1125,0,0,0,0,0,2,1,4,7,13,54,26
KAF2207011,1498,1341,1518,0,0,0,0,0,2,14,2,4,52,109,22
KAF2207012,248,218,264,0,0,0,0,0,0,0,1,0,0,6,2
KAF2207013,1663,1268,1300,2,2,0,0,0,2,10,4,2,35,56,38
KAF2207014,389,376,485,2,0,0,0,2,0,3,0,4,21,34,25
KAF2207015,308,331,412,0,0,0,0,0,2,7,0,6,15,34,21
KAF2207016,1792,1460,2296,0,0,0,0,0,0,11,0,2,30,35,11
KAF2207017,2779,3807,6123,2,0,0,0,0,0,7,4,4,47,62,31
KAF2207018,846,821,1128,0,0,0,0,1,0,4,0,0,17,12,6
KAF2207019,1253,1379,1671,0,0,2,0,1,0,2,0,3,5,14,4
KAF2207020,29405,29883,24136,4,2,0,1,0,4,16,0,0,54,77,31
KAF2207021,2778,3538,5983,0,0,2,0,0,4,0,0,0,4,14,12
KAF2207022,177,120,147,0,0,0,0,0,0,1,0,0,9,14,5
KAF2207023,107,64,94,0,0,0,0,0,0,0,0,0,4,6,4
KAF2206909,4,5,14,0,0,0,0,0,0,0,0,0,2,0,0
KAF2206910,13,6,16,0,0,0,0,0,0,0,0,0,1,4,4
KAF2206911,68,84,97,0,0,0,0,0,0,0,0,2,2,18,14
KAF2206912,2200,1994,2386,4,4,2,2,0,4,34,2,12,54,90,40
KAF2206913,44,49,67,0,0,0,0,0,0,0,0,2,0,2,0
KAF2206914,2348,2119,2092,0,0,0,0,4,2,6,0,0,30,62,22
KAF2206915,1054,813,511,0,1,1,0,2,0,3,0,3,21,49,16
KAF2206916,929,740,789,0,0,2,2,0,0,6,2,2,28,36,12
KAF2206917,3280,3072,3223,4,0,2,0,2,0,13,4,3,21,64,10
KAF2206918,245,224,292,0,2,0,0,0,0,7,1,0,9,42,27
KAF2206919,18,10,17,0,0,0,0,0,0,0,0,0,0,0,0
KAF2206920,96,50,107,0,0,0,0,0,0,2,0,5,2,2,4
KAF2206921,20,5,0,0,0,0,0,0,0,0,0,0,0,0,0
KAF2206922,1767,1745,2663,2,0,2,6,2,2,31,8,20,127,332,175
KAF2206923,4394,4332,4126,3,4,2,6,6,4,35,10,6,78,223,89
KAF2206924,421,376,744,0,0,2,2,4,4,30,4,0,42,128,54
KAF2206925,33,37,36,0,0,0,0,0,0,6,2,0,27,42,28
KAF2206926,207,228,277,2,0,0,0,0,0,0,0,0,4,10,8
KAF2206927,2305,2493,3531,6,0,2,0,0,2,9,0,2,11,17,6
KAF2206928,2,0,0,0,0,0,0,0,0,0,0,0,0,0,0
KAF2206929,6,18,2,0,0,0,0,0,2,63,53,6,519,1285,522
KAF2206930,0,0,0,0,0,0,0,0,0,0,0,0,0,0,0
KAF2206931,15,6,27,0,0,0,0,0,0,0,0,0,0,0,0
KAF2206932,58,60,126,0,0,0,0,0,0,0,0,0,0,2,0
KAF2206933,13,8,18,0,0,0,0,0,0,0,0,0,0,0,0
KAF2206934,3919,3513,3464,2,0,4,0,2,0,14,0,0,34,50,22
KAF2206935,5,6,14,0,0,0,0,0,0,0,0,0,0,0,0
KAF2206936,492,514,1369,0,0,0,0,0,0,0,0,2,15,25,7
KAF2206937,1198,1100,1040,1,0,0,0,2,0,5,2,0,21,120,64
KAF2206938,23,9,6,0,0,0,0,0,0,0,0,0,0,0,0
KAF2206939,286,221,338,0,0,0,0,0,2,4,0,0,7,18,7
KAF2206940,338,306,537,0,0,0,3,0,1,17,5,2,51,96,43
KAF2206941,718,884,1538,0,0,2,0,0,2,10,8,2,40,82,42
KAF2206942,17788,16244,11849,10,4,6,24,16,16,125,37,57,563,1251,633
KAF2206943,648,578,1449,0,2,0,3,0,2,13,4,3,15,49,7
KAF2206944,667,620,1237,0,0,0,0,2,6,22,6,3,65,97,42
KAF2206945,1521,1228,720,0,0,0,0,0,0,2,0,0,34,57,11
KAF2206946,427,378,485,0,0,0,0,0,0,4,0,2,7,4,7
KAF2206947,4968,4698,4357,0,2,0,0,0,2,13,2,3,59,141,58
KAF2206948,9,16,1,0,0,0,0,0,0,1,0,0,2,4,4
KAF2206949,31,30,60,0,0,0,0,0,0,4,0,0,2,0,3
KAF2206950,16230,12876,9626,14,9,13,2,0,2,4,2,0,46,119,68
KAF2206850,2283,2293,4522,0,0,0,1,0,6,12,4,6,115,248,121
KAF2206851,30,31,50,0,0,0,0,0,0,0,0,0,0,2,1
KAF2206852,586,569,956,0,0,0,0,0,0,0,0,2,15,36,38
KAF2206853,2477,2332,2923,2,0,3,2,0,0,21,5,0,18,68,28
KAF2206854,46,45,43,0,0,0,0,0,0,0,0,0,2,2,1
KAF2206855,663,741,547,0,0,0,0,0,0,3,0,4,14,56,54
KAF2206856,3755,4525,6792,0,0,0,0,0,1,2,0,2,11,23,8
KAF2206857,301,273,275,0,0,2,0,0,1,1,0,0,2,25,8
KAF2206858,2436,2164,1143,2,0,0,0,0,2,0,0,2,9,20,6
KAF2206859,8187,7542,11104,2,2,4,2,6,8,35,21,10,61,142,64
KAF2206860,580,528,492,0,0,0,2,0,0,5,0,6,24,48,15
KAF2206861,151,126,127,0,0,0,0,0,0,2,0,2,6,2,2
KAF2206862,19589,18600,19138,2,0,2,8,2,4,20,6,5,67,140,84
KAF2206863,1239,1235,1416,0,0,0,2,0,0,4,0,0,16,16,8
KAF2206864,552,462,573,0,0,0,0,0,0,0,0,0,4,4,3
KAF2206865,2330,2222,2648,2,0,2,2,0,0,10,4,2,18,72,10
KAF2206866,21,33,40,1,0,0,0,0,0,0,0,0,0,0,0
KAF2206867,4794,4074,3450,2,0,0,0,1,4,1,0,2,18,17,12
KAF2206868,2798,2536,2074,0,2,2,0,0,0,6,2,2,19,30,13
KAF2206869,3625,3855,5093,2,1,0,0,2,0,10,2,2,16,38,20
KAF2206870,13236,14045,22400,4,6,11,4,3,0,16,5,0,44,61,20
KAF2206871,620,636,1125,0,0,0,0,0,0,0,0,0,4,1,2
KAF2206872,79,93,184,0,0,0,0,0,0,3,0,0,1,2,0
KAF2206873,28,39,43,0,0,0,0,0,0,0,0,0,1,2,4
KAF2206874,275,233,343,2,0,0,0,0,0,1,2,2,19,21,10
KAF2206875,1713,1546,1867,0,0,0,4,2,0,17,4,10,38,127,55
KAF2206876,503,529,561,2,2,0,0,0,2,0,1,5,12,27,16
KAF2206877,3727,3327,2705,0,2,4,0,2,0,16,12,23,66,117,64
KAF2206878,458,370,528,0,2,0,0,0,2,8,0,2,2,8,11
KAF2206879,417,321,154,0,0,1,0,0,0,0,0,0,4,11,1
KAF2206880,13702,11687,15766,20,4,17,4,0,4,68,20,30,206,378,141
KAF2206881,381,357,511,0,0,0,0,0,0,0,0,0,0,4,7
KAF2206882,744,765,955,0,0,0,0,0,2,4,2,2,8,15,10
KAF2206883,43,26,50,0,0,2,0,0,1,0,0,0,5,7,4
KAF2206884,27,14,62,0,0,0,0,0,0,0,0,0,3,3,1
KAF2206885,925,776,849,0,1,0,0,0,0,6,0,2,21,81,24
KAF2206886,16018,15206,11111,8,4,8,8,14,32,118,75,44,660,1742,826
KAF2206887,1682,1654,1446,0,0,0,0,0,0,7,0,1,21,49,14
KAF2206888,156,142,345,0,0,0,0,0,0,0,0,0,4,24,10
KAF2206889,917,881,790,0,0,0,0,0,0,8,1,2,30,47,50
KAF2206890,3490,3030,2856,4,0,0,2,4,5,39,6,5,73,149,81
KAF2206891,1418,1349,1696,0,2,0,2,4,6,12,2,2,44,55,40
KAF2206892,598,611,515,2,0,0,0,0,0,2,1,2,11,34,7
KAF2206893,2502,2160,1305,4,0,2,1,2,2,5,6,0,25,53,35
KAF2206894,160,158,167,1,0,0,0,0,0,0,0,0,3,5,5
KAF2206895,1100,1137,1073,0,0,0,1,0,2,12,2,2,41,62,35
KAF2206896,255,235,287,0,0,0,1,0,0,2,1,3,2,5,1
KAF2206897,14636,14751,33073,0,0,0,0,4,5,63,13,13,179,401,150
KAF2206898,71,71,140,0,0,0,0,0,0,0,2,0,3,2,6
KAF2206899,13,14,15,0,0,0,0,0,0,0,0,0,4,0,0
KAF2206900,749,726,763,0,0,2,0,2,0,12,0,0,11,48,39
KAF2206901,1160,1090,1432,0,0,0,0,0,2,14,4,2,44,103,41
KAF2206902,186,201,235,0,0,0,0,0,0,1,0,1,5,14,4
KAF2206903,5398,4837,5785,4,2,0,0,0,2,12,2,12,21,57,16
KAF2206904,3,4,6,0,0,0,0,0,0,0,0,0,0,0,0
KAF2206905,7,5,9,0,0,0,0,0,0,0,0,0,0,0,2
KAF2206906,715,561,490,1,2,0,0,4,14,197,51,163,336,472,218
KAF2206907,5,9,21,0,0,0,0,0,0,0,0,0,0,0,0
KAF2206908,8,2,8,0,0,0,0,0,0,2,0,2,6,2,4
KAF2206794,1448,1836,2294,0,0,0,0,2,0,46,4,13,16,56,23
KAF2206795,34,46,77,0,0,0,0,0,0,12,3,7,3,1,0
KAF2206796,126,126,245,0,0,0,0,0,0,4,0,0,4,51,18
KAF2206797,72,96,177,0,0,0,0,0,0,0,0,0,0,0,0
KAF2206798,14,16,26,0,0,0,0,0,0,2,0,0,4,2,0
KAF2206799,56,68,149,0,0,0,0,0,0,4,2,0,0,18,0
KAF2206800,309,284,408,0,0,0,0,0,0,4,1,2,11,24,15
KAF2206801,636,475,285,0,0,0,0,0,0,10,4,0,30,57,64
KAF2206802,8228,7842,3700,2,0,0,0,2,0,19,8,11,80,183,138
KAF2206803,3113,3001,2113,0,0,0,0,0,2,0,4,0,15,20,18
KAF2206804,1452,1252,834,0,0,0,0,0,0,5,6,2,8,7,4
KAF2206805,1077,906,532,2,0,2,0,0,0,3,2,2,43,124,26
KAF2206806,1376,1410,1520,4,0,0,0,0,0,10,0,0,87,162,47
KAF2206807,911,942,1151,1,0,2,0,0,0,3,3,1,16,36,24
KAF2206808,891,720,609,0,0,0,0,0,0,10,0,1,16,65,30
KAF2206809,1546,1467,1278,4,0,6,2,0,0,10,3,0,26,55,23
KAF2206810,42,58,93,0,0,0,0,0,0,0,5,0,0,6,4
KAF2206811,4696,4421,4884,2,0,0,2,10,6,31,7,14,113,295,119
KAF2206812,1513,1258,1222,1,2,2,0,0,4,6,0,0,21,55,10
KAF2206813,865,801,803,0,0,0,2,0,10,72,16,23,146,208,106
KAF2206814,9,2,3,0,0,0,0,0,0,10,2,8,19,23,19
KAF2206815,175,168,263,0,0,0,2,0,4,0,0,0,13,15,4
KAF2206816,60,57,37,0,0,0,0,0,0,0,0,0,0,6,2
KAF2206817,1851,1939,1880,0,0,0,0,0,0,6,4,6,29,30,21
KAF2206818,179,156,169,0,0,0,0,0,0,5,6,2,70,121,44
KAF2206819,16018,14920,2410,2,2,9,25,18,24,294,102,78,696,1494,762
KAF2206820,4332,4043,2935,0,0,0,0,0,2,7,5,4,32,44,24
KAF2206821,1802,1437,1233,0,0,0,0,0,4,9,8,6,39,76,42
KAF2206822,45,34,70,0,0,0,0,0,0,0,0,0,1,1,1
KAF2206823,4,4,2,0,0,0,0,0,0,0,0,0,1,0,0
KAF2206824,0,2,5,0,0,0,0,0,0,0,0,0,1,0,0
KAF2206825,11,8,24,0,0,0,0,0,0,0,0,0,0,0,0
KAF2206826,4,3,14,0,0,0,0,0,0,0,0,0,0,0,0
KAF2206827,117,147,248,0,0,0,0,0,0,10,0,0,17,20,13
KAF2206828,0,9,9,0,0,0,0,0,0,0,0,0,0,0,0
KAF2206829,62,63,81,0,0,0,0,0,0,0,0,0,0,0,0
KAF2206830,61,61,57,0,0,0,0,0,0,0,0,1,0,1,0
KAF2206831,6,7,27,0,0,0,0,2,0,1,0,0,0,1,0
KAF2206832,1798,1654,1641,4,0,0,0,0,2,9,9,0,41,174,78
KAF2206833,6967,6088,5008,9,4,5,6,8,20,94,22,16,315,847,449
KAF2206834,1216,1122,677,4,0,2,0,0,0,1,1,3,27,51,32
KAF2206835,872,669,690,4,3,2,0,0,0,0,2,0,14,25,4
KAF2206836,1264,1050,1857,2,0,0,0,0,2,9,3,2,28,65,23
KAF2206837,41,23,69,0,0,0,0,0,0,0,2,0,0,0,0
KAF2206838,3183,3076,3239,0,0,2,0,0,2,10,2,0,18,46,38
KAF2206839,199,173,311,0,0,0,0,0,2,2,0,0,15,22,4
KAF2206840,4054,3440,3393,4,2,2,2,0,0,18,6,0,36,85,29
KAF2206841,1400,1220,2383,0,0,0,0,0,2,16,2,3,53,67,32
KAF2206842,954,1101,1314,1,0,0,2,0,2,4,0,0,13,33,26
KAF2206843,114,117,134,0,0,0,0,0,0,2,0,0,3,6,6
KAF2206844,85,62,99,0,0,0,0,0,0,0,0,0,2,10,0
KAF2206845,1281,1279,1477,0,2,0,2,0,0,18,4,4,33,45,18
KAF2206846,985,926,1900,0,0,0,0,2,6,24,8,4,48,89,44
KAF2206847,160,156,265,0,0,0,0,0,0,0,0,0,6,12,3
KAF2206848,420,324,158,0,0,0,0,0,0,8,4,0,18,27,43
KAF2206849,0,0,0,0,0,0,0,0,0,0,0,0,0,0,0
KAF2206720,117,129,186,4,0,2,0,0,0,2,2,0,10,17,5
KAF2206721,963,1028,816,0,0,0,0,0,0,6,4,0,20,83,27
KAF2206722,48,54,54,0,0,0,0,0,0,0,0,0,0,5,0
EFT00053797913,2,0,0,0,0,0,0,0,0,0,0,0,0,0,0
KAF2206723,992,1041,2344,0,0,0,3,0,14,13,14,12,50,131,70
KAF2206724,243,144,186,0,0,0,0,0,2,2,1,0,9,6,6
KAF2206725,47363,40460,12825,22,14,22,0,2,0,2,0,6,70,62,44
KAF2206726,1397,1127,544,0,2,0,0,0,0,0,0,4,4,11,5
KAF2206727,255,197,409,0,0,0,0,0,0,4,0,0,8,8,0
KAF2206728,5587,4683,4576,2,0,1,0,2,0,25,12,7,43,101,75
KAF2206729,4854,4338,2309,2,2,4,0,0,0,9,4,0,26,76,16
KAF2206730,2617,2284,1357,2,2,0,0,0,6,7,2,2,28,73,37
KAF2206731,69,66,67,0,0,0,0,0,0,0,0,0,0,6,0
KAF2206732,10172,7911,7280,6,2,2,2,6,14,62,12,10,191,411,179
KAF2206733,6474,5260,3593,2,0,4,3,0,2,29,8,18,64,119,51
KAF2206734,20223,19514,21737,23,13,13,11,2,6,33,10,4,131,238,89
KAF2206735,41,46,29,0,0,0,0,0,0,0,0,0,0,0,0
KAF2206736,56,46,110,0,0,0,0,0,0,0,0,0,4,0,0
KAF2206737,208,210,434,0,0,0,0,0,0,7,4,1,12,7,10
KAF2206738,347,391,729,2,2,0,2,2,0,25,13,8,20,32,24
KAF2206739,119,122,196,0,0,0,0,0,0,6,2,0,3,3,3
KAF2206740,902,862,1225,0,0,0,0,0,0,18,8,0,8,14,20
KAF2206741,787,681,958,0,0,0,0,5,0,24,0,2,10,22,15
KAF2206742,3188,2715,1826,4,0,10,0,0,0,2,4,0,13,32,8
KAF2206743,586,416,697,0,0,2,0,0,4,5,0,0,13,38,15
KAF2206744,904,1059,2272,0,0,0,0,2,2,31,6,4,55,134,72
KAF2206745,114,183,325,0,0,0,0,0,0,6,2,2,0,8,8
KAF2206746,717,773,1560,0,0,0,1,0,0,0,4,2,3,14,5
KAF2206747,38031,35444,42476,28,9,15,2,14,14,191,75,78,405,877,365
KAF2206748,503,473,724,0,0,2,6,2,2,205,53,70,392,680,333
KAF2206749,771,594,560,0,0,0,1,0,0,0,2,1,30,27,19
KAF2206750,5626,4804,3373,2,4,4,0,0,4,16,6,11,80,171,92
KAF2206751,32830,35644,929,0,0,0,0,0,0,0,0,7,17,70,34
KAF2206752,3774,4620,276,0,0,0,0,0,0,6,6,7,17,33,5
KAF2206753,34832,31403,16133,13,5,7,2,0,0,17,2,12,17,53,9
KAF2206754,1901,1920,2009,2,4,0,0,0,4,14,2,6,57,84,45
KAF2206755,2130,2297,1711,0,0,0,0,0,0,2,0,1,2,7,11
KAF2206756,766,639,287,0,0,0,0,0,0,2,0,6,14,11,8
KAF2206757,316,304,375,0,0,0,3,0,0,4,4,0,19,24,9
KAF2206758,373,294,700,0,0,0,2,0,0,18,6,0,36,112,48
KAF2206759,2520,1774,566,0,2,0,0,0,2,7,6,0,29,28,17
KAF2206760,3352,2830,2603,4,2,0,0,0,3,12,9,2,70,83,80
KAF2206761,100,116,340,0,0,0,0,0,0,0,0,0,1,10,3
KAF2206762,296,354,918,0,0,0,0,0,2,9,6,4,79,111,67
KAF2206763,710,594,1126,0,0,0,4,4,4,21,2,4,90,137,59
KAF2206764,894,1125,1991,0,0,0,0,2,2,24,10,0,114,231,70
KAF2206765,251,268,453,0,0,0,0,0,0,6,0,0,12,32,8
KAF2206766,202,208,452,0,0,0,0,0,0,9,0,2,18,17,10
KAF2206767,846,839,1512,0,0,0,0,0,4,0,0,2,0,10,4
KAF2206768,12092,10868,7831,0,2,2,6,8,6,24,8,19,82,225,94
KAF2206769,2153,1799,3068,0,4,7,4,0,0,6,6,2,10,38,10
KAF2206770,3397,3502,4329,4,2,2,2,2,5,10,8,2,80,270,101
KAF2206771,510,432,443,0,0,0,0,0,0,0,2,2,10,18,3
KAF2206772,345,289,219,0,0,0,0,0,0,0,0,2,9,18,5
KAF2206773,4275,3502,915,0,0,2,0,0,0,2,2,0,5,6,8
KAF2206774,171,154,206,0,0,0,0,0,0,9,0,0,10,15,8
KAF2206775,3471,2997,2709,2,0,4,0,4,0,14,4,8,45,53,14
KAF2206776,360,210,294,0,0,0,0,0,2,5,1,6,3,15,2
KAF2206777,1721,1527,1926,0,0,0,0,0,0,4,4,2,10,49,8
KAF2206778,6925,6497,2861,4,0,2,2,0,0,2,0,2,13,16,11
KAF2206779,3200,3369,6604,0,3,4,2,0,0,12,2,4,22,28,13
KAF2206780,9481,8865,10262,10,4,4,0,0,0,15,2,10,33,52,14
KAF2206781,829,687,463,0,0,0,0,1,0,6,2,4,8,18,8
KAF2206782,1174,1426,4305,0,0,0,6,2,0,16,0,14,28,50,24
KAF2206783,55594,47846,18945,15,12,25,0,0,0,24,7,15,124,191,107
KAF2206784,515,409,400,0,0,0,0,0,0,4,2,0,12,23,22
KAF2206785,702,562,301,0,0,0,0,0,0,20,10,6,50,114,46
KAF2206786,177,141,47,0,0,0,0,0,0,0,1,0,4,0,5
KAF2206787,150,140,125,0,0,0,0,0,0,0,1,0,1,9,4
KAF2206788,234,253,368,0,0,2,0,0,0,2,0,0,7,7,2
KAF2206789,5862,6903,10677,0,0,0,0,0,0,0,0,0,8,36,18
KAF2206790,894,837,1577,0,0,0,0,0,2,2,0,0,10,14,10
KAF2206791,128,141,285,0,0,0,2,0,0,2,0,0,0,6,6
KAF2206792,17,14,28,0,0,0,0,0,0,0,0,0,0,0,0
KAF2206793,255,179,457,0,0,0,0,2,0,0,0,2,0,6,0
EFT00053797914,0,0,0,0,0,0,0,0,0,0,0,0,0,0,0
KAF2206698,144,106,230,0,0,0,0,0,0,0,0,0,4,10,10
KAF2206699,113,62,68,0,0,1,0,0,4,0,0,0,4,5,2
KAF2206700,1658,1524,1227,0,0,0,0,0,0,9,0,0,25,40,22
KAF2206701,0,0,0,0,0,0,0,0,0,0,0,0,0,0,0
KAF2206702,230,247,311,0,0,0,0,0,0,2,0,0,14,34,12
KAF2206703,62,29,30,0,0,0,0,0,0,0,0,0,4,0,0
KAF2206704,582,474,428,0,0,0,0,0,0,2,2,2,10,24,4
KAF2206705,11107,9681,12051,2,6,6,1,2,7,25,14,24,121,217,61
KAF2206706,968,987,1137,0,1,0,0,0,0,1,3,2,17,26,5
KAF2206707,2800,2494,2771,4,2,2,2,0,2,18,6,7,50,40,30
KAF2206708,4348,4231,3680,2,2,2,1,2,0,22,2,7,93,256,137
KAF2206709,361,326,396,0,0,0,0,0,0,6,0,1,4,17,4
KAF2206710,2826,2447,2104,2,1,2,0,4,2,24,6,8,55,108,39
KAF2206711,322,382,450,0,0,0,2,0,2,8,0,2,18,33,15
KAF2206712,421,351,584,0,0,0,0,0,0,2,0,0,10,8,6
KAF2206713,51,39,97,0,0,0,0,0,0,1,2,0,0,9,2
KAF2206714,1472,1440,1890,0,0,0,1,0,0,10,4,2,21,36,10
KAF2206715,61,82,147,0,0,0,0,0,0,6,5,2,10,52,22
KAF2206716,810,677,461,0,0,0,0,0,0,1,0,4,4,8,0
KAF2206717,23550,24428,15428,2,0,2,4,0,0,15,2,6,36,100,54
KAF2206718,1044,954,927,0,2,0,0,0,0,0,0,0,4,22,10
KAF2206719,20,20,30,0,0,0,0,0,0,0,0,0,2,9,0
KAF2206685,0,0,0,0,0,0,0,0,0,0,0,0,0,0,0
KAF2206686,0,0,0,0,0,0,0,0,0,0,0,0,0,0,0
KAF2206687,0,0,0,0,0,0,0,0,0,0,0,0,0,0,0
KAF2206688,740,686,1043,0,0,0,2,0,0,10,0,4,44,63,32
KAF2206689,249,239,298,0,0,0,0,0,0,2,0,4,17,16,9
KAF2206690,428,415,406,2,0,0,0,0,0,0,0,0,18,33,7
KAF2206691,105,132,75,0,0,0,0,0,0,0,0,0,0,4,0
KAF2206692,19,28,11,0,0,0,0,0,0,0,0,0,0,0,0
KAF2206693,2600,2551,2072,0,0,0,0,0,0,4,0,2,30,51,16
KAF2206694,190,192,139,0,0,0,0,0,0,0,0,0,0,2,0
KAF2206695,0,0,0,0,0,0,0,0,0,0,0,0,0,0,0
KAF2206696,0,0,1,0,0,0,0,0,0,0,0,0,0,0,0
KAF2206697,621,432,510,2,2,0,0,0,2,6,0,2,26,36,6
EFT00053797915,0,0,0,0,0,0,0,0,0,0,0,0,0,0,0
EFT00053797916,0,0,0,0,0,0,0,0,0,0,0,0,0,0,0
KAF2206680,402,331,703,2,0,0,0,0,2,4,0,6,17,48,32
KAF2206681,883,939,1432,0,0,0,0,0,0,8,0,4,42,80,48
KAF2206682,1637,1350,564,0,0,0,0,2,0,4,0,2,17,53,13
KAF2206683,450,430,327,0,0,0,0,0,2,2,0,2,22,52,10
KAF2206684,7190,6569,6284,4,0,8,8,2,6,24,10,20,115,265,93
KAF2206620,253,235,462,0,0,0,0,0,2,13,2,0,37,107,64
KAF2206621,73,57,88,0,0,0,0,0,0,2,0,0,4,2,2
KAF2206622,9041,8160,6534,3,0,3,5,0,5,23,16,23,156,299,138
KAF2206623,1020,940,1019,0,0,2,2,0,0,4,0,2,0,20,3
KAF2206624,111,108,65,0,0,0,2,0,0,2,0,0,2,1,6
KAF2206625,12446,12112,10868,5,3,10,4,2,14,51,4,20,79,109,70
KAF2206626,285,319,220,0,0,0,0,0,1,2,0,0,3,8,0
KAF2206627,52,46,27,0,0,0,0,0,0,0,0,0,2,0,0
KAF2206628,9,12,19,0,0,0,0,0,0,0,0,0,0,0,0
KAF2206629,35249,32842,20231,7,7,6,2,0,8,27,2,21,75,163,95
KAF2206630,13369,13440,9533,0,0,2,0,0,0,11,0,4,53,76,24
KAF2206631,12005,10276,5513,0,2,2,0,0,0,6,0,0,16,22,9
KAF2206632,1169,967,314,0,0,0,2,0,0,0,0,0,0,0,2
KAF2206633,24,36,22,0,0,0,0,0,0,0,0,0,0,3,0
KAF2206634,4,4,4,0,0,0,0,0,0,0,0,0,0,0,0
KAF2206635,49,41,102,0,0,0,0,0,0,0,0,0,2,8,0
KAF2206636,124,108,96,0,0,0,0,0,0,0,0,0,1,3,0
KAF2206637,74,75,100,0,2,0,0,0,0,0,0,0,2,8,4
KAF2206638,85,111,126,0,0,0,0,0,0,0,2,0,2,2,0
KAF2206639,42,35,96,0,0,0,0,0,0,2,0,0,0,0,2
KAF2206640,64,103,215,0,0,0,0,0,0,0,0,1,0,0,3
KAF2206641,4350,3636,2888,0,0,2,0,2,4,8,2,6,28,55,23
KAF2206642,449,300,171,0,0,0,0,0,2,26,4,6,175,405,162
KAF2206643,1423,1317,1610,0,0,3,0,2,6,29,5,0,29,75,37
KAF2206644,21,21,16,0,0,0,0,0,0,2,1,0,0,2,2
KAF2206645,954,896,933,1,2,0,0,0,0,7,0,0,2,27,4
KAF2206646,1035,699,253,0,0,0,0,0,0,8,0,0,0,4,7
KAF2206647,407,355,449,0,0,0,5,0,0,6,4,7,11,36,10
KAF2206648,309,310,309,0,0,0,4,5,0,10,2,1,26,46,15
KAF2206649,1230,1107,468,0,0,0,0,0,0,4,0,0,24,34,14
KAF2206650,769,755,678,0,0,0,0,0,0,4,0,0,14,12,1
KAF2206651,1132,1172,1249,0,2,0,0,2,0,10,2,3,37,53,27
KAF2206652,1014,833,1130,0,0,2,2,0,0,4,0,7,21,39,7
KAF2206653,412,346,571,1,0,0,0,0,0,6,2,0,9,30,21
KAF2206654,1222,1204,1327,2,2,2,1,0,0,3,0,6,53,137,55
KAF2206655,0,0,6,0,0,0,0,0,0,0,0,0,0,0,0
KAF2206656,811,762,1000,0,0,5,0,0,0,2,2,0,27,38,16
KAF2206657,432,417,811,0,0,0,0,0,0,10,0,2,9,23,9
KAF2206658,153,171,188,0,0,0,0,0,0,0,0,0,3,10,0
KAF2206659,1576,1469,2077,0,0,0,0,0,2,12,0,0,33,73,15
KAF2206660,40,47,82,0,0,0,0,0,0,0,0,2,0,0,3
KAF2206661,4,0,0,0,0,0,0,0,0,0,0,0,0,0,0
KAF2206662,210,217,312,0,0,0,0,0,0,4,2,0,5,13,7
KAF2206663,308,312,483,0,0,0,6,2,8,94,26,35,149,277,116
KAF2206664,1102,1635,3179,0,0,0,0,0,2,8,2,8,20,61,21
KAF2206665,15780,14183,13446,6,2,8,4,0,4,31,9,5,58,129,23
KAF2206666,41,34,112,0,0,0,0,0,0,1,0,0,0,8,0
KAF2206667,18,17,2,0,0,0,0,0,0,0,0,0,0,2,0
KAF2206668,5,1,9,0,0,0,0,0,0,0,0,0,0,0,0
KAF2206669,561,364,237,0,0,2,0,0,0,37,15,4,65,140,63
KAF2206670,1204,866,813,0,0,0,0,0,3,2,0,6,23,42,26
KAF2206671,30374,25356,12326,2,2,6,2,0,2,15,6,2,62,140,103
KAF2206672,165,146,229,0,0,0,0,0,0,0,0,0,8,8,0
KAF2206673,318,272,344,0,0,0,0,0,0,2,0,2,4,17,13
KAF2206674,452,452,483,0,0,0,0,0,0,4,2,6,18,30,20
KAF2206675,136,118,182,0,0,0,0,0,0,2,0,0,0,3,3
KAF2206676,2389,2017,2138,0,0,0,0,2,2,23,6,3,29,51,15
KAF2206677,0,10,8,0,0,0,0,0,0,0,0,0,0,0,0
KAF2206678,367,292,120,0,0,0,0,0,0,0,0,0,2,0,0
KAF2206679,733,562,209,2,2,2,0,0,0,0,0,0,6,15,25
KAF2206538,4239,3992,1951,0,3,0,0,0,2,4,0,2,11,24,5
KAF2206539,2067,1950,922,0,0,2,0,0,0,2,5,0,5,9,1
KAF2206540,1509,1594,729,2,0,0,2,0,0,2,1,0,1,10,2
KAF2206541,949,1016,434,2,0,0,0,0,0,0,0,0,0,2,6
KAF2206542,7675,6897,5463,2,2,8,3,6,4,30,5,4,138,261,109
KAF2206543,1452,1600,1850,0,0,0,0,0,2,6,0,2,8,22,7
KAF2206544,1113,1178,1811,0,0,0,0,0,0,0,0,0,2,4,0
KAF2206545,290,273,164,0,0,0,3,0,0,1,3,0,22,23,25
KAF2206546,95,83,96,0,0,0,0,0,0,0,0,0,3,11,3
KAF2206547,644,763,1450,0,0,0,0,2,2,14,6,0,62,110,45
KAF2206548,19627,20721,17606,2,2,2,7,8,4,75,29,29,108,147,60
KAF2206549,1708,1325,728,1,0,2,0,0,0,1,2,2,11,15,4
KAF2206550,31,28,34,0,0,0,0,0,0,0,0,0,0,0,0
KAF2206551,32,25,16,0,0,0,0,0,0,0,0,0,0,2,0
KAF2206552,225,165,189,0,0,0,0,0,0,0,0,0,1,8,0
KAF2206553,64,61,26,0,0,0,0,0,0,4,0,0,0,0,2
KAF2206554,2903,2829,2628,0,0,0,1,2,0,6,9,8,13,37,13
KAF2206555,518,443,338,0,0,0,4,0,2,4,0,2,11,27,12
KAF2206556,190,144,154,0,0,0,0,0,0,0,0,2,0,6,1
KAF2206557,431,246,331,2,0,0,0,0,0,2,1,0,2,12,4
KAF2206558,7198,6151,7926,4,0,0,0,2,12,106,30,51,269,533,237
KAF2206559,728,654,1050,0,0,0,2,2,4,7,0,3,14,32,23
KAF2206560,924,763,1278,0,0,0,2,2,0,8,6,12,27,51,31
KAF2206561,4187,4000,3229,0,2,0,2,0,3,8,10,3,48,82,24
KAF2206562,131,123,142,2,0,0,0,0,0,1,0,0,1,0,2
KAF2206563,1148,984,761,0,1,0,0,0,0,6,0,2,9,17,3
KAF2206564,400,465,357,0,0,0,0,0,0,4,2,2,12,18,8
KAF2206565,953,824,745,0,0,0,0,0,0,14,4,10,30,80,37
KAF2206566,6397,8092,11488,0,0,0,0,0,0,8,4,3,21,45,21
KAF2206567,1776,1370,1307,2,1,0,2,0,0,0,0,2,30,57,31
KAF2206568,125,110,200,0,0,0,0,0,1,0,0,1,8,10,2
KAF2206569,350,264,150,0,0,0,0,2,0,4,0,0,14,16,22
KAF2206570,625,723,592,0,0,0,0,0,0,2,0,0,10,9,5
KAF2206571,2614,2004,2082,0,4,4,2,0,0,20,4,3,54,114,57
KAF2206572,514,495,562,0,0,0,0,0,2,10,8,2,14,37,23
KAF2206573,5635,6717,3785,0,0,0,0,0,0,0,2,0,5,2,4
KAF2206574,530,566,1483,0,0,0,4,0,12,18,2,4,61,75,41
KAF2206575,19,10,44,0,0,0,0,0,0,2,0,0,0,0,0
KAF2206576,14,16,26,0,0,0,0,0,0,0,0,0,0,2,0
KAF2206577,12,10,5,0,0,0,0,0,0,0,0,0,0,0,0
KAF2206578,148,141,154,0,0,0,0,0,0,2,0,0,2,7,4
KAF2206579,22,12,49,0,0,0,0,0,0,0,0,0,0,0,0
KAF2206580,72,64,84,0,0,0,0,0,0,0,0,0,0,3,2
KAF2206581,7,18,3,0,0,0,0,0,0,0,0,0,0,0,1
KAF2206582,49,41,23,0,0,0,0,0,0,0,0,0,0,0,0
KAF2206583,10,6,14,0,0,0,0,0,0,0,0,0,0,0,2
KAF2206584,13,4,10,0,0,0,0,0,0,0,0,0,0,2,0
KAF2206585,13,11,0,0,0,0,0,0,0,0,0,0,2,0,0
KAF2206586,980,924,1184,0,2,0,0,0,0,19,2,0,15,62,16
KAF2206587,26,15,36,2,0,0,0,0,0,0,0,0,0,0,0
KAF2206588,8,14,12,0,0,0,0,0,0,0,0,0,2,0,0
KAF2206589,17,12,21,0,0,0,0,0,0,1,1,0,3,4,0
KAF2206590,268,220,601,0,2,0,2,0,4,34,10,4,27,28,19
KAF2206591,3672,3169,2960,0,0,0,0,0,0,161,44,87,144,213,109
KAF2206592,31483,32039,31642,0,2,0,6,0,4,981,345,738,1131,1542,875
KAF2206593,7223,7513,8622,0,0,0,0,0,0,185,90,145,274,350,166
KAF2206594,224,234,298,0,0,0,0,0,0,7,13,3,7,17,4
KAF2206595,2492,2236,2478,0,0,0,0,0,0,144,53,92,141,229,118
KAF2206596,2830,2770,2365,0,0,0,0,0,1,147,66,93,279,291,237
KAF2206597,180,190,383,0,0,0,2,0,0,13,16,11,13,30,10
KAF2206598,1931,1709,1848,0,0,0,0,0,0,43,12,36,88,121,70
KAF2206599,820,745,1242,0,0,0,0,0,0,18,2,12,36,61,16
KAF2206600,25,38,41,0,0,0,0,0,0,0,0,1,0,2,0
KAF2206601,262,243,391,0,0,0,0,0,2,25,8,28,112,199,87
KAF2206602,408,532,551,0,0,0,0,0,0,7,0,1,24,22,14
KAF2206603,8104,10898,22991,0,0,0,2,0,2,53,14,23,207,345,121
KAF2206604,1310,1621,2767,0,0,0,0,0,0,6,2,0,19,50,22
KAF2206605,352,333,578,0,0,0,0,0,0,86,33,69,384,706,384
KAF2206606,44,70,163,0,0,0,0,0,4,91,31,32,257,535,295
KAF2206607,56,97,119,0,0,0,0,0,0,69,16,33,128,208,118
KAF2206608,88,91,90,0,0,0,0,2,2,75,27,38,123,259,112
KAF2206609,36,53,88,0,0,0,4,0,0,80,21,14,165,365,169
KAF2206610,82,68,153,0,0,0,0,0,6,153,55,51,311,534,260
KAF2206611,284,265,388,0,0,0,0,0,2,27,6,11,85,188,87
KAF2206612,410,362,1081,0,0,0,0,2,4,144,32,60,302,611,247
KAF2206613,24,33,52,0,0,0,0,0,0,6,0,0,10,53,16
KAF2206614,18,14,40,0,0,0,0,0,0,4,8,2,41,66,27
KAF2206615,16,12,38,0,0,0,0,0,0,0,0,0,0,6,0
KAF2206616,1543,1561,3186,0,0,0,2,0,0,4,2,4,23,44,19
KAF2206617,49104,42866,38726,13,2,4,17,8,15,190,59,164,466,801,201
KAF2206618,284,290,272,0,0,0,0,0,0,0,0,0,0,6,1
KAF2206619,265,350,365,0,0,0,0,0,0,2,0,2,5,7,4
KAF2206520,3483,2667,5216,0,0,2,4,3,6,25,8,14,123,196,88
KAF2206521,45,42,85,0,0,0,0,0,0,0,2,2,6,8,11
KAF2206522,1200,1140,930,1,0,0,3,0,0,24,4,5,36,72,42
KAF2206523,40,47,56,0,0,0,0,0,0,0,0,0,0,4,0
KAF2206524,170,241,516,2,1,0,0,0,4,2,0,0,11,35,10
KAF2206525,213,177,477,0,0,0,2,0,0,0,0,0,8,12,4
KAF2206526,527,544,471,0,0,0,0,0,0,0,0,0,2,5,1
KAF2206527,671,579,693,0,2,0,0,0,2,8,0,0,26,18,28
KAF2206528,258,264,236,0,0,0,0,0,0,2,0,0,10,20,2
KAF2206529,363,335,190,0,0,0,0,0,0,2,0,1,5,9,4
KAF2206530,400,436,951,0,2,0,0,0,0,2,0,2,8,6,10
KAF2206531,52,54,97,0,0,0,0,0,1,0,0,0,4,6,2
KAF2206532,31,19,28,0,0,0,0,0,0,0,0,0,0,0,1
KAF2206533,216,163,142,0,0,0,0,0,0,2,0,0,7,17,6
KAF2206534,726,732,1158,0,0,0,0,0,0,6,2,6,22,20,8
KAF2206535,199,149,313,0,0,0,0,1,0,0,0,2,7,10,2
KAF2206536,1397,1419,2222,0,2,0,7,0,2,12,0,4,28,88,47
EFT00053797917,0,0,0,0,0,0,0,0,0,0,0,0,0,0,0
KAF2206537,338,208,294,0,0,0,0,0,0,9,1,0,20,27,19
KAF2206490,228,246,415,0,0,0,0,0,0,0,0,0,2,4,2
KAF2206491,1131,1055,639,1,0,0,0,0,0,8,0,6,18,51,18
KAF2206492,537,624,884,0,0,4,1,2,2,7,6,8,29,48,32
KAF2206493,230,176,135,0,0,0,0,0,0,0,0,0,9,4,4
KAF2206494,2419,2143,1240,0,0,0,0,0,2,4,2,0,13,32,12
KAF2206495,12,24,27,0,0,0,2,0,1,37,13,27,38,27,19
KAF2206496,16,18,7,0,0,0,0,0,2,12,3,4,12,16,4
KAF2206497,2095,1903,2591,0,0,0,0,0,6,2,2,4,51,108,41
KAF2206498,391,406,533,0,0,0,2,0,0,10,4,2,12,14,8
KAF2206499,172,169,316,0,0,0,0,0,0,5,0,1,4,17,4
KAF2206500,765,711,1612,0,0,2,0,0,0,10,6,2,19,43,15
KAF2206501,1247,1061,1332,0,0,0,0,0,0,5,0,0,15,50,9
KAF2206502,28,34,44,0,0,0,0,0,0,0,0,0,0,2,0
KAF2206503,1615,1562,2797,0,0,0,2,0,0,10,8,2,19,40,18
KAF2206504,2095,2281,1977,2,2,2,2,4,4,28,10,6,74,161,56
KAF2206505,177,208,149,0,1,0,0,0,0,0,0,0,7,19,6
KAF2206506,77,57,149,0,0,0,0,0,0,4,0,0,3,3,8
KAF2206507,242,267,1193,2,0,0,0,0,0,11,0,0,2,4,0
KAF2206508,408,249,190,0,2,0,0,0,0,0,4,4,11,21,14
KAF2206509,739,720,729,1,0,0,2,0,2,0,2,0,11,10,10
KAF2206510,4881,4550,1950,0,0,0,2,0,0,8,0,2,20,36,9
KAF2206511,4795,4473,2095,2,0,0,0,2,0,8,0,8,35,90,30
KAF2206512,281,203,452,0,0,0,0,0,0,0,0,0,2,29,17
KAF2206513,429,331,264,0,0,0,0,0,0,4,0,0,0,9,0
KAF2206514,4927,5040,11581,5,0,6,2,6,2,34,4,18,64,172,57
KAF2206515,943,854,1680,0,0,0,4,1,0,5,0,1,31,38,18
KAF2206516,463,508,880,0,0,0,0,0,2,1,0,0,7,4,10
KAF2206517,48,38,68,0,0,0,0,0,0,2,4,0,21,36,11
EFT00053797918,4,1,0,0,0,0,0,0,0,0,0,0,0,0,0
KAF2206518,2130,1968,4213,0,0,0,0,0,1,8,2,2,34,39,12
KAF2206519,391,378,1258,0,0,0,5,2,0,23,4,1,36,67,54
KAF2206433,4,6,22,0,0,0,0,0,0,0,0,0,0,0,0
KAF2206434,0,5,0,0,0,0,0,0,0,0,0,0,0,0,0
KAF2206435,4,5,7,0,0,0,0,0,0,0,0,0,0,0,0
KAF2206436,20,4,6,0,0,0,0,0,0,0,0,0,0,0,0
KAF2206437,2290,2818,1824,0,0,2,0,2,0,7,3,0,2,2,2
KAF2206438,12,7,31,0,0,0,0,0,0,0,0,0,0,2,0
KAF2206439,109,103,313,0,0,0,0,0,0,0,0,0,2,12,2
KAF2206440,714,833,2193,0,0,0,0,4,0,62,12,6,64,75,41
KAF2206441,97,111,159,0,0,0,0,0,0,2,0,0,3,12,3
KAF2206442,753,655,578,1,0,0,1,0,0,8,0,1,13,25,14
KAF2206443,161,213,156,0,0,0,1,0,0,2,2,0,7,16,11
KAF2206444,2,4,4,0,0,0,0,0,0,0,0,0,0,0,0
KAF2206445,2,0,0,0,0,0,0,0,0,0,0,0,0,0,0
KAF2206446,2,2,0,0,0,0,0,0,0,0,0,0,0,0,0
KAF2206447,0,0,0,0,0,0,0,0,0,0,0,0,0,0,0
KAF2206448,57,42,17,0,0,0,0,0,0,0,0,0,4,0,2
KAF2206449,51,57,50,0,0,0,0,0,0,0,0,0,0,2,0
KAF2206450,1,6,2,0,0,0,0,0,0,0,0,0,0,0,0
KAF2206451,1,4,10,0,0,0,0,0,0,0,0,0,0,0,0
KAF2206452,4,1,8,0,0,0,0,0,0,0,0,0,0,0,0
KAF2206453,0,0,0,0,0,0,0,0,0,0,0,0,0,0,0
KAF2206454,0,0,0,0,0,0,0,0,0,0,0,0,0,0,0
KAF2206455,0,0,2,0,0,0,0,2,0,10,0,0,0,0,0
KAF2206456,5,3,6,0,0,0,0,0,0,0,0,0,0,0,0
KAF2206457,43,23,101,0,0,0,0,0,0,0,0,0,0,4,2
KAF2206458,0,0,0,0,0,0,0,0,0,0,0,0,0,0,0
KAF2206459,0,0,0,0,0,0,0,0,0,0,0,0,0,0,0
KAF2206460,0,0,0,0,0,0,0,0,0,0,0,0,0,0,0
KAF2206461,0,2,0,0,0,0,0,0,0,0,0,0,0,0,0
KAF2206462,0,4,1,0,0,0,0,0,0,0,0,0,0,0,4
KAF2206463,630,916,2166,0,0,0,0,0,0,2,0,0,4,6,4
KAF2206464,6,16,18,0,0,0,0,0,0,0,0,0,0,0,0
KAF2206465,0,0,0,0,0,0,0,0,0,0,0,0,0,0,0
KAF2206466,0,0,0,0,0,0,0,0,0,0,0,0,0,0,0
KAF2206467,0,0,4,0,0,0,0,0,0,0,0,0,0,0,0
KAF2206468,3,7,2,0,0,0,0,0,0,0,0,0,0,0,0
KAF2206469,0,0,2,0,0,0,0,0,0,0,0,0,0,0,0
KAF2206470,219,170,188,0,0,0,0,0,0,2,0,0,0,4,0
KAF2206471,0,0,2,0,0,0,0,0,0,0,0,0,0,0,0
KAF2206472,19,21,46,0,0,0,0,0,0,0,0,0,0,2,0
KAF2206473,318,380,629,0,0,0,0,0,0,2,2,0,4,4,2
KAF2206474,1402,1744,2521,0,0,0,0,2,2,2,0,2,26,36,6
KAF2206475,11,6,22,0,0,0,0,0,0,0,0,0,0,0,0
KAF2206476,7265,6396,11206,3,0,0,0,0,0,113,6,28,30,74,36
EFT00053797919,0,0,0,0,0,0,0,0,0,0,0,0,0,0,0
KAF2206477,2,0,5,0,0,0,0,0,0,0,0,0,0,0,0
KAF2206478,160,152,160,0,0,0,0,0,0,0,0,0,6,8,10
KAF2206479,0,0,3,0,0,0,0,0,0,0,0,0,0,0,0
KAF2206480,558,607,793,0,0,0,0,0,0,29,4,6,4,10,11
KAF2206481,70,76,25,0,0,0,0,0,0,0,0,0,0,0,0
KAF2206482,173,142,128,0,0,0,0,0,0,0,0,0,0,0,0
KAF2206483,0,4,7,0,0,0,0,0,0,0,0,0,0,0,0
KAF2206484,471,377,382,0,0,0,0,0,0,0,0,4,4,9,4
KAF2206485,87,60,39,0,0,0,0,0,0,1,0,0,2,0,0
KAF2206486,11,5,4,0,0,0,0,0,0,0,0,0,2,4,2
KAF2206487,45,56,51,0,0,0,0,0,0,0,0,0,1,4,2
KAF2206488,709,610,1532,0,0,0,2,0,0,13,5,17,60,117,18
KAF2206489,176,181,616,2,0,1,2,0,2,27,4,11,56,117,13
KAF2206427,0,0,0,0,0,0,0,0,0,0,0,0,0,0,0
KAF2206428,1751,1884,2422,0,0,0,0,0,2,20,7,4,81,156,52
KAF2206429,190,210,394,0,0,0,2,0,2,2,2,1,10,19,5
KAF2206430,725,671,1285,0,0,0,3,0,0,5,4,4,11,19,4
KAF2206431,121,104,138,0,0,2,0,0,0,2,0,0,2,2,0
KAF2206432,0,0,0,0,0,0,0,0,0,0,0,0,0,0,0
KAF2206374,1212,1036,815,0,0,0,2,0,1,5,0,2,21,42,22
KAF2206375,4173,3748,1648,0,0,0,2,0,0,5,6,2,21,35,13
KAF2206376,399,437,377,0,0,0,0,0,0,0,0,0,4,10,4
KAF2206377,29,13,28,0,0,0,0,0,0,0,0,0,0,2,0
KAF2206378,1501,1473,2519,0,0,0,4,2,3,8,0,2,13,29,22
KAF2206379,542,458,507,2,0,0,0,0,1,4,0,1,7,9,9
KAF2206380,552,603,565,0,0,0,2,0,4,10,4,2,10,44,7
KAF2206381,8,7,15,0,0,0,0,0,0,0,0,0,0,0,0
KAF2206382,29428,26593,21369,20,12,20,30,24,62,270,131,96,1276,3239,1756
KAF2206383,733,742,1010,0,2,2,3,0,0,7,0,0,22,42,19
KAF2206384,82,97,367,0,0,0,0,0,0,2,1,2,2,10,9
KAF2206385,190,103,128,0,0,0,0,0,0,3,0,0,2,7,2
KAF2206386,433,370,381,0,0,0,0,0,0,9,2,1,13,36,21
KAF2206387,172,154,286,0,0,0,0,0,0,8,0,0,10,26,11
KAF2206388,58,78,177,0,0,0,0,0,0,0,4,4,0,4,0
KAF2206389,541,653,792,0,0,0,0,0,0,0,1,0,0,8,4
KAF2206390,443,452,585,0,0,0,0,0,0,0,0,0,6,13,0
KAF2206391,1051,1027,1392,2,0,0,0,0,0,3,0,2,4,25,10
KAF2206392,5241,4500,3653,1,0,1,0,0,0,13,4,12,52,127,62
KAF2206393,59,45,59,0,0,0,0,0,0,0,0,0,0,4,0
KAF2206394,6176,4536,3103,0,2,4,6,2,0,29,2,10,57,133,55
KAF2206395,2333,2445,4489,0,0,0,2,0,0,2,4,6,23,52,15
KAF2206396,268,249,519,0,0,2,0,0,0,3,2,2,40,53,34
KAF2206397,628,533,467,0,0,0,0,4,0,6,0,0,11,22,10
KAF2206398,1184,1031,760,2,0,0,0,0,0,2,0,2,4,9,2
KAF2206399,470,453,485,2,0,0,0,0,2,1,0,0,4,12,3
KAF2206400,118,188,439,0,0,0,0,0,0,4,2,7,7,18,7
KAF2206401,510,458,747,0,0,0,0,0,3,4,2,2,17,42,25
KAF2206402,5135,3473,493,0,2,2,3,4,6,4,10,15,28,52,20
KAF2206403,2601,2441,2612,1,2,0,4,0,2,12,8,10,44,93,24
KAF2206404,133,120,242,0,0,0,0,0,0,0,0,1,0,4,0
KAF2206405,42,25,70,0,0,0,0,0,0,0,0,0,1,0,0
KAF2206406,15112,14055,10615,7,4,10,10,12,18,110,53,74,672,1537,711
KAF2206407,120,111,168,0,0,0,0,0,0,0,0,0,2,10,4
KAF2206408,2576,2597,4618,0,2,4,0,6,5,50,24,14,94,276,119
KAF2206409,727,577,1549,0,0,0,2,0,2,4,8,0,10,23,17
KAF2206410,1505,1303,2146,0,2,0,0,2,0,22,6,11,53,83,47
KAF2206411,7,8,25,0,0,0,0,0,0,0,0,0,0,0,0
KAF2206412,20562,23043,33938,0,0,0,16,6,10,415,62,90,478,949,380
KAF2206413,385,420,479,0,2,0,0,0,0,16,8,6,62,92,50
KAF2206414,291,238,157,0,0,0,0,0,0,0,0,0,1,0,3
KAF2206415,102,108,115,0,0,0,0,0,0,0,2,4,1,2,0
KAF2206416,128,131,160,0,0,0,2,0,4,6,2,2,8,8,8
KAF2206417,197,225,443,0,0,0,3,0,4,40,20,8,47,115,54
KAF2206418,933,1121,1508,0,0,0,0,0,0,8,2,0,18,28,18
KAF2206419,318,243,543,0,0,0,0,0,0,0,2,0,0,18,5
KAF2206420,175,134,191,0,0,0,0,0,0,1,0,0,0,2,0
KAF2206421,795,713,575,0,0,0,2,0,4,2,2,4,8,26,10
KAF2206422,58,95,115,0,0,0,0,0,0,0,0,0,0,1,0
KAF2206423,189,157,243,0,0,0,0,0,0,0,0,0,1,9,0
KAF2206424,703,693,843,2,0,0,0,0,2,10,12,2,48,51,32
KAF2206425,261,230,741,0,0,0,0,0,0,0,0,0,4,2,4
KAF2206426,521,554,696,0,0,0,0,2,8,158,89,40,976,1613,674
KAF2206330,6,10,12,0,0,0,0,0,0,0,0,0,0,4,2
KAF2206331,12,4,14,0,0,0,0,0,0,2,0,1,0,0,0
KAF2206332,0,0,1,0,0,0,0,0,0,0,0,0,0,0,0
KAF2206333,41,45,92,0,0,0,0,0,0,0,0,0,0,0,0
KAF2206334,1161,1047,1095,0,2,2,0,0,4,12,0,0,28,44,34
KAF2206335,819,885,3027,2,0,0,2,2,0,6,0,4,41,106,30
KAF2206336,2384,2435,2365,0,0,2,4,0,4,28,6,0,32,108,54
KAF2206337,2210,2066,1266,0,0,0,0,2,0,8,2,2,16,62,26
KAF2206338,30,18,25,0,0,0,0,0,0,0,0,0,1,6,2
KAF2206339,188,145,247,0,0,0,0,0,0,0,2,0,11,39,12
KAF2206340,342,299,449,0,0,0,0,0,0,14,0,5,26,55,35
KAF2206341,279,239,383,0,0,2,0,0,0,5,0,2,8,18,2
KAF2206342,30439,28070,11995,4,2,2,0,0,0,10,0,11,16,42,16
KAF2206343,510,377,555,0,0,0,0,0,0,0,2,0,2,14,4
KAF2206344,3995,3841,1308,0,0,0,0,2,2,0,0,2,8,23,7
KAF2206345,5182,4908,3506,0,2,0,0,1,0,4,0,3,11,21,4
KAF2206346,50171,63861,33439,0,0,0,0,0,0,0,0,0,18,34,39
KAF2206347,156,160,316,0,0,0,0,0,0,0,0,0,6,8,5
KAF2206348,10445,11453,14744,0,3,4,8,2,16,66,28,22,134,370,210
KAF2206349,782,896,1592,2,0,2,0,0,2,0,1,2,15,26,4
KAF2206350,482,520,703,0,0,0,0,0,0,4,0,2,9,28,8
KAF2206351,390,412,338,0,0,0,0,0,0,0,0,0,12,29,8
KAF2206352,543,461,478,0,2,0,0,0,0,5,0,2,17,18,4
KAF2206353,1502,1576,1134,0,0,2,0,0,0,5,2,0,19,50,22
KAF2206354,276,225,209,2,0,0,0,0,0,0,0,0,1,7,1
KAF2206355,228,223,213,0,0,0,0,0,0,6,2,2,4,5,5
KAF2206356,1260,1271,1025,1,0,2,0,0,0,8,1,5,21,58,36
KAF2206357,288,244,293,0,0,0,0,0,0,4,0,0,6,4,2
KAF2206358,146,119,179,0,0,0,0,0,0,0,0,3,4,5,6
KAF2206359,18,33,43,0,0,0,0,0,0,0,0,0,0,0,0
KAF2206360,2419,2472,1746,2,0,2,0,0,0,10,4,2,45,98,60
KAF2206361,85,67,90,0,0,0,0,0,0,0,0,0,4,0,0
KAF2206362,401,418,577,2,0,0,2,0,0,5,1,2,9,26,12
KAF2206363,1255,1036,879,1,0,0,1,2,0,10,3,1,31,55,25
KAF2206364,8693,7202,5418,4,2,5,6,4,12,49,10,11,163,353,167
KAF2206365,2820,2963,3238,6,2,0,4,0,0,6,2,6,35,94,36
KAF2206366,623,711,1181,0,0,0,0,2,4,3,0,0,19,32,15
KAF2206367,4463,4676,2729,0,2,2,0,2,2,8,4,4,56,82,34
KAF2206368,9596,8870,4210,2,0,0,0,2,0,4,2,2,9,15,8
KAF2206369,1131,947,890,1,0,0,0,0,0,12,1,5,36,81,24
KAF2206370,804,840,690,0,0,0,0,0,0,4,2,2,21,75,23
KAF2206371,113,83,156,0,0,0,0,0,0,0,2,0,6,3,4
KAF2206372,317,348,350,0,0,0,0,0,0,0,0,0,10,25,25
KAF2206373,1694,1646,1547,0,2,0,3,0,2,2,2,6,47,78,18
KAF2206318,2,0,2,0,0,0,0,0,0,0,0,0,0,0,0
KAF2206319,138,126,160,0,0,0,0,0,0,0,2,1,7,22,13
KAF2206320,17,12,13,0,0,0,0,0,0,0,0,0,0,2,0
KAF2206321,0,0,0,0,0,0,0,0,0,0,0,0,0,0,0
KAF2206322,0,0,0,0,0,0,0,0,0,0,0,0,0,0,0
KAF2206323,21,24,34,0,0,0,0,0,0,2,0,6,0,2,0
KAF2206324,35,26,25,0,0,0,0,0,0,3,2,0,1,5,12
KAF2206325,0,3,0,0,0,0,0,0,0,0,0,0,0,0,0
KAF2206326,67,54,8,0,0,0,0,0,0,21,5,6,18,31,19
KAF2206327,2,0,2,0,0,0,0,0,0,9,0,2,2,0,0
KAF2206328,16,8,12,0,0,0,0,0,0,12,0,4,14,9,6
KAF2206329,0,0,0,0,0,0,0,0,0,0,0,0,0,0,0
KAF2206312,210,151,207,0,0,0,0,0,0,0,0,0,2,6,11
KAF2206313,106,119,354,0,0,0,0,0,0,0,0,0,5,10,5
KAF2206314,79,62,126,0,0,0,0,0,2,2,0,2,2,8,8
KAF2206315,35,14,20,0,0,0,0,0,0,0,0,0,0,6,4
KAF2206316,129,138,67,0,0,0,0,0,0,1,0,0,0,1,1
KAF2206317,53,58,89,0,0,0,0,0,0,0,0,0,2,2,6
KAF2206310,0,0,0,0,0,0,0,0,0,0,0,0,0,0,0
KAF2206311,54,57,129,0,0,0,0,0,0,2,0,0,0,2,3
KAF2206273,350,344,913,0,0,0,2,0,0,10,2,0,25,43,25
KAF2206274,1500,1355,852,2,0,0,2,1,1,4,4,5,46,97,44
KAF2206275,2283,2092,1190,4,0,0,0,0,0,10,0,6,29,55,13
KAF2206276,2267,2087,1051,0,0,0,0,2,4,6,4,2,17,17,8
KAF2206277,6784,6645,4789,4,0,2,8,4,0,14,8,0,64,160,93
KAF2206278,16292,14293,10254,0,0,0,2,0,0,4,0,1,17,25,12
KAF2206279,108,86,138,0,0,0,0,0,0,0,4,0,0,4,4
KAF2206280,30,20,16,0,0,0,0,0,0,0,0,0,0,0,2
KAF2206281,1051,1009,1038,0,0,0,2,0,2,38,12,11,155,238,106
KAF2206282,5306,4436,3263,0,0,4,2,1,2,19,10,8,40,109,39
KAF2206283,174,134,219,2,0,0,0,0,0,3,0,0,10,39,9
KAF2206284,11,18,49,0,0,0,0,0,0,2,2,0,10,39,8
KAF2206285,17,40,83,0,0,0,0,0,0,8,2,0,24,51,30
KAF2206286,248,221,155,2,0,0,0,0,0,0,0,0,0,1,4
KAF2206287,93,99,137,0,0,0,0,0,0,0,0,0,5,9,5
KAF2206288,41,56,132,0,0,0,0,0,0,0,0,0,0,3,0
KAF2206289,1807,2076,2166,0,0,0,0,0,0,0,0,0,3,10,4
KAF2206290,377,446,622,0,0,0,0,0,0,8,6,6,24,59,24
KAF2206291,319,293,354,0,0,0,0,0,0,8,0,0,5,29,14
KAF2206292,611,624,1086,0,0,2,0,0,0,0,0,0,12,12,6
KAF2206293,226,294,374,0,0,0,1,0,0,2,0,2,10,21,5
KAF2206294,932,1121,968,2,0,0,0,0,0,1,0,3,16,58,40
KAF2206295,5672,4944,4064,0,0,0,0,0,2,12,4,9,58,97,38
KAF2206296,1861,1554,1228,0,2,0,0,0,2,12,4,6,18,71,24
KAF2206297,595,514,1362,0,0,0,0,0,0,8,0,0,24,70,39
KAF2206298,240,194,371,0,0,0,0,0,0,19,8,14,24,52,29
KAF2206299,4894,4244,5192,6,6,0,0,4,2,34,6,4,80,180,68
KAF2206300,6,5,3,0,0,0,0,0,0,0,0,0,0,1,0
KAF2206301,4272,3428,2850,0,5,0,0,0,0,20,2,6,28,38,14
KAF2206302,680,737,511,0,0,0,0,0,0,4,0,0,4,15,10
KAF2206303,408,271,517,0,2,0,0,2,0,2,0,0,11,9,0
KAF2206304,245,220,362,0,0,0,0,0,0,2,4,4,9,12,7
KAF2206305,116,58,33,0,0,0,0,0,4,11,1,9,18,13,23
KAF2206306,302,304,424,0,0,0,0,0,0,2,0,4,10,23,9
KAF2206307,453,379,479,0,2,0,0,0,0,2,3,2,10,30,10
KAF2206308,762,744,239,0,0,0,0,0,0,3,0,0,34,85,52
KAF2206309,5397,3448,1852,0,0,2,0,0,2,8,4,4,39,70,26
KAF2206260,0,0,0,0,0,0,0,0,0,0,0,0,0,0,0
KAF2206261,0,0,0,0,0,0,0,0,0,0,0,0,0,2,0
KAF2206262,6,8,33,0,0,0,1,0,0,0,0,0,0,0,0
KAF2206263,2,2,0,0,0,0,0,0,0,0,0,0,0,0,0
KAF2206264,42,36,3,0,0,0,0,2,0,0,0,0,10,22,19
KAF2206265,0,0,0,0,0,0,0,0,0,0,0,0,0,0,0
KAF2206266,191,165,182,0,0,0,2,0,0,5,2,0,8,30,8
KAF2206267,412,396,762,0,0,0,0,0,2,31,12,6,71,196,117
KAF2206268,33,9,83,0,0,0,0,0,0,4,0,1,2,17,8
KAF2206269,34,36,40,0,0,0,0,0,0,0,0,0,0,0,0
KAF2206270,78,78,12,0,0,0,0,0,0,0,0,0,0,0,0
KAF2206271,52,41,12,0,0,0,0,0,0,0,0,0,0,0,0
KAF2206272,398,383,96,0,0,0,0,0,0,0,2,0,0,0,2
KAF2206247,3839,3967,3725,1,0,2,0,4,6,54,39,25,134,312,187
KAF2206248,1307,1027,528,0,0,0,0,0,0,4,2,4,15,36,14
KAF2206249,132,114,146,0,0,0,0,0,0,2,0,0,2,3,0
KAF2206250,209,143,187,0,0,0,0,0,0,6,4,0,2,11,6
KAF2206251,35,51,56,0,0,0,0,0,0,3,0,0,1,2,0
KAF2206252,117,73,293,0,0,0,0,0,0,0,0,0,1,10,4
KAF2206253,23,14,35,0,0,0,0,0,0,0,0,0,1,0,1
KAF2206254,245,263,148,0,0,0,0,0,0,0,0,0,0,3,2
KAF2206255,358,387,221,0,0,0,0,0,0,0,0,0,1,3,0
KAF2206256,220,181,188,0,0,0,0,0,0,0,0,0,0,2,0
KAF2206257,1403,1707,2115,2,0,0,2,0,2,13,2,6,33,77,28
EFT00053797920,0,0,0,0,0,0,0,0,0,0,0,0,0,0,0
KAF2206258,3389,3543,2537,6,4,6,2,0,0,4,2,4,26,103,28
KAF2206259,340,329,257,2,0,0,0,0,0,16,7,4,60,130,53
KAF2206246,0,0,0,0,0,0,0,0,0,0,0,0,0,0,0
EFT00053797921,0,0,0,0,0,0,0,0,0,0,0,0,0,0,0
KAF2206234,880,650,758,0,0,0,0,0,0,5,0,2,4,2,11
KAF2206235,1093,1121,1975,0,0,0,0,2,2,0,2,0,17,27,3
KAF2206236,5713,5932,11081,2,0,0,12,8,22,175,23,42,186,384,191
KAF2206237,1622,1209,769,1,0,0,0,0,0,5,0,0,19,23,16
KAF2206238,650,538,499,2,0,0,0,0,0,11,0,0,16,26,47
KAF2206239,42,40,49,0,0,0,0,0,0,2,0,0,2,11,6
KAF2206240,117,173,68,0,0,0,0,0,0,0,0,1,2,4,0
KAF2206241,1146,972,1011,0,0,0,2,0,0,16,2,4,24,34,22
KAF2206242,256,163,338,0,0,0,0,0,0,4,0,2,17,14,12
KAF2206243,518,618,538,0,0,0,0,0,0,4,0,0,2,12,2
KAF2206244,97,132,176,0,0,0,0,0,0,0,0,0,2,2,8
KAF2206245,660,802,476,0,0,0,0,0,0,2,2,4,10,12,12
KAF2206232,1097,1244,996,0,0,0,0,0,2,2,6,0,37,44,44
KAF2206233,11242,9862,5233,12,4,2,11,4,10,17,9,10,103,204,71
KAF2206225,411,431,690,2,0,0,0,0,0,0,2,0,7,18,12
KAF2206226,2139,1721,1380,2,0,0,5,0,4,12,4,4,22,42,36
KAF2206227,159,127,240,0,0,0,0,2,4,59,41,2,480,893,450
KAF2206228,77,61,154,0,0,0,0,0,0,0,0,0,3,8,0
KAF2206229,96,55,167,0,0,0,0,0,0,0,0,0,4,12,2
KAF2206230,208,180,376,0,0,2,0,0,0,6,0,0,10,21,6
KAF2206231,261,163,94,0,0,0,4,0,4,160,76,148,430,592,289
KAF2206215,60,39,100,0,0,0,2,0,0,23,3,6,10,14,11
KAF2206216,22121,22697,7790,2,0,4,4,0,6,23,4,6,49,90,59
KAF2206217,5826,5699,3889,0,0,0,4,4,4,25,6,8,97,192,106
KAF2206218,555,583,636,0,0,0,2,0,0,4,0,0,14,43,7
KAF2206219,2162,2015,2110,0,0,0,0,2,2,14,2,1,29,75,41
KAF2206220,79,71,83,0,0,0,2,0,0,8,4,4,10,7,3
KAF2206221,4054,3630,1622,4,0,0,2,2,0,20,10,5,68,119,84
KAF2206222,405,374,241,0,0,0,0,0,0,2,1,4,14,21,15
KAF2206223,198,177,166,0,0,0,0,0,0,0,0,0,12,13,3
KAF2206224,246,207,207,0,0,0,0,0,2,6,2,0,22,83,27
KAF2206214,0,0,0,0,0,0,0,0,0,0,0,0,0,0,0
KAF2206208,0,0,0,0,0,0,0,0,0,0,0,0,0,0,0
KAF2206209,0,0,0,0,0,0,0,0,0,0,0,0,0,0,0
KAF2206210,0,0,0,0,0,0,0,0,0,0,0,0,0,0,0
KAF2206211,0,0,0,0,0,0,0,0,0,0,0,0,0,0,0
KAF2206212,0,0,0,0,0,0,0,0,0,0,0,0,0,0,0
KAF2206213,0,0,0,0,0,0,0,0,0,0,0,0,0,0,0
KAF2206206,0,0,0,0,0,0,0,0,0,0,0,0,0,0,0
KAF2206207,0,0,0,0,0,0,0,0,0,0,0,0,0,0,0
KAF2206202,5,0,7,0,0,0,0,0,0,0,0,0,0,0,0
KAF2206203,0,0,0,0,0,0,0,0,0,0,0,0,0,0,0
KAF2206204,0,0,0,0,0,0,0,0,0,0,0,0,0,0,0
KAF2206205,153,198,223,0,0,0,0,0,0,4,0,2,13,25,2
KAF2206197,39,53,144,0,0,0,0,0,0,0,0,2,1,0,2
KAF2206198,9767,9991,10426,2,0,2,0,0,0,5,4,3,24,103,76
KAF2206199,79,119,164,0,0,0,0,0,0,0,2,1,4,16,4
KAF2206200,39,28,54,0,0,0,0,0,0,0,0,2,6,4,4
KAF2206201,1549,1278,1404,2,0,1,0,0,0,3,0,1,18,43,18
KAF2206185,657,611,831,0,2,0,0,0,0,12,6,2,20,33,7
KAF2206186,1712,1688,2011,0,0,0,2,0,0,18,6,0,36,83,28
KAF2206187,2938,3017,3343,0,4,0,4,2,4,14,6,10,73,159,52
KAF2206188,718,680,1197,0,0,0,0,0,0,1,1,0,16,14,11
KAF2206189,120,113,189,0,0,0,0,0,0,0,0,0,1,7,6
KAF2206190,700,732,689,0,0,0,2,0,1,8,7,4,29,30,17
KAF2206191,658,558,822,0,0,0,0,2,0,2,2,0,5,16,5
KAF2206192,496,487,711,0,0,0,0,0,0,4,0,3,15,22,6
KAF2206193,860,929,1596,0,0,0,0,0,0,0,2,2,16,46,16
KAF2206194,997,800,1250,0,0,0,0,4,2,16,4,10,62,83,34
KAF2206195,332,319,221,0,0,0,0,0,0,6,0,0,0,6,3
KAF2206196,4950,4880,3783,14,2,6,0,0,0,2,0,6,16,30,6
KAF2206184,0,0,0,0,0,0,0,0,0,0,0,0,0,0,0
KAF2206183,0,0,0,0,0,0,0,0,0,0,0,0,0,0,0
KAF2206182,0,0,0,0,0,0,0,0,0,0,0,0,0,0,0
KAF2206181,0,0,0,0,0,0,0,0,0,0,0,0,0,0,0
KAF2206178,2836,2328,1501,0,0,0,2,0,0,10,0,4,35,66,27
KAF2206179,723,649,1042,0,0,0,2,0,0,7,8,4,15,49,23
KAF2206180,380,325,465,0,0,0,2,2,0,2,0,0,9,6,3
KAF2206161,24,30,16,0,0,0,0,0,0,0,0,0,1,4,0
KAF2206162,3856,3646,2423,0,0,2,15,35,22,38,115,40,184,300,264
KAF2206163,635,609,467,0,0,0,0,0,0,0,0,0,2,4,3
KAF2206164,74,71,66,0,0,0,0,0,1,0,0,1,5,14,6
KAF2206165,2435,2549,2221,0,1,0,0,12,5,12,6,5,50,261,115
KAF2206166,3702,4070,3614,3,0,1,6,28,37,44,91,28,87,374,183
KAF2206167,2587,2885,2494,0,2,1,19,34,37,57,131,33,85,255,108
KAF2206168,5078,4954,3815,2,1,0,7,19,27,42,60,25,184,639,332
KAF2206169,1993,1794,1376,3,0,0,5,8,4,17,6,3,48,225,117
KAF2206170,3862,3660,2786,2,0,2,12,22,14,45,40,30,110,374,212
KAF2206171,8577,9148,5642,0,1,1,6,24,13,32,75,21,69,253,156
KAF2206172,1188,1318,1014,0,0,0,4,2,4,1,2,1,19,62,38
KAF2206173,18571,19530,12588,0,3,2,6,12,8,42,20,19,191,518,420
KAF2206174,11222,10699,6479,1,0,2,1,4,3,15,7,7,60,126,116
KAF2206175,14282,13137,9556,5,2,1,14,39,24,85,43,34,275,663,404
KAF2206176,1003,674,612,0,0,1,1,1,0,9,8,5,37,57,56
KAF2206177,20,28,6,0,0,0,1,0,3,1,5,0,0,3,2
KAF2206156,23,49,42,0,0,0,0,0,0,1,0,1,2,0,1
KAF2206157,3575,2942,2637,0,0,0,6,0,2,37,12,14,112,179,90
KAF2206158,3428,3742,11326,2,2,0,0,0,2,83,26,14,240,460,198
KAF2206159,39,48,94,0,0,0,0,0,0,0,0,1,0,2,4
KAF2206160,5,5,13,0,0,0,0,0,0,0,0,0,0,0,0
KAF2206155,0,0,0,0,0,0,0,0,0,0,0,0,0,0,0
KAF2206154,0,0,0,0,0,0,0,0,0,0,0,0,0,0,0
KAF2206153,0,0,0,0,0,0,0,0,0,0,0,0,0,0,0
KAF2206152,6677,6358,5554,0,0,0,0,0,2,3,0,2,26,33,15
KAF2206150,35095,36708,31487,6,12,14,4,2,3,42,11,13,198,442,162
KAF2206151,192,223,184,0,0,0,0,0,0,0,0,0,0,4,1
KAF2206149,0,0,0,0,0,0,0,0,0,0,0,0,0,0,0
KAF2206148,0,0,0,0,0,0,0,0,0,0,0,0,0,0,0
EFT00053797926,796,684,598,0,1,0,0,0,1,3,3,0,14,16,8
EFT00053797928,0,0,0,0,0,0,0,0,0,0,0,0,0,0,0
EFT00053797929,118,126,133,0,0,0,0,0,0,0,0,0,0,0,1
EFT00053797931,106,90,144,0,0,0,0,0,0,0,0,0,2,0,0
EFT00053797927,56,49,61,0,0,0,0,0,0,0,0,0,1,0,0
EFT00053797930,227,315,159,0,0,0,0,0,0,0,0,0,2,5,2
KAF2206144,10195,9414,8008,2,6,1,4,0,1,5,6,0,31,70,39
KAF2206145,10097,9622,8028,4,6,1,2,2,0,8,3,4,26,31,17
KAF2206146,769,848,823,0,0,2,0,0,2,0,1,0,0,14,0
KAF2206147,70789,71425,56487,20,9,31,20,11,10,161,61,69,528,958,483
KAF2206143,0,0,0,0,0,0,0,0,0,0,0,0,0,0,0
KAF2206142,0,0,0,0,0,0,0,0,0,0,0,0,0,0,0
KAF2206137,4824,4869,4077,0,2,2,2,0,1,9,2,7,55,42,35
KAF2206138,138,158,119,0,0,0,0,0,0,0,0,0,0,2,1
KAF2206139,1432,1421,1286,1,0,0,0,0,0,2,0,0,2,6,4
KAF2206140,72391,75243,63340,21,13,12,13,8,18,93,27,34,412,647,403
KAF2206141,183629,179854,155991,46,32,59,38,18,43,263,77,105,1188,2555,1247
KAF2206134,2820,2491,2038,0,0,0,2,2,0,1,0,0,8,14,6
EFT00053797923,0,3,2,0,0,0,0,0,0,0,0,0,0,0,0
KAF2206135,18137,18214,13669,0,6,5,10,2,7,65,19,15,130,297,178
KAF2206136,0,0,0,0,0,0,0,0,0,0,0,0,0,0,0
EFT00053797922,0,4,6,0,0,0,0,0,0,0,0,0,0,0,0
EFT00053797924,0,2,1,0,0,0,0,0,0,0,0,0,0,0,0
EFT00053797925,6,6,1,0,0,0,0,0,0,0,0,0,0,0,0
KAF2206133,0,0,0,0,0,0,0,0,0,0,0,0,0,0,0
KAF2206132,0,0,0,0,0,0,0,0,0,0,0,0,0,0,0
KAF2206130,0,0,0,0,0,0,0,0,0,0,0,0,0,0,0
KAF2206131,0,0,0,0,0,0,0,0,0,0,0,0,0,0,0
KAF2206129,0,0,0,0,0,0,0,0,0,0,0,0,0,0,0
KAF2206127,139178,139189,117094,42,23,27,19,16,17,137,29,40,560,685,412
KAF2206128,4479,4880,3833,0,1,2,2,0,1,13,3,5,44,50,34
KAF2206126,61323,60835,47794,11,22,32,19,4,2,62,20,14,230,363,200
KAF2206125,0,0,0,0,0,0,0,0,0,0,0,0,0,0,0
KAF2206124,2852,2371,2143,3,2,0,2,0,0,0,2,3,12,12,4
KAF2206123,2,5,3,0,0,0,0,0,0,0,0,0,0,0,0
KAF2206121,19,24,32,0,0,0,0,0,0,0,0,0,0,0,0
KAF2206122,91,71,80,0,0,0,0,0,0,0,0,0,0,4,0
KAF2206120,1,0,0,0,0,0,0,0,0,0,0,0,0,0,0
KAF2206119,0,0,0,0,0,0,0,0,0,0,0,0,0,0,0
KAF2206118,61,51,64,0,0,0,0,0,0,0,0,0,0,0,1
KAF2206117,30,20,44,0,0,0,0,0,0,0,0,0,3,9,3
KAF2206116,0,0,0,0,0,0,0,0,0,0,0,0,0,0,0
KAF2206115,0,0,0,0,0,0,0,0,0,0,0,0,0,0,0
KAF2206113,0,0,0,0,0,0,0,0,0,0,0,0,0,0,0
KAF2206114,0,0,0,0,0,0,0,0,0,0,0,0,0,0,0
KAF2206111,108805,110388,100681,19,6,25,15,5,22,80,23,31,383,508,310
KAF2206112,7569,8357,9768,0,1,0,3,1,1,7,0,3,27,57,34
KAF2206110,7114,8147,8130,6,4,0,0,0,2,19,2,4,55,146,68
KAF2206109,0,0,0,0,0,0,0,0,0,0,0,0,0,0,0
KAF2206108,0,0,0,0,0,0,0,0,0,0,0,0,0,0,0
KAF2206107,204780,223000,179777,47,37,62,44,27,45,404,136,145,1664,2326,1629
EFT00053797933,94,105,93,0,0,0,0,0,0,0,0,0,0,0,0
EFT00053797932,0,0,0,0,0,0,0,0,0,0,0,0,0,0,0
KAF2206106,0,0,0,0,0,0,0,0,0,0,0,0,0,0,0
