Geneid,CZ_in vitro_1,CZ_in vitro_2,CZ_in vitro_3,CZ_0dpi_1,CZ_0dpi_2,CZ_0dpi_3,CZ_1dpi_1,CZ_1dpi_2,CZ_1dpi_3,CZ_3dpi_1,CZ_3dpi_2,CZ_3dpi_3,CZ_6dpi_1,CZ_6dpi_2,CZ_6dpi_3
KAM3422499.1,1694,1302,1850,8,2,6,5,12,10,8,15,30,10,8,12
KAM3422500.1,5771,7259,9460,30,32,24,24,41,12,83,105,92,69,74,68
KAM3422501.1,5054,3885,4859,8,16,6,25,6,10,28,30,22,39,54,63
KAM3422502.1,149,144,99,0,0,12,0,2,0,4,2,0,4,0,4
KAM3422503.1,2459,2833,2419,22,36,12,18,14,10,18,16,12,56,77,72
KAM3422504.1,1549,1229,1377,8,0,0,9,8,8,4,10,12,13,1,7
KAM3422505.1,479,692,553,4,0,6,2,4,4,2,6,0,4,8,12
KAM3422506.1,6535,6840,6352,24,40,18,30,63,33,103,114,117,48,52,73
KAM3422507.1,176,235,179,4,0,0,0,0,2,3,5,2,2,5,2
KAM3422508.1,300,352,412,0,0,0,3,4,6,5,3,7,0,0,2
KAM3422509.1,3311,2056,3218,2,4,0,30,23,17,17,24,14,63,77,94
KAM3422510.1,4144,4449,6453,2,0,0,4,6,11,12,14,12,9,14,7
KAM3422512.1,283,253,304,4,0,0,4,2,2,2,4,0,14,10,4
KAM3422513.1,2924,3348,3136,29,24,30,29,8,32,24,47,40,30,16,23
KAM3422514.1,2074,2062,2267,6,4,18,6,13,8,14,8,24,28,22,48
KAM3422515.1,124,114,140,0,0,0,0,0,2,2,2,4,0,2,0
KAM3422516.1,112,41,82,0,0,6,2,3,2,0,2,0,0,2,0
KAM3422517.1,107,73,99,0,0,0,6,14,2,14,14,13,2,6,4
KAM3422518.1,214,217,339,0,0,0,2,2,6,3,0,6,6,16,33
KAM3422519.1,147,125,177,0,0,0,2,0,0,2,0,0,0,2,0
KAM3422520.1,1101,763,1213,4,28,12,10,7,21,9,12,19,27,19,30
KAM3422521.1,334,469,311,1,4,6,5,2,7,6,4,6,7,4,7
KAM3422522.1,935,907,1120,10,4,12,9,20,12,16,11,21,53,58,96
KAM3422523.1,244,162,428,4,0,0,0,2,0,2,2,4,8,2,6
KAM3422524.1,1228,817,873,2,4,18,6,4,2,4,2,8,4,10,6
KAM3422525.1,139,87,165,0,0,0,1,2,3,6,4,4,1,6,1
KAM3422526.1,140,84,174,0,0,0,2,0,1,6,0,2,0,2,0
KAM3422527.1,173,206,159,0,0,0,0,0,3,0,2,0,4,2,5
KAM3422528.1,75,92,128,3,2,0,0,1,0,0,4,0,0,2,4
KAM3422529.1,10604,7780,11225,11,8,18,27,22,24,22,18,43,54,24,85
KAM3422530.1,2121,2454,2629,4,8,12,6,6,7,12,8,4,4,8,12
KAM3422531.1,512,276,573,0,0,6,1,0,2,2,2,2,0,1,6
KAM3422532.1,3964,2172,4326,0,0,0,8,15,14,8,20,30,2,4,10
KAM3422533.1,204,122,272,0,0,0,2,0,0,0,0,0,0,0,0
KAM3422534.1,666,449,683,4,0,6,4,1,4,0,10,6,16,14,27
KAM3422535.1,208,262,277,0,4,6,1,2,4,0,2,2,8,8,4
KAM3422536.1,9,11,20,1,0,0,1,0,0,2,0,2,0,0,0
KAM3422537.1,239,168,892,0,0,0,0,0,2,0,0,0,28,5,34
KAM3422538.1,286,112,290,0,0,0,2,0,2,2,2,2,0,2,8
KAM3422541.1,7935,6104,5939,14,12,18,17,23,25,71,52,80,27,30,30
KAM3422542.1,2393,2087,2509,10,8,0,5,4,2,10,12,15,6,10,15
KAM3422543.1,385,383,263,0,0,0,0,6,0,2,2,4,0,2,4
KAM3422544.1,1301,1398,619,0,0,6,0,3,0,4,2,8,4,2,14
KAM3422545.1,193,99,3870,0,0,0,0,0,0,0,2,2,0,2,0
KAM3422546.1,3042,3310,2162,6,12,0,4,10,16,7,11,22,7,7,16
KAM3422548.1,4813,4657,3633,13,8,15,0,26,9,31,24,26,10,9,26
KAM3422549.1,41,31,69,3,0,0,0,2,0,0,0,0,0,0,2
KAM3422550.1,409,303,596,0,12,0,6,6,4,6,6,10,4,2,6
KAM3422553.1,626,470,552,8,4,6,0,6,1,0,4,8,2,10,4
KAM3422554.1,133,79,128,2,0,0,1,2,0,0,0,6,2,0,2
KAM3422555.1,1993,1612,2024,2,16,0,10,12,13,22,23,28,24,24,43
KAM3422556.1,73,68,123,0,0,0,2,0,2,0,0,1,0,0,0
KAM3422557.1,0,4,8,0,0,0,0,0,0,0,0,0,0,0,0
KAM3422559.1,12,6,4,0,0,0,0,0,0,0,0,0,0,0,0
KAM3422560.1,1135,901,1104,0,0,12,4,4,0,0,3,11,0,10,8
KAM3422561.1,443,188,440,0,0,0,2,2,6,14,18,6,9,2,6
KAM3422562.1,212,260,290,0,0,0,3,5,2,3,0,9,2,2,4
KAM3422563.1,137,135,217,0,0,0,1,3,3,1,2,2,4,4,2
KAM3422564.1,2045,1637,1734,6,8,0,2,0,9,2,14,16,11,8,11
KAM3422566.1,7816,6203,9164,23,36,30,57,52,86,74,43,65,216,216,302
KAM3422567.1,4181,2999,4027,10,28,12,7,18,16,28,29,20,61,64,69
KAM3422568.1,496,398,465,0,0,6,4,0,0,6,0,3,5,3,0
KAM3422569.1,824,673,340,2,0,0,0,0,0,0,0,0,0,0,6
KAM3422570.1,638,665,611,5,0,6,2,4,6,0,2,2,0,6,10
KAM3422571.1,751,825,1018,10,14,6,0,3,2,1,7,5,20,13,30
KAM3422572.1,939,478,538,0,0,0,6,2,4,4,6,14,0,8,6
KAM3422573.1,45,62,68,0,0,0,1,0,0,0,0,0,0,1,2
KAM3422574.1,562,511,649,7,10,0,18,10,9,12,12,9,11,6,17
KAM3422575.1,425,427,535,12,8,6,2,2,2,4,4,2,2,6,7
KAM3422578.1,950,1081,1040,10,0,0,12,15,10,13,8,10,4,6,4
KAM3422579.1,1656,1827,1335,4,0,0,0,2,4,6,5,6,16,14,16
KAM3422580.1,9,10,33,0,0,0,0,0,0,0,0,1,0,0,0
KAM3422581.1,538,480,541,2,4,6,4,4,2,1,2,11,3,8,15
KAM3422582.1,46,31,55,0,0,0,4,6,2,0,2,4,4,6,7
KAM3422583.1,120,50,128,0,0,0,4,3,0,0,0,2,0,0,0
KAM3422584.1,1739,713,1447,0,8,0,2,14,8,8,11,0,8,14,28
KAM3422585.1,1050,607,1227,1,0,3,4,12,0,8,2,2,20,26,34
KAM3422586.1,895,879,1114,3,0,6,7,2,6,6,23,28,14,12,13
KAM3422589.1,267,136,359,0,0,0,0,0,0,2,2,0,2,4,4
KAM3422590.1,1446,1539,1798,6,8,0,0,4,11,6,7,10,5,4,8
KAM3422591.1,4524,4734,4067,15,12,36,12,14,23,18,12,20,24,46,46
KAM3422592.1,22,11,26,0,0,0,0,0,0,0,0,0,0,0,0
KAM3422593.1,164,64,174,2,0,0,0,2,4,10,4,8,5,0,0
KAM3422594.1,320,240,391,8,4,0,0,0,2,6,7,1,2,2,2
KAM3422596.1,4,2,0,0,0,0,0,0,0,0,0,0,0,0,0
KAM3422597.1,2,2,6,0,0,0,0,0,0,0,0,0,0,0,0
KAM3422598.1,70,33,101,0,0,0,0,0,0,0,0,2,2,0,0
KAM3422599.1,3945,2912,3647,20,20,36,44,38,26,36,28,42,77,91,111
KAM3422600.1,119,163,145,0,0,0,0,0,0,0,2,0,1,5,0
KAM3422601.1,1509,1728,1205,12,14,6,2,4,0,1,3,10,6,6,4
KAM3422602.1,1125,1088,1385,1,8,6,1,9,3,4,9,10,10,8,23
KAM3422603.1,1461,1112,1728,0,0,0,0,0,0,6,9,2,0,2,0
KAM3422604.1,1695,830,1460,0,0,0,0,0,7,8,0,2,2,0,6
KAM3422605.1,227,208,393,0,4,6,0,0,0,2,2,0,0,2,2
KAM3422606.1,107,142,124,0,0,0,2,0,0,0,2,0,0,0,0
KAM3422607.1,286,353,366,2,0,0,0,2,2,0,0,2,4,0,0
KAM3422608.1,557,610,486,0,0,0,2,0,4,0,0,0,0,2,0
KAM3422609.1,3474,3100,3014,8,0,6,3,0,2,0,0,2,8,6,13
KAM3422610.1,8786,8022,9439,6,16,0,14,14,10,16,24,5,97,98,112
KAM3422611.1,586,495,676,0,0,0,7,4,6,8,13,7,12,12,14
KAM3422612.1,507,444,565,4,0,0,2,4,8,8,0,2,2,0,2
KAM3422613.1,1441,1524,1332,11,20,39,7,6,10,8,5,14,30,18,28
KAM3422614.1,326,298,413,6,12,15,2,6,3,2,0,0,12,12,6
KAM3422615.1,5478,4634,2566,16,20,27,5,10,10,14,10,6,20,14,31
KAM3422616.1,627,433,1005,0,0,0,6,0,9,2,4,0,4,0,6
KAM3422617.1,1035,579,1150,2,12,0,3,6,6,8,4,2,0,2,2
KAM3422618.1,2511,2073,2244,6,0,6,4,5,13,10,10,17,14,4,18
KAM3422619.1,3580,1882,2514,7,2,0,12,15,16,31,26,30,8,9,46
KAM3422620.1,664,517,764,0,4,0,0,2,0,0,2,6,1,0,0
KAM3422621.1,281,197,292,0,2,0,0,0,0,0,0,3,0,0,4
KAM3422622.1,4043,3926,4653,4,8,6,6,14,4,9,8,11,11,25,40
KAM3422623.1,163,100,208,0,0,0,0,0,0,1,0,2,0,0,0
KAM3422624.1,50,21,39,0,0,0,0,0,0,2,4,0,0,0,2
KAM3422625.1,100,130,67,0,0,0,0,1,2,0,0,0,0,2,0
KAM3422626.1,494,457,389,0,0,0,4,5,0,1,4,10,0,2,8
KAM3422627.1,31,23,68,0,0,0,2,2,0,0,0,0,0,0,0
KAM3422628.1,5,4,25,0,0,0,0,0,0,0,0,0,0,0,0
KAM3422629.1,282,249,316,0,0,0,2,4,1,4,0,4,2,5,2
KAM3422630.1,5411,4078,4957,18,4,12,15,17,10,17,27,34,38,38,63
KAM3422631.1,20,21,48,0,0,0,0,0,0,0,0,0,2,0,0
KAM3422632.1,455,463,718,4,12,12,0,4,0,0,4,10,0,0,0
KAM3422633.1,2936,1472,4337,20,56,30,4,6,6,32,54,55,23,8,15
KAM3422634.1,627,653,887,6,0,6,8,31,14,107,126,139,24,41,95
KAM3422635.1,903,1267,1327,0,0,6,0,10,2,2,4,2,8,18,22
KAM3422637.1,208653,210046,162810,27,4,15,18,30,26,26,39,38,188,163,297
KAM3422638.1,3973,3387,2833,7,8,9,6,5,0,2,8,10,14,12,14
KAM3422639.1,468,538,379,0,4,0,0,0,0,0,0,0,0,0,6
KAM3422640.1,1550,1599,1627,4,4,0,4,0,0,0,6,8,2,7,12
KAM3422641.1,93649,100440,71699,115,80,102,20,30,14,49,56,67,130,109,287
KAM3422642.1,2717,2146,2093,20,16,3,4,18,17,18,12,18,44,54,61
KAM3422643.1,14,16,32,0,0,0,0,0,0,0,0,4,0,0,0
KAM3422644.1,185,186,193,0,0,0,0,0,0,2,2,6,3,1,2
KAM3422645.1,4303,2492,2881,4,0,6,2,48,12,33,40,80,70,40,92
KAM3422646.1,12107,12088,9409,14,8,30,0,10,4,0,10,6,8,8,24
KAM3422647.1,1656,1748,1445,10,12,0,0,2,0,2,2,3,4,2,7
KAM3422648.1,11,27,26,0,0,0,0,0,0,0,1,1,0,0,0
KAM3422649.1,13788,9662,8456,2,12,6,0,6,2,3,4,24,13,10,17
KAM3422650.1,11,21,23,0,0,0,0,0,0,0,0,0,0,0,0
KAM3422651.1,2218,1851,2109,8,0,6,14,13,6,20,20,14,11,11,10
KAM3422652.1,521,514,459,6,4,6,10,2,0,4,2,2,10,11,12
KAM3422653.1,236,249,279,0,0,0,0,2,2,2,2,1,8,0,0
KAM3422654.1,1193,1282,1444,4,8,0,2,4,4,0,6,8,4,4,4
KAM3422655.1,809,469,1178,0,0,12,8,8,12,13,24,48,10,12,10
KAM3422656.1,1163,1207,1256,10,2,6,0,1,5,5,2,6,9,16,23
KAM3422657.1,1721,1738,1539,9,8,6,6,0,8,7,13,6,9,11,15
KAM3422658.1,761,666,1031,0,4,0,2,2,0,2,0,5,12,2,2
KAM3422659.1,75130,71349,61041,31,16,24,10,33,33,48,59,52,130,153,237
KAM3422660.1,112,75,117,0,0,0,2,0,0,0,0,0,1,0,3
KAM3422661.1,527,456,531,2,4,0,2,10,8,6,20,9,8,8,9
KAM3422662.1,4424,2296,2379,0,0,6,10,11,12,19,14,18,6,5,19
KAM3422663.1,829,626,804,4,4,9,10,8,8,13,11,6,12,13,12
KAM3422664.1,23,25,50,0,0,0,0,0,0,0,2,0,0,0,0
KAM3422665.1,1014,802,1015,2,0,6,4,6,0,2,2,2,16,6,6
KAM3422666.1,9066,7333,7107,10,12,15,11,5,5,1,7,7,11,8,23
KAM3422667.1,180,124,103,2,0,6,4,10,0,2,0,16,11,2,6
KAM3422669.1,15555,4840,10574,10,0,3,14,4,6,19,4,12,30,72,53
KAM3422670.1,112,79,137,0,0,0,0,0,0,0,0,0,4,6,0
KAM3422671.1,24,10,44,0,4,0,0,0,0,0,0,0,2,2,0
KAM3422672.1,1300,1514,1216,7,16,0,2,8,2,3,4,8,24,11,24
KAM3422673.1,413,290,378,0,0,0,2,2,2,3,0,5,3,8,0
KAM3422674.1,5568,5260,4542,4,2,9,2,0,4,11,5,7,7,3,12
KAM3422675.1,926,1083,1229,4,0,0,4,4,4,2,6,2,8,2,5
KAM3422676.1,2806,1827,2248,0,0,0,4,6,6,24,17,7,0,14,8
KAM3422677.1,63,35,165,0,0,0,4,4,0,2,0,5,4,2,6
KAM3422678.1,363,194,271,0,0,0,0,12,0,6,0,14,2,2,2
KAM3422679.1,90,147,239,0,0,0,0,2,2,0,0,0,0,2,0
KAM3422680.1,1494,1466,1445,10,16,0,8,20,4,6,4,10,12,22,25
KAM3422681.1,25505,19265,23555,2,20,18,18,38,34,19,24,26,87,107,147
KAM3422682.1,121,48,297,0,0,0,0,0,0,2,2,2,5,8,4
KAM3422683.1,1,2,3,0,0,0,0,0,0,0,0,0,0,0,0
KAM3422684.1,2,0,0,0,0,0,0,0,0,0,0,0,0,0,0
KAM3422685.1,707,586,663,6,0,0,1,11,14,2,6,8,2,2,16
KAM3422686.1,836,397,599,0,4,0,2,16,10,12,12,18,0,2,2
KAM3422687.1,178,128,183,0,0,0,0,0,0,0,0,0,0,0,0
KAM3422688.1,7915,6048,5394,18,8,24,12,19,14,6,12,20,20,9,35
KAM3422689.1,1721,1942,1759,0,0,6,4,4,0,4,1,4,14,11,13
KAM3422690.1,626,517,526,8,0,0,4,4,10,14,1,6,5,14,16
KAM3422691.1,812,568,905,8,0,0,4,1,5,8,3,4,5,2,4
KAM3422692.1,7,9,8,0,0,0,0,0,0,0,0,0,0,0,0
KAM3422693.1,4500,2162,3099,6,0,6,26,38,26,12,21,37,80,135,101
KAM3422694.1,565,348,673,0,0,0,6,6,0,4,2,7,1,5,2
KAM3422696.1,6690,6409,5456,18,4,18,12,15,18,12,16,16,26,22,36
KAM3422697.1,376,440,181,0,0,0,2,3,2,2,2,0,0,0,2
KAM3422698.1,43,29,28,0,0,0,0,0,0,0,0,0,0,0,0
KAM3422699.1,6956,5888,4404,14,0,0,2,2,1,4,2,4,3,4,15
KAM3422701.1,5618,5361,4718,36,40,27,9,12,8,16,18,37,27,24,50
KAM3422702.1,153,175,229,2,0,6,0,4,2,0,2,1,0,2,0
KAM3422703.1,4897,2983,3145,8,0,42,10,7,12,4,8,22,24,14,38
KAM3422704.1,2440,1503,2030,2,8,0,6,10,20,15,10,10,40,54,66
KAM3422705.1,2421,1351,1570,4,4,0,2,10,14,12,6,7,5,20,31
KAM3422706.1,1643,1336,1807,4,4,6,32,23,34,17,16,20,39,36,51
KAM3422707.1,642,498,810,0,0,0,24,18,14,15,20,10,21,19,14
KAM3422708.1,2479,1824,2499,10,12,12,10,26,22,4,16,10,69,79,58
KAM3422709.1,19,16,18,0,0,0,0,0,0,0,0,0,1,0,3
KAM3422710.1,593,309,714,0,0,0,2,10,0,11,2,9,2,2,6
KAM3422711.1,722,564,913,0,0,0,10,10,12,4,8,18,12,12,12
KAM3422712.1,2291,1492,2065,4,8,0,6,7,2,2,4,17,7,10,13
KAM3422713.1,460,289,542,2,0,0,8,2,18,12,18,16,14,10,10
KAM3422714.1,168,171,356,4,0,0,2,5,4,11,30,12,19,10,36
KAM3422715.1,1508,1659,1199,2,12,12,6,7,6,4,6,11,8,6,14
KAM3422716.1,1401,1487,1464,0,0,0,0,0,4,2,2,2,6,2,14
KAM3422717.1,1,2,12,0,0,0,0,0,0,0,0,0,0,0,0
KAM3422718.1,6,3,22,0,0,0,0,0,0,0,0,0,0,0,2
KAM3422719.1,7,2,28,0,0,0,0,0,0,0,0,0,0,0,0
KAM3422720.1,384,208,416,0,0,0,4,2,8,12,12,8,8,4,10
KAM3422721.1,540,319,434,0,0,0,8,4,0,16,8,20,4,2,20
KAM3422722.1,4,2,0,0,0,0,0,0,0,2,1,0,0,0,0
KAM3422723.1,98,95,150,0,0,0,0,4,0,0,0,0,0,0,4
KAM3422724.1,1414,1704,1216,6,16,36,13,27,2,45,38,77,30,33,35
KAM3422725.1,69,43,71,0,0,0,0,0,0,0,0,1,0,2,0
KAM3422726.1,1141,911,1308,10,4,12,9,12,14,2,8,16,8,4,20
KAM3422727.1,3974,2463,2889,2,2,0,2,3,2,4,8,11,3,0,5
KAM3422728.1,22480,20288,26245,72,48,98,34,54,69,106,81,140,234,198,226
KAM3422729.1,25,6,61,0,0,0,2,0,0,0,0,0,0,2,2
KAM3422730.1,532,299,405,4,0,0,0,0,4,2,2,6,4,0,2
KAM3422731.1,275,290,310,4,8,12,0,0,0,4,0,6,4,10,8
KAM3422732.1,490,337,381,0,0,0,0,0,0,0,0,0,6,4,10
KAM3422733.1,1320,575,982,4,4,6,10,12,20,14,12,16,5,16,14
KAM3422734.1,323,423,441,3,0,0,5,6,2,6,6,7,2,12,4
KAM3422735.1,1249,1007,1295,7,0,0,5,5,6,12,20,30,13,7,40
KAM3422736.1,73,62,38,2,0,0,1,0,0,2,2,1,2,0,0
KAM3422737.1,383,242,370,0,0,12,4,4,4,11,14,4,8,10,12
KAM3422738.1,5477,5316,5064,9,4,12,3,3,0,3,2,11,18,18,24
KAM3422739.1,8879,7955,6905,2,12,0,2,10,6,2,16,10,17,28,23
KAM3422740.1,15296,13866,12771,53,36,54,4,20,12,21,56,42,60,53,87
KAM3422741.1,409,310,340,2,0,0,2,4,0,4,12,7,5,3,7
KAM3422742.1,6170,4635,6437,21,12,18,6,18,19,16,23,21,6,7,15
KAM3422743.1,572,394,482,0,0,0,0,2,0,0,2,9,9,2,4
KAM3422744.1,706,470,781,0,0,0,0,0,1,2,0,1,3,2,0
KAM3422745.1,264,203,421,0,0,0,0,1,0,0,0,1,0,0,2
KAM3422746.1,1527,1366,1581,4,8,24,2,4,4,4,6,6,14,21,22
KAM3422747.1,172,117,143,0,0,3,6,1,4,4,2,0,6,0,0
KAM3422749.1,367,327,348,6,12,0,0,2,2,2,2,2,6,6,6
KAM3422750.1,2114,1650,2451,6,24,12,8,8,7,10,4,18,5,13,20
KAM3422751.1,1043,1343,794,2,0,0,4,2,0,2,4,0,4,6,7
KAM3422752.1,1131,1082,847,4,0,0,0,1,0,3,6,10,12,15,10
KAM3422753.1,1685,1958,1459,8,12,6,3,6,8,4,6,10,20,14,12
KAM3422754.1,1025,966,1111,4,18,12,10,20,10,4,6,7,12,8,20
KAM3422755.1,363,287,403,0,0,0,0,6,0,4,2,2,2,1,4
KAM3422756.1,1786,1672,1308,2,2,0,6,4,11,8,7,13,6,9,7
KAM3422757.1,23981,20255,27413,64,50,72,68,120,122,102,87,92,144,122,160
KAM3422758.1,6347,6973,4168,53,28,66,8,10,6,12,8,24,36,28,38
KAM3422759.1,233,193,409,0,16,0,2,2,6,2,6,6,2,0,0
KAM3422760.1,6593,3868,6399,0,0,6,25,47,24,39,28,41,65,35,72
KAM3422761.1,243,194,443,0,0,0,4,6,11,4,14,6,2,2,4
KAM3422762.1,310,179,266,0,0,0,0,12,4,8,1,7,4,2,4
KAM3422763.1,345,205,282,0,8,0,0,6,0,0,2,0,2,3,0
KAM3422764.1,997,1080,1189,8,28,6,18,6,6,10,6,8,16,26,27
KAM3422765.1,547,438,602,6,4,0,4,6,8,2,0,8,8,4,9
KAM3422766.1,38,23,41,0,0,0,0,0,0,0,0,0,0,0,0
KAM3422767.1,8,0,10,0,0,0,0,0,0,0,0,0,0,0,0
KAM3422769.1,38992,13180,16070,13,24,18,24,56,35,58,116,87,60,111,153
KAM3422771.1,612,368,482,2,0,0,0,4,4,2,0,4,2,4,2
KAM3422772.1,959,838,997,0,4,0,4,7,5,4,8,8,1,0,2
KAM3422773.1,186,100,146,0,0,3,0,0,0,0,0,0,0,0,0
KAM3422774.1,995,939,1391,4,0,0,6,8,2,15,8,11,23,18,13
KAM3422775.1,18820,13379,12546,4,12,24,8,4,9,10,14,31,13,14,40
KAM3422776.1,113,136,180,0,0,0,0,2,0,2,0,0,0,0,0
KAM3422777.1,296,199,462,0,0,0,0,0,2,0,1,0,3,0,0
KAM3422778.1,22745,22515,21522,44,40,87,25,46,23,34,49,30,149,171,178
KAM3422779.1,218,105,358,0,0,0,0,2,2,12,12,16,24,18,26
KAM3422780.1,3187,4362,3587,18,4,6,6,8,10,10,18,19,63,61,76
KAM3422781.1,145,131,133,0,0,0,0,2,0,0,0,0,2,1,4
KAM3422782.1,436,277,537,0,4,0,2,8,4,18,21,16,8,6,2
KAM3422783.1,1462,1805,1515,0,0,12,4,4,8,12,10,6,17,3,1
KAM3422784.1,141,118,220,0,0,0,0,0,0,2,0,3,6,2,4
KAM3422785.1,5,6,7,0,0,0,0,0,0,0,0,0,0,0,0
KAM3422786.1,464,633,444,2,8,0,5,0,4,8,1,6,4,0,6
KAM3422787.1,502,318,539,2,0,0,0,4,0,0,2,2,4,0,2
KAM3422788.1,688,802,863,10,4,12,2,9,2,4,4,5,11,14,17
KAM3422789.1,12434,12751,15351,12,4,30,21,12,18,34,56,35,59,78,95
KAM3422790.1,267,329,610,2,2,0,0,6,0,2,4,2,2,0,6
KAM3422791.1,2336,1813,2866,12,4,3,2,0,12,13,10,13,0,7,10
KAM3422792.1,14947,17137,16390,72,48,72,40,74,27,86,107,121,99,62,102
KAM3422793.1,1259,1269,1477,18,8,12,2,6,4,4,3,12,4,13,20
KAM3422794.1,583,710,922,6,0,18,0,10,4,1,0,0,16,10,12
KAM3422795.1,45868,45812,51872,146,118,222,47,61,50,56,85,112,269,253,405
KAM3422796.1,1063,1488,1295,4,0,12,2,2,1,6,6,2,12,12,8
KAM3422797.1,2270,2644,2917,12,4,12,0,10,6,6,4,15,13,11,18
KAM3422798.1,37,65,139,0,0,0,2,0,2,0,0,0,0,0,0
KAM3422799.1,2300,2295,2551,48,38,48,16,12,15,11,12,8,28,16,30
KAM3422800.1,68,83,136,0,0,6,0,0,1,5,6,0,2,0,2
KAM3422801.1,226,151,390,6,8,0,3,4,2,4,2,12,6,4,11
KAM3422802.1,173,182,181,2,4,0,4,8,2,4,0,2,8,2,6
KAM3422803.1,174,126,239,0,0,0,0,0,0,0,2,0,4,2,0
KAM3422804.1,228,245,233,7,12,0,0,3,0,6,11,7,3,7,2
KAM3422805.1,4714,3515,3476,12,4,12,13,11,8,17,10,28,4,16,10
KAM3422806.1,28,34,29,0,0,0,0,1,0,0,0,0,0,0,0
KAM3422807.1,147,115,356,0,0,0,0,4,10,2,8,8,10,12,5
KAM3422808.1,7580,7282,7720,38,16,42,10,17,14,30,16,10,79,102,117
KAM3422809.1,2083,2292,2140,4,8,12,14,20,8,8,4,14,12,20,18
KAM3422810.1,2446,1757,2794,6,4,0,67,122,91,80,32,62,72,85,112
KAM3422811.1,108597,113439,100413,115,140,201,39,49,34,97,107,125,77,88,116
KAM3422812.1,2991,2643,2741,0,0,12,9,6,9,11,0,18,18,9,26
KAM3422813.1,724,1053,877,12,8,0,2,2,2,4,4,0,11,8,24
KAM3422814.1,1061,666,863,0,0,0,12,14,10,22,16,4,20,38,38
KAM3422815.1,1568,1483,1843,2,8,6,11,19,9,13,10,11,16,6,17
KAM3422816.1,293,182,226,0,4,0,2,2,0,0,0,0,2,8,4
KAM3422817.1,25,8,8,1,0,0,0,0,0,0,0,1,0,0,0
KAM3422818.1,21582,16895,12321,5,0,6,3,4,9,7,6,12,43,17,62
KAM3422819.1,1056,1091,758,8,0,6,0,0,2,0,2,0,0,3,4
KAM3422820.1,1335,1667,1138,16,0,6,18,10,4,12,22,28,85,99,137
KAM3422821.1,90,80,99,0,4,0,0,2,0,0,2,0,10,2,6
KAM3422822.1,305,272,364,6,8,0,2,0,1,0,2,4,4,0,8
KAM3422823.1,269,242,368,4,0,0,0,4,2,0,2,0,3,12,10
KAM3422824.1,296,198,368,0,0,0,6,0,4,6,0,0,8,6,4
KAM3422825.1,227,264,220,0,0,0,2,0,2,2,2,2,0,0,8
KAM3422826.1,327,231,447,0,0,0,2,0,0,3,4,2,8,0,3
KAM3422827.1,173,233,333,2,0,6,6,6,8,2,14,11,15,11,19
KAM3422828.1,4347,4047,3553,18,12,12,18,12,8,14,16,14,24,16,22
KAM3422829.1,604,320,1401,0,0,0,0,2,0,2,0,0,21,12,18
KAM3422830.1,3310,3539,3216,6,4,36,20,17,10,14,2,10,16,15,28
KAM3422831.1,4789,5268,4639,6,16,0,3,12,2,14,24,22,40,36,37
KAM3422832.1,52,26,38,0,0,0,0,2,0,3,2,0,4,12,11
KAM3422833.1,16617,11682,16372,32,20,96,36,60,55,62,79,78,156,154,185
KAM3422834.1,3163,3048,3241,8,8,12,2,2,2,6,6,0,50,42,46
KAM3422835.1,499,348,690,2,0,6,2,10,4,6,10,4,10,11,23
KAM3422836.1,24,10,44,0,0,0,0,0,0,0,0,2,0,0,2
KAM3422837.1,367,236,491,0,4,0,0,4,4,2,2,2,13,26,29
KAM3422838.1,1,0,1,0,0,0,0,0,0,0,0,0,0,0,0
KAM3422839.1,490,400,501,0,8,0,2,4,2,2,2,2,10,8,10
KAM3422840.1,1705,1921,992,2,12,0,12,6,11,8,10,18,15,20,21
KAM3422841.1,673,756,1392,5,2,0,5,7,2,11,8,2,10,17,9
KAM3422842.1,2637,3039,3288,9,12,6,14,10,13,21,45,32,29,32,56
KAM3422843.1,660,852,1103,8,0,0,6,8,12,6,10,8,13,8,3
KAM3422844.1,750,785,699,14,0,24,4,7,6,4,4,14,6,16,19
KAM3422845.1,3191,2451,3293,4,10,6,24,20,20,11,16,18,43,44,44
KAM3422846.1,216,197,290,2,0,0,8,5,4,7,0,3,12,10,9
KAM3422847.1,39,48,55,1,0,0,0,0,0,2,0,0,0,1,2
KAM3422848.1,870,1220,971,13,0,9,8,6,2,4,18,8,14,11,6
KAM3422849.1,495,532,529,2,0,0,2,10,4,13,4,8,4,4,14
KAM3422850.1,125,79,133,0,0,0,2,0,0,0,2,2,2,0,2
KAM3422851.1,32,15,35,0,0,0,0,0,0,0,2,0,0,0,4
KAM3422852.1,833,1120,802,4,8,0,2,3,4,2,4,3,16,4,4
KAM3422853.1,925,818,790,2,4,6,2,8,2,8,6,9,2,0,0
KAM3422854.1,637,450,668,2,0,0,4,9,6,2,1,4,0,0,0
KAM3422855.1,41,39,37,2,0,0,0,1,1,0,0,0,0,0,0
KAM3422856.1,2019,899,2083,0,0,6,16,34,28,77,78,49,51,84,128
KAM3422857.1,44,49,44,0,0,0,0,2,4,4,3,8,0,9,6
KAM3422858.1,22,6,15,0,0,0,1,0,0,0,0,0,0,0,0
KAM3422859.1,105,63,77,0,0,0,0,1,0,0,2,3,0,0,2
KAM3422860.1,7286,6588,5256,38,30,24,8,12,2,16,12,14,25,26,75
KAM3422861.1,715,887,772,4,4,6,4,4,6,4,4,0,12,0,8
KAM3422862.1,1421,1092,1536,8,4,0,12,23,8,17,17,15,25,39,31
KAM3422863.1,279,141,160,0,8,0,8,6,4,1,5,2,0,2,4
KAM3422864.1,425,319,404,4,4,18,1,0,4,0,2,12,4,12,6
KAM3422865.1,10023,6997,9934,32,34,30,40,60,57,58,22,34,160,191,203
KAM3422866.1,13520,9572,14464,51,16,54,39,75,75,78,77,70,204,177,253
KAM3422867.1,443,293,318,0,0,12,0,0,2,0,0,4,2,2,2
KAM3422868.1,66,21,39,0,0,0,0,0,0,0,0,0,1,0,0
KAM3422869.1,16180,12253,14933,62,52,60,55,98,70,64,61,101,204,153,267
KAM3422870.1,1476,1274,1584,4,4,6,6,12,6,6,14,10,34,28,40
KAM3422871.1,23,18,17,0,0,0,0,0,0,0,0,0,2,0,0
KAM3422872.1,172,106,310,8,8,18,6,8,8,6,4,6,6,6,7
KAM3422873.1,1620,1463,1733,6,8,12,12,13,10,10,15,32,28,29,39
KAM3422874.1,649,566,604,6,4,6,5,0,5,4,13,15,4,1,1
KAM3422875.1,767,530,693,10,4,0,4,14,6,6,4,8,2,4,8
KAM3422876.1,968,743,1262,2,0,0,8,4,12,8,6,6,13,26,16
KAM3422877.1,1269,1328,1401,12,12,12,10,18,6,4,6,6,12,20,18
KAM3422878.1,3288,3334,2718,13,0,12,7,9,6,23,11,20,12,17,19
KAM3422879.1,236,233,62,2,0,0,1,2,2,2,1,2,0,0,2
KAM3422880.1,540,369,305,2,0,0,2,6,5,7,2,4,0,1,3
KAM3422881.1,10010,7108,7690,15,12,6,77,128,83,28,30,43,24,8,25
KAM3422882.1,1389,1536,1253,14,8,6,0,2,4,6,7,6,7,20,10
KAM3422883.1,1556,1066,1387,4,4,0,8,6,4,8,6,8,7,12,10
KAM3422884.1,186,155,191,0,4,6,4,2,0,6,2,6,4,8,0
KAM3422885.1,10954,11068,15622,32,30,57,110,119,101,71,56,58,277,310,331
KAM3422886.1,393,343,325,2,10,6,4,6,0,2,0,2,4,6,6
KAM3422887.1,48,88,40,0,4,0,0,4,0,0,0,1,0,3,0
KAM3422888.1,790,812,1205,4,8,0,4,6,2,7,2,8,0,4,16
KAM3422889.1,185,189,307,2,0,0,0,0,0,0,4,4,9,8,6
KAM3422890.1,219,92,269,0,0,0,2,2,2,6,4,4,0,2,2
KAM3422891.1,609,400,674,0,0,0,2,4,2,7,14,4,4,2,8
KAM3422892.1,2762,1821,1471,2,0,6,18,30,6,26,20,30,12,18,16
KAM3422893.1,1305,1735,1404,4,4,6,4,0,0,14,28,30,6,6,6
KAM3422894.1,2755,2978,3492,8,32,30,4,16,5,18,11,23,6,10,26
KAM3422895.1,171,119,181,0,0,0,0,0,2,2,0,2,4,2,8
KAM3422896.1,648,318,1689,0,0,0,0,0,0,2,0,2,119,53,60
KAM3422897.1,4,6,1,0,0,0,0,0,0,0,0,0,0,0,0
KAM3422898.1,32,16,39,0,0,0,0,0,0,0,0,0,0,0,0
KAM3422899.1,487,594,905,6,4,12,6,2,5,8,4,14,11,10,2
KAM3422900.1,546,589,716,2,0,3,4,1,6,3,5,0,11,0,15
KAM3422901.1,10683,9529,11241,16,36,48,17,28,35,40,30,70,83,81,117
KAM3422902.1,10203,7874,12393,32,64,60,76,116,60,41,51,71,230,279,302
KAM3422903.1,994,991,1091,11,0,12,2,4,5,2,8,9,34,33,29
KAM3422904.1,127,81,112,2,0,0,0,0,0,0,0,2,0,2,8
KAM3422905.1,50,29,66,0,0,0,0,0,0,2,2,0,4,0,0
KAM3422906.1,1,0,3,0,0,0,0,0,0,0,0,0,0,0,0
KAM3422907.1,31,15,48,0,0,0,0,4,0,0,0,0,2,0,0
KAM3422908.1,2,4,6,0,0,0,0,0,0,0,0,0,0,0,0
KAM3422909.1,1161,1009,1218,6,4,24,9,11,18,16,8,8,15,15,20
KAM3422910.1,2495,2024,2411,2,0,0,3,9,4,12,4,11,6,5,10
KAM3422911.1,14172,12834,10527,15,22,15,20,26,18,37,44,36,39,39,49
KAM3422912.1,1263,1297,1029,2,16,0,8,6,6,13,14,11,9,6,27
KAM3422913.1,514,213,463,2,0,0,2,6,2,12,2,8,0,9,0
KAM3422914.1,736,320,579,2,4,6,2,12,6,8,2,12,29,39,14
KAM3422915.1,4010,3686,3362,10,12,15,4,19,15,16,8,16,18,23,36
KAM3422916.1,385,270,289,0,0,0,0,0,0,0,2,0,0,3,0
KAM3422917.1,143,149,188,9,0,0,0,1,0,0,0,2,2,0,5
KAM3422918.1,558,569,536,4,8,0,0,1,4,8,2,5,2,12,13
KAM3422919.1,89,140,132,0,0,6,0,3,4,0,2,0,32,36,39
KAM3422920.1,164,179,219,0,0,0,1,2,3,5,2,6,0,4,4
KAM3422921.1,52,83,42,0,2,3,4,1,0,6,0,0,0,0,0
KAM3422922.1,16,0,6,0,0,0,0,0,0,0,0,0,0,0,0
KAM3422923.1,0,0,2,0,0,0,0,0,0,0,0,0,0,0,0
KAM3422924.1,14,14,29,0,0,0,0,0,2,0,0,0,2,0,0
KAM3422925.1,1125,1392,878,14,4,0,0,8,2,8,0,6,8,10,16
KAM3422926.1,186,140,144,0,0,0,0,2,4,0,2,4,2,2,6
KAM3422927.1,4158,2779,8894,0,0,0,77,61,48,136,223,216,403,349,573
KAM3422928.1,3029,3059,2631,18,12,24,10,8,6,10,25,17,14,10,27
KAM3422929.1,44,50,97,0,0,0,0,0,4,0,2,0,0,0,0
KAM3422930.1,60,72,96,0,0,0,2,3,0,4,0,2,0,0,2
KAM3422931.1,9725,8956,7839,16,22,12,6,15,6,4,2,6,68,80,112
KAM3422932.1,65,77,70,0,4,0,0,0,0,0,0,0,0,0,0
KAM3422933.1,17941,13600,6145,18,4,24,2,6,18,8,0,17,33,35,28
KAM3422934.1,1028,807,1042,8,10,0,8,1,8,5,8,13,10,4,2
KAM3422935.1,1705,1406,1862,4,4,12,6,7,6,5,6,4,16,10,9
KAM3422936.1,416,348,415,0,0,0,6,11,4,4,2,4,8,0,6
KAM3422937.1,1433,1091,1282,0,0,12,4,0,0,10,10,0,0,2,2
KAM3422938.1,1882,2363,1948,6,2,6,2,15,1,12,1,5,64,34,74
KAM3422939.1,340,467,286,3,4,3,2,2,0,4,0,0,2,15,8
KAM3422940.1,517,415,359,2,4,0,2,2,4,4,0,4,1,3,5
KAM3422941.1,248,175,321,8,0,12,4,12,6,8,2,8,6,2,9
KAM3422942.1,440,255,432,14,12,12,13,12,9,5,12,2,10,17,8
KAM3422943.1,1380,1272,1710,0,4,0,0,0,4,2,2,2,4,2,12
KAM3422944.1,1497,1256,1526,8,0,0,2,0,16,7,4,4,10,18,13
KAM3422945.1,2234,1551,2409,5,12,24,16,24,25,30,24,20,44,37,50
KAM3422946.1,121,147,140,0,0,0,2,2,2,0,1,0,3,2,0
KAM3422947.1,498,570,519,0,0,0,0,4,0,10,6,8,16,0,16
KAM3422948.1,456,427,878,4,0,6,3,6,2,4,0,10,8,4,2
KAM3422949.1,448,391,634,0,0,0,1,0,0,3,2,0,2,2,9
KAM3422950.1,37,34,44,0,0,0,0,0,0,0,0,0,0,0,1
KAM3422951.1,11114,8622,10950,8,4,6,10,10,12,12,10,10,6,18,19
KAM3422954.1,2583,2230,3208,4,8,0,14,14,6,5,16,15,18,26,24
KAM3422955.1,4417,4778,4689,2,4,6,5,14,2,9,8,14,18,12,11
KAM3422956.1,912,728,1416,0,0,0,0,10,2,7,4,19,0,5,3
KAM3422957.1,190,216,185,2,0,0,4,2,2,2,4,2,2,0,4
KAM3422959.1,1295,1280,1104,0,4,24,6,6,14,23,12,16,12,8,14
KAM3422960.1,1826,1192,1313,8,4,6,2,4,0,6,0,10,8,6,8
KAM3422962.1,9844,9726,8189,26,24,21,9,10,24,19,39,23,51,61,95
KAM3422963.1,624,665,754,4,0,0,1,2,0,4,2,1,0,4,1
KAM3422964.1,967,503,363,0,0,0,0,0,1,0,2,0,0,8,5
KAM3422965.1,79,33,72,0,0,0,0,4,4,0,0,6,0,0,2
KAM3422966.1,51,38,50,0,0,0,0,0,0,0,0,0,0,0,2
KAM3422967.1,183,152,308,0,0,0,8,4,4,3,0,0,0,2,4
KAM3422968.1,1880,1349,1858,4,0,6,12,14,20,8,10,10,26,30,34
KAM3422969.1,49,37,37,0,0,0,0,2,0,0,4,0,0,0,2
KAM3422970.1,1787,1814,1908,4,4,18,12,20,8,13,18,20,21,12,25
KAM3422971.1,984,1071,1009,6,0,12,2,2,0,6,4,4,24,10,12
KAM3422972.1,1260,1334,1380,17,4,21,9,18,8,11,3,26,31,18,36
KAM3422973.1,696,491,766,0,0,0,10,8,8,10,8,16,8,6,4
KAM3422974.1,296,197,181,6,0,6,2,0,2,6,4,1,0,2,0
KAM3422975.1,280,215,269,8,0,0,2,4,2,0,0,6,4,4,2
KAM3422976.1,807,622,587,10,4,18,10,12,8,6,4,12,2,5,12
KAM3422977.1,604,503,593,4,8,6,6,7,0,10,6,10,12,7,27
KAM3422978.1,119,60,93,0,0,0,0,2,4,0,3,0,5,6,8
KAM3422979.1,58,15,90,0,0,0,0,0,0,0,0,0,3,3,2
KAM3422980.1,2060,2264,1968,9,8,24,3,10,4,13,10,14,11,13,10
KAM3422982.1,20660,11562,14464,6,0,0,20,42,20,36,25,34,78,72,133
KAM3422983.1,164,72,242,0,0,0,3,0,2,2,0,2,7,3,6
KAM3422984.1,857,1054,682,14,8,24,2,6,4,2,6,10,4,6,14
KAM3422985.1,6115,5928,5416,20,36,54,18,32,21,21,10,15,141,96,117
KAM3422986.1,3468,2716,2805,2,8,30,14,43,16,22,20,33,27,28,18
KAM3422987.1,958,1136,949,6,4,0,2,6,6,0,4,8,16,14,16
KAM3422989.1,275,326,370,0,8,6,0,8,6,0,4,7,4,7,13
KAM3422990.1,327,321,324,0,0,0,2,6,1,0,2,4,12,6,8
KAM3422991.1,1912,1496,1844,14,8,24,20,12,10,19,20,10,14,30,27
KAM3422993.1,65,45,62,0,0,0,0,0,0,0,4,0,0,0,0
KAM3422994.1,944,669,895,8,0,0,2,6,2,2,0,4,6,0,4
KAM3422995.1,912,583,589,4,0,0,0,3,2,0,0,3,2,2,6
KAM3422996.1,11,22,16,0,0,0,0,2,1,3,1,3,0,1,0
KAM3422997.1,5975,4534,5721,8,6,12,14,16,11,29,34,28,17,20,41
KAM3422999.1,40,40,100,0,0,0,0,0,0,1,2,3,6,0,4
KAM3423000.1,1402,1219,1362,0,8,0,2,11,6,12,3,14,9,8,13
KAM3423001.1,119,109,69,2,0,0,0,2,2,2,2,0,0,0,4
KAM3423002.1,231,199,227,2,0,0,2,0,0,0,3,0,1,2,4
KAM3423003.1,3930,4228,3553,20,8,6,13,1,5,6,20,21,26,14,31
KAM3423004.1,5229,5229,4784,28,2,21,28,40,24,44,55,43,44,49,85
KAM3423005.1,484,369,427,3,2,6,0,9,2,0,1,1,4,2,12
KAM3423007.1,15661,8106,8375,53,26,36,8,28,8,21,16,28,151,136,305
KAM3423009.1,83,27,68,0,0,0,0,0,0,0,0,0,0,4,6
KAM3423010.1,61,82,50,42,26,84,54,47,62,18,26,36,195,356,202
KAM3423011.1,887,664,631,2,4,0,0,0,0,0,8,8,0,0,4
KAM3423012.1,229,146,351,4,0,12,4,0,0,6,0,5,4,2,6
KAM3423013.1,1739,1226,1558,4,4,6,0,10,4,9,4,4,8,13,10
KAM3423014.1,5671,3254,2275,0,0,0,2,2,0,2,4,0,8,9,8
KAM3423015.1,209,141,319,2,0,0,0,2,0,0,0,0,0,1,2
KAM3423016.1,322,200,193,0,0,0,0,0,1,2,4,4,0,2,6
KAM3423017.1,2299,2403,1790,4,0,0,6,6,8,12,4,8,13,24,28
KAM3423018.1,1567,1123,1406,5,4,18,2,11,9,12,18,14,8,7,18
KAM3423019.1,46476,44518,42337,32,12,15,8,6,2,2,22,7,93,66,149
KAM3423020.1,3306,2942,4350,8,4,0,0,1,0,7,4,18,5,4,19
KAM3423021.1,1530,1872,1904,14,8,0,8,11,17,11,15,28,22,23,37
KAM3423022.1,2629,3084,2538,10,0,6,14,10,8,4,12,13,49,30,54
KAM3423023.1,196,215,186,0,0,0,0,0,2,0,2,0,0,2,2
KAM3423024.1,1265,603,1292,0,8,12,6,3,6,8,13,0,4,8,23
KAM3423025.1,1331,1180,1236,12,16,9,1,8,2,10,8,7,8,2,6
KAM3423026.1,4305,3845,3127,10,16,12,8,16,7,6,0,22,22,22,32
KAM3423028.1,5280,2700,2851,6,12,6,22,48,26,29,37,50,32,36,47
KAM3423030.1,1368,1390,1748,2,8,6,9,11,8,8,10,9,13,7,21
KAM3423031.1,2318,1361,2031,10,4,0,18,18,10,37,16,39,22,42,28
KAM3423032.1,13542,15191,12572,100,58,126,44,46,59,46,55,55,111,127,218
KAM3423033.1,109,147,199,0,0,0,0,0,0,0,0,2,4,2,2
KAM3423036.1,1286,1093,839,5,16,0,2,4,3,9,10,11,15,13,10
KAM3423037.1,194,170,404,0,0,0,8,8,18,12,10,12,35,26,36
KAM3423038.1,31,10,50,0,0,0,2,0,0,8,0,0,0,2,3
KAM3423039.1,375,328,371,2,0,0,2,4,0,0,8,6,4,14,4
KAM3423040.1,543,496,510,4,0,0,2,0,2,2,6,2,1,6,10
KAM3423041.1,35,30,57,0,0,0,0,1,0,0,0,1,0,0,2
KAM3423042.1,13,2,38,0,0,0,1,2,0,0,0,2,0,0,0
KAM3423043.1,43,25,43,0,0,0,0,0,5,0,2,0,2,2,2
KAM3423044.1,901,918,1214,4,8,0,16,11,6,8,11,12,20,15,20
KAM3423045.1,2579,1796,2206,10,4,12,8,11,2,33,25,26,17,7,18
KAM3423046.1,222,158,84,1,0,0,0,3,2,0,2,6,5,1,2
KAM3423047.1,1556,1203,1659,14,8,12,16,10,24,8,6,15,12,24,21
KAM3423048.1,838,588,798,5,8,0,4,6,3,2,4,0,6,2,14
KAM3423050.1,36,27,51,0,0,0,0,0,0,0,0,2,0,0,0
KAM3423051.1,65,61,85,0,0,0,2,2,0,0,0,2,0,0,0
KAM3423052.1,676,663,946,5,0,9,0,2,2,4,0,4,0,4,10
KAM3423053.1,3664,3092,2053,3,0,6,6,8,2,4,4,4,6,14,10
KAM3423055.1,1048,807,1081,2,0,0,10,4,2,8,6,6,6,5,17
KAM3423056.1,96,97,59,0,0,0,0,0,0,2,0,4,0,0,2
KAM3423057.1,4460,2439,5281,6,4,0,6,12,2,12,17,14,22,7,19
KAM3423061.1,477,481,583,0,0,3,4,2,1,2,2,2,7,6,6
KAM3423062.1,619,499,644,10,0,12,7,7,5,8,8,6,9,9,8
KAM3423064.1,572,715,662,10,4,0,2,0,4,0,10,2,34,20,22
KAM3423065.1,2715,2586,3071,15,14,6,3,9,0,11,21,12,25,23,28
KAM3423066.1,748,1004,836,8,12,6,2,4,0,3,5,4,14,15,11
KAM3423067.1,123,99,186,0,0,0,0,2,4,4,0,0,4,6,4
KAM3423068.1,177,104,212,0,0,0,1,2,2,1,4,2,0,2,0
KAM3423069.1,18109,13909,17435,60,62,54,46,85,72,63,43,47,196,216,300
KAM3423070.1,117,113,166,0,4,0,0,0,0,0,0,0,2,5,6
KAM3423071.1,1297,2075,1988,6,20,24,0,10,2,4,2,10,12,14,14
KAM3423072.1,2032,2213,2334,8,10,12,9,8,4,4,8,16,31,27,40
KAM3423073.1,21,30,35,0,0,0,0,0,0,2,0,0,0,0,0
KAM3423074.1,209,302,486,1,4,0,0,0,2,4,0,0,0,0,1
KAM3423075.1,1326,1706,1253,6,4,0,2,4,10,10,4,2,14,14,13
KAM3423076.1,1007,1275,1202,8,0,0,1,2,2,0,1,2,5,14,16
KAM3423077.1,6041,7256,5703,12,16,12,0,8,2,2,5,10,34,18,33
KAM3423078.1,1411,1717,1909,16,8,0,4,16,12,4,6,7,8,8,6
KAM3423080.1,89,73,109,0,0,0,0,0,0,0,0,0,0,1,4
KAM3423081.1,684,835,582,18,4,0,2,2,4,2,0,0,10,29,20
KAM3423084.1,11278,12771,12005,39,48,27,29,17,25,23,39,39,141,145,147
KAM3423085.1,1017,799,1215,4,0,6,4,4,10,6,8,4,19,33,48
KAM3423087.1,525,741,550,0,4,6,2,0,0,0,2,2,4,2,2
KAM3423088.1,1831,1667,1524,7,6,0,10,3,0,5,2,8,8,10,16
KAM3423089.1,2992,5043,4617,34,32,42,0,3,0,0,6,2,0,7,12
KAM3423090.1,5378,5343,5329,1,0,6,4,6,6,4,2,10,14,15,42
KAM3423091.1,18587,16671,25061,4,8,24,9,18,10,10,16,10,30,11,41
KAM3423092.1,102,101,218,2,0,0,0,0,0,0,0,0,0,0,0
KAM3423093.1,0,8,10,0,0,0,0,0,0,0,0,0,0,0,0
KAM3423094.1,122,97,81,0,0,0,2,6,6,9,2,6,6,12,8
KAM3423095.1,14,7,38,0,0,0,0,0,0,0,0,0,0,0,0
KAM3423096.1,3,2,2,0,0,0,0,0,0,0,0,0,0,2,0
KAM3423097.1,131,62,112,0,0,0,2,0,0,2,2,4,2,0,0
KAM3423098.1,355,255,315,0,0,0,3,0,2,0,0,0,3,0,2
KAM3423099.1,88,32,81,0,0,0,2,4,0,2,0,0,0,0,2
KAM3423100.1,396,338,514,2,4,0,0,0,7,10,6,7,2,8,8
KAM3423101.1,683,761,602,8,0,6,3,0,0,3,2,4,8,20,22
KAM3423102.1,38,24,33,2,0,0,0,0,0,6,0,6,0,0,0
KAM3423104.1,48,40,64,0,0,0,0,0,0,0,4,2,0,0,0
KAM3423105.1,268,215,301,1,0,0,0,2,2,2,4,4,0,6,5
KAM3423106.1,5812,6310,5469,40,16,24,15,12,17,20,13,33,34,41,65
KAM3423107.1,1219,1078,1661,17,12,6,24,8,8,5,12,8,22,25,25
KAM3423108.1,908,462,938,0,4,0,6,0,0,10,12,22,0,0,4
KAM3423110.1,1899,1130,1522,2,12,6,20,17,14,15,12,15,14,18,40
KAM3423112.1,399,294,469,2,0,0,11,2,4,2,4,10,3,4,2
KAM3423113.1,277,266,277,0,0,0,0,6,0,0,4,8,6,0,2
KAM3423114.1,108,155,220,6,4,6,2,2,8,0,4,6,2,4,4
KAM3423115.1,146,228,146,0,0,18,4,2,8,2,0,6,2,4,4
KAM3423116.1,102,140,129,0,0,6,2,0,0,0,0,4,2,2,4
KAM3423117.1,543,425,434,4,8,0,0,10,2,0,0,4,10,9,17
KAM3423118.1,249,120,236,0,0,3,1,0,3,4,4,7,6,8,12
KAM3423119.1,853,972,841,4,20,6,0,4,0,6,6,6,14,2,2
KAM3423120.1,17,16,51,0,0,0,0,1,0,0,0,0,6,4,9
KAM3423121.1,694,813,998,4,0,0,4,13,8,13,2,14,21,25,26
KAM3423122.1,223,177,191,0,0,0,0,0,1,4,4,1,6,6,16
KAM3423123.1,749,666,932,0,0,6,6,10,12,5,3,5,26,18,27
KAM3423124.1,373,260,493,3,2,0,6,5,4,8,9,8,0,6,2
KAM3423125.1,4632,4562,4440,34,32,24,22,30,22,24,20,17,55,67,84
KAM3423126.1,58,52,62,0,0,0,0,0,0,0,2,2,0,0,0
KAM3423127.1,541,662,592,9,8,0,8,4,4,9,27,3,2,4,2
KAM3423129.1,4138,3865,4504,8,12,6,8,12,6,24,27,15,26,18,28
KAM3423130.1,190,100,242,2,0,6,0,2,0,2,0,4,4,4,6
KAM3423132.1,204,121,176,0,0,0,2,0,2,2,2,0,2,2,2
KAM3423133.1,484,318,499,2,0,12,2,7,0,4,6,2,15,22,27
KAM3423134.1,344,220,271,2,0,0,2,2,1,6,4,0,0,2,8
KAM3423135.1,3569,2486,2380,18,0,0,13,15,23,11,12,9,48,47,49
KAM3423136.1,29,29,52,0,0,0,0,0,0,0,0,2,0,0,0
KAM3423137.1,278,216,486,0,0,0,3,0,1,2,2,2,12,5,4
KAM3423138.1,131,87,170,0,0,0,1,0,4,4,2,2,4,1,0
KAM3423139.1,3227,3291,2662,13,12,12,4,9,20,8,7,10,64,55,70
KAM3423140.1,515,684,515,8,12,3,4,2,3,2,5,8,5,10,6
KAM3423142.1,273,326,356,4,0,12,1,1,6,1,2,11,2,8,4
KAM3423143.1,4,9,0,0,0,0,0,0,0,0,0,1,0,0,0
KAM3423144.1,238,148,156,2,0,0,0,3,0,2,2,0,1,0,2
KAM3423145.1,155,78,167,2,0,0,0,0,0,0,2,0,4,0,0
KAM3423146.1,59,42,112,0,0,0,0,0,0,2,0,0,0,0,0
KAM3423147.1,431,209,228,0,0,0,0,2,0,0,4,3,2,2,2
KAM3423148.1,1064,757,385,0,0,0,1,5,0,5,2,2,7,0,7
KAM3423150.1,186,125,164,0,0,0,1,0,0,0,0,0,0,3,1
KAM3423151.1,440,288,534,2,0,0,0,6,0,2,6,8,14,16,6
KAM3423152.1,50,79,70,2,0,0,0,1,0,2,2,0,0,2,0
KAM3423153.1,63,55,62,0,0,0,1,1,0,4,0,1,0,0,0
KAM3423154.1,30628,27927,27229,24,20,30,6,10,6,4,8,12,18,16,20
KAM3423155.1,6352,6388,6631,2,0,24,2,19,6,17,23,26,16,7,8
KAM3423156.1,5690,5656,5933,10,4,12,8,30,10,11,16,14,14,10,16
KAM3423157.1,762,364,705,0,0,0,14,12,10,12,7,14,10,24,31
KAM3423158.1,107,43,134,0,0,0,2,4,2,1,3,4,4,0,0
KAM3423160.1,2857,1517,2117,4,0,6,14,18,6,22,38,33,4,0,10
KAM3423161.1,200,190,129,0,0,0,0,2,2,5,6,4,6,0,0
KAM3423162.1,56,59,31,0,0,6,0,0,0,0,2,0,4,0,0
KAM3423163.1,1738,1823,1101,4,8,18,0,2,0,0,0,0,16,14,22
KAM3423164.1,232,340,273,0,4,0,2,4,2,4,2,6,4,6,0
KAM3423165.1,220,208,305,6,4,12,3,2,2,0,0,0,8,8,8
KAM3423166.1,268,437,284,0,0,6,0,0,0,0,4,2,4,21,4
KAM3423167.1,260,327,247,3,0,0,2,0,0,2,2,0,6,3,6
KAM3423168.1,1678,872,2240,1,4,6,9,16,18,3,10,8,0,6,22
KAM3423169.1,1362,1407,1425,8,2,0,0,12,14,12,23,12,8,10,10
KAM3423170.1,986,1041,1120,2,0,6,8,16,9,6,10,13,16,16,33
KAM3423171.1,286,293,319,4,0,0,1,4,4,0,4,1,2,4,4
KAM3423172.1,331,223,383,0,2,0,0,0,1,6,6,7,4,5,6
KAM3423173.1,1598,1074,1648,4,0,0,12,14,22,6,4,6,14,20,37
KAM3423174.1,326,248,326,0,0,0,2,0,0,2,0,2,0,2,4
KAM3423175.1,1023,1019,1159,2,4,0,2,4,8,4,6,10,9,16,9
KAM3423176.1,309,290,318,2,4,6,0,0,2,0,6,1,2,1,2
KAM3423177.1,923,1250,1210,0,4,15,2,8,4,9,10,12,14,2,13
KAM3423178.1,6845,4914,5031,10,16,12,28,30,40,30,19,40,23,58,59
KAM3423179.1,6488,3676,7271,6,0,0,34,52,39,46,77,48,55,72,68
KAM3423180.1,1140,1170,1463,0,4,6,0,3,8,6,12,11,9,14,36
KAM3423181.1,5991,5413,5980,6,4,18,6,8,8,13,20,25,18,21,22
KAM3423182.1,114,165,206,1,2,0,0,0,2,1,0,1,0,0,0
KAM3423183.1,919,1129,780,2,8,0,6,6,4,1,2,7,0,0,1
KAM3423185.1,1081,995,1042,0,0,0,2,11,12,0,10,4,8,6,24
KAM3423186.1,135,147,230,0,0,0,0,4,2,2,0,8,2,0,4
KAM3423187.1,62,46,70,0,0,0,2,0,3,2,0,0,0,0,0
KAM3423188.1,9,8,18,0,0,0,0,4,0,0,0,4,0,2,0
KAM3423189.1,32,30,25,0,0,0,0,0,0,0,0,0,0,0,0
KAM3423190.1,1148,1363,1405,4,0,9,8,6,12,4,10,19,14,6,4
KAM3423191.1,1164,1362,1381,2,4,0,10,26,8,8,8,18,10,16,20
KAM3423192.1,1165,908,1110,8,4,6,2,12,12,4,12,18,4,6,18
KAM3423193.1,196,155,295,0,0,0,2,6,1,2,2,2,0,0,0
KAM3423194.1,903,855,1224,10,4,0,10,17,14,8,2,6,14,24,10
KAM3423195.1,50,37,124,0,0,0,0,0,0,2,0,0,4,0,4
KAM3423196.1,1928,1894,1616,10,4,30,12,12,7,9,10,23,28,28,47
KAM3423197.1,1122,1104,1072,3,4,12,14,8,5,12,11,12,13,11,24
KAM3423198.1,141,141,140,2,4,0,0,0,4,2,0,0,6,2,6
KAM3423199.1,3005,3024,3477,5,0,0,5,6,6,6,14,10,19,8,16
KAM3423200.1,13218,12494,11723,59,30,84,35,26,39,29,19,35,130,111,137
KAM3423201.1,12876,10423,11853,67,22,72,20,47,52,43,34,31,140,122,178
KAM3423202.1,3218,2147,3724,5,0,3,18,17,20,18,12,39,35,24,52
KAM3423203.1,1777,1738,2301,2,4,0,6,6,4,4,2,6,4,11,10
KAM3423204.1,1438,1619,1655,2,4,6,10,23,27,10,15,5,16,26,40
KAM3423205.1,108,143,123,0,0,0,2,0,3,1,2,3,4,0,8
KAM3423206.1,85,87,200,0,0,0,0,0,0,0,0,0,0,0,0
KAM3423207.1,54,56,89,0,0,0,2,0,0,0,0,4,0,0,0
KAM3423208.1,125,138,176,0,0,12,6,4,1,2,2,2,4,7,8
KAM3423209.1,126,100,167,0,0,6,5,9,1,11,8,8,3,3,12
KAM3423210.1,1512,855,1171,0,0,0,3,8,1,3,2,3,1,5,19
KAM3423211.1,599,429,719,0,8,0,0,2,4,0,0,7,6,6,6
KAM3423212.1,638,446,485,0,4,0,4,0,2,7,2,6,12,3,2
KAM3423213.1,330,202,309,0,4,0,1,0,0,0,2,2,7,12,6
KAM3423214.1,2518,1714,2621,4,0,0,2,9,0,6,16,11,0,10,21
KAM3423215.1,913,800,979,8,16,0,8,0,0,5,4,6,2,7,14
KAM3423216.1,194,123,203,2,0,0,6,2,0,2,2,10,2,2,0
KAM3423218.1,72,34,62,2,0,0,1,0,0,0,1,0,2,0,2
KAM3423219.1,80550,66556,105434,116,60,93,149,129,141,142,208,199,225,294,405
KAM3423220.1,2427,1934,3552,0,16,0,6,4,0,0,2,18,10,0,8
KAM3423221.1,99,63,29,0,0,0,0,2,0,0,4,8,0,0,0
KAM3423222.1,242,109,266,0,0,0,2,0,2,2,2,2,1,0,0
KAM3423224.1,961,869,1251,6,8,6,8,2,2,6,2,8,18,4,10
KAM3423225.1,317,210,296,0,0,0,0,4,0,2,6,6,6,0,4
KAM3423226.1,2281,1442,2047,4,4,18,15,25,18,16,17,24,22,8,22
KAM3423227.1,2012,1772,2136,7,4,21,17,25,20,11,11,28,18,24,45
KAM3423228.1,530,404,705,0,0,0,2,5,0,3,2,2,16,2,7
KAM3423229.1,8185,9563,8469,5,12,6,10,15,5,18,23,33,53,35,64
KAM3423230.1,8169,7787,6396,68,34,51,27,19,22,35,28,47,25,63,88
KAM3423231.1,2219,1986,1786,6,8,6,20,26,21,20,16,12,8,8,14
KAM3423232.1,6,18,13,0,0,0,0,2,0,0,2,0,0,0,0
KAM3423233.1,70,42,62,0,0,0,2,0,0,0,0,0,0,0,4
KAM3423234.1,1424,1003,984,2,8,6,4,19,8,22,40,63,12,20,22
KAM3423235.1,232,127,211,0,0,9,2,2,7,12,2,8,5,10,6
KAM3423236.1,0,2,0,0,0,0,0,0,0,0,0,0,0,0,0
KAM3423237.1,0,0,0,0,0,0,0,0,0,0,0,0,0,0,0
KAM3423238.1,1024,1165,1422,10,24,36,6,6,10,15,6,10,8,8,14
KAM3423239.1,33156,25414,26996,91,96,90,100,111,148,93,129,142,203,225,320
KAM3423240.1,1769,1725,1717,0,0,0,0,0,0,0,4,6,4,0,2
KAM3423241.1,601,595,668,4,2,6,2,3,4,10,7,15,0,5,6
KAM3423242.1,3161,2420,2549,0,16,6,4,6,0,10,4,2,4,0,4
KAM3423246.1,1997,1334,2048,4,4,6,4,17,8,6,8,7,11,10,19
KAM3423247.1,816,510,704,0,0,0,3,0,6,2,11,4,13,32,15
KAM3423248.1,61,80,59,2,4,0,0,4,3,2,1,1,2,2,0
KAM3423249.1,7220,7909,9914,26,16,12,28,33,26,59,75,97,32,44,43
KAM3423250.1,198,128,622,0,0,0,0,2,0,6,4,0,19,0,16
KAM3423251.1,737,688,1011,0,4,6,0,7,4,4,5,6,3,13,6
KAM3423252.1,2173,2066,2330,14,16,0,6,10,13,20,15,23,23,25,32
KAM3423253.1,536,620,505,1,12,0,2,4,2,2,2,5,10,7,17
KAM3423255.1,300,300,297,2,0,0,2,2,0,4,8,2,0,0,0
KAM3423256.1,149,63,144,2,0,0,0,0,0,0,0,0,0,0,0
KAM3423257.1,3004,2741,2665,29,12,24,16,21,8,18,4,6,40,50,49
KAM3423258.1,109,110,140,0,0,0,0,0,0,0,0,0,4,1,0
KAM3423259.1,348,415,477,2,0,0,0,0,0,4,6,6,8,1,4
KAM3423260.1,208,233,115,0,2,6,0,2,2,5,0,0,0,6,4
KAM3423261.1,56,52,39,0,0,0,0,0,0,0,0,0,0,1,1
KAM3423263.1,905,798,1133,2,4,0,8,11,3,18,18,10,11,3,15
KAM3423264.1,28,30,103,0,0,0,0,0,0,0,0,0,2,2,0
KAM3423265.1,3537,1861,5031,0,0,6,2,4,0,16,49,21,18,2,39
KAM3423267.1,4713,3569,5671,12,12,12,16,10,10,7,14,22,24,24,21
KAM3423269.1,1330,871,1063,2,0,6,0,12,4,14,10,11,4,10,16
KAM3423270.1,313,230,393,0,4,0,6,9,2,8,3,2,2,0,13
KAM3423271.1,66,46,79,0,0,0,0,0,0,2,0,2,0,1,0
KAM3423272.1,422,394,416,2,0,6,4,0,0,2,7,2,4,3,8
KAM3423273.1,2465,1823,22678,2,0,6,4,0,4,2,6,4,40,16,26
KAM3423275.1,9,16,32,0,0,0,0,5,1,0,2,0,0,4,1
KAM3423276.1,472,377,504,4,8,0,12,6,12,7,18,10,6,14,12
KAM3423277.1,399,249,428,4,0,0,4,19,2,20,22,31,2,6,11
KAM3423278.1,562,554,688,0,0,6,2,2,0,6,9,3,4,3,4
KAM3423279.1,5280,5540,6018,8,26,6,20,27,6,43,30,57,34,48,41
KAM3423280.1,8942,6260,11236,5,4,0,50,53,44,46,60,67,57,81,92
KAM3423281.1,1479,1075,1820,1,0,12,3,5,1,10,9,7,13,16,9
KAM3423282.1,55,25,77,0,0,0,0,0,2,0,0,1,2,2,0
KAM3423283.1,1076,1283,1404,12,0,24,14,10,6,20,8,6,26,26,32
KAM3423284.1,91,113,90,0,0,0,0,0,0,0,4,0,2,0,1
KAM3423285.1,3199,4699,4621,35,24,36,10,14,2,16,10,15,35,19,33
KAM3423286.1,742,689,840,2,8,0,2,8,4,1,6,4,12,13,12
KAM3423287.1,487,363,593,0,0,3,2,5,2,9,4,2,2,4,4
KAM3423288.1,1837,1368,2081,20,18,24,23,20,6,15,16,21,11,11,12
KAM3423289.1,466,276,623,2,0,0,0,8,9,4,12,12,10,0,6
KAM3423290.1,491,443,303,2,12,0,0,18,4,4,4,4,2,4,2
KAM3423291.1,3623,3213,3471,10,16,6,10,22,24,22,17,25,33,33,33
KAM3423292.1,2614,1571,2780,6,0,18,8,4,3,2,11,20,2,8,2
KAM3423293.1,1300,1284,1778,12,8,15,6,8,10,4,2,5,3,6,4
KAM3423294.1,252,180,308,0,0,0,2,8,0,0,0,6,16,13,7
KAM3423295.1,1612,1899,1781,8,8,6,10,17,10,6,10,11,20,30,16
KAM3423296.1,341,377,609,0,0,0,0,2,2,4,0,2,4,6,0
KAM3423297.1,2979,3916,4209,3,4,3,0,4,4,8,12,4,13,20,4
KAM3423298.1,4011,3653,3337,10,4,6,0,6,12,10,8,9,10,30,18
KAM3423299.1,619,624,601,2,2,0,1,8,7,5,4,0,4,14,4
KAM3423300.1,1705,1673,2033,8,4,0,6,2,16,9,0,10,29,28,22
KAM3423301.1,1015,996,1243,4,8,6,4,2,6,4,6,8,14,18,24
KAM3423302.1,223,185,219,4,0,0,1,0,4,2,0,2,2,6,2
KAM3423303.1,1353,1525,1264,8,8,6,1,8,3,0,6,4,19,18,18
KAM3423304.1,160,101,156,0,0,0,0,2,0,0,0,5,0,1,4
KAM3423305.1,2646,2621,2387,14,0,6,4,2,2,2,4,2,14,12,18
KAM3423306.1,208,155,225,0,0,0,0,2,0,4,4,1,2,5,0
KAM3423307.1,396,306,552,4,4,54,6,2,4,0,2,15,6,9,9
KAM3423308.1,165,170,147,0,0,0,0,0,0,4,2,0,0,8,3
KAM3423309.1,442,422,636,0,0,6,0,10,2,0,6,4,8,4,8
KAM3423310.1,21,3,14,0,0,0,0,0,0,0,2,0,0,0,0
KAM3423311.1,1064,612,779,8,0,0,2,4,4,4,4,10,18,2,14
KAM3423312.1,964,1390,1329,8,12,0,0,6,4,8,3,2,15,3,18
KAM3423313.1,415,306,355,0,4,3,1,4,0,0,6,5,2,1,1
KAM3423314.1,911,1124,603,12,16,18,7,9,12,21,4,12,5,6,18
KAM3423315.1,758,538,549,2,0,6,2,14,2,6,4,13,7,7,10
KAM3423316.1,6,0,4,0,0,0,0,0,0,0,0,0,0,0,0
KAM3423317.1,77,70,111,2,0,6,0,0,0,0,0,4,0,2,0
KAM3423318.1,75,40,123,0,0,0,2,2,0,4,4,6,4,2,0
KAM3423319.1,2414,1994,4306,2,0,0,1,12,2,15,3,23,2,6,12
KAM3423320.1,4553,5416,5896,2,8,0,1,6,10,2,3,9,14,3,6
KAM3423321.1,540,539,1157,2,0,0,2,8,0,0,4,4,5,0,0
KAM3423322.1,172,226,229,2,0,0,0,4,2,4,0,2,0,2,4
KAM3423323.1,24336,15706,17502,4,8,6,24,28,22,39,30,30,58,74,111
KAM3423324.1,3476,3594,2421,23,12,12,5,10,4,3,10,8,10,8,20
KAM3423325.1,17,7,9,0,0,0,0,0,0,0,0,0,0,0,0
KAM3423326.1,128,64,127,0,0,0,0,1,0,0,2,2,0,0,2
KAM3423328.1,28,36,73,0,0,0,0,0,0,0,0,0,0,0,0
KAM3423329.1,7975,7872,8132,2,4,6,2,2,0,6,6,3,4,12,9
KAM3423330.1,3076,3238,2615,8,4,15,0,2,4,5,14,5,4,0,3
KAM3423331.1,799,850,876,2,12,12,0,4,1,8,4,11,8,6,13
KAM3423332.1,3184,3978,2914,6,24,0,4,2,4,2,12,4,20,8,18
KAM3423334.1,17202,13147,15709,30,55,34,54,59,60,58,25,46,240,235,276
KAM3423335.1,1268,912,1349,0,0,0,2,6,0,2,4,15,10,0,5
KAM3423336.1,337,266,470,0,0,0,2,3,0,0,4,2,4,6,0
KAM3423337.1,12297,9599,13750,33,40,27,91,101,124,98,131,113,273,260,399
KAM3423338.1,635,689,663,0,4,0,4,18,6,4,12,8,11,10,15
KAM3423339.1,224,112,173,0,0,0,2,0,2,4,2,8,4,2,4
KAM3423340.1,10,7,22,0,0,0,0,0,0,0,1,0,0,0,1
KAM3423341.1,0,0,0,0,0,0,0,0,0,0,0,0,0,0,0
KAM3423342.1,77,65,241,0,0,0,0,0,0,0,2,0,0,0,2
KAM3423343.1,1470,1036,2153,4,0,6,32,22,29,45,34,14,6,0,12
KAM3423344.1,3201,3539,2929,3,4,18,6,14,10,18,12,33,16,8,16
KAM3423345.1,2658,2274,1758,8,8,3,2,9,4,4,4,18,18,9,17
KAM3423346.1,81,66,35,0,0,0,0,0,1,0,0,4,0,1,0
KAM3423347.1,69,108,134,0,0,3,4,3,4,4,0,0,4,8,8
KAM3423348.1,1414,1346,1273,14,24,0,12,12,12,6,7,18,40,43,71
KAM3423349.1,6267,5448,5451,17,24,21,18,8,9,33,10,30,16,15,27
KAM3423350.1,1906,2761,2322,9,18,6,10,17,10,8,8,11,22,26,18
KAM3423351.1,111,64,485,2,0,0,0,0,0,2,6,2,45,16,28
KAM3423352.1,4630,4877,4297,14,0,12,1,14,9,36,45,57,18,8,18
KAM3423353.1,5134,6485,5282,4,12,18,6,18,8,10,19,24,38,24,61
KAM3423354.1,2977,3466,2669,8,14,18,4,2,2,0,0,6,9,2,0
KAM3423355.1,191,162,204,2,0,0,0,2,2,0,0,1,7,2,2
KAM3423356.1,647,556,593,2,0,0,2,0,2,0,0,4,2,6,4
KAM3423357.1,2859,1880,2545,1,0,0,2,2,8,14,14,8,11,8,26
KAM3423358.1,121,74,229,0,4,0,0,2,2,2,0,6,6,5,0
KAM3423359.1,240,170,244,6,4,24,0,2,0,4,0,2,0,2,4
KAM3423361.1,756,520,950,4,2,0,4,6,10,11,9,8,4,8,12
KAM3423362.1,14,7,32,0,0,0,2,0,0,0,0,0,2,2,0
KAM3423363.1,379,393,544,6,0,0,2,3,8,6,2,2,4,4,2
KAM3423364.1,748,1191,833,4,0,24,0,4,6,10,16,6,10,8,10
KAM3423365.1,8,8,10,0,0,0,0,0,0,0,0,2,0,1,0
KAM3423366.1,1035,556,610,0,0,0,11,2,4,8,23,23,0,0,2
KAM3423367.1,56,57,74,0,0,0,1,2,0,4,3,2,0,0,0
KAM3423368.1,12,8,12,0,0,0,0,0,0,0,0,6,0,0,0
KAM3423371.1,1047,755,1269,2,0,0,4,12,10,20,8,13,29,27,72
KAM3423372.1,1188,1786,1256,6,6,12,2,0,10,0,4,3,23,34,20
KAM3423373.1,2499,3235,2032,20,16,18,2,4,8,15,8,12,18,14,28
KAM3423374.1,33781,24211,34757,24,24,18,74,97,92,121,158,175,152,163,263
KAM3423375.1,1493,1575,1860,10,16,24,6,16,8,10,12,10,36,36,36
KAM3423376.1,706,1029,972,6,4,0,8,7,9,6,13,19,13,9,13
KAM3423377.1,501,564,705,2,16,0,2,8,6,20,11,10,8,12,13
KAM3423378.1,1248,1151,1413,12,18,18,14,12,21,6,22,20,24,15,18
KAM3423379.1,5,0,10,0,0,0,0,0,0,0,0,0,0,0,2
KAM3423380.1,38,78,101,0,4,0,2,0,0,0,0,0,0,0,0
KAM3423381.1,3713,3629,2887,12,14,6,24,13,10,11,6,25,25,34,27
KAM3423382.1,230,233,271,0,0,0,2,10,0,2,2,0,10,0,6
KAM3423383.1,90,110,91,0,0,0,3,2,0,2,4,2,0,0,0
KAM3423385.1,257,171,302,2,8,6,0,0,0,0,0,0,0,0,0
KAM3423386.1,554,306,470,0,0,0,2,0,0,0,2,1,69,120,178
KAM3423387.1,3814,3206,2560,4,8,6,16,13,5,39,46,52,58,52,37
KAM3423388.1,1257,877,1459,2,0,0,1,6,8,17,9,10,10,19,24
KAM3423389.1,2831,3113,3056,12,8,12,2,9,5,10,6,14,37,34,46
KAM3423390.1,74,27,24,2,0,0,0,1,2,0,6,0,1,0,1
KAM3423391.1,1670,1113,1470,6,4,0,2,7,8,33,18,12,7,14,11
KAM3423392.1,4447,3802,3960,4,8,30,11,28,9,33,26,44,42,46,51
KAM3423393.1,307,232,286,0,0,6,6,12,2,8,4,8,11,16,16
KAM3423394.1,6845,3376,4505,10,8,15,18,36,34,20,20,24,95,79,78
KAM3423395.1,11465,12376,15962,52,40,57,6,9,13,18,40,26,116,69,104
KAM3423396.1,923,1059,1064,2,8,12,12,6,2,2,14,6,30,24,34
KAM3423397.1,600,598,587,4,4,12,6,6,8,8,6,4,3,10,0
KAM3423398.1,1109,849,1197,6,20,0,5,11,6,8,13,20,23,19,32
KAM3423399.1,19,28,26,0,0,0,0,2,0,0,0,0,0,0,2
KAM3423400.1,775,707,835,4,0,0,7,2,6,2,4,0,11,24,18
KAM3423401.1,1140,848,1356,4,0,0,2,2,0,8,8,4,10,15,18
KAM3423402.1,39449,30948,35105,92,84,144,78,135,116,76,107,110,186,268,311
KAM3423403.1,153,192,336,0,0,0,2,4,6,11,13,4,17,12,20
KAM3423404.1,661,663,575,6,4,0,6,6,12,6,10,4,8,10,14
KAM3423405.1,12,14,28,0,0,0,0,0,0,0,0,0,0,2,0
KAM3423406.1,86,38,100,2,0,0,0,0,0,4,0,2,0,2,2
KAM3423407.1,2010,1728,2438,6,0,6,10,32,20,19,19,34,40,46,54
KAM3423408.1,210,244,241,4,4,6,2,2,2,0,0,8,0,0,2
KAM3423409.1,1298,1085,1665,12,4,12,10,10,6,13,8,6,42,42,29
KAM3423410.1,78,120,30,1,0,0,1,2,0,0,0,0,0,1,1
KAM3423411.1,515,584,640,5,8,6,11,6,4,2,14,14,6,16,12
KAM3423412.1,1159,1079,1586,0,4,0,4,20,4,6,14,8,6,6,12
KAM3423413.1,10591,10103,10402,13,12,6,20,3,19,30,63,22,37,31,45
KAM3423414.1,215,275,260,2,4,0,2,0,8,3,3,2,6,12,9
KAM3423415.1,2513,1565,2164,8,0,0,0,2,4,3,2,2,48,116,99
KAM3423416.1,404,265,366,2,0,0,2,1,4,2,3,2,2,2,4
KAM3423417.1,1461,1558,1733,16,8,24,10,12,8,7,17,17,8,8,25
KAM3423418.1,142,78,93,0,4,0,0,2,0,0,0,0,4,4,2
KAM3423419.1,580,374,522,0,0,0,2,2,0,4,2,0,0,2,2
KAM3423420.1,958,694,1105,2,12,6,11,2,8,5,4,12,12,19,14
KAM3423421.1,124,125,304,2,0,0,2,4,4,6,0,2,2,2,0
KAM3423422.1,189,327,199,0,0,0,1,2,0,2,4,0,4,8,6
KAM3423423.1,459,554,608,0,0,12,7,6,2,4,6,10,18,14,26
KAM3423424.1,2520,1953,2650,18,10,18,8,33,22,16,29,22,58,73,95
KAM3423425.1,3537,4011,2635,4,2,12,15,7,8,26,25,39,12,28,15
KAM3423426.1,1726,1512,1981,6,16,12,12,13,4,10,12,18,11,12,20
KAM3423427.1,1679,1792,1628,18,0,0,8,4,10,6,18,13,8,7,14
KAM3423428.1,5166,4439,4125,14,4,12,16,23,10,17,24,23,18,6,19
KAM3423430.1,451,385,491,9,4,0,4,0,0,6,2,3,19,26,21
KAM3423431.1,560,477,829,8,4,6,2,2,4,2,3,2,2,8,5
KAM3423432.1,3231,3488,5320,22,12,30,5,8,10,8,0,4,33,44,48
KAM3423433.1,1481,1499,2837,6,4,12,6,6,9,10,12,19,5,6,12
KAM3423434.1,125,206,148,0,0,0,3,0,0,1,0,2,0,0,3
KAM3423435.1,997,974,1189,0,0,0,9,2,8,7,8,7,7,8,6
KAM3423436.1,343,370,512,2,4,0,4,2,2,2,4,8,2,1,2
KAM3423438.1,2388,2062,3979,2,0,0,8,20,18,16,44,50,13,16,21
KAM3423439.1,847,784,1326,3,4,0,10,2,7,12,12,31,3,4,7
KAM3423440.1,1383,904,1609,2,0,12,0,8,9,8,10,12,4,7,7
KAM3423441.1,2477,1897,3625,2,12,24,18,12,9,10,16,18,32,33,45
KAM3423442.1,192,154,332,2,0,0,0,6,0,4,4,0,3,6,3
KAM3423443.1,2454,1449,2408,2,8,0,6,20,3,6,2,4,12,13,17
KAM3423444.1,1854,1575,1379,14,8,6,4,12,3,18,14,5,2,8,10
KAM3423445.1,6739,7235,7281,33,22,42,23,39,27,21,14,29,43,30,63
KAM3423446.1,704,479,669,6,0,3,4,10,2,6,7,5,10,11,20
KAM3423447.1,5537,4635,6190,25,32,24,34,55,48,32,55,55,102,100,97
KAM3423448.1,562,630,597,12,8,6,6,2,4,1,6,7,7,6,10
KAM3423449.1,523,550,792,2,0,0,0,2,2,0,0,4,0,0,0
KAM3423450.1,6049,4720,7378,20,20,42,10,30,12,33,18,22,55,56,60
KAM3423451.1,51109,37308,47373,68,78,84,54,82,38,42,35,56,377,504,679
KAM3423452.1,1247,1013,1708,0,0,0,7,6,4,4,1,6,18,9,23
KAM3423453.1,2037,2416,2415,26,14,0,8,1,6,4,15,9,22,23,34
KAM3423454.1,170,112,240,0,0,0,2,3,2,28,24,11,4,30,8
KAM3423455.1,3593,2892,2161,2,0,0,4,6,0,3,4,4,6,0,10
KAM3423456.1,69,104,115,0,0,0,0,0,1,2,0,0,2,0,0
KAM3423457.1,18,24,66,0,0,0,0,6,0,0,0,0,0,0,0
KAM3423458.1,395,350,370,4,0,0,2,2,4,0,2,4,2,6,6
KAM3423459.1,4905,4965,4458,2,4,9,6,2,2,6,2,20,16,12,26
KAM3423460.1,452,271,433,1,0,6,0,3,2,3,8,4,6,11,24
KAM3423461.1,784,831,879,2,4,0,14,12,6,16,12,18,6,11,20
KAM3423462.1,22,52,45,0,0,0,2,2,2,1,0,3,4,0,3
KAM3423464.1,1186,1345,1629,16,4,9,5,8,8,14,12,14,20,22,18
KAM3423465.1,21,33,71,0,0,0,0,0,2,1,0,0,0,2,0
KAM3423466.1,880,822,997,6,4,0,2,5,6,6,4,9,20,16,18
KAM3423467.1,852,1001,885,10,6,24,0,4,0,6,0,12,14,6,9
KAM3423468.1,2168,2200,2299,0,20,12,0,4,7,0,2,21,24,15,26
KAM3423469.1,237,202,351,0,0,0,0,0,1,0,0,0,1,0,2
KAM3423470.1,13,19,23,0,0,0,0,0,0,0,0,0,1,0,1
KAM3423472.1,299,326,292,6,4,18,5,6,2,0,2,6,4,6,10
KAM3423474.1,1349,1387,1290,6,8,12,6,8,8,5,4,8,10,10,20
KAM3423475.1,14851,6268,11395,4,0,0,3,18,12,25,31,28,2,6,8
KAM3423476.1,223,133,217,0,0,0,4,2,3,0,0,2,5,4,4
KAM3423477.1,2207,1501,2142,0,0,3,3,15,2,18,20,46,10,17,11
KAM3423478.1,22,30,38,4,4,0,0,0,1,0,2,0,0,0,0
KAM3423479.1,32,18,51,0,0,0,0,2,0,0,2,2,0,0,4
KAM3423480.1,4801,5327,3849,16,22,18,6,10,8,8,16,24,18,32,20
KAM3423481.1,7779,5917,4850,9,8,27,4,6,8,10,12,11,6,3,20
KAM3423482.1,531,421,495,0,0,0,0,1,0,8,5,7,0,1,2
KAM3423483.1,865,800,1019,0,4,0,2,0,2,2,4,4,0,0,0
KAM3423484.1,696,491,709,0,0,0,4,2,0,2,4,3,6,4,2
KAM3423485.1,423,294,464,0,2,0,2,6,2,2,4,4,6,2,8
KAM3423486.1,7860,7617,7473,8,12,30,6,7,5,8,18,22,38,18,19
KAM3423487.1,244,146,186,0,0,0,0,0,1,0,0,2,2,2,6
KAM3423488.1,254,221,361,0,0,0,2,0,2,0,1,2,0,1,11
KAM3423489.1,217,137,226,0,0,0,2,2,3,0,0,0,6,5,4
KAM3423490.1,1149,915,1129,4,0,6,9,10,6,6,13,4,20,21,25
KAM3423491.1,692,564,591,2,4,0,1,4,5,3,6,2,0,2,2
KAM3423492.1,5435,5242,4666,6,4,0,35,24,23,1,6,6,0,4,4
KAM3423493.1,14226,10955,18363,13,8,0,12,15,15,6,11,10,10,15,31
KAM3423494.1,895,729,1090,0,0,0,1,2,0,4,2,4,0,2,6
KAM3423495.1,396,263,531,6,2,0,0,2,2,0,6,0,8,12,8
KAM3423496.1,268,144,336,0,0,0,2,0,4,4,2,2,8,12,20
KAM3423497.1,1116,1308,1505,15,8,24,6,7,0,2,8,8,2,16,13
KAM3423498.1,404,294,432,4,0,0,3,2,4,1,0,4,0,8,8
KAM3423499.1,723,429,1445,2,0,0,0,0,0,0,0,0,0,2,3
KAM3423500.1,760,502,811,2,0,6,1,0,4,2,0,0,2,10,6
KAM3423501.1,251,216,433,3,0,0,1,5,4,10,0,6,6,2,12
KAM3423502.1,1042,1123,1272,6,4,21,2,6,10,6,10,3,3,26,14
KAM3423503.1,302,191,333,2,0,0,2,6,6,4,4,2,0,4,4
KAM3423504.1,2344,2841,3210,12,4,6,4,16,15,4,11,18,16,12,19
KAM3423505.1,26,29,71,0,0,0,1,2,0,2,2,4,2,0,2
KAM3423506.1,187,206,406,0,0,0,1,0,0,2,0,2,0,0,0
KAM3423507.1,7283,6886,6576,17,14,24,8,19,8,15,8,18,10,11,23
KAM3423508.1,597,512,642,8,0,0,2,1,6,6,2,4,7,10,7
KAM3423509.1,256,307,415,0,0,0,9,2,6,6,16,2,26,17,10
KAM3423510.1,93,86,184,0,8,0,2,6,4,0,2,1,0,0,2
KAM3423511.1,539,321,661,0,0,0,2,8,4,10,7,9,4,4,2
KAM3423512.1,3864,3736,5837,0,4,6,10,21,15,8,2,6,9,6,12
KAM3423513.1,233,191,316,0,0,0,1,2,0,1,0,0,1,0,6
KAM3423514.1,1632,1123,1380,0,8,6,6,4,6,3,5,8,9,21,28
KAM3423515.1,5178,5794,4755,31,14,42,17,28,20,17,20,29,34,22,48
KAM3423516.1,410,170,355,0,0,0,0,4,2,12,13,16,2,0,4
KAM3423517.1,82773,91341,88901,58,84,72,29,34,34,96,78,100,213,179,240
KAM3423518.1,451,344,541,0,0,0,8,0,4,2,4,4,2,5,2
KAM3423519.1,2119,2514,2526,10,12,24,10,8,10,18,10,10,20,17,35
KAM3423520.1,693,391,752,0,0,0,20,30,16,27,52,64,26,30,20
KAM3423521.1,9,8,28,2,0,0,0,0,0,2,4,2,0,0,0
KAM3423522.1,258,192,395,0,0,0,4,2,11,12,16,20,0,6,0
KAM3423523.1,56056,48561,40296,44,24,42,26,25,15,38,17,46,25,22,46
KAM3423524.1,3078,2141,4844,7,0,24,1,1,2,3,5,6,6,0,11
KAM3423525.1,495,350,542,4,0,0,4,5,5,7,0,8,6,4,11
KAM3423526.1,145,147,171,2,0,0,4,0,0,0,0,2,0,0,2
KAM3423527.1,4350,3271,4031,10,8,6,14,9,29,32,20,20,19,55,45
KAM3423528.1,13247,15392,9921,0,4,0,0,0,0,4,0,0,3,1,2
KAM3423529.1,1559,1747,2256,13,8,18,8,6,4,6,4,8,17,14,31
KAM3423530.1,1363,1801,929,16,4,24,8,8,10,2,5,12,17,12,26
KAM3423531.1,42,43,44,0,4,0,0,0,0,0,0,0,0,0,3
KAM3423532.1,553,643,844,4,0,0,6,5,4,4,2,8,12,0,8
KAM3423533.1,19035,16557,16100,38,48,57,32,100,58,51,49,88,98,115,188
KAM3423534.1,47353,46950,41167,32,28,72,16,15,12,16,26,24,55,56,117
KAM3423535.1,9032,7794,9022,19,22,18,20,19,20,27,30,31,77,84,98
KAM3423536.1,250,388,780,4,8,6,0,0,2,2,0,4,0,2,0
KAM3423537.1,3088,3130,2830,14,22,12,3,12,13,10,10,19,3,7,14
KAM3423538.1,218,171,263,0,4,0,2,2,1,6,2,9,8,3,4
KAM3423539.1,843,981,949,0,4,6,2,0,2,2,4,10,4,12,12
KAM3423540.1,1446,1414,1294,2,0,0,0,2,5,0,0,6,0,6,6
KAM3423541.1,1748,1284,2358,0,0,0,0,2,2,0,8,2,0,7,2
KAM3423542.1,73,102,151,0,0,0,0,0,0,0,1,1,0,0,1
KAM3423543.1,297263,242530,201779,592,738,638,285,432,466,664,602,1080,910,1452,1793
KAM3423544.1,2212,2165,1351,0,8,0,0,8,10,12,4,4,7,15,12
KAM3423545.1,3621,3495,3698,13,8,0,44,120,72,79,70,74,30,26,37
KAM3423546.1,191,137,91,0,0,0,3,2,0,0,6,4,1,2,3
KAM3423547.1,463,387,472,0,0,0,1,0,7,1,2,0,4,6,16
KAM3423548.1,349,315,332,0,0,0,2,4,9,7,8,13,9,3,8
KAM3423549.1,1425,1382,1585,16,24,12,10,10,12,8,18,8,32,24,28
KAM3423550.1,28,18,12,2,0,12,2,12,6,4,0,0,4,0,2
KAM3423551.1,2660,2378,2796,10,16,24,6,8,5,12,12,16,20,33,46
KAM3423552.1,490,386,533,1,8,18,6,9,14,2,6,12,27,35,27
KAM3423553.1,366,332,285,4,0,6,0,6,4,4,0,2,4,4,6
KAM3423555.1,531,410,469,0,0,6,0,0,2,0,0,2,2,0,2
KAM3423556.1,966,781,1113,4,0,0,6,4,6,12,2,16,4,2,6
KAM3423557.1,72,54,126,0,0,0,2,0,0,3,0,0,2,0,0
KAM3423558.1,162,168,173,0,8,0,2,4,3,2,0,0,2,0,2
KAM3423559.1,3838,3874,3317,26,36,12,15,6,22,11,14,24,24,28,28
KAM3423560.1,152,140,206,0,0,3,0,0,0,0,0,0,0,0,1
KAM3423561.1,216,218,215,1,8,6,0,6,8,0,5,2,14,3,10
KAM3423562.1,602,522,532,2,0,0,0,0,0,6,3,12,4,4,0
KAM3423563.1,309,171,302,0,0,0,0,0,0,0,0,4,2,0,0
KAM3423564.1,5161,1530,3424,4,0,0,0,0,0,0,0,0,0,2,0
KAM3423565.1,241,141,219,0,0,0,0,0,0,4,0,4,2,2,6
KAM3423566.1,29,28,11,0,0,0,2,1,1,0,0,1,0,0,0
KAM3423567.1,509,611,562,4,4,0,2,9,0,0,6,10,8,6,4
KAM3423569.1,4,20,35,0,0,0,0,0,2,0,0,0,1,0,0
KAM3423570.1,77,32,59,0,0,0,3,4,4,6,4,3,4,2,4
KAM3423571.1,1872,1063,2134,2,4,0,23,8,21,18,11,20,30,14,35
KAM3423572.1,103,61,113,0,0,0,0,2,3,0,4,4,2,0,0
KAM3423573.1,187,130,224,2,0,3,0,3,4,4,3,0,10,0,9
KAM3423575.1,10,16,21,0,0,0,0,0,0,0,0,0,0,0,0
KAM3423576.1,317,285,294,2,10,0,2,2,2,2,1,4,2,5,0
KAM3423577.1,171,183,251,0,0,0,2,1,0,2,6,0,0,0,0
KAM3423579.1,269,196,362,0,0,0,0,0,0,4,0,3,0,0,0
KAM3423580.1,680,616,1236,0,8,0,2,4,6,20,6,2,12,8,10
KAM3423581.1,1448,2111,474,2,4,3,0,0,0,0,0,0,0,0,0
KAM3423582.1,191748,207307,129021,393,346,456,20,85,62,68,63,87,364,308,594
KAM3423583.1,44,15,67,0,0,0,0,2,0,0,0,0,0,0,0
KAM3423584.1,889,626,795,6,12,9,12,5,11,7,1,6,6,18,7
KAM3423585.1,19,11,15,0,0,0,0,0,0,0,0,0,0,0,0
KAM3423586.1,14779,12850,15635,32,18,45,21,42,19,76,42,98,41,36,69
KAM3423587.1,1762,1388,1570,2,0,6,8,10,4,14,8,16,5,19,26
KAM3423588.1,82,81,97,0,0,0,0,0,0,0,0,0,0,0,4
KAM3423589.1,16,19,24,0,0,0,0,0,0,2,0,0,0,0,0
KAM3423590.1,2192,1614,1956,4,8,6,2,0,2,0,2,4,5,15,11
KAM3423591.1,8671,4366,6280,24,0,9,14,27,16,9,5,26,200,229,256
KAM3423592.1,3276,1579,2331,14,2,0,2,12,7,6,7,2,53,79,78
KAM3423593.1,6394,5427,6879,24,32,18,14,31,14,16,19,25,48,37,70
KAM3423594.1,1002,1276,1037,8,12,18,8,4,10,12,9,10,10,11,24
KAM3423595.1,2415,1924,1874,8,10,6,10,4,4,6,2,10,6,0,12
KAM3423596.1,419,400,501,0,8,0,0,4,6,10,4,4,4,2,10
KAM3423597.1,1345,1359,1107,4,4,6,10,16,6,16,16,20,13,11,34
KAM3423598.1,1229,1011,1386,0,0,12,16,16,2,17,12,16,13,4,11
KAM3423599.1,7071,5663,6566,18,24,36,24,33,23,48,55,36,40,69,92
KAM3423600.1,8614,7527,7806,31,16,30,8,28,16,16,23,26,54,72,85
KAM3423601.1,5916,5887,5381,19,12,12,6,6,3,4,8,14,13,14,32
KAM3423602.1,39,33,96,0,0,6,0,2,0,0,4,3,2,0,0
KAM3423603.1,1252,1265,1496,8,4,24,0,10,12,4,8,10,8,6,22
KAM3423604.1,58,65,103,0,0,0,0,2,0,0,0,0,0,0,0
KAM3423605.1,581,545,835,6,4,18,4,6,10,4,2,10,12,26,22
KAM3423606.1,2872,2420,2913,24,12,30,16,16,28,8,10,15,27,24,34
KAM3423607.1,214,254,227,0,0,0,2,2,0,2,2,0,6,10,4
KAM3423608.1,58,44,66,0,0,0,0,0,0,1,0,2,0,0,2
KAM3423609.1,1210,823,1094,0,0,0,4,10,0,22,12,16,5,10,10
KAM3423610.1,322,219,280,0,0,0,4,2,4,4,2,2,0,4,0
KAM3423611.1,443,265,239,6,0,0,4,0,2,2,2,2,21,46,25
KAM3423612.1,704,651,390,0,0,0,0,0,0,2,2,0,6,9,5
KAM3423614.1,2608,1526,1595,0,8,0,3,14,0,4,8,10,10,9,18
KAM3423615.1,171,183,163,0,2,0,2,1,0,2,0,0,2,0,0
KAM3423616.1,1476,1205,1274,8,0,6,2,7,0,0,0,8,0,4,6
KAM3423617.1,76,86,78,0,0,0,0,0,2,0,0,0,0,0,0
KAM3423618.1,1184,1179,1356,2,8,0,0,2,4,6,10,7,22,32,25
KAM3423619.1,1001,1078,1168,0,0,12,7,4,6,2,4,12,12,3,4
KAM3423620.1,245,258,305,0,0,0,4,2,2,0,4,0,2,0,4
KAM3423621.1,404,180,396,0,0,0,0,8,4,4,0,6,0,0,8
KAM3423622.1,557,288,449,0,0,0,2,4,0,2,0,6,8,16,16
KAM3423623.1,1696,1753,1698,11,10,12,9,2,9,15,2,10,41,31,34
KAM3423624.1,196,104,114,2,0,0,0,0,5,2,0,0,0,3,0
KAM3423625.1,65,35,85,2,0,12,0,2,0,0,4,0,0,0,0
KAM3423626.1,143,154,175,0,0,0,3,2,0,0,5,2,7,4,4
KAM3423627.1,8948,7358,6392,44,34,36,17,16,29,22,24,37,39,52,51
KAM3423628.1,350,336,354,2,0,0,2,15,6,2,2,4,16,15,6
KAM3423630.1,2942,2377,1995,24,16,6,4,10,16,5,8,10,46,40,63
KAM3423631.1,979,874,698,2,0,6,2,1,4,2,0,0,6,8,8
KAM3423632.1,3055,2319,2824,0,0,6,6,10,18,12,7,6,10,44,39
KAM3423633.1,6,6,8,0,0,0,2,0,0,0,0,0,2,0,0
KAM3423634.1,607,623,711,5,4,27,12,6,12,6,20,20,8,12,14
KAM3423636.1,745,795,852,0,0,0,4,2,0,4,4,6,22,10,8
KAM3423638.1,25103,15265,15314,22,24,12,39,46,47,36,24,28,57,83,104
KAM3423639.1,1505,1344,1540,8,8,6,7,9,10,10,20,6,16,36,26
KAM3423640.1,655,576,726,5,4,0,2,4,0,7,4,6,4,6,6
KAM3423641.1,1296,533,734,0,4,12,4,3,0,12,2,6,14,7,24
KAM3423642.1,4836,3870,4426,4,12,18,4,0,0,17,6,18,13,22,23
KAM3423643.1,68,45,295,0,0,0,0,0,0,4,2,0,19,8,18
KAM3423644.1,44,10,64,0,0,0,0,0,0,0,0,0,8,2,4
KAM3423645.1,502,562,892,2,0,12,0,0,0,2,10,2,2,0,6
KAM3423646.1,13352,11509,9396,34,8,24,12,10,2,12,14,18,25,32,47
KAM3423649.1,2205,2039,2177,6,16,0,10,8,2,2,8,0,3,10,6
KAM3423650.1,920,526,726,2,4,0,14,12,10,6,2,11,6,3,17
KAM3423652.1,1624,1098,1405,6,12,6,4,4,7,10,4,10,7,12,8
KAM3423653.1,1489,1054,1318,6,8,6,0,2,0,2,0,2,5,6,4
KAM3423654.1,622,601,656,0,0,0,5,9,8,1,3,4,2,7,4
KAM3423655.1,860,747,1387,0,0,12,8,5,6,2,7,10,6,4,6
KAM3423656.1,3262,3040,2782,28,20,12,15,11,10,14,18,6,48,42,56
KAM3423657.1,5242,3713,3929,10,8,6,18,28,14,18,25,28,56,24,41
KAM3423658.1,3905,2604,2776,2,0,12,4,0,2,2,0,0,6,7,10
KAM3423659.1,5907,4911,5205,12,8,18,10,14,4,9,10,16,17,11,25
KAM3423660.1,3,2,4,0,0,0,0,0,0,0,0,0,0,0,0
KAM3423661.1,4,2,5,0,0,0,0,0,0,0,0,0,0,0,0
KAM3423662.1,8680,6426,5314,10,12,0,22,18,12,6,22,14,30,22,48
KAM3423663.1,1323,1189,1464,2,0,0,0,3,4,8,4,9,4,3,8
KAM3423665.1,381,225,449,2,0,0,2,0,0,0,0,2,22,2,14
KAM3423666.1,138,167,128,0,0,0,2,0,2,0,2,2,0,0,0
KAM3423668.1,17,14,40,0,0,0,0,0,0,2,2,0,0,0,0
KAM3423669.1,277,201,380,2,4,6,3,4,2,2,1,0,6,0,3
KAM3423671.1,791,823,641,2,8,0,0,6,6,8,6,8,6,14,8
KAM3423672.1,12,5,33,0,0,0,0,0,0,0,2,0,0,0,0
KAM3423673.1,1980,1252,1864,10,0,0,12,10,8,10,14,10,22,38,46
KAM3423674.1,256,114,206,0,0,0,0,0,0,0,0,0,4,2,10
KAM3423675.1,63,46,53,0,0,0,0,0,0,0,0,0,0,2,0
KAM3423676.1,44,40,74,0,0,0,0,0,0,0,0,0,2,0,0
KAM3423677.1,548,467,401,2,8,6,0,0,2,0,4,4,4,5,10
KAM3423678.1,315,227,296,6,4,0,0,4,2,2,4,2,0,0,2
KAM3423679.1,999,1170,1267,4,8,6,4,8,4,0,8,0,2,0,2
KAM3423680.1,5618,5302,8887,3,28,0,0,0,3,8,23,13,4,4,8
KAM3423681.1,10643,13919,6926,20,40,75,4,14,24,12,14,15,8,20,30
KAM3423683.1,7590,8877,5995,11,26,30,2,9,5,8,10,8,26,6,22
KAM3423684.1,1016,778,718,4,0,9,0,6,2,6,4,7,10,11,6
KAM3423685.1,28279,25666,23741,44,70,90,67,72,56,60,65,61,207,194,319
KAM3423686.1,3315,4357,5059,8,4,12,2,2,1,0,3,8,39,39,38
KAM3423687.1,6621,6133,7977,14,16,18,2,4,4,2,3,6,15,27,18
KAM3423688.1,2276,1767,2068,0,4,6,4,4,4,8,10,18,4,0,10
KAM3423689.1,1566,1506,1798,0,4,0,9,2,7,2,12,24,4,10,9
KAM3423690.1,10,7,24,0,0,0,0,0,0,0,0,0,0,2,0
KAM3423692.1,2,2,6,0,0,0,0,0,0,0,0,0,0,0,0
KAM3423693.1,305,378,373,0,0,0,0,2,0,0,0,2,4,4,0
KAM3423694.1,47,39,62,0,0,0,2,2,0,0,0,1,0,0,0
KAM3423695.1,18,12,26,0,0,0,0,0,0,0,2,6,0,0,0
KAM3423696.1,11967,10843,7831,16,24,30,14,22,6,26,41,58,60,40,60
KAM3423697.1,3403,4027,3306,6,24,0,2,14,8,16,11,12,8,7,11
KAM3423698.1,469,490,536,12,0,0,0,3,0,0,0,0,4,0,2
KAM3423699.1,28,14,16,0,0,0,0,0,0,0,0,0,0,0,0
KAM3423700.1,91,66,86,0,0,0,0,0,0,0,0,0,0,0,0
KAM3423701.1,0,0,0,0,0,0,0,0,0,0,0,0,0,0,0
KAM3423702.1,0,0,0,0,0,0,0,0,0,0,0,0,0,0,0
KAM3423703.1,4,1,4,0,0,0,0,0,0,0,0,0,0,0,0
KAM3423704.1,8,4,6,0,0,0,0,0,0,0,0,0,0,0,0
KAM3423705.1,427,216,527,2,4,0,2,4,0,8,3,3,5,4,2
KAM3423706.1,23,41,46,0,0,0,1,4,2,0,12,3,2,0,0
KAM3423707.1,52,42,88,0,0,0,0,2,2,0,4,2,0,0,4
KAM3423708.1,0,0,0,0,0,0,0,0,0,0,0,0,0,0,1
KAM3423709.1,0,0,0,0,0,0,0,0,0,0,0,0,0,0,0
KAM3423710.1,0,10,18,0,0,0,0,0,0,0,0,0,0,0,0
KAM3423711.1,1948,1522,1566,0,4,0,2,8,6,4,7,2,8,1,7
KAM3423712.1,388,349,272,0,0,0,0,0,4,4,2,5,0,6,8
KAM3423713.1,564,573,611,4,4,0,4,4,8,4,4,16,8,6,7
KAM3423714.1,1054,924,1141,14,0,12,8,5,4,10,2,4,27,18,19
KAM3423715.1,1847,1422,2162,10,8,0,2,10,14,6,16,10,10,29,26
KAM3423716.1,59,49,83,0,4,0,0,0,0,2,0,0,0,0,0
KAM3423717.1,4139,4160,4049,34,36,12,12,9,4,19,12,22,45,31,36
KAM3423718.1,140,96,84,0,0,0,0,0,0,0,2,0,0,6,2
KAM3423719.1,159,158,307,0,0,0,0,0,0,2,6,0,2,3,5
KAM3423720.1,104,165,198,0,2,0,0,0,0,1,0,2,4,3,2
KAM3423721.1,1083,1493,775,4,4,30,0,4,0,0,4,2,4,4,2
KAM3423722.1,15723,12309,17216,6,8,6,15,32,26,22,24,21,112,84,121
KAM3423723.1,1239,721,1146,4,0,6,15,12,12,14,12,20,10,6,18
KAM3423724.1,1636,1538,2062,6,12,12,6,10,8,10,7,6,20,17,23
KAM3423726.1,4843,2633,3925,9,4,9,2,14,7,7,10,7,66,57,81
KAM3423727.1,495,326,215,0,0,0,0,0,0,0,6,4,0,2,0
KAM3423728.1,6129,3018,3489,10,0,0,4,14,7,2,6,2,38,30,44
KAM3423729.1,2923,1655,3304,12,0,0,13,14,10,14,40,29,6,10,18
KAM3423730.1,25,8,35,0,0,0,0,0,0,1,2,2,0,0,0
KAM3423731.1,39,20,41,0,0,0,2,0,0,2,0,0,0,0,0
KAM3423732.1,2074,889,920,0,0,0,8,6,0,10,18,18,2,10,17
KAM3423734.1,4073,4210,5560,8,10,6,18,26,17,14,19,23,12,23,26
KAM3423736.1,10561,10093,10813,8,18,18,6,10,8,8,25,22,12,15,35
KAM3423737.1,821,966,1659,0,4,0,2,0,3,7,4,8,5,4,3
KAM3423738.1,888,887,1695,0,8,0,4,7,2,6,0,6,5,7,14
KAM3423739.1,7588,7753,4901,6,0,0,8,8,8,8,4,12,51,54,78
KAM3423740.1,4717,4888,4434,12,20,6,14,10,12,16,10,16,20,16,14
KAM3423742.1,12990,13734,12199,22,24,18,16,12,6,16,20,26,34,60,66
KAM3423743.1,84,76,185,0,0,0,2,0,0,0,0,0,0,2,6
KAM3423744.1,294,135,339,0,0,0,2,5,0,10,4,6,2,2,6
KAM3423745.1,210,181,235,6,0,0,2,0,2,2,0,0,0,2,2
KAM3423748.1,2450,1748,2149,5,4,21,12,18,17,10,16,6,24,23,18
KAM3423749.1,364,482,466,4,0,6,9,6,0,4,4,4,10,2,9
KAM3423750.1,2320,2829,1715,14,20,30,10,6,12,4,15,16,16,18,23
KAM3423751.1,784,636,813,2,0,18,4,4,4,6,4,6,6,4,10
KAM3423752.1,1436,1545,1268,18,20,6,10,12,12,6,10,7,0,11,8
KAM3423754.1,35,47,85,0,0,0,1,0,0,0,0,0,0,3,0
KAM3423755.1,38,23,64,0,0,0,0,0,0,0,2,0,1,0,0
KAM3423756.1,50,42,62,0,0,0,0,0,0,2,2,0,2,4,0
KAM3423757.1,170,124,249,2,0,12,0,0,4,8,10,4,0,2,8
KAM3423758.1,39425,30486,34165,28,32,18,23,26,10,38,35,58,41,78,103
KAM3423759.1,47,73,43,0,0,0,0,2,2,2,2,2,0,2,12
KAM3423760.1,15880,13649,16032,40,56,42,55,94,77,70,25,58,220,190,250
KAM3423761.1,39482,28814,26895,26,4,0,4,0,8,4,2,9,47,31,73
KAM3423763.1,3311,3604,2347,4,4,12,4,6,8,13,10,15,2,9,10
KAM3423764.1,206,181,262,6,12,0,4,2,0,3,4,9,2,2,4
KAM3423765.1,128,94,208,4,0,6,0,3,1,4,3,4,4,4,2
KAM3423766.1,2297,1429,1684,0,10,0,1,10,3,19,14,8,4,5,13
KAM3423767.1,1216,1082,871,6,0,0,4,7,4,2,8,6,2,0,10
KAM3423768.1,5476,5298,4108,16,8,18,12,25,10,11,21,20,19,17,19
KAM3423769.1,15597,14000,15526,42,38,24,91,69,91,96,103,95,180,222,242
KAM3423770.1,59744,60481,44847,61,26,24,26,39,25,71,79,87,81,92,87
KAM3423771.1,497,635,517,2,4,6,4,2,2,2,0,2,4,8,6
KAM3423772.1,2309,2389,1722,10,12,6,2,2,6,4,4,2,16,23,26
KAM3423773.1,646,369,838,0,0,12,2,2,0,6,4,0,0,4,4
KAM3423774.1,3469,2504,5432,29,24,24,16,22,24,54,24,33,12,27,24
KAM3423775.1,5,2,6,0,0,0,0,0,0,0,0,0,0,0,0
KAM3423776.1,2,3,22,0,0,0,0,0,0,0,0,0,0,0,1
KAM3423777.1,186,176,218,2,0,0,0,0,0,2,4,4,0,0,0
KAM3423778.1,571,514,743,0,2,0,8,4,8,7,18,7,28,30,26
KAM3423779.1,159,143,215,2,0,0,2,0,3,0,0,0,5,0,13
KAM3423780.1,18,24,37,0,0,0,0,0,0,0,0,0,0,0,0
KAM3423781.1,149,106,90,0,0,6,4,0,2,0,2,2,27,6,14
KAM3423782.1,487,266,485,2,4,0,8,10,2,8,11,18,16,14,14
KAM3423783.1,141,77,181,0,0,0,0,0,0,2,0,0,0,0,1
KAM3423784.1,164,108,115,0,0,0,0,2,3,2,0,4,0,0,0
KAM3423785.1,245,189,236,0,0,0,0,0,0,6,6,5,0,0,4
KAM3423786.1,118,33,81,0,0,3,0,6,0,0,0,0,0,0,0
KAM3423787.1,12,14,9,0,0,0,0,0,0,0,0,0,0,0,0
KAM3423788.1,419,316,420,6,12,12,0,13,0,7,4,6,48,25,37
KAM3423789.1,1448,1454,1435,6,8,6,6,13,6,11,12,22,6,10,18
KAM3423790.1,11254,8505,12723,42,40,57,35,52,44,36,26,59,177,177,179
KAM3423791.1,74,83,165,0,0,0,0,0,2,0,0,1,0,0,4
KAM3423792.1,1377,845,1695,0,0,0,2,8,3,9,4,4,7,8,6
KAM3423793.1,6610,3465,3438,2,8,12,2,0,0,4,2,11,10,10,12
KAM3423794.1,438,217,298,0,0,0,0,0,0,4,10,6,2,4,0
KAM3423795.1,1771,1092,1458,4,12,3,3,4,2,8,12,10,4,14,4
KAM3423797.1,3001,1871,2746,6,8,60,10,24,13,10,4,28,0,2,9
KAM3423799.1,1455,1183,1353,0,0,0,0,0,0,0,2,2,1,2,0
KAM3423800.1,872,752,625,1,0,0,2,4,0,6,2,3,10,8,15
KAM3423801.1,613,413,382,2,4,0,12,10,16,10,8,14,10,4,14
KAM3423802.1,591,341,438,0,0,0,10,6,10,6,10,0,19,41,15
KAM3423803.1,313,200,291,4,0,0,0,4,0,9,4,7,39,78,49
KAM3423804.1,401,288,484,2,0,0,3,6,10,11,4,4,6,9,4
KAM3423805.1,272,293,306,0,0,6,0,4,7,0,5,11,1,3,4
KAM3423806.1,1334,1541,1403,8,16,6,2,0,4,4,4,11,4,8,2
KAM3423807.1,189,151,355,4,6,0,0,2,0,0,1,0,0,0,0
KAM3423808.1,3880,2876,3501,6,8,0,12,12,15,10,10,9,19,31,36
KAM3423810.1,4189,2587,4484,0,4,6,2,11,9,22,24,33,0,11,19
KAM3423812.1,37,21,25,0,0,0,0,0,0,0,0,0,2,0,0
KAM3423813.1,26,11,56,0,0,0,0,2,3,4,5,2,2,0,2
KAM3423815.1,343,186,726,0,0,6,7,43,14,265,350,390,82,125,193
KAM3423816.1,2697,1513,1792,8,12,6,10,9,2,13,14,22,7,8,21
KAM3423817.1,89,82,176,6,0,0,2,0,4,4,4,19,5,0,4
KAM3423818.1,2535,2130,1864,26,4,18,2,14,3,4,10,8,4,6,14
KAM3423819.1,9743,8671,8758,36,34,33,27,49,14,27,34,36,58,34,79
KAM3423820.1,9,13,12,0,0,0,0,0,0,0,2,0,0,0,0
KAM3423821.1,371,472,504,4,4,3,4,0,3,2,5,2,1,4,4
KAM3423822.1,444,619,353,5,0,0,4,2,0,1,2,2,0,4,2
KAM3423823.1,3124,2190,3312,8,4,0,8,11,6,10,6,10,8,16,9
KAM3423824.1,142,54,149,0,8,0,0,0,0,0,0,3,0,0,0
KAM3423825.1,161,113,179,0,0,0,0,0,0,0,0,0,0,0,2
KAM3423826.1,192,120,253,2,0,0,0,6,2,0,2,0,0,0,0
KAM3423827.1,181,105,165,0,0,6,0,0,2,0,0,2,0,0,0
KAM3423828.1,305,246,147,2,8,0,0,0,0,0,0,7,0,0,0
KAM3423829.1,395,420,646,5,0,0,6,14,6,6,10,0,10,11,2
KAM3423830.1,1978,1598,2163,10,4,6,12,12,14,18,24,17,26,21,26
KAM3423831.1,584,301,913,0,0,0,0,0,0,5,2,4,10,19,22
KAM3423832.1,209,192,973,0,0,0,3,19,20,36,23,86,16,21,35
KAM3423833.1,863,531,924,2,0,0,5,7,8,14,9,10,4,4,11
KAM3423834.1,298,197,215,6,0,6,0,2,2,3,4,4,6,2,4
KAM3423835.1,48,44,56,6,4,0,0,0,0,0,2,2,2,0,2
KAM3423836.1,97,89,125,0,4,0,1,4,4,0,0,0,4,8,2
KAM3423837.1,97,80,67,2,4,0,0,0,0,0,4,0,0,0,0
KAM3423839.1,5748,2516,5088,14,0,0,14,28,2,8,11,14,38,30,74
KAM3423840.1,62,49,65,0,0,0,0,0,2,0,0,1,2,0,2
KAM3423841.1,281,241,578,6,4,0,0,0,2,4,2,0,6,4,7
KAM3423842.1,37,36,67,0,0,0,4,0,0,2,0,0,2,0,0
KAM3423843.1,557,956,789,2,0,18,3,0,8,2,6,9,18,18,15
KAM3423844.1,80,67,173,0,0,0,1,0,4,3,2,2,2,0,4
KAM3423845.1,55,27,34,0,0,0,0,0,0,1,0,0,0,0,0
KAM3423846.1,133,66,147,2,0,0,2,0,0,2,5,4,0,0,0
KAM3423847.1,57,55,62,0,0,0,0,0,1,2,0,2,0,0,2
KAM3423849.1,874,647,925,12,4,12,2,9,6,2,6,5,7,8,8
KAM3423850.1,1400,1088,1509,2,4,6,14,6,23,8,4,10,37,33,32
KAM3423851.1,25,24,14,0,0,0,1,0,0,0,0,0,1,3,0
KAM3423852.1,407,281,544,0,0,0,2,2,0,3,2,2,0,2,11
KAM3423853.1,145,256,262,0,0,6,4,2,0,0,0,0,0,4,2
KAM3423854.1,37,22,74,0,0,0,0,0,0,0,0,0,0,0,2
KAM3423855.1,1422,1399,1616,3,0,6,4,6,6,12,16,11,15,16,22
KAM3423856.1,1250,1650,823,0,4,6,0,4,4,7,5,7,8,14,16
KAM3423857.1,440,445,641,4,0,0,2,16,8,4,6,6,7,5,14
KAM3423858.1,4255,3105,4495,2,16,6,34,21,16,18,14,21,62,68,56
KAM3423859.1,9406,7657,9259,32,18,42,50,38,20,46,37,44,134,76,138
KAM3423860.1,700,747,652,8,2,3,2,8,9,2,6,10,6,4,16
KAM3423861.1,10,21,15,0,0,0,0,0,1,0,0,0,0,0,0
KAM3423862.1,95,37,52,0,0,0,0,0,0,0,0,6,0,0,0
KAM3423863.1,622,704,807,13,12,0,13,22,6,14,12,16,12,34,30
KAM3423865.1,87,70,111,0,2,0,2,2,0,0,0,0,5,0,4
KAM3423866.1,0,6,3,0,0,0,0,0,0,0,0,0,0,0,0
KAM3423867.1,903,691,1207,0,0,0,2,11,4,6,11,23,10,8,1
KAM3423868.1,493,557,345,0,8,0,5,13,8,13,10,8,4,3,2
KAM3423869.1,955,1033,1090,0,12,6,12,16,11,12,12,14,8,4,6
KAM3423870.1,7593,5852,5827,27,42,60,22,39,41,17,17,24,67,99,98
KAM3423871.1,2248,1910,1804,16,8,6,2,2,8,10,4,4,6,8,8
KAM3423872.1,188,201,393,0,0,0,0,2,6,3,2,2,11,4,8
KAM3423873.1,1785,1538,3131,8,4,0,48,121,41,68,70,138,32,44,72
KAM3423874.1,896,718,721,0,4,0,4,0,2,6,6,6,6,5,10
KAM3423875.1,4146,4005,4168,12,12,12,10,12,12,16,10,6,52,64,83
KAM3423876.1,1557,2192,1402,0,12,0,2,2,4,6,4,2,10,1,2
KAM3423877.1,1077,1216,1062,4,8,6,4,8,2,8,2,12,10,23,20
KAM3423878.1,90,118,116,2,0,6,2,0,2,2,0,2,2,4,2
KAM3423879.1,9,0,11,0,0,0,0,0,0,0,0,0,0,0,0
KAM3423880.1,68,39,48,0,0,0,2,2,0,0,2,0,8,2,1
KAM3423881.1,1200,721,1872,0,0,0,22,27,22,27,54,54,10,14,17
KAM3423882.1,435,457,667,0,0,0,0,6,0,1,4,0,0,0,1
KAM3423883.1,1420,1824,896,2,10,0,0,0,2,6,5,3,8,3,3
KAM3423884.1,974,1183,987,2,6,0,0,2,1,3,1,5,8,2,2
KAM3423885.1,5047,4466,5956,30,24,66,13,26,11,96,183,233,14,12,20
KAM3423886.1,314,235,407,1,0,0,1,0,0,2,6,4,0,0,2
KAM3423887.1,196,265,174,4,0,0,0,0,0,0,1,7,0,2,2
KAM3423888.1,1169,1389,932,0,4,0,4,2,2,6,4,4,52,40,36
KAM3423890.1,2535,2567,1454,2,0,18,2,10,12,26,28,16,6,10,14
KAM3423891.1,115,116,76,0,0,0,2,0,0,0,0,0,0,0,0
KAM3423892.1,742,522,1490,0,0,0,1,12,2,10,21,6,50,21,36
KAM3423893.1,678,608,790,0,0,0,2,2,4,12,10,3,4,5,8
KAM3423894.1,1259,976,1884,2,0,0,0,2,2,8,13,6,11,12,14
KAM3423895.1,5665,4797,3375,14,12,12,5,22,25,12,24,12,15,20,27
KAM3423896.1,259,246,438,7,4,0,7,10,0,2,4,0,7,4,5
KAM3423897.1,313,229,225,0,0,0,2,0,4,8,0,2,0,2,2
KAM3423898.1,5041,4266,4478,0,0,6,4,8,4,4,8,13,16,8,28
KAM3423899.1,90,56,345,0,0,0,0,0,0,2,6,2,2,4,6
KAM3423900.1,1308,751,2992,0,0,0,6,0,2,4,4,12,10,2,10
KAM3423901.1,7,1,20,0,0,0,0,0,0,0,0,0,0,0,0
KAM3423902.1,24,6,68,0,0,0,0,0,0,2,0,0,0,0,0
KAM3423903.1,247,100,469,0,0,0,0,0,0,2,0,0,10,6,0
KAM3423904.1,129,161,176,0,0,0,0,4,0,0,0,2,6,0,2
KAM3423905.1,335,269,363,0,0,3,2,0,0,0,4,0,4,4,6
KAM3423906.1,159,140,159,0,0,0,4,0,4,1,4,1,1,3,4
KAM3423907.1,479,601,721,2,10,0,6,4,6,1,5,4,2,6,9
KAM3423908.1,1173,662,1791,0,4,0,0,4,6,4,0,9,16,4,2
KAM3423910.1,388,389,460,2,0,0,6,4,0,6,2,4,4,4,8
KAM3423911.1,302,330,387,1,0,0,2,0,2,10,2,6,17,16,12
KAM3423912.1,3888,3844,3475,6,12,12,3,5,6,0,8,5,19,11,12
KAM3423913.1,6183,6800,6855,8,16,0,4,6,6,4,10,6,4,2,4
KAM3423914.1,19667,21671,20603,21,22,12,3,0,4,0,2,2,2,5,2
KAM3423915.1,38262,36538,22254,79,36,60,10,30,27,34,16,45,49,41,72
KAM3423916.1,49860,46955,19511,59,36,27,12,8,17,20,15,38,24,19,59
KAM3423917.1,4837,4010,5735,4,2,0,1,3,1,0,1,2,4,7,3
KAM3423918.1,5337,3828,4574,0,0,0,7,9,11,30,14,27,5,14,11
KAM3423919.1,11866,9124,6677,2,0,0,4,6,2,0,0,0,23,22,19
KAM3423920.1,51582,50386,42072,35,22,30,8,16,8,6,2,15,59,46,54
KAM3423921.1,789,549,600,2,0,0,2,0,4,2,0,2,8,12,6
KAM3423922.1,225,219,321,2,0,0,0,0,0,0,2,0,0,0,2
KAM3423923.1,147,151,113,0,0,0,0,0,0,0,0,0,0,0,0
KAM3423924.1,107,88,157,2,4,0,0,4,2,0,2,0,0,0,0
KAM3423925.1,302,283,268,0,12,0,2,2,0,10,7,8,2,6,2
KAM3423926.1,470,266,535,0,0,0,4,4,0,6,6,12,0,4,4
KAM3423927.1,183,257,273,0,4,0,4,0,0,4,2,0,0,2,6
KAM3423928.1,12907,17268,17717,78,88,99,31,30,26,27,22,31,141,113,109
KAM3423929.1,48,36,56,0,0,0,0,0,0,0,0,0,0,0,0
KAM3423930.1,10,5,28,0,0,0,0,0,0,0,0,0,1,0,0
KAM3423931.1,125,141,120,1,0,0,1,0,4,0,0,1,2,0,2
KAM3423932.1,343,229,357,2,0,0,0,0,0,0,0,0,2,0,0
KAM3423933.1,3446,2384,3835,6,24,6,10,10,18,16,33,29,20,14,31
KAM3423934.1,542,342,869,4,0,6,0,6,4,6,24,6,13,10,12
KAM3423935.1,3174,3958,3140,134,124,156,6,16,7,23,18,26,50,24,52
KAM3423936.1,38,67,46,0,0,0,0,0,0,0,0,0,0,0,0
KAM3423937.1,327,393,235,4,4,0,2,3,3,5,3,10,0,6,11
KAM3423938.1,208,179,158,0,0,0,4,8,1,4,9,2,3,0,2
KAM3423939.1,1144,991,1316,0,4,0,6,6,8,36,6,16,14,22,20
KAM3423940.1,20361,18370,15495,20,10,24,6,41,12,67,46,77,16,27,44
KAM3423941.1,32,35,65,0,0,0,2,0,0,0,0,0,0,0,1
KAM3423942.1,0,0,0,0,0,0,0,0,0,0,0,0,0,0,0
KAM3423943.1,483,437,531,0,2,0,2,8,4,6,0,4,2,4,0
KAM3423944.1,5056,4903,3262,6,4,6,2,16,4,8,10,26,14,10,12
KAM3423945.1,503,444,603,2,0,0,2,2,0,0,0,3,8,12,0
KAM3423946.1,116,95,94,2,0,0,0,0,1,0,2,2,10,10,10
KAM3423948.1,411,518,483,2,0,0,3,1,1,0,0,4,3,0,9
KAM3423949.1,46554,66440,98111,207,210,262,22,32,13,22,45,42,245,284,377
KAM3423950.1,60624,92124,76016,300,298,459,35,58,39,37,54,61,304,324,406
KAM3423951.1,443,524,635,0,0,0,2,2,0,0,0,0,2,2,0
KAM3423952.1,1710,2199,1693,2,4,0,2,9,2,2,16,18,10,10,16
KAM3423953.1,737,421,1110,0,0,0,0,0,2,2,3,0,21,14,36
KAM3423954.1,4739,2587,1673,6,4,0,4,4,0,8,10,20,0,4,20
KAM3423955.1,40371,43697,32895,101,56,102,16,60,34,63,62,65,60,33,64
KAM3423956.1,2044,2247,2814,12,12,12,5,22,4,12,9,23,14,29,31
KAM3423957.1,269,215,135,10,0,6,0,0,0,2,1,8,1,3,6
KAM3423958.1,124,105,225,0,0,0,1,0,0,0,0,0,0,0,0
KAM3423959.1,619,725,686,4,4,0,2,4,0,2,9,8,8,4,8
KAM3423960.1,330,356,236,0,0,0,1,0,0,0,3,0,2,1,7
KAM3423961.1,8,6,10,0,0,0,0,0,0,0,2,0,0,0,0
KAM3423962.1,897,601,579,2,0,0,0,2,0,6,6,4,2,2,6
KAM3423963.1,421,782,740,0,4,0,0,0,2,0,0,0,0,0,0
KAM3423964.1,313,273,376,0,0,0,0,6,5,2,5,0,2,4,4
KAM3423965.1,982,482,964,4,4,0,7,18,4,14,8,15,14,14,10
KAM3423966.1,44,7,57,0,0,0,0,0,0,0,0,0,2,0,0
KAM3423967.1,2669,2236,3364,1,4,0,0,6,2,6,2,2,4,0,6
KAM3423968.1,42679,43620,35438,33,28,54,6,20,2,13,8,14,24,19,33
KAM3423969.1,477,450,378,2,8,0,6,6,4,5,4,1,10,2,8
KAM3423970.1,178,128,222,0,0,0,0,6,2,3,0,2,2,2,6
KAM3423971.1,271,261,385,0,0,0,8,0,4,0,2,4,2,8,6
KAM3423972.1,9,1,10,0,0,0,0,0,0,0,0,0,0,0,2
KAM3423973.1,1060,1098,1264,2,8,18,2,10,2,4,6,8,4,8,10
KAM3423974.1,785,952,864,6,0,18,2,8,0,2,2,6,8,0,6
KAM3423975.1,43,30,76,1,0,0,0,0,2,4,0,2,2,0,1
KAM3423976.1,82,46,82,0,0,0,0,2,0,0,0,0,0,0,0
KAM3423977.1,4,2,1,0,0,0,0,0,0,0,0,0,0,0,0
KAM3423978.1,0,2,0,0,0,0,0,0,0,0,0,0,0,0,0
KAM3423979.1,4,4,6,0,0,0,0,0,0,0,0,0,0,0,0
KAM3423980.1,12,2,8,0,0,0,0,0,0,0,0,0,0,0,0
KAM3423981.1,31,20,36,0,0,0,0,0,2,0,0,0,2,0,0
KAM3423982.1,116,88,119,0,0,0,0,0,2,2,0,0,0,0,0
KAM3423983.1,439,365,300,6,0,0,0,0,0,2,4,1,6,0,4
KAM3423984.1,2814,1915,2298,4,0,0,16,7,9,8,15,6,21,41,61
KAM3423985.1,4407,4142,3831,14,8,6,18,32,20,25,12,20,26,26,32
KAM3423986.1,178,147,274,0,12,0,0,0,0,0,2,1,2,1,0
KAM3423987.1,580,555,758,2,0,0,0,2,0,1,0,1,4,1,2
KAM3423988.1,169,223,158,4,0,0,0,0,4,2,0,2,2,0,5
KAM3423989.1,544,601,381,6,0,6,0,5,0,0,0,6,2,1,2
KAM3423990.1,3067,3231,3511,18,4,18,16,6,19,10,15,13,29,22,32
KAM3423991.1,1087,858,860,6,4,6,2,0,2,4,4,6,4,5,6
KAM3423992.1,67,69,139,0,0,0,0,2,0,0,3,3,0,0,0
KAM3423994.1,56,56,199,0,0,0,0,0,0,0,6,2,2,0,2
KAM3423995.1,128,115,843,0,0,0,0,3,2,0,0,0,6,0,0
KAM3423996.1,2019,1946,2251,4,20,3,4,14,14,15,8,22,12,12,26
KAM3423997.1,183,153,92,0,0,0,0,0,2,0,0,0,0,0,0
KAM3423998.1,311,209,188,0,0,0,0,0,0,0,0,0,2,0,0
KAM3423999.1,25914,47519,27162,129,168,162,0,3,4,2,2,0,24,15,49
KAM3424000.1,6960,7997,5845,19,6,18,6,9,10,2,8,19,54,43,63
KAM3424001.1,1688,2367,1733,6,12,6,8,10,12,14,7,16,20,4,20
KAM3424002.1,7,5,6,0,0,0,0,0,2,0,0,0,0,0,0
KAM3424003.1,15,9,15,0,0,0,0,0,0,0,0,0,0,1,0
KAM3424004.1,3327,2511,3278,12,4,12,12,14,6,16,12,14,37,44,86
KAM3424005.1,3711,1767,3052,0,0,0,8,24,22,24,14,22,12,12,22
KAM3424006.1,1415,748,1111,0,0,0,2,0,4,4,8,0,2,0,2
KAM3424007.1,6,0,6,0,0,0,0,0,0,0,0,0,0,5,0
KAM3424008.1,8,4,10,0,0,0,0,0,0,0,0,0,0,2,0
KAM3424009.1,89,27,117,0,4,0,0,0,0,0,0,2,0,2,2
KAM3420973.1,3630,4274,3650,9,0,12,2,6,2,5,1,8,8,6,8
KAM3420974.1,1816,2169,1245,3,0,0,0,8,0,3,3,9,7,7,4
KAM3420976.1,2270,2533,2719,12,4,12,0,4,0,4,10,4,6,5,2
KAM3420977.1,2590,1954,2271,13,4,24,10,20,39,11,8,16,41,63,44
KAM3420978.1,362,311,333,0,4,0,2,8,2,2,0,3,2,6,3
KAM3420979.1,2695,2356,2951,18,8,6,7,27,14,6,16,18,40,26,42
KAM3420980.1,19,18,26,0,0,0,2,1,0,0,0,2,0,0,0
KAM3420981.1,8225,5391,6544,2,4,6,21,32,32,60,60,63,33,55,34
KAM3420982.1,1307,1339,1851,0,0,6,8,14,7,14,4,6,34,34,26
KAM3420983.1,15,0,4,0,0,0,0,0,0,0,0,0,0,0,0
KAM3420984.1,196,138,151,0,0,0,0,2,0,0,0,0,0,0,2
KAM3420985.1,15658,11419,8464,48,40,42,14,21,29,27,24,39,53,47,60
KAM3420986.1,12752,9946,7342,49,32,60,10,26,16,24,15,26,33,26,42
KAM3420987.1,1059,738,1676,2,4,0,6,10,4,4,12,12,2,2,16
KAM3420989.1,731,737,1927,2,0,6,0,0,2,2,3,3,2,2,10
KAM3420990.1,119,91,101,0,0,0,4,0,0,0,0,2,10,0,6
KAM3420992.1,146,153,109,2,0,0,0,0,0,0,0,0,2,2,0
KAM3420993.1,0,2,7,0,0,0,0,0,0,0,0,0,1,0,0
KAM3420994.1,417,329,450,0,0,0,3,0,0,0,6,2,2,0,0
KAM3420995.1,445,428,638,0,4,0,0,4,10,0,4,0,0,1,0
KAM3420996.1,242,308,194,3,0,3,2,4,0,0,2,4,2,0,2
KAM3420997.1,399,546,297,0,0,6,0,6,2,4,2,2,0,0,4
KAM3420998.1,511,747,829,4,4,0,4,2,4,2,8,2,4,10,10
KAM3420999.1,2513,2491,1648,19,8,33,1,7,4,6,6,12,20,20,15
KAM3421000.1,4629,2788,3854,2,0,6,12,18,4,16,8,4,83,149,167
KAM3421001.1,954,628,1266,24,12,36,0,0,0,0,0,2,6,2,4
KAM3421002.1,109,49,149,1,0,0,1,0,0,1,3,8,0,2,4
KAM3421003.1,60,34,48,0,0,0,0,0,0,0,6,0,0,6,2
KAM3421004.1,146,128,166,0,0,0,4,0,0,4,0,0,4,4,4
KAM3421005.1,474,257,561,0,0,0,2,2,4,4,8,4,8,4,8
KAM3421006.1,9,16,18,0,0,0,0,0,0,0,0,0,0,0,0
KAM3421008.1,704,770,727,6,12,12,1,4,4,10,6,8,10,14,16
KAM3421010.1,1112,677,471,14,8,0,2,4,2,2,0,4,4,4,6
KAM3421011.1,6,2,11,0,0,0,0,0,0,0,0,0,0,0,0
KAM3421012.1,58,50,100,0,0,0,0,0,0,0,4,0,4,2,3
KAM3421013.1,283,267,268,0,8,0,0,1,0,0,0,0,2,4,0
KAM3421014.1,519,520,270,0,0,0,0,0,3,2,0,4,2,2,2
KAM3421015.1,593,635,619,4,2,12,3,2,4,7,0,0,6,3,0
KAM3421016.1,0,0,0,0,0,0,0,0,0,0,0,0,0,0,0
KAM3421017.1,10,14,28,0,0,0,0,2,0,0,0,0,0,0,0
KAM3421018.1,41,36,61,0,0,0,0,0,0,0,0,0,0,0,0
KAM3421019.1,2,2,0,0,0,0,0,0,0,0,0,0,0,0,0
KAM3421020.1,4209,4300,4719,1,2,12,11,8,8,23,16,25,22,28,55
KAM3421021.1,999,963,1329,4,0,0,2,8,4,5,9,0,6,3,14
KAM3421022.1,582,466,335,0,0,0,0,1,0,0,4,2,2,0,0
KAM3421023.1,2535,2269,2344,2,0,6,12,18,23,14,8,16,21,27,19
KAM3421025.1,906,1342,872,16,0,18,4,2,2,4,3,9,11,10,8
KAM3421026.1,968,823,1258,3,2,6,0,2,2,3,0,0,9,2,11
KAM3421028.1,126,112,201,0,0,0,0,3,0,6,4,0,47,13,48
KAM3421030.1,35,21,21,0,0,0,2,2,0,0,0,1,2,0,0
KAM3421032.1,306,286,477,0,8,6,5,0,0,9,10,13,10,8,11
KAM3421033.1,1723,1767,2098,4,16,18,14,12,12,16,18,14,10,2,14
KAM3421034.1,3755,2211,2801,9,8,24,8,31,20,40,44,55,7,23,20
KAM3421035.1,22303,23104,22361,26,16,57,14,24,13,12,16,37,44,51,51
KAM3421037.1,9509,10112,11678,2,0,18,6,16,4,6,12,8,8,4,10
KAM3421038.1,2000,816,1214,6,0,0,8,10,0,7,10,4,15,16,8
KAM3421039.1,7,10,15,0,0,0,0,0,0,0,0,4,0,0,0
KAM3421040.1,165,117,293,0,0,0,0,0,0,0,0,0,2,0,2
KAM3421041.1,18648,21664,25455,9,12,24,22,18,22,20,32,21,66,76,146
KAM3421042.1,83,143,162,0,0,0,0,0,0,0,0,0,0,0,2
KAM3421043.1,85,62,66,0,0,0,0,0,0,0,0,0,0,1,0
KAM3421044.1,115928,94105,63859,39,36,15,4,2,4,15,19,6,31,29,70
KAM3421046.1,2310,2212,3142,0,0,0,2,0,0,2,2,2,0,0,0
KAM3421047.1,94,61,238,0,0,0,0,0,0,0,0,0,0,0,0
KAM3421048.1,186,208,144,2,0,0,0,0,2,6,2,2,0,2,4
KAM3421049.1,820,590,711,8,4,12,4,14,12,10,8,12,2,10,24
KAM3421050.1,51,46,42,0,0,0,0,0,0,0,0,0,0,0,0
KAM3421051.1,14,12,24,0,0,0,0,0,0,0,0,0,1,0,0
KAM3421052.1,15,4,8,0,0,0,0,0,0,2,0,0,0,0,0
KAM3421053.1,147,157,326,2,4,0,2,0,4,4,4,2,12,6,2
KAM3421054.1,72,69,76,2,0,0,0,0,2,0,5,4,2,5,5
KAM3421057.1,2961,2259,2913,24,16,0,30,23,22,28,32,19,73,44,68
KAM3421058.1,8508,9410,6914,14,16,30,10,8,3,4,1,10,41,22,26
KAM3421059.1,485,491,627,6,0,0,0,3,4,4,0,4,3,0,8
KAM3421060.1,286,270,332,0,0,0,0,0,2,1,2,5,2,0,2
KAM3421061.1,811,1124,471,1,0,6,0,2,2,1,0,6,1,3,4
KAM3421062.1,2131,1604,2471,16,0,0,14,21,11,24,20,23,40,24,47
KAM3421064.1,1165,795,1248,3,8,6,2,0,2,2,5,5,2,13,4
KAM3421065.1,43,61,153,6,0,0,3,2,2,6,1,2,2,0,4
KAM3421066.1,588,306,424,0,0,6,2,0,18,6,12,8,2,12,10
KAM3421067.1,950,1051,943,11,4,6,1,2,3,0,0,4,9,10,9
KAM3421069.1,6521,4901,5104,11,20,24,25,29,37,18,16,14,32,46,47
KAM3421070.1,742,351,2254,0,2,9,0,2,0,0,6,4,159,66,104
KAM3421071.1,31,30,44,0,0,0,0,0,0,0,0,0,0,0,0
KAM3421072.1,7,16,22,1,0,0,0,0,0,0,0,0,0,0,0
KAM3421073.1,153,129,146,5,4,6,0,1,2,0,5,0,1,0,0
KAM3421074.1,20,15,35,2,0,0,0,0,0,0,0,0,0,0,0
KAM3421075.1,38,28,57,2,0,0,0,2,0,6,0,4,0,2,0
KAM3421076.1,294,334,358,8,0,6,6,0,0,7,1,1,8,4,7
KAM3421077.1,225,272,282,0,0,6,0,0,0,2,0,1,1,4,6
KAM3421078.1,622,393,786,4,0,0,0,2,2,2,5,8,0,3,6
KAM3421079.1,1702,1530,2135,0,8,6,4,10,6,18,8,4,6,5,18
KAM3421080.1,5902,6589,4790,14,20,0,9,17,10,4,22,22,32,22,65
KAM3421081.1,406,475,545,1,0,0,0,2,2,0,0,0,6,7,12
KAM3421082.1,40,25,19,0,0,0,2,0,5,0,0,1,0,0,0
KAM3421083.1,437,275,538,4,0,0,8,0,4,4,2,4,86,127,140
KAM3421084.1,2685,1465,680,0,0,0,2,2,0,2,2,8,1,6,27
KAM3421085.1,12,6,14,0,0,0,0,0,0,0,0,0,0,0,0
KAM3421086.1,4,6,9,0,0,0,0,0,0,0,0,0,0,0,0
KAM3421087.1,759,164,407,0,0,0,0,0,0,0,1,0,2,0,0
KAM3421088.1,202,196,349,0,12,3,3,5,2,1,3,6,4,0,3
KAM3421089.1,1361,1227,1106,3,0,6,1,11,6,12,4,13,16,8,17
KAM3421090.1,189,273,285,0,0,0,0,6,0,0,2,2,0,7,8
KAM3421091.1,109,85,100,1,0,0,0,0,0,1,0,0,0,0,0
KAM3421092.1,3185,3400,3105,18,20,6,6,2,10,5,4,10,20,5,11
KAM3421093.1,20177,12013,13184,52,34,60,8,28,16,25,8,28,22,15,31
KAM3421094.1,1888,1937,2034,14,16,12,6,8,8,7,8,8,8,12,12
KAM3421095.1,95,64,113,0,0,0,0,0,0,2,0,4,0,1,0
KAM3421096.1,783,466,533,0,0,12,0,2,0,1,0,12,2,4,10
KAM3421097.1,2156,2018,1876,4,0,6,12,6,4,15,8,0,20,5,12
KAM3421098.1,6702,5828,5514,40,44,39,24,32,20,13,20,20,67,60,72
KAM3421099.1,428,475,428,4,0,18,0,0,0,0,6,0,6,4,19
KAM3421100.1,63,64,88,0,0,0,0,0,0,2,0,0,0,0,0
KAM3421101.1,3347,3163,2808,46,48,30,10,6,11,9,22,14,52,76,70
KAM3421102.1,962,1088,726,11,4,9,0,2,4,0,6,2,8,15,8
KAM3421103.1,117,234,264,0,0,0,0,0,1,0,4,0,0,1,1
KAM3421104.1,59,79,143,0,0,0,0,0,0,0,0,0,0,2,0
KAM3421105.1,2,5,10,0,0,0,0,0,0,0,0,0,0,0,0
KAM3421106.1,30,14,28,0,0,0,0,0,0,0,0,0,0,0,0
KAM3421107.1,339,315,606,0,0,0,1,0,0,1,0,0,1,0,7
KAM3421108.1,1436,1369,1594,9,4,6,3,9,6,8,10,19,11,27,41
KAM3421109.1,1750,1454,2094,6,4,6,9,9,4,10,3,8,14,2,11
KAM3421110.1,252,159,259,0,0,0,0,2,2,2,2,2,0,2,2
KAM3421111.1,108,116,174,0,0,0,2,0,2,0,4,4,0,0,0
KAM3421112.1,20,20,40,0,0,0,0,0,0,2,0,0,0,0,2
KAM3421113.1,598,516,552,0,0,0,2,12,1,18,14,26,6,4,8
KAM3421114.1,748,448,806,0,0,0,0,6,6,8,6,2,4,0,6
KAM3421115.1,7972,9236,6125,13,6,27,2,1,0,2,4,7,30,18,15
KAM3421116.1,484,414,355,4,0,0,0,0,2,0,2,4,1,0,2
KAM3421117.1,1016,524,945,18,12,6,22,28,43,57,56,64,97,121,95
KAM3421118.1,6975,6348,6093,26,12,12,34,20,41,26,20,24,101,109,139
KAM3421119.1,176,66,197,0,0,0,0,6,0,8,0,3,0,2,4
KAM3421120.1,183,209,175,0,0,0,4,2,2,2,4,2,4,0,3
KAM3421122.1,4,4,14,0,0,0,0,2,0,0,0,2,0,0,0
KAM3421123.1,336,185,259,0,0,0,0,0,0,6,4,10,1,0,0
KAM3421124.1,4012,3125,3463,8,8,12,9,26,4,8,23,34,30,31,43
KAM3421125.1,268,287,237,0,0,0,2,4,2,0,0,6,12,1,3
KAM3421126.1,1243,1539,1830,12,8,0,10,10,4,0,2,12,32,51,54
KAM3421127.1,472,354,539,2,0,6,4,14,12,14,6,6,10,14,10
KAM3421128.1,68,69,184,2,0,0,0,0,2,0,7,0,3,3,0
KAM3421129.1,20,33,66,0,0,0,0,1,0,2,0,2,0,4,2
KAM3421130.1,812,872,1013,9,0,6,3,3,7,5,5,6,6,4,10
KAM3421131.1,7637,6111,8546,24,32,12,39,65,64,46,33,31,208,164,229
KAM3421132.1,34,20,46,0,0,0,2,8,2,8,4,10,4,2,4
KAM3421133.1,255,238,159,3,4,0,0,0,0,7,0,4,9,0,10
KAM3421134.1,397,215,425,2,0,18,4,2,0,12,3,4,0,8,0
KAM3421135.1,140,142,191,0,0,0,0,0,0,0,0,1,0,2,10
KAM3421136.1,854,1114,877,0,8,12,1,8,6,6,6,16,7,15,37
KAM3421137.1,2758,3375,3152,8,4,6,11,12,9,20,32,30,22,14,65
KAM3421138.1,33,25,37,0,0,0,0,0,1,0,0,0,0,3,0
KAM3421139.1,231,154,272,2,2,0,3,0,5,2,6,1,7,5,8
KAM3421140.1,313,189,301,0,0,0,4,5,0,4,2,4,0,6,0
KAM3421141.1,10692,8347,11394,36,52,42,58,57,52,40,32,42,208,144,238
KAM3421142.1,10873,8954,14178,57,48,60,46,114,101,83,71,52,262,284,303
KAM3421143.1,246,179,271,0,0,0,4,0,4,6,4,4,1,1,0
KAM3421144.1,300,300,289,4,0,0,2,4,3,2,2,0,8,4,6
KAM3421145.1,2943,3266,2690,11,18,6,5,6,17,13,17,12,13,4,26
KAM3421146.1,110,91,227,0,4,0,2,4,0,2,0,2,2,0,0
KAM3421147.1,43,35,57,0,0,0,0,4,0,0,2,0,2,0,0
KAM3421148.1,3109,2646,3731,4,12,6,0,10,4,6,8,8,14,10,22
KAM3421149.1,155,261,189,4,0,0,4,2,5,4,0,2,4,0,0
KAM3421151.1,335,493,401,2,0,6,4,2,5,0,0,0,4,2,2
KAM3421152.1,333,235,295,0,0,0,2,6,0,2,4,6,2,2,0
KAM3421153.1,192,191,161,0,0,0,2,0,2,0,0,2,3,2,9
KAM3421154.1,1222,1392,1315,14,12,18,6,2,13,14,8,8,12,18,22
KAM3421155.1,167,160,170,0,0,0,0,0,0,2,0,2,0,2,0
KAM3421156.1,548,530,319,2,4,0,0,10,0,2,5,6,0,0,4
KAM3421157.1,2412,1766,2372,0,8,0,8,14,8,76,67,70,12,6,13
KAM3421158.1,17099,9302,13089,2,8,12,13,19,14,21,28,62,18,16,36
KAM3421159.1,13132,7488,7092,1,4,3,8,24,22,32,47,48,11,24,11
KAM3421160.1,748,702,541,4,0,3,0,0,4,0,1,5,7,0,0
KAM3421161.1,654,610,540,3,0,0,0,2,6,12,4,8,6,6,5
KAM3421162.1,222,341,340,0,0,0,0,1,2,0,2,1,2,0,2
KAM3421163.1,110,177,213,0,0,0,0,2,2,2,0,1,0,0,0
KAM3421164.1,190,173,253,0,2,0,6,4,2,0,2,0,2,0,0
KAM3421165.1,2527,1551,2732,2,0,0,15,24,34,17,26,26,27,27,50
KAM3421166.1,1490,1550,1414,8,4,0,14,12,13,8,13,19,6,8,10
KAM3421168.1,13340,10486,10322,15,29,0,17,38,40,48,41,54,50,62,65
KAM3421169.1,697,695,719,2,0,6,2,4,4,0,10,9,4,2,4
KAM3421170.1,1134,1485,790,0,8,0,0,3,0,2,2,0,4,6,1
KAM3421171.1,2096,2634,2562,0,0,3,2,6,0,4,8,2,3,0,2
KAM3421173.1,235,229,281,6,4,0,0,2,2,4,0,1,0,2,2
KAM3421175.1,2587,2041,3074,0,8,6,13,16,36,14,33,20,18,29,22
KAM3421176.1,129,175,481,0,0,0,8,2,5,2,5,1,3,8,4
KAM3421177.1,713,461,1293,0,0,0,4,7,2,10,5,6,12,15,10
KAM3421178.1,793,540,698,12,0,0,2,8,2,6,14,2,9,0,5
KAM3421179.1,1192,898,1572,4,0,0,0,0,6,6,10,8,0,0,10
KAM3421180.1,1189,1497,1380,2,8,9,16,17,15,15,13,26,17,14,29
KAM3421181.1,1075,1062,1122,4,0,0,2,4,4,8,4,6,20,29,26
KAM3421182.1,48,33,22,0,0,6,0,2,0,0,0,2,0,0,0
KAM3421183.1,48,48,30,0,0,3,0,0,0,0,0,2,0,0,1
KAM3421184.1,173,111,193,2,0,3,0,0,1,0,3,3,0,2,2
KAM3421185.1,8,18,21,0,0,0,0,0,0,0,0,1,2,0,0
KAM3421186.1,0,0,0,0,0,0,0,0,0,0,0,0,0,0,0
KAM3421187.1,208,107,236,0,0,0,5,0,0,0,0,4,2,0,0
KAM3421188.1,7,7,30,0,0,0,0,0,0,0,0,0,0,6,0
KAM3421189.1,6508,5136,7058,0,12,0,14,28,16,29,20,16,90,92,126
KAM3421190.1,3253,3605,3378,13,4,24,4,8,5,4,2,10,24,17,37
KAM3421191.1,284,302,363,7,4,18,0,6,4,2,2,2,4,2,6
KAM3421192.1,887,546,980,8,4,18,7,8,10,4,6,10,14,17,16
KAM3421193.1,1817,1524,1845,0,4,6,2,4,4,10,16,14,6,12,16
KAM3421194.1,2531,2173,5337,2,12,6,8,18,17,30,34,17,19,20,26
KAM3421195.1,252,213,282,0,0,0,1,0,0,0,0,0,2,2,0
KAM3421196.1,143,72,92,0,0,0,1,0,2,0,4,2,2,2,0
KAM3421197.1,925,772,1272,10,0,0,18,11,12,32,44,58,24,12,20
KAM3421198.1,240,367,410,2,0,0,0,0,0,2,2,2,4,0,0
KAM3421199.1,338,409,539,0,0,0,0,4,2,0,2,2,4,0,0
KAM3421200.1,194,140,386,0,0,0,0,4,4,2,3,0,1,2,8
KAM3421201.1,565,689,485,3,4,3,2,9,7,4,2,2,12,12,16
KAM3421202.1,23,24,40,0,0,0,0,0,4,0,0,2,0,2,2
KAM3421203.1,204,179,306,0,0,0,2,0,1,2,2,4,3,1,2
KAM3421204.1,319,320,305,0,0,0,1,0,0,3,2,4,4,4,8
KAM3421205.1,155,198,211,2,0,3,0,2,0,0,4,2,5,8,6
KAM3421206.1,16872,12075,11268,4,0,6,14,16,16,33,18,44,16,28,44
KAM3421207.1,441,375,272,2,4,6,0,0,0,2,0,2,4,4,2
KAM3421208.1,1602,1154,2333,10,4,12,0,8,6,12,15,16,4,8,22
KAM3421209.1,401,394,389,0,0,0,2,0,4,2,8,4,0,3,0
KAM3421210.1,1047,1023,1557,8,0,0,4,1,5,2,8,18,8,4,4
KAM3421211.1,122,101,111,0,0,0,2,3,0,3,1,0,0,2,2
KAM3421212.1,49,44,91,0,0,0,0,1,0,2,1,0,0,1,2
KAM3421214.1,83,82,95,0,0,0,0,0,0,0,2,0,0,0,0
KAM3421215.1,817,631,940,1,4,0,0,8,3,0,4,0,6,16,17
KAM3421216.1,4290,3860,3335,11,8,0,6,6,6,8,6,16,8,14,29
KAM3421218.1,460,472,611,10,0,0,0,6,4,10,4,10,6,6,7
KAM3421219.1,256,252,350,2,0,0,3,2,2,6,3,2,11,7,24
KAM3421220.1,2548,1947,2056,1,0,18,6,5,11,22,20,18,11,15,23
KAM3421221.1,666,841,807,2,0,0,2,2,10,5,6,6,7,6,7
KAM3421222.1,430,539,472,0,0,0,0,3,0,1,2,0,6,4,5
KAM3421223.1,2250,2312,2091,22,12,9,12,16,21,20,20,30,22,17,20
KAM3421224.1,3714,3178,4587,14,4,6,29,35,27,10,13,18,72,73,103
KAM3421225.1,6880,6403,7521,18,12,24,11,20,14,22,41,32,26,38,34
KAM3421226.1,2394,2653,3836,4,8,6,6,12,10,6,16,9,11,12,17
KAM3421227.1,5850,6855,7143,9,12,12,5,6,19,10,16,16,58,69,62
KAM3421228.1,113,94,119,0,0,0,0,6,2,25,50,61,14,16,4
KAM3421229.1,30,29,90,0,0,0,0,4,8,28,46,44,6,22,21
KAM3421230.1,6,6,22,0,0,0,2,0,1,12,3,3,0,0,0
KAM3421231.1,0,2,2,0,0,0,0,0,0,0,0,0,0,0,0
KAM3421233.1,234,140,977,0,0,0,0,0,0,0,0,0,42,8,40
KAM3421234.1,1379,1253,1656,10,4,6,4,2,0,6,4,18,16,6,20
KAM3421235.1,1752,1931,1631,25,32,18,14,15,9,19,12,11,31,18,36
KAM3421236.1,93,138,96,0,0,6,4,0,0,4,0,0,4,2,10
KAM3421237.1,187,179,204,0,0,0,2,2,2,3,2,2,0,0,2
KAM3421238.1,125,89,251,1,0,3,0,0,2,5,1,4,0,0,0
KAM3421239.1,9646,14783,11206,14,40,24,4,23,22,21,18,36,60,51,39
KAM3421240.1,525,449,695,2,4,0,6,2,0,7,0,8,2,4,10
KAM3421241.1,110,114,152,2,0,0,0,0,0,3,2,0,0,0,0
KAM3421242.1,238,262,300,0,4,0,2,0,4,4,2,4,4,1,2
KAM3421243.1,369,375,530,0,0,12,1,0,0,6,2,5,12,6,6
KAM3421244.1,85,56,100,0,0,0,0,0,0,6,0,2,6,2,4
KAM3421245.1,1498,1694,1842,2,0,0,7,4,13,10,3,7,27,12,21
KAM3421246.1,136,70,158,0,0,0,0,0,2,7,2,12,0,3,3
KAM3421247.1,316,198,431,0,0,12,6,4,2,2,2,2,2,6,4
KAM3421248.1,412,541,1124,0,0,0,0,0,4,8,8,3,4,7,3
KAM3421249.1,337,522,598,0,4,0,0,0,0,5,2,0,6,4,0
KAM3421250.1,828,900,1376,0,8,0,4,8,6,1,3,6,13,8,18
KAM3421251.1,2146,2371,2522,12,10,18,6,13,8,16,8,14,12,14,20
KAM3421252.1,6061,3787,4148,5,0,3,4,25,9,9,6,8,149,236,300
KAM3421254.1,1050,1286,2859,0,0,0,0,8,0,42,59,56,21,7,40
KAM3421255.1,55,50,76,2,0,0,4,0,2,3,2,4,0,0,0
KAM3421256.1,2111,2328,2174,2,4,30,0,8,2,4,6,4,10,10,36
KAM3421257.1,768,1058,1091,6,4,6,8,8,3,8,21,14,12,4,9
KAM3421258.1,678,582,1005,2,4,0,0,10,4,4,4,10,2,4,0
KAM3421259.1,4400,4603,4247,12,18,0,15,15,2,21,20,40,33,28,46
KAM3421260.1,6902,7200,6667,17,4,24,9,9,9,9,10,40,10,20,25
KAM3421261.1,574,737,585,2,6,6,2,4,5,14,12,6,10,8,23
KAM3421262.1,1008,767,996,2,4,0,4,16,0,4,8,42,0,6,12
KAM3421263.1,757,537,1034,2,0,0,10,6,10,18,20,25,2,2,8
KAM3421264.1,2443,2267,2265,8,4,6,9,8,6,0,6,8,30,30,38
KAM3421265.1,553,478,653,4,0,0,2,4,8,4,12,13,14,6,24
KAM3421269.1,426,363,480,0,0,6,4,3,4,5,2,3,0,3,4
KAM3421270.1,2872,3491,16290,0,0,0,21,34,43,46,17,24,25,34,49
KAM3421271.1,295,312,632,0,0,0,0,0,0,0,0,0,0,0,0
KAM3421272.1,1747,1723,2519,2,4,0,2,13,4,3,11,10,11,12,16
KAM3421273.1,11088,7987,12049,6,16,12,38,38,54,41,44,64,40,60,67
KAM3421274.1,234,225,499,0,0,0,0,0,0,0,0,0,0,0,0
KAM3421275.1,31,17,183,0,0,0,0,0,0,0,0,0,1,0,0
KAM3421276.1,92,53,116,0,0,0,0,0,4,0,2,0,1,0,6
KAM3421277.1,111,110,152,0,0,12,2,2,0,3,0,6,8,10,7
KAM3421278.1,10878,8310,12486,28,60,84,54,82,44,54,28,43,199,176,303
KAM3421279.1,2088,2076,2689,24,0,9,35,24,8,15,23,23,29,25,30
KAM3421280.1,209,179,325,0,0,6,2,0,0,4,0,2,0,0,4
KAM3421281.1,1417,1129,1245,4,6,6,2,7,5,0,4,4,4,10,14
KAM3421282.1,536,573,555,14,8,0,4,8,12,4,8,4,4,10,10
KAM3421283.1,1357,970,1417,0,0,3,0,0,0,5,3,7,0,0,4
KAM3421284.1,679,410,475,0,0,0,1,3,4,2,2,4,0,4,4
KAM3421285.1,14133,13719,12267,21,28,42,23,17,30,20,27,31,112,100,138
KAM3421286.1,45,46,40,0,0,0,4,2,0,2,0,0,0,0,5
KAM3421287.1,61,34,44,0,0,6,0,0,0,0,0,0,1,0,3
KAM3421288.1,3,4,11,0,0,0,0,0,0,0,0,0,1,0,0
KAM3421289.1,1748,2585,1862,6,12,0,4,0,4,2,4,4,18,10,26
KAM3421291.1,136,126,227,0,0,0,0,0,0,6,1,2,0,2,0
KAM3421292.1,1566,1221,1112,2,0,0,4,4,0,4,0,0,0,0,2
KAM3421293.1,998,792,784,4,8,0,4,2,2,4,4,10,5,2,2
KAM3421295.1,1339,1121,1508,0,8,0,13,4,4,17,13,13,2,4,12
KAM3421296.1,1269,887,1353,12,4,0,8,13,8,10,2,8,25,24,18
KAM3421297.1,332,245,383,2,0,0,4,0,2,4,9,8,5,7,13
KAM3421298.1,653,408,515,2,4,0,0,12,2,6,6,10,2,6,14
KAM3421300.1,485,309,622,2,2,6,1,0,4,1,0,3,11,11,4
KAM3421301.1,514,284,524,2,8,6,2,1,0,2,2,4,8,2,4
KAM3421302.1,17,8,17,0,0,0,0,0,0,0,0,0,0,0,0
KAM3421303.1,25713,23724,21530,12,22,48,48,35,70,111,100,95,155,149,203
KAM3421304.1,1301,1215,1507,9,0,12,1,12,10,10,7,9,12,17,24
KAM3421305.1,12000,11223,11038,44,62,66,28,26,23,41,26,37,78,66,76
KAM3421306.1,339,436,581,2,4,0,6,3,0,6,7,0,8,4,4
KAM3421307.1,395,276,364,0,4,0,4,2,2,0,0,4,3,4,8
KAM3421308.1,435,458,665,2,0,9,0,0,0,3,4,2,4,4,2
KAM3421309.1,1794,2690,1440,10,4,18,8,4,7,6,4,7,12,3,7
KAM3421310.1,4001,3831,2931,8,4,21,21,11,11,9,28,17,19,37,10
KAM3421311.1,33872,26420,29880,108,80,99,60,77,109,57,34,51,116,251,248
KAM3421312.1,95266,77521,80684,470,402,612,324,461,336,320,258,394,794,1054,931
KAM3421313.1,5017,3634,4910,8,4,0,8,44,32,18,10,21,23,34,28
KAM3421315.1,1615,1636,1873,2,0,0,0,0,0,6,4,6,22,4,4
KAM3421316.1,46,34,52,0,0,0,0,0,0,0,0,0,0,0,1
KAM3421317.1,961,861,1028,6,4,0,6,6,3,0,2,6,8,23,19
KAM3421318.1,21,21,38,0,0,0,2,0,0,0,0,0,0,2,0
KAM3421319.1,1627,1125,1761,13,4,6,1,8,10,8,3,4,40,30,24
KAM3421320.1,913,721,1055,1,0,6,0,1,4,8,1,0,1,4,2
KAM3421321.1,469,277,283,0,4,0,0,0,0,0,2,2,0,2,0
KAM3421322.1,0,2,0,0,0,0,0,0,0,0,0,0,0,0,0
KAM3421323.1,17,20,225,0,0,0,0,0,0,2,2,4,31,10,32
KAM3421324.1,4,4,9,0,0,0,1,0,0,0,0,0,0,0,0
KAM3421325.1,42,28,70,0,0,0,0,0,0,0,0,0,0,0,0
KAM3421326.1,25,26,16,0,4,0,0,0,0,0,0,0,0,0,0
KAM3421327.1,210,182,292,0,0,6,2,2,2,2,0,6,0,0,6
KAM3421328.1,43,23,62,0,0,0,0,0,0,2,2,0,0,0,2
KAM3421329.1,5797,3046,4763,0,0,0,26,44,24,22,15,52,18,52,28
KAM3421330.1,5948,3461,4294,6,0,0,0,8,6,6,13,27,20,37,56
KAM3421331.1,1188,925,1274,5,8,0,6,8,14,6,10,6,6,10,16
KAM3421332.1,138,122,203,0,0,0,0,0,0,0,0,2,0,0,0
KAM3421334.1,33,44,63,0,0,0,0,2,0,0,1,1,0,0,0
KAM3421335.1,9625,8190,9825,6,4,6,2,2,12,4,4,10,16,23,40
KAM3421336.1,1885,2022,2158,6,8,6,4,2,4,2,4,4,14,17,22
KAM3421337.1,2787,2114,2514,14,16,14,24,19,8,12,14,30,12,12,20
KAM3421338.1,377,446,750,8,8,6,0,0,5,4,2,2,6,2,4
KAM3421339.1,15,9,16,0,0,0,0,0,0,0,0,0,0,0,1
KAM3421340.1,8,25,14,0,0,6,0,0,2,0,2,0,0,0,0
KAM3421341.1,32,20,32,0,0,0,2,0,0,1,1,0,6,3,0
KAM3421342.1,1451,714,1524,0,0,0,8,11,10,8,11,14,5,2,4
KAM3421343.1,2361,1833,3654,2,0,0,1,0,3,1,3,2,0,0,5
KAM3421344.1,40063,38415,31702,47,40,24,11,6,19,41,30,32,33,28,66
KAM3421345.1,429,550,616,0,0,0,2,0,0,0,2,6,0,2,2
KAM3421346.1,1059,827,1753,0,0,0,4,5,0,5,10,12,6,4,0
KAM3421347.1,2353,1445,1649,9,8,6,2,6,12,6,2,8,4,2,14
KAM3421348.1,187,156,309,1,0,0,2,0,0,2,0,1,6,4,8
KAM3421349.1,146,103,174,2,0,0,0,5,0,2,6,0,2,10,6
KAM3421350.1,2241,1918,2550,9,8,12,18,30,36,20,26,10,35,28,50
KAM3421351.1,26,11,26,0,0,0,0,0,2,0,0,0,0,0,0
KAM3421352.1,1052,795,990,10,0,0,2,4,2,0,7,12,14,11,22
KAM3421353.1,30,52,89,0,0,0,1,0,0,0,0,0,3,3,2
KAM3421354.1,14,15,44,0,0,0,0,0,0,0,0,0,0,4,0
KAM3421355.1,1310,1206,1189,4,16,0,11,18,2,4,11,8,10,9,10
KAM3421356.1,5774,6193,5944,8,0,12,6,16,4,5,16,18,26,18,10
KAM3421357.1,4278,1737,3435,2,0,0,4,6,4,34,23,27,8,8,7
KAM3421358.1,1,1,13,0,0,0,0,0,0,0,0,0,0,0,0
KAM3421359.1,219,64,126,0,0,0,0,12,4,8,2,10,0,0,0
KAM3421360.1,754,206,483,0,0,0,2,4,4,31,34,46,6,2,4
KAM3421361.1,141,107,146,0,4,0,2,4,6,0,2,6,0,4,0
KAM3421362.1,405,215,418,2,0,0,0,8,6,9,4,6,2,2,6
KAM3421363.1,1978,960,3200,38,18,24,6,10,14,10,24,14,44,58,38
KAM3421364.1,329,331,532,6,0,0,2,2,4,6,0,4,2,6,13
KAM3421365.1,343,329,1076,0,8,6,2,6,2,6,2,4,0,4,0
KAM3421366.1,7904,9100,9350,19,24,18,22,30,26,38,61,73,40,38,42
KAM3421367.1,679,688,1061,0,0,0,1,2,0,1,2,2,4,5,3
KAM3421368.1,1158,507,916,2,0,6,2,4,8,4,10,4,6,0,2
KAM3421369.1,295,210,220,2,0,12,3,8,0,18,7,11,2,5,10
KAM3421370.1,1449,1073,1900,0,4,0,6,18,4,58,72,68,4,1,6
KAM3421371.1,73,61,130,0,0,0,0,0,0,2,0,0,2,0,0
KAM3421372.1,1634,1496,1100,5,6,6,1,2,5,6,6,2,10,28,16
KAM3421373.1,926,969,768,0,0,0,0,2,0,2,0,2,2,2,8
KAM3421374.1,2943,2865,2557,6,8,6,0,8,8,4,2,12,14,34,30
KAM3421375.1,3267,2663,3154,17,4,24,10,35,20,33,18,18,32,40,48
KAM3421376.1,1686,1380,1452,4,0,6,4,4,12,14,18,21,14,16,20
KAM3421377.1,12,4,14,0,0,0,0,0,0,0,2,2,1,0,0
KAM3421378.1,25,20,14,0,0,0,0,0,0,0,0,0,0,0,2
KAM3421379.1,2064,1322,1459,0,4,0,4,7,0,4,2,6,4,2,6
KAM3421381.1,2876,2843,2940,12,6,12,10,13,9,8,9,10,24,37,27
KAM3421382.1,105,58,122,0,0,0,2,2,2,6,8,4,4,2,2
KAM3421383.1,2,1,3,0,0,0,0,0,0,0,0,0,0,0,0
KAM3421384.1,475,364,432,2,0,18,0,6,0,4,4,5,4,4,0
KAM3421385.1,40,10,18,0,0,0,0,0,0,0,1,0,0,0,2
KAM3421386.1,116,107,85,0,0,0,0,7,4,0,0,0,0,2,2
KAM3421387.1,558,509,588,1,0,6,2,4,2,1,0,2,8,18,3
KAM3421388.1,192,194,302,0,0,0,6,6,5,0,0,6,6,4,0
KAM3421389.1,84,33,86,0,0,0,0,4,2,0,1,2,6,6,22
KAM3421390.1,487,280,347,0,0,0,4,2,2,0,3,0,48,75,55
KAM3421391.1,58,40,39,1,0,0,4,0,0,2,0,3,1,0,4
KAM3421392.1,286,163,255,0,0,0,4,0,0,1,0,3,0,0,2
KAM3421393.1,610,1070,581,2,2,0,5,0,4,2,5,6,18,36,35
KAM3421394.1,2775,1797,2389,6,0,0,18,16,22,26,30,24,11,18,14
KAM3421395.1,233,181,323,0,0,0,2,0,0,0,0,0,0,2,0
KAM3421396.1,216,278,375,0,0,6,4,8,3,12,6,15,0,0,9
KAM3421397.1,120,125,267,0,0,0,2,2,0,2,2,0,6,0,4
KAM3421398.1,21,21,20,0,0,0,2,2,0,0,2,0,0,0,1
KAM3421399.1,461,259,725,2,0,0,2,0,0,2,2,12,2,2,7
KAM3421400.1,45,33,43,1,0,0,2,0,0,0,0,0,0,2,0
KAM3421401.1,152,51,353,2,4,0,0,0,0,6,4,5,4,2,0
KAM3421402.1,798,715,655,12,4,18,4,10,14,9,0,4,16,14,16
KAM3421404.1,2402,1639,2224,15,8,6,11,14,15,13,24,20,39,34,53
KAM3421405.1,57,35,89,0,0,0,4,2,2,0,0,0,0,0,2
KAM3421406.1,1434,936,1312,5,4,0,0,5,1,2,2,6,2,8,8
KAM3421407.1,13285,13483,9590,41,16,36,4,23,22,29,31,16,19,14,29
KAM3421409.1,146,110,138,0,0,0,0,0,0,2,2,0,2,2,2
KAM3421410.1,737,591,796,2,0,0,2,2,2,14,2,6,2,2,3
KAM3421411.1,311,246,376,4,0,6,2,4,3,0,4,8,7,4,5
KAM3421412.1,82,39,80,4,4,12,1,0,0,2,0,2,4,2,0
KAM3421413.1,152,132,293,7,4,6,0,3,0,0,0,0,2,4,7
KAM3421414.1,22,22,41,0,0,0,0,0,0,0,0,0,2,0,0
KAM3421415.1,6331,3913,4550,2,26,0,4,5,14,13,17,18,2,12,10
KAM3421416.1,97,73,180,0,0,0,0,1,2,0,2,0,2,4,0
KAM3421417.1,236,190,393,4,0,0,0,2,1,2,3,6,4,0,4
KAM3421418.1,959,865,1523,8,0,0,2,4,1,12,23,20,0,6,3
KAM3421419.1,4512,3984,5918,0,4,12,0,2,5,22,34,53,9,16,11
KAM3421420.1,261,144,437,0,0,0,0,0,5,6,3,2,0,4,2
KAM3421421.1,142,123,140,0,4,0,0,1,0,4,2,0,4,0,3
KAM3421422.1,8199,3539,5018,0,0,0,5,10,4,20,6,10,0,4,18
KAM3421423.1,523,237,481,0,0,0,0,4,2,0,8,2,0,0,4
KAM3421424.1,1973,2293,1759,5,8,18,4,14,5,19,12,12,20,19,12
KAM3421425.1,359,338,484,0,4,3,0,0,0,3,2,5,6,4,1
KAM3421426.1,58,52,86,0,0,0,0,0,2,6,0,0,2,0,0
KAM3421427.1,546,454,668,0,4,0,2,8,3,21,5,12,17,30,20
KAM3421428.1,4499,3305,3941,4,4,0,8,30,8,42,49,74,21,18,37
KAM3421429.1,7477,4812,12354,0,8,0,49,88,85,89,101,150,27,37,48
KAM3421430.1,974,724,1126,0,0,3,1,0,3,0,2,4,6,2,7
KAM3421431.1,694,879,645,2,0,6,2,2,4,1,5,4,17,2,5
KAM3421432.1,1723,960,1866,0,4,12,8,12,8,23,18,16,17,22,18
KAM3421433.1,837,629,1124,2,4,6,2,2,8,14,15,14,6,2,8
KAM3421434.1,4867,4331,6022,16,12,3,21,26,43,23,39,24,59,73,73
KAM3421435.1,7835,7183,6887,22,68,12,22,32,26,24,18,40,57,58,91
KAM3421436.1,5512,6071,6612,10,14,45,11,14,6,15,10,21,20,20,28
KAM3421437.1,683,767,756,8,0,33,6,0,4,2,0,0,8,6,12
KAM3421438.1,596,508,838,2,8,6,0,8,2,0,6,10,10,6,6
KAM3421439.1,15,8,10,0,0,0,0,0,0,0,0,0,0,0,0
KAM3421440.1,382,247,476,0,0,0,2,2,0,2,0,6,2,4,0
KAM3421441.1,1044,1186,1275,0,4,0,8,2,2,0,2,8,10,5,14
KAM3421442.1,697,427,799,5,4,6,6,13,9,12,2,10,1,6,18
KAM3421443.1,858,754,1110,4,12,9,4,9,6,1,8,15,1,2,14
KAM3421444.1,25,21,23,0,0,0,0,0,0,2,0,0,0,0,2
KAM3421445.1,119,86,153,1,0,12,2,0,0,0,0,4,1,2,2
KAM3421447.1,97,95,216,0,0,0,0,3,1,0,1,1,4,4,1
KAM3421448.1,195,223,311,2,0,0,0,1,3,0,0,4,6,7,2
KAM3421449.1,1059,609,705,0,0,18,2,2,2,0,0,0,0,4,14
KAM3421450.1,396,360,447,9,0,0,0,0,0,0,0,1,4,0,2
KAM3421451.1,6689,3939,7655,8,24,18,2,10,16,36,26,44,11,16,34
KAM3421452.1,71,77,192,0,0,0,0,0,0,0,2,0,4,2,2
KAM3421453.1,456,691,606,2,0,6,2,2,0,2,0,0,8,10,11
KAM3421454.1,812,779,890,2,4,6,0,8,0,10,0,16,2,0,8
KAM3421455.1,580,390,693,2,4,6,2,0,0,0,4,2,2,0,0
KAM3421456.1,2111,2404,1878,15,4,12,10,8,8,8,4,15,37,29,42
KAM3421457.1,13684,7617,15008,43,34,30,26,56,54,75,94,114,58,50,116
KAM3421458.1,2258,2311,2112,8,4,24,12,16,10,21,19,32,22,35,50
KAM3421459.1,129,117,405,0,4,0,1,4,6,20,4,3,17,23,27
KAM3421460.1,454,299,280,2,0,0,2,5,1,5,12,3,0,2,4
KAM3421461.1,3667,2080,3418,6,0,6,8,3,14,64,35,37,45,40,56
KAM3421462.1,134,70,181,0,0,0,6,0,2,0,2,2,0,0,0
KAM3421463.1,713,767,940,18,8,12,6,10,6,24,26,16,8,3,8
KAM3421464.1,161,138,152,2,0,3,0,6,0,2,6,0,18,11,7
KAM3421465.1,180,220,131,2,0,0,4,0,2,0,0,6,14,5,2
KAM3421466.1,142,105,350,2,0,0,3,0,0,2,6,1,6,1,4
KAM3421467.1,109,112,395,0,0,0,0,1,4,1,1,2,0,2,0
KAM3421468.1,1254,1342,2479,12,4,0,12,19,13,25,24,32,28,30,30
KAM3421469.1,1607,1912,2379,2,0,12,0,5,4,6,10,9,4,5,12
KAM3421470.1,313,387,520,2,0,0,0,0,0,0,0,0,0,6,1
KAM3421471.1,1150,878,890,0,0,0,1,2,8,0,4,4,3,4,2
KAM3421472.1,220,245,171,0,0,0,2,2,0,0,0,2,0,2,0
KAM3421473.1,1249,1047,956,4,4,0,2,4,0,0,2,2,8,7,14
KAM3421474.1,154,116,148,0,0,0,6,3,0,0,4,2,6,8,6
KAM3421475.1,108,89,131,0,0,0,0,0,4,8,4,8,0,2,0
KAM3421476.1,630,429,663,8,12,0,4,8,6,4,8,2,13,15,10
KAM3421477.1,31,26,40,0,0,0,0,0,2,0,0,0,0,4,6
KAM3421478.1,140,71,167,2,0,0,1,0,0,0,0,2,7,6,2
KAM3421479.1,478,470,612,8,0,0,4,8,10,4,6,4,8,19,23
KAM3421480.1,191,228,259,0,0,0,0,2,0,1,0,3,0,0,0
KAM3421481.1,3604,1939,2322,6,0,0,6,10,6,7,12,6,73,122,207
KAM3421482.1,351,208,379,4,8,6,10,1,4,14,18,15,2,6,6
KAM3421483.1,97,79,166,0,0,0,2,6,0,4,2,4,14,15,10
KAM3421484.1,214,141,232,0,0,0,2,0,1,2,4,0,3,4,0
KAM3421485.1,121,138,224,2,4,0,24,41,12,37,50,54,53,57,89
KAM3421486.1,794,859,868,12,0,6,10,6,6,10,4,17,14,28,24
KAM3421487.1,554,613,550,4,4,0,6,12,2,2,5,12,10,4,6
KAM3421488.1,46,71,76,0,0,0,0,1,0,0,0,0,0,0,0
KAM3421489.1,165,102,127,0,0,0,2,3,0,3,2,4,2,2,2
KAM3421490.1,88,62,114,0,0,0,0,0,0,0,0,2,0,0,0
KAM3421491.1,210,94,359,0,0,0,2,2,0,7,5,4,2,0,4
KAM3421492.1,88,54,110,0,0,0,0,1,0,0,1,0,0,0,0
KAM3421493.1,854,975,1083,2,4,3,0,4,4,5,2,2,19,16,26
KAM3421495.1,987,555,1058,0,0,6,0,6,0,0,4,2,4,4,6
KAM3421496.1,3213,3259,1983,5,8,0,1,10,4,5,14,5,10,20,10
KAM3421497.1,437,342,319,0,0,0,0,0,0,0,0,0,0,0,1
KAM3421498.1,30296,23950,10648,6,4,18,4,0,0,2,0,0,10,1,8
KAM3421499.1,185,108,116,0,0,0,0,2,0,4,5,0,0,0,0
KAM3421500.1,15,29,59,0,0,0,0,0,1,0,0,0,0,0,2
KAM3421501.1,71,96,109,2,0,0,4,1,0,0,0,0,0,2,2
KAM3421502.1,695,812,810,6,12,0,2,4,2,16,6,16,6,3,0
KAM3421503.1,467,452,612,0,0,6,7,3,8,4,4,12,1,4,3
KAM3421504.1,643,614,690,7,4,0,4,3,1,1,6,4,4,9,5
KAM3421505.1,428,403,415,6,12,0,0,4,4,0,2,5,13,4,8
KAM3421507.1,27302,26396,22584,42,36,30,22,26,30,26,36,32,80,74,108
KAM3421508.1,1561,1628,1686,8,0,12,5,1,3,6,4,4,20,14,17
KAM3421509.1,14780,11447,15474,25,20,12,19,18,20,34,44,20,20,42,66
KAM3421510.1,3174,2550,3080,8,4,0,10,6,3,6,5,6,21,23,34
KAM3421512.1,844,551,923,8,4,6,2,6,6,8,2,10,22,13,30
KAM3421514.1,40670,26076,28087,68,20,6,12,16,8,9,19,20,141,79,169
KAM3421515.1,83,91,89,0,0,0,0,0,0,0,4,4,2,3,0
KAM3421516.1,1768,1554,1759,4,14,6,12,10,8,4,4,8,20,16,28
KAM3421517.1,133,82,117,0,0,0,2,0,0,0,2,0,10,0,0
KAM3421518.1,661,547,721,8,2,18,1,8,7,0,4,7,7,17,24
KAM3421519.1,749,834,970,0,0,0,2,4,11,15,10,0,6,14,17
KAM3421520.1,2243,2707,2403,6,4,0,4,5,5,5,6,2,4,2,17
KAM3421521.1,1451,1556,1298,8,0,6,4,4,14,8,4,16,2,6,6
KAM3421522.1,261,166,162,0,0,0,1,0,1,0,0,0,0,0,0
KAM3421523.1,268,221,426,2,4,0,0,0,0,3,2,4,0,2,0
KAM3421524.1,2775,4383,2811,5,2,12,2,3,8,2,6,20,44,21,30
KAM3421525.1,4079,3390,3906,36,44,30,18,26,22,18,24,28,48,40,28
KAM3421526.1,184,188,748,18,24,12,0,2,0,2,6,4,20,16,16
KAM3421527.1,34,11,31,0,0,0,0,2,0,0,1,0,2,2,0
KAM3421528.1,81,85,74,0,0,0,0,2,0,0,0,0,0,0,0
KAM3421529.1,407,388,471,0,0,0,0,0,0,0,0,0,2,0,2
KAM3421530.1,26829,24690,27189,17,8,0,0,0,10,8,6,12,5,4,20
KAM3421531.1,163,146,221,0,0,0,0,0,0,0,0,0,0,0,0
KAM3421532.1,23289,26326,19132,40,32,54,20,32,32,44,54,69,90,79,111
KAM3421533.1,1224,1039,1426,9,0,6,10,8,6,8,9,4,8,16,18
KAM3421534.1,647,547,948,1,0,0,7,6,10,0,4,4,19,43,35
KAM3421535.1,1382,968,1997,2,0,0,2,4,8,4,8,4,12,2,18
KAM3421536.1,2004,1169,1788,6,0,12,6,26,10,14,8,24,24,38,42
KAM3421537.1,2795,2200,1958,16,0,6,0,0,2,0,0,0,36,82,96
KAM3421538.1,3334,1725,1899,10,0,6,3,6,9,14,10,4,7,26,27
KAM3421539.1,523,251,531,0,0,0,0,2,2,0,5,4,0,3,7
KAM3421540.1,5,3,11,0,0,0,0,0,0,0,0,0,0,0,0
KAM3421541.1,3038,3481,2368,2,16,12,9,2,12,0,8,8,6,8,6
KAM3421542.1,846,979,789,0,4,0,1,1,0,2,0,4,3,0,0
KAM3421543.1,2363,2245,2672,4,12,12,11,9,8,9,4,12,24,36,19
KAM3421544.1,387,314,264,0,0,0,0,1,4,1,7,1,1,5,3
KAM3421545.1,5170,4664,4396,2,8,39,4,6,6,12,5,6,12,5,13
KAM3421546.1,210,209,271,0,0,0,0,0,0,1,0,0,1,0,0
KAM3421547.1,27247,21694,17141,15,24,18,4,9,14,35,23,27,19,30,52
KAM3421548.1,306,422,438,0,0,0,2,0,0,0,0,3,3,0,2
KAM3421549.1,886,560,1666,0,0,0,4,6,4,4,18,6,12,14,12
KAM3421550.1,19426,16225,12800,20,36,18,18,8,14,5,10,30,28,22,47
KAM3421551.1,5234,4320,5210,13,16,6,6,15,3,5,26,23,17,13,14
KAM3421552.1,125,129,72,0,0,0,0,1,0,0,0,2,1,0,0
KAM3421553.1,6847,5382,6763,18,4,0,15,12,6,20,15,13,23,15,15
KAM3421556.1,411,210,584,0,0,0,4,0,0,1,1,1,3,4,1
KAM3421557.1,2293,1379,1101,4,8,6,8,12,0,0,0,10,34,18,20
KAM3421558.1,883,753,832,10,8,0,1,8,2,3,10,4,20,6,8
KAM3421559.1,521,449,471,0,0,0,2,2,2,2,2,2,15,2,11
KAM3421560.1,38103,34053,27336,24,20,54,36,21,25,100,34,45,680,693,880
KAM3421561.1,496,369,368,0,0,0,0,3,2,4,8,0,2,0,2
KAM3421562.1,438,215,217,2,0,0,2,0,2,7,2,4,2,0,4
KAM3421563.1,441,213,449,0,0,0,6,8,1,2,6,5,5,0,0
KAM3421564.1,147,106,205,0,0,0,2,0,0,0,0,0,0,0,0
KAM3421565.1,531,534,449,0,0,6,0,0,0,0,0,2,2,0,6
KAM3421566.1,226,112,253,0,0,0,0,0,0,2,0,4,0,2,0
KAM3421567.1,148,135,241,0,0,0,3,6,5,4,12,6,4,4,2
KAM3421568.1,1172,1081,1495,18,8,6,5,10,2,4,0,13,11,12,4
KAM3421569.1,936,496,808,8,0,0,1,4,2,2,5,2,8,2,0
KAM3421570.1,187,86,323,0,0,6,2,6,2,6,4,0,0,4,12
KAM3421571.1,9,31,40,0,0,0,0,2,0,0,0,6,2,6,2
KAM3421572.1,151,186,286,2,8,0,4,0,2,0,0,2,3,2,3
KAM3421573.1,474,409,364,6,0,0,0,6,1,2,2,2,7,16,13
KAM3421574.1,52,34,80,0,4,0,0,0,2,2,2,4,0,1,0
KAM3421575.1,1603,1035,1455,0,0,0,0,0,0,0,6,2,0,1,0
KAM3421576.1,424,422,381,4,6,6,4,0,0,1,4,4,4,3,5
KAM3421577.1,72,94,108,0,0,6,0,0,0,4,2,0,0,7,6
KAM3421578.1,1870,934,1595,2,0,0,10,12,4,6,4,8,55,89,110
KAM3421579.1,117,84,440,0,0,0,0,0,0,0,0,2,4,0,10
KAM3421580.1,191,126,835,0,0,0,0,0,4,2,0,2,12,9,10
KAM3421581.1,48,51,83,0,0,0,0,0,0,0,0,4,8,12,17
KAM3421582.1,331,394,379,4,0,0,4,3,2,8,12,14,16,0,4
KAM3421583.1,49,55,37,0,0,0,0,0,0,0,0,0,1,0,0
KAM3421584.1,8722,10849,9764,28,22,24,32,50,33,28,60,45,119,101,94
KAM3421585.1,146,100,261,0,0,0,0,0,0,0,4,2,2,2,2
KAM3421586.1,434,278,539,2,2,0,6,14,5,4,12,9,5,15,8
KAM3421587.1,8821,6753,10251,10,32,12,10,14,10,45,28,26,94,76,160
KAM3421588.1,583,603,719,2,0,0,4,2,4,8,6,0,2,0,9
KAM3421589.1,5785,2452,6400,0,0,0,4,15,10,25,11,22,32,61,64
KAM3421590.1,878,533,581,0,0,0,0,2,2,2,0,0,0,2,2
KAM3421591.1,1655,1472,1492,14,4,0,8,2,10,7,14,7,4,10,12
KAM3421592.1,1140,1167,1234,0,12,0,4,14,2,10,9,4,14,32,22
KAM3421593.1,1107,913,1325,8,12,30,10,11,4,14,18,14,4,4,4
KAM3421594.1,3340,2476,4710,4,0,0,6,7,2,3,16,10,19,20,21
KAM3421595.1,14655,12783,13929,4,8,0,2,4,3,8,4,12,12,16,44
KAM3421596.1,1799,1063,1919,0,0,0,6,18,6,0,4,4,7,1,4
KAM3421597.1,144710,140026,201322,197,170,207,77,97,145,286,147,125,236,320,708
KAM3421598.1,298,204,249,0,0,0,2,0,3,5,12,1,0,0,4
KAM3421599.1,175,143,323,0,0,0,2,0,0,4,2,2,8,0,0
KAM3421600.1,25,16,56,0,0,0,0,0,1,0,2,0,0,0,1
KAM3421601.1,27268,20422,16811,47,44,90,15,14,1,2,18,24,92,52,132
KAM3421602.1,12379,8310,10544,16,12,12,18,45,21,40,41,55,105,96,141
KAM3421603.1,112,70,73,4,0,0,4,2,2,5,0,0,4,0,8
KAM3421604.1,4073,4735,4253,8,12,0,10,10,12,30,32,37,52,22,25
KAM3421605.1,2971,3099,2972,0,2,3,3,2,0,3,1,0,9,15,15
KAM3421606.1,8516,8472,10236,38,32,24,38,32,50,32,33,30,210,194,315
KAM3421607.1,1832,1270,1252,6,0,12,3,10,10,9,10,15,2,11,26
KAM3421608.1,300,353,452,6,0,6,8,8,2,2,2,8,7,4,15
KAM3421609.1,619,620,548,2,0,0,0,2,2,8,8,4,1,8,4
KAM3421610.1,872,678,1129,6,0,0,4,17,7,6,8,6,25,24,21
KAM3421611.1,110,52,159,0,0,6,2,4,0,7,0,3,0,0,8
KAM3421612.1,1799,1622,1276,20,4,9,10,8,20,18,8,17,14,14,18
KAM3421613.1,2455,1140,2476,4,0,0,10,17,12,5,6,8,51,68,67
KAM3421614.1,373,158,346,2,0,0,4,2,2,14,6,2,2,2,0
KAM3421615.1,2936,783,1420,2,0,0,0,8,4,6,2,8,53,61,74
KAM3421616.1,895,501,511,0,0,12,2,8,2,4,2,0,10,4,14
KAM3421617.1,1101,1004,1237,4,4,12,6,6,9,6,8,8,16,21,14
KAM3421619.1,16002,12935,16627,44,96,57,57,86,77,66,46,57,319,315,358
KAM3421620.1,137,106,137,0,0,0,0,0,0,0,0,0,0,0,0
KAM3421621.1,123,161,499,0,0,0,0,1,0,0,0,3,0,2,4
KAM3421622.1,31162,32805,29573,56,68,78,18,48,38,139,174,181,168,185,183
KAM3421623.1,566,659,791,2,0,6,8,4,0,3,2,5,3,6,14
KAM3421624.1,183,87,210,0,0,0,0,0,8,0,4,5,4,4,8
KAM3421625.1,6,12,29,0,0,0,0,0,2,0,0,0,1,0,0
KAM3421626.1,3229,2506,3339,2,4,15,18,15,34,16,9,12,58,61,58
KAM3421627.1,164,80,148,0,0,0,0,0,2,2,2,4,4,6,5
KAM3421628.1,11,6,42,0,0,0,0,0,0,2,0,0,0,2,0
KAM3421629.1,119,78,142,0,0,0,0,0,0,0,0,0,2,0,4
KAM3421630.1,163,168,269,0,0,0,4,0,5,4,6,2,4,0,2
KAM3421631.1,495,543,596,0,4,18,3,2,7,10,4,5,11,10,6
KAM3421632.1,252,186,304,2,0,6,0,2,6,0,4,3,0,2,4
KAM3421633.1,89,49,77,0,0,0,0,0,0,0,4,0,0,0,0
KAM3421634.1,542,253,571,0,0,0,0,6,6,4,4,2,2,0,4
KAM3421635.1,300,264,316,5,0,6,3,10,7,0,4,1,7,13,18
KAM3421636.1,81,84,125,0,0,0,0,1,0,0,0,0,0,0,0
KAM3421637.1,254,261,288,0,0,0,0,4,2,0,0,0,2,2,6
KAM3421638.1,74,60,124,0,0,0,0,2,4,4,3,1,2,0,0
KAM3421639.1,159,141,176,2,0,0,0,2,0,2,2,2,8,7,4
KAM3421641.1,60,64,84,0,4,0,2,0,4,0,0,0,0,2,0
KAM3421642.1,142,98,159,2,0,15,2,0,0,2,0,0,4,4,6
KAM3421643.1,816,819,755,1,4,0,6,2,8,2,6,6,2,15,4
KAM3421644.1,162,181,158,0,0,6,2,6,0,3,0,0,2,2,4
KAM3421645.1,344,225,442,6,4,0,2,2,2,2,0,0,0,0,6
KAM3421646.1,1887,1934,2536,12,4,18,15,13,4,12,10,16,36,54,40
KAM3421647.1,2444,1527,2078,0,0,6,10,12,4,18,12,17,8,8,2
KAM3421648.1,11057,11348,10782,54,60,57,2,2,4,2,7,10,6,4,14
KAM3421649.1,3951,3291,3337,18,8,24,6,19,18,7,2,23,20,21,16
KAM3421650.1,735,619,557,2,8,0,2,4,5,14,18,18,2,8,8
KAM3421651.1,194,84,142,0,4,0,0,0,2,0,6,4,1,0,7
KAM3421652.1,46,28,55,0,0,0,0,0,0,0,2,0,12,31,4
KAM3421653.1,221,214,232,0,0,0,0,2,0,2,0,6,0,3,4
KAM3421654.1,2456,2546,2178,9,10,24,14,17,20,8,13,15,18,22,41
KAM3421655.1,914,831,805,12,4,0,2,1,0,2,2,8,1,8,8
KAM3421656.1,178,150,244,2,0,0,0,2,2,0,2,0,4,2,0
KAM3421657.1,42,17,61,0,0,0,0,1,0,0,2,0,0,0,0
KAM3421658.1,93,80,190,4,0,0,2,0,0,0,0,8,0,6,4
KAM3421659.1,16,27,104,0,0,0,0,0,0,0,0,0,0,0,0
KAM3421660.1,4068,4326,4314,13,12,12,3,17,13,24,22,19,46,49,73
KAM3421661.1,5495,7808,6337,16,0,12,17,8,17,22,37,38,46,44,53
KAM3421662.1,342,288,316,0,8,0,6,2,4,0,2,4,4,5,6
KAM3421663.1,1034,1041,987,12,8,0,7,8,4,9,6,13,14,11,22
KAM3421664.1,2119,1814,2875,12,8,18,7,9,7,23,35,26,34,22,36
KAM3421665.1,104,77,76,0,0,0,0,2,2,0,6,2,4,2,4
KAM3421666.1,947,934,939,4,0,6,2,2,6,4,14,21,2,17,4
KAM3421667.1,678,810,570,2,4,6,4,2,6,2,2,6,11,7,13
KAM3421668.1,95,103,144,0,0,0,1,0,0,0,0,0,1,1,1
KAM3421669.1,91,50,96,0,0,0,0,0,2,6,6,2,2,4,0
KAM3421670.1,24,24,16,0,0,0,0,0,0,0,0,0,0,2,2
KAM3421671.1,1304,760,1481,0,0,0,10,11,23,21,25,10,4,9,6
KAM3421672.1,303,166,356,4,0,0,2,2,0,4,0,2,10,0,6
KAM3421673.1,4089,2994,3277,6,22,18,20,23,25,26,24,19,98,161,219
KAM3421674.1,523,454,516,2,2,0,1,7,4,2,8,10,21,19,15
KAM3421675.1,245,171,192,0,0,0,0,4,0,4,6,3,6,2,2
KAM3421676.1,1034,812,1027,3,2,0,0,2,3,8,24,8,6,13,22
KAM3421677.1,2595,5159,3818,22,16,12,1,6,2,6,6,11,9,16,9
KAM3421678.1,989,658,1468,1,12,0,0,2,0,0,6,6,6,4,14
KAM3421679.1,656,551,698,6,12,12,2,8,14,2,2,4,18,6,20
KAM3421680.1,470,291,382,6,0,15,4,8,2,6,5,1,7,3,13
KAM3421681.1,826,724,1282,2,0,6,20,14,6,6,14,14,38,34,36
KAM3421682.1,288,202,327,2,0,0,2,0,2,2,0,0,0,2,0
KAM3421683.1,2004,1891,1599,14,24,0,6,7,6,6,2,0,6,7,12
KAM3421684.1,6317,5132,5136,12,4,21,25,27,32,17,37,43,52,56,93
KAM3421686.1,1587,2704,1980,16,10,18,17,14,14,13,15,10,143,125,138
KAM3421687.1,1862,1730,1358,14,4,0,4,7,2,12,10,6,17,17,30
KAM3421688.1,7337,6371,7535,26,18,51,13,22,21,27,22,41,43,39,58
KAM3421689.1,201,123,536,0,0,0,2,2,0,5,5,9,6,6,14
KAM3421690.1,114,90,110,0,0,6,0,1,4,0,4,7,2,0,1
KAM3421691.1,3031,1904,3473,6,12,0,13,32,15,12,26,30,20,46,61
KAM3421692.1,19,21,25,0,0,0,0,0,1,0,0,2,0,0,1
KAM3421693.1,5490,3930,5305,30,28,24,3,27,10,6,25,18,56,55,73
KAM3421694.1,1126,945,1188,6,16,6,4,12,4,8,4,9,9,16,20
KAM3421695.1,247,224,286,0,0,0,3,1,2,0,0,1,1,2,1
KAM3421696.1,219,191,190,0,0,0,0,0,0,0,0,1,7,0,2
KAM3421697.1,21,11,20,0,0,0,0,0,0,0,0,0,0,0,1
KAM3421698.1,10090,8738,7543,12,12,0,8,7,27,18,15,12,50,40,74
KAM3421701.1,30,19,63,0,0,0,0,2,0,0,0,0,1,0,2
KAM3421702.1,254,182,727,4,0,0,8,2,2,0,2,12,8,10,4
KAM3421703.1,2256,1949,2755,6,16,0,12,8,9,13,2,16,21,12,12
KAM3421704.1,2735,4281,3445,8,0,0,20,8,6,14,18,14,44,75,76
KAM3421705.1,2962,1803,1793,0,0,0,4,6,2,20,8,4,2,4,8
KAM3421706.1,417,398,395,0,0,6,2,4,3,2,0,12,2,0,2
KAM3421707.1,1744,1474,1921,0,0,0,13,14,18,4,9,12,16,20,28
KAM3421708.1,118,141,353,0,0,0,0,0,0,0,0,2,0,0,1
KAM3421709.1,2054,2427,2040,0,8,6,2,2,3,0,4,2,1,1,1
KAM3421710.1,210,193,361,0,0,0,4,0,2,0,6,6,0,3,2
KAM3421711.1,675,597,765,2,16,24,7,6,17,7,6,7,14,7,14
KAM3421712.1,859,539,999,2,4,0,4,14,12,6,7,12,22,25,40
KAM3421714.1,1021,920,1045,2,12,36,8,12,10,7,7,24,2,6,15
KAM3421715.1,1882,2928,3238,0,4,6,3,2,12,5,7,8,23,29,18
KAM3421716.1,89,109,345,0,0,0,0,2,2,0,0,6,2,0,2
KAM3421717.1,311,321,451,0,0,0,0,0,2,11,0,3,0,5,6
KAM3421718.1,365,301,300,0,0,9,4,8,0,2,0,6,0,0,4
KAM3421719.1,453,320,597,4,4,6,6,4,4,0,4,0,21,12,21
KAM3421720.1,2304,2465,2593,4,0,21,7,13,4,16,14,15,14,36,21
KAM3421722.1,145,208,178,0,6,0,0,4,2,2,0,0,9,0,15
KAM3421724.1,1201,821,1058,6,0,0,4,16,8,6,0,10,8,14,8
KAM3421725.1,1538,1682,1344,4,20,48,7,10,6,12,15,23,18,10,31
KAM3421726.1,4018,3708,4409,12,4,9,14,13,8,26,19,19,3,9,12
KAM3421727.1,511,219,488,0,4,12,8,10,2,14,0,11,18,20,19
KAM3421728.1,115,208,196,6,0,0,4,1,4,8,6,6,0,2,2
KAM3421729.1,28,51,68,0,4,0,2,6,2,0,4,0,0,4,0
KAM3421730.1,2873,1930,2529,10,0,6,30,29,17,21,8,30,25,37,39
KAM3421731.1,1700,1506,1482,12,0,0,14,15,6,5,5,12,40,60,65
KAM3421732.1,3904,2865,3506,4,4,24,18,16,24,40,38,43,10,28,45
KAM3421733.1,1013,445,1079,0,0,0,0,1,0,4,0,2,19,18,72
KAM3421734.1,17460,16109,16208,16,32,42,8,31,2,54,69,119,46,54,74
KAM3421735.1,6520,5949,5970,12,20,0,6,21,18,18,27,27,14,12,32
KAM3421736.1,994,865,1116,4,4,0,8,16,8,4,8,2,14,22,27
KAM3421737.1,129,87,168,2,4,0,4,18,2,14,25,43,2,6,10
KAM3421738.1,1070,746,859,10,4,0,4,12,4,8,10,6,4,6,8
KAM3421739.1,349,427,604,3,4,6,2,4,19,2,12,13,9,5,6
KAM3421740.1,676,712,472,0,8,0,1,4,2,1,4,4,6,4,13
KAM3421742.1,3487,2114,2883,0,4,0,9,10,5,5,4,10,38,22,40
KAM3421743.1,47744,23774,37189,12,16,18,117,117,150,45,84,44,232,406,533
KAM3421744.1,1398,1288,1530,0,4,0,12,14,10,12,33,12,12,14,13
KAM3421745.1,998,559,935,2,0,0,4,2,3,8,12,10,8,4,4
KAM3421746.1,819,706,579,0,0,0,0,0,0,0,0,4,2,3,4
KAM3421747.1,214,156,248,2,4,0,0,2,0,2,0,4,2,10,2
KAM3421748.1,16,24,13,0,0,0,0,4,0,0,0,0,2,0,0
KAM3421749.1,199,130,180,2,0,0,2,0,6,0,2,2,10,4,0
KAM3421751.1,57,41,129,0,0,0,4,1,0,0,2,3,2,0,0
KAM3421752.1,226,195,385,2,2,0,0,0,6,12,0,5,11,5,6
KAM3421753.1,190,150,272,0,0,0,0,0,2,0,0,0,2,0,4
KAM3421754.1,58,43,110,0,0,0,0,0,0,0,0,0,0,2,0
KAM3421755.1,248,425,488,2,0,6,2,4,2,0,2,4,2,4,0
KAM3421756.1,190,161,284,2,0,0,0,2,0,2,4,0,0,0,0
KAM3421757.1,461,397,450,0,2,0,2,5,2,2,3,9,2,0,4
KAM3421758.1,1108,852,1669,0,2,0,8,4,5,8,13,22,6,5,9
KAM3421759.1,23,51,73,0,0,0,0,2,0,0,0,0,2,0,0
KAM3421760.1,554,525,577,0,0,0,0,2,1,0,0,0,4,0,2
KAM3421761.1,1244,947,825,6,12,12,9,6,10,6,4,15,9,6,16
KAM3421762.1,1108,1135,1330,8,16,6,7,8,2,2,4,2,33,10,14
KAM3421763.1,849,604,768,2,0,6,6,2,6,4,10,2,14,3,22
KAM3421764.1,1976,1840,2588,5,24,30,16,20,12,32,16,24,27,14,35
KAM3421765.1,2778,2254,3180,8,4,30,2,16,10,12,4,12,2,4,16
KAM3421766.1,405,457,462,0,0,6,0,0,6,2,6,5,0,10,0
KAM3421767.1,568,329,931,0,0,0,6,8,8,12,16,17,2,2,7
KAM3421768.1,33,25,63,0,0,0,0,0,0,0,0,0,0,0,0
KAM3421769.1,7,2,10,0,0,0,0,0,0,0,0,2,2,0,0
KAM3421770.1,1945,1854,1682,2,12,0,9,2,9,9,10,18,10,16,9
KAM3421771.1,35087,35116,25307,78,112,60,12,11,0,3,5,12,24,20,30
KAM3421772.1,532,641,540,0,8,0,0,3,0,7,2,0,3,14,11
KAM3421773.1,43,41,24,0,0,0,0,2,0,0,0,4,0,0,2
KAM3421774.1,545,543,711,0,0,6,13,8,2,8,4,8,14,9,19
KAM3421775.1,220,130,235,10,0,0,0,2,0,2,4,2,4,8,20
KAM3421776.1,215,144,177,0,0,0,1,3,1,0,1,3,1,6,0
KAM3421777.1,291,171,252,2,0,6,5,0,4,1,3,3,9,9,9
KAM3421778.1,711,363,888,0,0,0,6,8,5,10,6,8,6,20,14
KAM3421779.1,111,52,136,0,0,0,0,1,0,5,1,2,0,0,2
KAM3421780.1,88,50,82,0,0,0,0,3,0,1,1,0,0,2,0
KAM3421781.1,869,799,1404,2,4,6,0,4,2,21,5,5,4,10,10
KAM3421782.1,706,593,660,0,0,6,0,4,0,4,4,5,4,4,2
KAM3421783.1,131,48,126,0,0,0,0,2,4,7,6,4,0,6,2
KAM3421784.1,27,22,16,0,0,0,2,0,2,1,0,0,0,2,0
KAM3421785.1,78,87,94,0,0,0,2,0,0,0,1,0,0,0,0
KAM3421786.1,53,26,27,0,0,0,0,2,0,0,0,0,0,0,0
KAM3421787.1,97,51,89,0,0,0,0,2,6,4,0,0,4,1,2
KAM3421788.1,615,816,643,6,0,6,2,8,0,0,0,4,0,6,6
KAM3421789.1,377,579,243,0,0,0,0,2,0,4,0,1,0,5,6
KAM3421790.1,4363,4775,4000,7,4,21,26,20,8,4,16,29,27,37,48
KAM3421791.1,544,267,460,6,0,0,4,0,2,10,4,8,8,6,9
KAM3421792.1,89,63,129,0,0,0,0,0,0,0,4,4,0,0,2
KAM3421793.1,80,36,53,2,4,6,0,1,4,2,2,2,2,0,6
KAM3421794.1,6143,5048,7536,29,12,12,21,48,39,28,23,38,91,118,118
KAM3421795.1,194,133,268,2,0,0,0,0,0,0,2,0,4,0,0
KAM3421796.1,254,154,223,0,0,0,0,0,0,0,4,2,0,2,7
KAM3421797.1,9319,5417,7478,14,4,18,9,12,14,28,30,46,35,22,41
KAM3421798.1,16017,17758,12634,26,72,93,4,21,20,14,19,21,119,113,171
KAM3421799.1,1624,1521,1701,0,16,0,18,2,7,10,18,14,15,17,37
KAM3421800.1,465,281,311,0,0,0,0,2,0,0,0,2,4,2,4
KAM3421801.1,5,2,10,0,0,0,0,0,0,0,0,0,0,0,0
KAM3421802.1,2661,2659,1559,16,14,18,4,10,6,2,8,18,4,4,13
KAM3421803.1,513,452,525,0,2,6,2,0,2,1,4,1,2,0,3
KAM3421804.1,180,200,211,12,0,0,8,3,0,0,8,5,5,3,6
KAM3421805.1,6549,6727,4937,8,12,48,3,10,15,19,23,19,0,8,8
KAM3421806.1,1312,1295,1546,19,0,12,8,2,5,15,8,6,20,30,25
KAM3421807.1,3,5,6,0,0,0,0,0,1,0,0,0,0,0,0
KAM3421808.1,3,2,0,0,0,0,0,0,0,0,0,0,1,0,0
KAM3421809.1,95,73,86,2,0,0,0,0,0,0,7,4,2,0,2
KAM3421810.1,4396,5102,5955,0,4,18,2,9,11,4,4,12,6,10,14
KAM3421811.1,11388,11568,11762,4,24,6,8,10,4,10,5,27,6,14,14
KAM3421812.1,611,723,793,6,0,12,8,4,4,9,18,0,21,21,38
KAM3421813.1,2648,1751,1501,0,40,6,6,4,2,8,4,6,36,44,45
KAM3421814.1,12,8,52,0,0,0,0,0,0,0,0,2,8,3,7
KAM3421815.1,208,168,247,0,4,0,0,0,0,2,2,2,2,2,2
KAM3421816.1,28,26,31,0,0,0,0,0,0,0,0,1,0,0,0
KAM3421817.1,678,418,452,2,10,0,2,0,3,5,2,10,4,0,3
KAM3421818.1,413,378,396,14,4,12,2,4,0,2,2,5,10,9,18
KAM3421819.1,284,295,394,2,16,6,0,0,4,2,6,2,18,12,10
KAM3421820.1,171,174,239,0,0,0,2,0,9,3,2,0,4,4,6
KAM3421821.1,503,434,669,11,0,0,4,6,2,0,8,10,7,2,8
KAM3421822.1,111,113,185,0,0,0,0,0,0,0,0,2,2,2,4
KAM3421823.1,3219,3693,3489,8,0,6,6,2,2,10,3,4,19,27,30
KAM3421824.1,15032,14639,12356,35,48,42,29,28,14,19,27,24,75,46,90
KAM3421825.1,645,506,590,0,0,0,0,2,4,0,0,0,1,2,4
KAM3421826.1,1230,1128,1320,0,6,0,3,2,2,6,2,2,12,10,11
KAM3421827.1,3837,3534,3869,12,4,9,16,11,6,16,2,16,48,44,64
KAM3421828.1,761,506,859,0,0,0,0,0,0,0,0,0,4,2,7
KAM3421829.1,39879,33605,27760,51,28,84,8,24,10,7,20,32,28,40,97
KAM3421830.1,1520,574,1579,2,0,0,0,2,2,6,8,2,0,10,0
KAM3421831.1,95,155,85,2,0,0,0,0,2,2,0,2,3,0,4
KAM3421832.1,3225,3591,3459,2,0,0,0,2,2,0,6,2,2,4,2
KAM3421833.1,10039,11437,12791,10,20,18,8,18,2,25,19,29,33,24,32
KAM3421834.1,209,205,449,0,0,6,0,0,0,2,9,8,2,0,2
KAM3421835.1,1141,1127,1284,2,12,6,4,9,8,7,6,14,11,22,22
KAM3421836.1,32,28,62,0,0,0,0,0,6,0,0,4,2,3,2
KAM3421837.1,20,22,41,0,0,0,2,0,0,0,0,0,0,0,0
KAM3421838.1,1328,1035,897,4,0,0,10,40,18,37,26,20,4,32,28
KAM3421839.1,731,727,592,2,0,0,4,21,6,11,6,7,0,2,0
KAM3421840.1,1246,1091,1279,12,8,12,5,2,8,11,10,16,2,6,14
KAM3421841.1,584,641,1024,2,0,6,3,8,2,5,2,4,1,8,2
KAM3421842.1,7952,6891,9149,40,32,36,49,83,61,48,53,35,285,224,290
KAM3421843.1,1158,823,756,16,4,12,0,4,0,0,0,0,4,10,6
KAM3421844.1,1346,1026,1712,6,0,0,0,12,12,8,24,19,10,6,8
KAM3421845.1,821,677,973,6,8,12,8,12,10,8,8,8,4,6,2
KAM3421846.1,2259,1616,1882,0,0,0,6,6,12,4,5,8,10,4,30
KAM3421847.1,1323,906,1141,0,4,0,2,4,9,7,2,13,2,15,18
KAM3421848.1,88,47,33,0,0,0,0,0,0,0,0,4,0,0,0
KAM3421849.1,76,25,74,0,0,0,2,0,0,0,0,0,0,0,1
KAM3421850.1,38,29,69,0,0,0,0,0,0,0,0,0,0,0,0
KAM3421851.1,4867,4792,2906,5,10,0,9,11,12,13,17,17,29,22,27
KAM3421852.1,18345,19087,15873,30,40,48,29,52,46,149,141,158,91,103,124
KAM3421853.1,1847,1031,1424,10,0,0,6,6,6,21,8,12,8,6,10
KAM3421854.1,2935,2383,2977,4,12,12,29,38,20,18,12,22,34,38,67
KAM3421855.1,96,91,123,0,0,0,0,4,2,2,0,4,3,10,0
KAM3421856.1,9,3,9,0,0,0,0,0,0,0,0,0,1,0,0
KAM3421857.1,1435,1726,1195,12,0,0,6,4,0,8,0,5,4,10,9
KAM3421858.1,685,778,742,3,0,6,4,4,2,4,2,9,6,4,10
KAM3421859.1,8716,6978,5250,14,20,18,15,36,18,34,36,26,65,51,50
KAM3421860.1,589,361,538,4,6,0,4,4,10,6,5,6,6,8,4
KAM3421861.1,722,801,577,0,0,18,4,8,2,16,18,5,11,8,12
KAM3421862.1,678,449,827,2,8,0,0,2,0,4,4,2,4,2,3
KAM3421863.1,21,7,34,0,0,0,0,2,2,2,4,0,0,8,2
KAM3421864.1,209,130,126,0,0,6,0,12,0,6,8,7,6,9,8
KAM3421865.1,95,59,167,2,4,0,2,0,0,2,4,2,0,0,4
KAM3421866.1,384,238,347,0,0,0,0,0,0,2,4,0,2,0,2
KAM3421867.1,2411,1825,1273,8,8,6,10,0,10,2,8,6,17,26,17
KAM3421868.1,162,128,148,4,0,0,0,10,5,0,5,3,2,0,0
KAM3421869.1,18141,13735,18549,66,92,36,80,138,109,97,76,110,340,289,362
KAM3421870.1,343,243,308,1,8,0,12,0,4,3,6,3,0,8,4
KAM3421871.1,23,15,31,3,0,0,0,1,0,0,0,0,0,0,0
KAM3421872.1,12,8,5,0,0,0,0,1,0,0,0,0,0,0,2
KAM3421873.1,24,15,23,0,0,0,0,0,0,0,0,0,0,0,0
KAM3421874.1,1047,899,1233,2,6,6,5,12,8,8,14,17,8,14,14
KAM3421875.1,1356,1710,1329,2,12,0,4,0,4,6,2,8,4,3,6
KAM3421876.1,8,3,3,0,0,0,0,0,0,0,0,0,0,0,0
KAM3421877.1,511,370,523,0,0,0,2,5,2,0,4,6,2,4,6
KAM3421878.1,5003,3083,3012,0,0,0,9,4,6,2,2,3,4,5,7
KAM3421879.1,2660,1926,1571,0,4,0,0,0,0,4,2,2,2,8,7
KAM3421880.1,100140,99653,106984,174,174,180,12,56,18,118,215,236,225,149,305
KAM3421881.1,4811,5552,4572,16,4,18,23,20,8,18,32,19,43,57,58
KAM3421882.1,35411,31223,23640,24,16,6,20,10,6,11,9,25,57,43,72
KAM3421883.1,428,379,456,0,0,0,0,0,0,0,0,0,4,1,0
KAM3421884.1,12494,16197,14067,40,22,21,18,9,15,12,13,16,47,44,71
KAM3421885.1,303,151,230,0,0,0,2,2,6,4,2,0,8,6,8
KAM3421886.1,2374,2187,2230,6,0,12,2,12,4,6,10,8,18,10,35
KAM3421887.1,7601,7957,4260,4,0,6,4,4,0,5,4,4,12,2,12
KAM3421888.1,791,667,1162,6,0,0,2,0,0,2,2,0,0,0,0
KAM3421889.1,58,65,66,0,0,0,0,0,0,2,0,0,4,2,2
KAM3421890.1,847,869,961,4,0,18,6,8,14,4,0,1,8,8,4
KAM3421891.1,46,34,84,0,0,0,0,0,0,0,0,0,0,0,4
KAM3421892.1,64,39,51,0,0,0,0,0,0,0,0,1,0,0,0
KAM3421893.1,12369,8231,10613,0,4,12,15,16,12,18,31,42,14,14,21
KAM3421894.1,1063,1174,1416,2,4,0,4,8,2,0,4,6,0,6,6
KAM3421895.1,57,42,69,0,0,0,0,0,2,0,0,2,0,0,2
KAM3421896.1,4508,5367,5287,16,20,0,24,16,32,10,14,11,60,78,135
KAM3421897.1,1001,754,881,2,0,6,4,4,4,2,5,10,2,9,15
KAM3421898.1,180,178,854,0,0,0,0,0,0,13,10,2,14,14,16
KAM3421899.1,366,270,2428,0,0,0,0,2,2,2,6,4,4,3,6
KAM3421900.1,1324,573,1171,6,4,24,5,12,11,20,16,26,4,8,10
KAM3421901.1,172,208,317,0,0,0,0,4,0,0,2,2,6,3,0
KAM3421902.1,543,582,452,4,12,6,1,0,0,8,0,3,9,14,12
KAM3421903.1,7502,7408,4891,8,0,18,7,10,12,26,16,4,48,32,64
KAM3421904.1,1567,1039,1697,4,4,0,2,8,17,8,9,13,8,7,19
KAM3421905.1,2520,1065,1938,2,0,18,7,8,6,11,13,29,8,12,9
KAM3421906.1,1822,965,1937,6,0,9,3,16,20,26,28,48,21,31,42
KAM3421907.1,203,91,339,0,0,0,0,2,2,4,3,3,1,0,2
KAM3421908.1,1031,851,994,10,20,6,0,1,3,6,2,10,17,13,19
KAM3421909.1,1227,1252,1995,1,6,3,0,4,3,2,7,3,5,4,8
KAM3421910.1,21804,23242,14438,97,92,72,32,38,44,52,51,66,45,52,109
KAM3421911.1,23386,24085,18682,100,58,96,85,76,101,64,100,136,325,372,481
KAM3421912.1,464,349,624,0,0,0,1,4,0,0,0,1,8,4,2
KAM3421913.1,5726,4502,5802,0,0,12,8,4,8,0,4,14,12,10,7
KAM3421914.1,10459,7651,9366,4,0,0,9,7,6,7,11,11,8,12,14
KAM3421915.1,590,443,612,0,0,6,8,10,4,4,6,10,6,4,4
KAM3421916.1,331,339,425,8,4,12,2,6,6,2,6,6,8,1,2
KAM3421917.1,106,74,111,1,0,0,0,0,0,0,0,0,0,0,4
KAM3421918.1,2626,2626,2629,4,4,0,6,11,10,18,2,16,10,12,20
KAM3421919.1,609,573,815,4,8,0,2,5,11,6,7,15,6,25,11
KAM3421920.1,627,698,683,0,0,6,4,0,2,4,8,10,0,4,4
KAM3421921.1,4020,2790,3517,8,4,0,4,15,16,38,28,38,18,12,36
KAM3421922.1,432,235,656,0,0,0,0,2,2,2,6,18,2,2,2
KAM3421923.1,3007,1645,2174,0,0,0,0,1,0,0,0,1,1,0,4
KAM3421924.1,1555,1268,1283,2,2,6,6,6,9,12,4,18,4,6,8
KAM3421925.1,534,347,669,0,0,0,6,6,6,7,11,8,10,8,4
KAM3421926.1,842,748,892,2,0,6,6,2,4,2,0,0,14,10,20
KAM3421927.1,496,353,359,8,8,0,0,0,3,0,2,0,5,5,3
KAM3421928.1,2087,1212,2526,0,4,0,0,4,4,4,2,24,0,4,4
KAM3421929.1,359,232,472,2,0,0,0,1,7,0,2,7,18,12,0
KAM3421930.1,1132,1124,1492,2,8,0,0,0,0,5,0,0,2,4,14
KAM3421931.1,12,12,6,0,0,0,0,0,0,1,0,0,0,0,0
KAM3421932.1,16,29,15,0,0,6,0,0,0,0,0,0,0,0,0
KAM3421933.1,2,8,7,0,0,0,0,0,0,0,0,0,0,0,0
KAM3421934.1,454,582,458,6,4,0,3,4,0,4,2,2,4,4,2
KAM3421935.1,494,590,1099,2,0,0,4,0,2,2,0,2,0,3,6
KAM3421936.1,240,189,288,0,0,0,0,6,0,10,3,15,1,4,2
KAM3421937.1,242,116,135,0,0,0,3,0,0,0,2,0,2,4,0
KAM3421938.1,3826,4064,3510,2,8,0,2,8,2,1,5,16,34,29,32
KAM3421939.1,693,772,647,4,12,12,3,0,0,0,0,2,3,10,6
KAM3421940.1,1017,1004,1099,4,0,6,8,8,4,4,11,8,2,4,8
KAM3421941.1,90,98,204,0,0,0,2,0,2,0,2,11,0,0,1
KAM3421942.1,2086,2282,2263,4,4,18,4,18,7,47,56,118,22,21,54
KAM3421943.1,64,59,109,0,0,0,0,0,0,0,0,0,0,0,0
KAM3421944.1,1193,936,1307,6,8,6,11,6,19,10,12,11,30,35,48
KAM3421945.1,362,225,596,0,4,0,2,2,0,0,0,6,3,8,6
KAM3421946.1,74,78,107,0,0,0,1,1,0,0,2,0,0,5,1
KAM3421947.1,54,34,104,0,0,0,0,0,0,0,0,0,0,0,0
KAM3421948.1,10,26,18,0,0,0,0,0,0,0,0,0,0,0,0
KAM3421949.1,396,378,478,2,4,6,2,2,2,0,14,2,10,10,16
KAM3421950.1,356,370,453,2,0,6,0,14,4,14,12,6,6,8,4
KAM3421951.1,1940,1924,2019,0,4,6,6,4,11,12,2,6,6,5,10
KAM3421952.1,160,195,178,4,4,0,0,4,3,0,0,3,6,0,2
KAM3421953.1,674,593,1012,0,8,0,6,5,5,6,4,9,6,6,6
KAM3421954.1,195,248,215,0,4,0,0,0,4,0,2,8,7,0,4
KAM3421955.1,168,159,226,4,0,0,2,0,0,4,2,0,5,0,2
KAM3421956.1,96,49,120,0,0,0,0,0,1,0,0,0,2,0,0
KAM3421957.1,21670,15887,20505,120,104,102,69,142,106,62,80,85,158,155,211
KAM3421958.1,1129,671,1456,0,20,0,0,1,0,5,0,3,6,0,15
KAM3421959.1,1877,1526,1795,12,14,36,15,18,14,16,8,18,27,52,38
KAM3421960.1,226,177,231,0,0,0,0,0,2,2,0,1,2,2,2
KAM3421961.1,7553,9127,7574,14,16,30,16,6,12,13,8,33,18,18,30
KAM3421962.1,5231,5212,5944,10,8,30,22,11,13,10,14,22,30,43,52
KAM3421963.1,206,151,81,2,0,0,0,0,1,1,0,2,0,0,0
KAM3421964.1,385,282,412,0,0,0,2,6,8,14,14,9,2,0,10
KAM3421965.1,197,93,140,0,0,6,0,2,0,2,0,3,5,0,4
KAM3421966.1,6473,6613,4155,11,12,42,6,12,13,11,4,20,13,14,22
KAM3421967.1,2402,3073,2533,1,0,6,2,4,2,4,4,3,29,28,32
KAM3421968.1,720,489,3190,0,0,0,2,14,6,18,11,16,13,12,14
KAM3421969.1,99,51,55,0,0,0,2,0,2,0,0,0,0,2,2
KAM3421970.1,20,10,14,0,0,0,2,0,0,2,0,0,0,0,0
KAM3421971.1,14,10,11,0,0,0,0,0,0,0,0,0,0,0,0
KAM3421972.1,21,9,12,2,0,0,0,0,0,0,2,0,2,0,0
KAM3421973.1,70,45,63,0,0,0,0,0,0,0,0,0,1,0,2
KAM3421974.1,184,127,62,0,0,0,0,0,0,0,0,0,0,0,2
KAM3421975.1,67,109,167,4,12,0,2,0,0,2,2,0,0,4,4
KAM3421976.1,174,231,111,0,0,0,0,4,0,0,0,2,0,0,7
KAM3421977.1,262,231,409,2,0,0,6,13,2,4,0,14,8,14,10
KAM3421978.1,189,181,215,0,0,0,4,2,3,0,4,0,2,5,5
KAM3421979.1,1868,1080,1628,1,8,0,6,14,7,6,12,20,8,5,10
KAM3421980.1,1416,1511,1399,2,0,6,5,8,3,11,13,13,12,12,16
KAM3421981.1,449,237,750,4,8,6,0,2,0,2,2,1,0,4,0
KAM3421982.1,366,190,243,0,0,0,2,0,0,2,0,2,0,0,2
KAM3421983.1,177,129,333,0,0,0,0,0,0,2,0,0,6,3,2
KAM3421984.1,626,469,729,0,0,0,2,2,2,0,0,0,36,27,36
KAM3421985.1,2906,2357,2471,6,10,18,0,9,2,6,16,12,27,23,38
KAM3421986.1,4596,4144,4528,6,0,9,5,5,6,2,7,9,9,5,4
KAM3421987.1,5,1,12,0,0,0,0,0,0,0,0,0,0,0,0
KAM3421988.1,191,154,359,2,0,0,0,4,0,2,2,4,2,2,2
KAM3421989.1,351,270,232,0,0,0,4,6,2,8,2,8,0,0,0
KAM3421990.1,79133,70574,126979,104,52,153,10,27,27,137,85,98,45,56,141
KAM3421991.1,190,182,485,2,0,0,0,0,0,0,0,0,0,0,0
KAM3421992.1,105,108,225,0,0,0,2,2,0,2,4,3,0,0,2
KAM3421993.1,428,498,663,6,0,6,4,0,5,2,2,1,6,10,6
KAM3421994.1,259,160,170,2,0,0,0,0,4,2,0,0,1,0,0
KAM3421995.1,321,289,411,2,0,6,2,0,2,2,8,6,3,0,4
KAM3421996.1,744,393,736,6,0,0,8,6,13,12,23,26,9,2,12
KAM3421997.1,228,227,270,0,0,0,4,0,2,0,2,1,5,0,9
KAM3421998.1,427,341,453,12,0,0,2,4,3,0,0,4,9,14,7
KAM3421999.1,4160,3890,3700,42,44,36,14,12,23,8,8,18,63,66,79
KAM3422000.1,21,10,43,0,0,0,0,0,1,0,0,0,2,0,3
KAM3422001.1,1202,689,1606,1,16,18,10,4,13,20,20,10,3,8,3
KAM3422002.1,1180,730,1119,2,0,0,4,8,8,21,22,25,8,27,38
KAM3422004.1,396,235,434,0,4,0,2,4,2,2,9,5,3,12,6
KAM3422005.1,1476,1144,1475,4,4,0,11,19,2,14,12,18,24,38,31
KAM3422006.1,1412,686,1364,0,0,0,0,4,4,14,15,6,10,2,4
KAM3422007.1,203,143,226,0,0,0,0,0,0,0,1,0,0,0,3
KAM3422008.1,8306,8005,5122,2,4,12,15,13,4,14,8,12,23,30,33
KAM3422009.1,1709,1581,1417,0,8,0,2,2,4,10,8,8,15,17,20
KAM3422010.1,812,459,453,0,0,0,0,2,0,4,0,6,0,0,0
KAM3422011.1,27,41,58,0,0,0,0,0,0,0,0,0,5,0,2
KAM3422012.1,2140,2595,2273,16,8,18,11,20,14,16,30,25,32,27,49
KAM3422013.1,612,392,604,0,4,6,6,2,0,6,6,4,4,12,9
KAM3422014.1,321,458,324,0,8,0,0,6,4,4,0,2,3,5,9
KAM3422015.1,334,224,500,0,6,6,6,7,4,8,12,6,4,2,0
KAM3422016.1,451,387,366,10,0,0,10,10,3,15,23,34,0,8,6
KAM3422017.1,1162,855,1353,11,8,6,3,16,3,17,16,29,13,21,46
KAM3422018.1,221,251,315,0,0,0,4,1,2,0,2,4,2,2,2
KAM3422019.1,154,148,144,0,12,0,0,0,4,2,0,2,2,0,0
KAM3422020.1,2761,1871,2660,4,4,0,6,6,0,12,22,28,5,2,0
KAM3422021.1,169,171,220,0,4,0,1,2,1,9,4,2,0,2,2
KAM3422022.1,2007,1455,1880,0,0,0,10,0,2,2,4,2,2,2,8
KAM3422023.1,8,16,12,0,0,0,0,0,0,0,0,0,0,0,0
KAM3422024.1,268,136,320,0,8,0,1,8,0,10,5,14,2,0,2
KAM3422025.1,1532,1809,1893,4,0,0,0,0,2,4,4,4,20,8,18
KAM3422026.1,8534,11293,8928,50,40,72,20,18,19,6,18,25,25,20,40
KAM3422027.1,129,217,422,0,0,0,0,0,0,0,0,0,0,0,0
KAM3422028.1,375,235,340,3,2,6,0,8,6,4,2,3,3,6,2
KAM3422029.1,623,719,614,10,2,0,2,0,2,6,0,6,5,6,4
KAM3422030.1,1025,1262,1105,6,16,18,7,6,8,8,12,11,13,18,13
KAM3422031.1,286,241,396,0,0,0,0,2,0,4,0,0,2,1,2
KAM3422032.1,87,60,131,0,0,0,0,0,0,0,0,1,0,3,0
KAM3422033.1,292,151,436,0,0,6,0,2,2,2,2,2,0,2,7
KAM3422034.1,232,209,411,0,0,0,0,0,4,0,0,0,3,0,2
KAM3422035.1,248,147,253,1,0,0,2,0,0,2,2,5,2,3,4
KAM3422036.1,246,214,347,2,0,3,2,0,0,3,1,0,6,4,2
KAM3422037.1,2211,1888,1312,22,0,48,10,6,6,16,6,8,7,8,12
KAM3422038.1,73,34,128,0,0,0,0,3,0,2,2,0,0,2,0
KAM3422039.1,360,328,292,2,8,6,2,2,4,8,10,8,2,6,4
KAM3422040.1,2890,1512,1349,0,0,6,2,2,0,2,0,9,6,6,5
KAM3422041.1,169,160,245,2,0,6,1,8,0,5,8,4,0,6,2
KAM3422042.1,581,562,673,0,0,0,2,1,7,5,23,7,4,2,12
KAM3422043.1,1885,1480,1105,0,4,0,6,4,2,4,10,14,12,4,11
KAM3422044.1,8399,5432,7803,6,14,6,35,44,35,40,58,89,21,20,41
KAM3422045.1,1049,771,1490,2,0,12,6,8,5,4,12,6,2,4,6
KAM3422046.1,147,77,152,0,0,0,2,0,0,0,0,8,0,0,0
KAM3422047.1,74,97,114,0,0,0,0,0,2,2,0,0,0,4,2
KAM3422048.1,5454,4647,4576,22,28,21,38,19,31,22,30,18,20,35,54
KAM3422049.1,254,214,321,3,0,0,1,2,0,2,1,2,1,7,2
KAM3422050.1,128,107,111,0,0,6,0,0,0,2,2,0,0,2,3
KAM3422051.1,307,173,211,0,4,6,0,8,2,4,4,10,6,6,2
KAM3422052.1,2167,2344,2572,18,20,18,10,24,16,8,20,20,14,10,23
KAM3422053.1,630,370,567,2,4,0,6,8,6,6,4,8,12,10,10
KAM3422054.1,433,254,461,2,0,0,6,6,12,2,7,4,2,6,2
KAM3422055.1,1843,1487,2436,2,4,0,6,20,18,8,6,5,15,18,18
KAM3422056.1,10378,7531,8868,22,24,60,24,26,26,22,16,26,20,25,47
KAM3422057.1,749,529,837,2,4,0,2,4,11,2,2,12,9,10,10
KAM3422058.1,1385,1461,1026,8,8,0,0,8,2,0,7,2,6,14,7
KAM3422059.1,2471,1873,1571,2,0,12,4,6,4,3,10,16,12,4,4
KAM3422060.1,9721,6803,9301,19,58,18,47,89,68,62,62,76,279,288,298
KAM3422061.1,12877,8941,11041,44,56,60,42,100,46,52,47,72,220,256,278
KAM3422062.1,2332,673,1373,14,0,6,6,11,6,14,12,8,55,48,92
KAM3422063.1,944,997,815,4,12,12,12,8,7,10,8,4,14,29,22
KAM3422064.1,1359,667,1318,6,4,12,4,16,4,4,4,9,11,24,16
KAM3422065.1,206,97,183,0,0,0,4,6,4,8,2,4,4,6,6
KAM3422066.1,1009,341,467,0,0,0,13,4,10,4,4,1,36,38,58
KAM3422067.1,871,342,525,0,0,0,13,8,6,8,18,24,24,24,41
KAM3422068.1,11,0,3,0,0,0,0,0,0,0,0,0,0,0,0
KAM3422069.1,46,24,30,0,0,0,0,0,0,2,0,0,4,0,0
KAM3422070.1,130,123,121,0,0,0,0,2,4,1,0,0,1,0,0
KAM3422071.1,844,696,960,4,14,6,7,5,11,10,7,4,26,9,15
KAM3422072.1,372,424,425,2,4,0,2,2,2,1,2,3,5,8,17
KAM3422073.1,6301,4984,5440,24,48,24,38,41,45,46,38,35,142,165,142
KAM3422074.1,51,40,56,0,0,0,0,0,0,0,0,0,0,1,0
KAM3422075.1,188,210,157,2,4,0,0,2,6,0,0,2,4,0,0
KAM3422076.1,8,22,10,0,0,0,0,0,0,0,0,0,0,0,0
KAM3422077.1,959,444,713,4,12,0,2,2,2,6,2,0,6,6,2
KAM3422078.1,35,17,90,0,2,0,2,0,2,1,7,0,2,1,2
KAM3422079.1,1798,1349,1900,4,4,30,8,7,12,4,14,18,10,14,28
KAM3422080.1,38,18,51,0,0,0,2,0,2,0,0,0,0,0,2
KAM3422081.1,315,201,254,2,0,0,0,4,8,6,6,8,6,4,0
KAM3422082.1,1300,948,688,0,0,0,2,6,4,4,0,0,2,4,4
KAM3422083.1,1204,1088,876,0,18,0,3,4,5,10,24,18,5,12,6
KAM3422084.1,535,419,402,0,0,0,6,6,0,4,18,32,8,2,0
KAM3422085.1,14,8,40,0,0,0,0,0,0,2,0,2,0,0,3
KAM3422086.1,3452,2076,2313,14,18,36,8,8,8,8,12,22,4,13,7
KAM3422087.1,93,89,99,0,0,0,0,0,0,0,0,0,2,0,0
KAM3422088.1,46,44,63,0,0,0,0,0,0,0,0,0,0,0,0
KAM3422090.1,908,826,953,10,0,12,4,4,2,5,10,2,2,22,8
KAM3422092.1,629,645,609,18,4,0,2,8,8,6,3,4,7,12,33
KAM3422093.1,262,192,210,0,0,21,6,2,4,6,0,3,3,10,14
KAM3422094.1,11388,3856,8545,12,12,6,20,15,16,19,28,25,39,79,115
KAM3422095.1,517,252,539,0,0,0,2,0,8,8,0,4,4,0,0
KAM3422096.1,1066,1009,1572,7,4,3,1,4,2,0,8,5,13,21,13
KAM3422097.1,106330,109466,105613,189,136,267,54,149,101,233,296,308,275,164,270
KAM3422098.1,90,50,117,0,0,0,0,0,2,0,0,2,0,0,0
KAM3422099.1,17590,13561,10594,11,8,24,4,0,4,19,15,16,41,20,42
KAM3422100.1,1240,922,1328,0,4,0,7,2,4,4,14,8,34,34,58
KAM3422101.1,1626,1539,2957,0,0,0,12,2,0,8,17,19,10,2,8
KAM3422102.1,412,365,647,0,0,0,0,2,2,2,0,2,0,0,2
KAM3422103.1,110,64,98,0,0,0,0,0,0,0,0,2,0,2,0
KAM3422104.1,447,278,486,2,2,12,4,0,2,2,6,4,4,2,10
KAM3422105.1,50,33,79,0,0,0,0,0,2,0,0,0,0,0,0
KAM3422106.1,91,61,129,0,0,0,0,0,0,0,0,0,2,0,0
KAM3422107.1,361,193,205,0,0,0,0,2,2,2,4,8,0,0,0
KAM3422109.1,149,159,174,0,4,0,0,2,2,3,0,2,8,2,8
KAM3422110.1,286,266,411,0,0,0,2,0,2,4,2,4,4,6,0
KAM3422111.1,2007,1903,2317,2,6,12,0,8,8,4,10,12,22,28,50
KAM3422112.1,704,604,857,2,0,0,0,4,4,8,3,0,0,2,2
KAM3422115.1,109,105,146,2,0,12,3,1,2,0,0,2,4,8,10
KAM3422116.1,173,72,286,0,0,0,4,1,3,4,0,10,2,0,4
KAM3422117.1,393,263,494,0,0,0,2,6,0,2,17,4,4,10,2
KAM3422118.1,478,444,454,0,8,0,4,0,2,4,4,6,1,2,12
KAM3422119.1,1180,1058,863,10,8,6,5,7,7,16,0,6,20,14,18
KAM3422120.1,923,1127,886,5,0,0,0,9,5,0,4,0,3,4,18
KAM3422121.1,4211,4056,4345,14,20,12,26,12,10,16,14,8,27,26,48
KAM3422122.1,1890,836,1364,2,4,0,17,16,22,24,20,20,4,4,16
KAM3422123.1,534,266,441,0,0,0,0,6,0,0,2,6,4,6,4
KAM3422124.1,127,75,166,2,0,0,0,4,0,2,2,6,6,2,2
KAM3422125.1,29,41,88,0,0,0,0,0,0,2,2,2,1,4,5
KAM3422126.1,49,53,105,0,0,0,1,0,2,0,2,7,7,10,14
KAM3422127.1,571,932,878,12,8,0,44,6,20,41,112,52,66,74,72
KAM3422128.1,65,152,136,0,0,0,4,0,2,1,2,4,2,4,10
KAM3422129.1,157,181,295,0,0,0,3,1,0,7,5,6,4,6,12
KAM3422130.1,339,456,1249,0,0,0,0,3,2,1,0,1,2,4,6
KAM3422131.1,36498,40107,53543,26,30,33,0,8,2,12,10,3,25,26,47
KAM3422132.1,749,604,955,1,0,6,2,2,0,9,0,1,10,1,8
KAM3422133.1,35607,38173,41617,32,44,84,6,12,4,16,13,12,47,32,70
KAM3422134.1,1617,1514,2700,4,0,6,2,4,0,0,8,0,1,0,2
KAM3422135.1,2436,2746,2305,5,10,33,4,22,7,3,12,18,47,35,55
KAM3422136.1,643,515,797,4,0,6,2,2,0,6,2,2,9,6,14
KAM3422137.1,2198,2299,1931,12,0,0,8,8,6,4,2,4,13,5,16
KAM3422138.1,342,387,498,6,0,0,4,3,3,4,2,4,3,2,8
KAM3422139.1,339,395,248,2,0,0,0,9,1,2,4,4,2,4,3
KAM3422140.1,3425,2719,3485,12,16,36,18,24,14,34,14,32,18,46,40
KAM3422141.1,68,83,92,0,0,0,0,0,2,2,2,2,1,0,0
KAM3422142.1,470,407,490,0,0,15,2,7,4,5,2,7,11,4,4
KAM3422143.1,2198,1738,2208,6,0,0,10,20,18,8,12,4,32,28,15
KAM3422144.1,1194,802,1140,5,24,21,2,6,6,9,6,5,4,4,4
KAM3422146.1,685,635,819,2,4,6,8,6,6,8,6,10,6,14,8
KAM3422147.1,643,416,1700,0,0,0,2,0,0,6,0,10,1,2,0
KAM3422148.1,539,393,733,2,4,0,5,10,8,11,0,8,4,8,20
KAM3422149.1,8309,8616,8644,4,0,24,8,4,8,18,21,6,50,36,60
KAM3422150.1,928,743,672,0,0,0,9,9,6,2,4,6,4,6,6
KAM3422151.1,835,726,704,6,10,0,6,16,4,8,11,14,2,6,10
KAM3422152.1,178,208,174,0,4,0,0,0,0,0,0,0,0,0,1
KAM3422153.1,6875,5425,5628,9,0,0,5,13,10,8,10,14,16,8,20
KAM3422154.1,116,161,196,0,0,0,0,0,2,2,0,0,0,0,1
KAM3422155.1,239,163,296,4,0,0,0,10,2,14,6,6,10,0,0
KAM3422156.1,349,207,714,0,0,0,4,0,2,10,8,10,8,1,7
KAM3422157.1,423,257,310,0,0,0,3,6,0,2,0,8,4,2,2
KAM3422158.1,2003,650,993,0,0,0,0,4,0,2,0,0,2,0,6
KAM3422159.1,2864,2062,2028,0,0,6,2,8,6,5,2,6,1,0,2
KAM3422160.1,85230,86335,98532,14,4,24,2,6,6,2,2,8,22,9,34
KAM3422161.1,256,285,234,3,12,0,0,0,0,2,2,4,0,2,4
KAM3422162.1,169,207,246,4,0,0,0,0,0,0,0,4,0,0,1
KAM3422163.1,338,349,362,0,0,0,0,0,0,0,0,4,7,2,21
KAM3422164.1,2979,1871,2570,0,0,0,6,10,16,14,14,8,10,22,16
KAM3422165.1,520,653,575,8,4,12,0,6,6,2,4,10,13,8,10
KAM3422166.1,652,625,725,2,18,18,4,9,4,4,9,8,11,8,11
KAM3422167.1,5742,5829,7155,30,28,12,20,26,32,22,27,33,79,95,94
KAM3422168.1,241,189,283,0,0,6,7,3,3,1,7,6,0,4,1
KAM3422169.1,22,36,21,0,0,0,0,2,0,2,0,2,2,0,2
KAM3422170.1,434,286,502,2,0,0,22,40,31,76,60,54,7,20,12
KAM3422172.1,59,27,70,0,0,0,6,4,3,19,30,28,4,2,4
KAM3422173.1,96,39,99,6,0,0,4,0,4,0,0,2,2,0,2
KAM3422174.1,3914,2802,3131,4,0,6,14,20,21,22,18,18,14,13,32
KAM3422175.1,386,430,425,6,0,6,2,4,6,2,8,4,0,4,16
KAM3422176.1,352,321,427,0,4,0,10,6,4,4,2,10,4,14,2
KAM3422177.1,11354,11699,6681,77,8,12,4,10,12,32,28,20,200,176,222
KAM3422178.1,18,16,60,2,0,0,0,2,0,2,2,0,0,0,0
KAM3422179.1,376,332,366,2,0,0,6,4,4,2,9,6,0,4,4
KAM3422180.1,80,88,189,0,0,0,0,1,0,0,0,0,1,0,2
KAM3422181.1,59,66,63,0,0,0,0,0,2,0,0,0,3,0,2
KAM3422182.1,27036,18911,35710,26,12,21,50,70,66,65,65,62,695,1013,1051
KAM3422183.1,836,694,873,2,4,0,13,8,2,6,10,2,10,10,21
KAM3422184.1,175,82,216,0,4,0,0,4,4,0,4,2,2,9,25
KAM3422185.1,3070,3627,2477,9,18,0,0,3,10,12,6,10,14,9,16
KAM3422186.1,306,223,315,0,0,18,2,0,0,0,6,2,6,0,2
KAM3422188.1,1123,1038,1416,9,8,6,0,4,3,2,4,2,19,10,14
KAM3422189.1,6701,4281,5347,1,16,12,16,18,16,27,25,26,19,17,19
KAM3422190.1,2459,2340,2599,1,0,18,6,10,0,6,13,12,17,13,10
KAM3422191.1,320,323,582,0,4,0,0,0,3,0,2,3,2,2,0
KAM3422192.1,910,992,665,8,4,0,5,5,7,2,4,0,2,0,2
KAM3422193.1,220,239,271,0,0,0,0,0,0,0,0,0,0,0,2
KAM3422195.1,867,536,887,6,0,0,2,6,2,0,16,6,0,4,6
KAM3422196.1,4688,4130,1866,16,10,9,2,4,6,2,6,4,10,0,8
KAM3422198.1,4,7,0,0,0,0,0,0,0,0,0,0,0,0,0
KAM3422199.1,5702,4694,5534,22,8,24,14,31,29,35,21,28,95,98,116
KAM3422200.1,290,169,329,4,0,0,0,0,0,0,0,0,2,0,1
KAM3422201.1,1472,381,1759,0,0,0,0,0,2,2,2,4,0,8,0
KAM3422202.1,206,178,311,0,0,0,4,2,2,2,2,2,4,1,7
KAM3422204.1,165,170,275,0,0,0,0,0,6,0,4,0,0,0,0
KAM3422205.1,5475,2017,6123,0,4,0,12,4,14,16,26,18,2,4,2
KAM3422206.1,2140,1080,1738,2,0,0,4,9,4,6,4,6,2,5,4
KAM3422207.1,551,321,520,0,4,0,0,0,0,0,0,0,4,3,12
KAM3422208.1,1144,847,1239,4,0,0,6,16,7,7,7,9,2,10,18
KAM3422209.1,210,142,291,2,6,0,2,7,5,0,8,2,2,2,7
KAM3422210.1,194,150,336,0,0,0,3,2,1,0,2,0,4,3,2
KAM3422211.1,128,119,119,2,0,0,3,1,1,4,2,2,1,2,6
KAM3422212.1,2166,2275,2369,11,8,24,12,14,14,6,10,10,23,19,26
KAM3422213.1,119,32,106,2,0,0,0,0,0,0,2,0,0,0,0
KAM3422214.1,441,463,555,0,0,0,6,2,0,2,0,3,4,5,3
KAM3422215.1,29,4,49,0,0,0,0,2,1,0,0,0,2,2,12
KAM3422216.1,6,6,8,0,0,0,0,0,0,0,0,0,0,0,1
KAM3422217.1,1256,1070,1685,0,0,0,8,10,6,15,9,8,34,36,28
KAM3422218.1,0,0,0,0,0,0,0,0,0,0,0,0,0,0,0
KAM3422219.1,12015,8409,9974,4,24,42,26,28,28,33,39,41,123,183,278
KAM3422220.1,1383,986,925,10,8,0,2,25,4,10,6,12,14,8,16
KAM3422221.1,445,462,507,2,0,6,0,0,4,2,0,2,4,2,2
KAM3422222.1,160,140,155,8,0,0,0,2,0,0,2,0,2,4,14
KAM3422223.1,527,546,757,12,0,0,4,10,4,7,7,12,8,14,8
KAM3422224.1,1123,850,1424,4,0,0,12,4,8,11,8,16,23,33,23
KAM3422225.1,347,217,325,4,0,6,0,2,2,0,6,4,0,2,2
KAM3422226.1,258,279,451,2,0,6,4,2,6,0,8,4,10,10,3
KAM3422227.1,289,307,418,0,2,0,0,2,2,1,3,0,2,13,2
KAM3422228.1,104,131,216,2,0,0,0,0,0,0,2,0,6,0,4
KAM3422229.1,53,56,130,0,4,0,1,0,2,0,2,4,12,0,0
KAM3422230.1,693,823,779,0,4,6,4,8,8,1,6,0,2,4,6
KAM3422231.1,783,792,885,0,0,0,10,6,2,10,4,8,4,22,7
KAM3422232.1,1094,793,867,10,16,12,10,10,4,6,8,4,4,4,4
KAM3422233.1,89,44,38,0,0,0,1,0,2,0,0,7,2,0,2
KAM3422234.1,290,167,285,0,0,0,0,2,4,0,9,7,0,0,2
KAM3422235.1,1180,683,1504,2,0,0,4,9,7,14,22,11,8,6,8
KAM3422236.1,479,412,1003,6,0,0,0,0,0,0,0,1,0,0,0
KAM3422237.1,1432,1373,2144,0,4,0,16,20,10,11,15,19,5,8,5
KAM3422238.1,456,146,436,2,0,0,7,10,21,9,2,9,2,4,8
KAM3422239.1,558,341,1227,0,0,0,24,56,18,28,12,14,78,116,66
KAM3422240.1,247,267,226,2,0,0,2,0,0,0,1,0,0,4,7
KAM3422241.1,1133,1244,1246,4,8,6,21,5,12,13,7,9,10,14,12
KAM3422242.1,2213,1613,1844,10,0,6,4,9,10,10,10,16,17,18,20
KAM3422243.1,11911,12033,9673,29,10,24,8,24,10,33,29,38,39,43,51
KAM3422244.1,1404,1050,1283,2,0,6,7,5,6,2,12,4,6,10,10
KAM3422245.1,13788,14799,10498,15,16,42,3,2,5,6,4,4,12,21,29
KAM3422246.1,117,87,181,4,0,0,0,1,2,0,2,0,8,0,14
KAM3422247.1,918,1204,1033,7,0,0,0,2,0,2,0,4,12,16,18
KAM3422248.1,325,336,391,6,4,0,0,2,2,0,0,0,13,15,13
KAM3422249.1,265,281,432,2,0,0,2,0,0,2,2,0,6,4,10
KAM3422250.1,930,1108,1085,2,0,0,4,6,2,0,5,2,6,10,9
KAM3422251.1,6256,4213,4569,4,6,0,6,12,8,3,32,25,8,5,16
KAM3422254.1,1026,1251,1345,14,8,30,9,6,3,10,24,19,14,12,18
KAM3422256.1,86,105,115,0,0,0,1,1,2,2,8,1,4,3,7
KAM3422257.1,1917,1713,1890,12,16,18,8,2,2,12,4,10,4,4,10
KAM3422258.1,9939,8976,7822,5,12,12,0,2,1,4,6,9,3,2,0
KAM3422259.1,1510,2281,2829,2,12,18,0,2,0,2,1,0,0,8,8
KAM3422260.1,1838,1217,1827,6,16,0,6,6,1,2,0,12,4,0,2
KAM3422261.1,2602,2458,2578,8,8,0,6,14,8,14,20,13,24,31,36
KAM3422262.1,485,484,540,4,4,6,4,0,2,6,4,0,10,2,14
KAM3422264.1,292,300,290,0,0,0,0,0,2,0,6,0,0,0,0
KAM3422265.1,6086,5591,5341,15,20,12,19,48,17,12,22,24,49,31,44
KAM3422266.1,201,292,599,0,0,0,6,0,0,3,2,5,0,1,2
KAM3422267.1,1787,1806,2556,2,0,18,11,4,2,7,6,13,18,18,28
KAM3422268.1,3261,2518,3844,0,0,0,1,2,0,0,0,0,2,2,0
KAM3422269.1,148,96,84,0,0,0,0,2,0,0,0,0,0,0,0
KAM3422270.1,84,72,77,0,0,0,0,0,0,0,0,0,0,0,0
KAM3422271.1,9,8,14,0,0,0,0,0,0,0,0,0,0,0,0
KAM3422272.1,16,22,45,0,0,0,0,0,0,0,0,0,0,0,0
KAM3422273.1,2888,2129,1785,6,4,0,0,8,10,12,2,11,8,8,10
KAM3422274.1,1598,1564,1751,4,4,6,6,8,2,0,9,4,27,19,29
KAM3422275.1,115,72,178,0,0,0,0,2,0,0,0,0,0,0,0
KAM3422276.1,111,121,106,0,4,0,2,2,0,0,2,0,0,4,2
KAM3422277.1,51,34,41,0,0,0,0,0,2,4,0,1,0,0,1
KAM3422278.1,18,14,47,0,0,0,0,0,0,4,0,0,2,0,0
KAM3422279.1,30,33,30,2,0,0,0,0,0,0,2,0,0,4,0
KAM3422280.1,1193,972,1302,12,20,36,8,5,9,4,5,12,18,18,30
KAM3422283.1,414,279,381,8,0,3,0,2,0,2,2,2,4,2,0
KAM3422284.1,3866,4709,2879,29,12,24,6,10,16,4,2,16,13,4,17
KAM3422285.1,1796,1923,1618,13,0,21,3,5,2,0,0,4,16,10,27
KAM3422286.1,453,425,491,12,4,0,4,6,10,2,10,5,2,8,6
KAM3422287.1,2342,1690,1449,7,16,24,4,8,2,2,13,6,14,10,4
KAM3422288.1,525,456,326,0,6,0,3,2,0,2,0,4,2,1,0
KAM3422289.1,296,254,248,2,0,0,0,0,0,0,0,4,0,0,0
KAM3422290.1,1722,1155,1856,5,8,24,2,16,20,14,14,10,28,46,45
KAM3422291.1,2557,1890,2365,14,8,0,10,16,13,6,12,22,40,46,38
KAM3422292.1,3187,2297,3317,10,20,6,36,24,44,10,18,16,12,12,20
KAM3422293.1,159,120,586,6,4,0,2,2,5,0,0,2,9,4,2
KAM3422294.1,115,62,79,0,0,0,4,0,4,4,0,2,0,0,0
KAM3422295.1,1310,720,818,6,8,0,0,6,6,6,0,10,2,6,2
KAM3422296.1,2,3,3,0,0,0,0,0,0,0,0,0,0,0,0
KAM3422297.1,285,261,383,0,0,0,0,0,0,2,2,0,209,53,146
KAM3422298.1,75,32,29,0,0,0,0,2,1,0,2,3,0,0,1
KAM3422299.1,254,267,191,2,0,0,0,0,0,2,0,0,0,0,0
KAM3422300.1,274,196,241,2,0,0,3,0,4,4,0,5,2,4,8
KAM3422301.1,2607,3112,2560,10,16,24,6,4,2,6,7,6,8,6,2
KAM3422302.1,100,84,51,0,0,6,2,2,0,2,6,2,0,0,3
KAM3422303.1,18,6,9,0,0,0,0,0,0,0,0,0,0,0,0
KAM3422304.1,602,580,663,0,0,0,4,0,2,10,4,6,17,13,21
KAM3422305.1,2424,2313,2680,6,12,12,9,9,16,19,16,20,19,22,45
KAM3422306.1,85,92,158,0,0,0,2,0,0,2,2,2,0,4,6
KAM3422307.1,611,462,572,0,16,0,1,4,0,6,10,5,7,2,12
KAM3422308.1,1099,672,910,0,0,0,2,14,2,6,6,10,4,18,12
KAM3422309.1,932,739,973,6,8,18,8,6,4,4,8,8,10,20,16
KAM3422310.1,9008,7297,9585,24,18,21,43,76,68,36,29,41,183,173,154
KAM3422311.1,1345,1290,1611,2,0,0,5,7,11,25,21,14,8,1,12
KAM3422312.1,82,39,81,0,0,0,3,4,0,1,3,8,0,1,2
KAM3422313.1,775,764,962,18,4,18,9,7,6,11,5,2,17,14,32
KAM3422314.1,1075,1300,1151,0,4,0,5,7,2,8,8,6,30,22,28
KAM3422315.1,5670,5917,5951,17,2,0,3,20,15,11,17,18,34,23,34
KAM3422316.1,7,0,2,0,0,0,0,0,0,0,0,0,0,0,0
KAM3422317.1,30174,32326,25686,176,140,174,51,130,40,125,130,197,123,141,192
KAM3422318.1,914,922,906,7,4,18,8,10,0,0,4,8,2,16,22
KAM3422319.1,523,373,430,3,0,6,2,10,4,4,2,3,2,4,3
KAM3422320.1,213,291,280,0,4,0,2,6,0,2,0,8,4,2,4
KAM3422321.1,472,285,562,2,0,6,1,6,4,0,4,0,10,4,4
KAM3422322.1,614,422,409,0,0,0,4,4,3,2,0,2,10,6,7
KAM3422323.1,825,1113,793,4,8,6,10,2,2,2,4,0,38,38,29
KAM3422324.1,140,115,159,0,0,0,0,0,0,0,0,6,0,6,0
KAM3422325.1,66,43,99,0,0,0,0,0,0,0,0,0,0,2,0
KAM3422326.1,184,101,159,0,0,0,0,0,1,2,3,4,2,2,1
KAM3422327.1,152,60,212,0,0,0,0,0,2,1,2,0,0,6,6
KAM3422328.1,771,345,1086,0,0,0,4,0,1,9,2,6,5,6,10
KAM3422329.1,264,163,378,0,4,6,2,2,2,6,3,5,7,4,16
KAM3422330.1,20,22,41,0,0,0,0,0,0,0,0,0,2,0,2
KAM3422331.1,158,201,437,0,0,0,2,0,0,2,2,0,0,0,0
KAM3422332.1,3289,2199,2412,0,4,6,8,10,14,6,12,4,15,24,27
KAM3422333.1,2150,2082,2595,8,8,0,14,9,9,4,17,22,23,28,29
KAM3422334.1,4859,1936,4121,0,4,0,4,10,2,8,2,12,10,20,30
KAM3422335.1,65,81,95,0,0,0,0,0,0,0,0,3,0,0,0
KAM3422336.1,4,0,0,0,0,0,0,0,0,0,0,0,0,0,0
KAM3422337.1,2,0,6,0,0,0,0,0,0,0,0,0,0,0,0
KAM3422338.1,0,0,0,0,0,0,0,0,0,0,0,0,0,0,0
KAM3422339.1,1,0,0,0,0,0,0,0,0,0,0,0,0,0,0
KAM3422340.1,628,765,678,0,2,0,1,2,2,0,5,7,2,4,1
KAM3422341.1,249,266,461,0,0,0,4,0,0,2,0,4,5,8,6
KAM3422342.1,825,911,919,0,0,18,0,0,2,4,0,3,6,11,16
KAM3422343.1,661,669,762,8,12,6,6,6,2,2,6,0,7,6,5
KAM3422344.1,375,270,648,2,0,0,0,2,0,4,0,0,1,4,6
KAM3422345.1,107,133,133,0,0,0,0,2,2,2,0,0,1,2,2
KAM3422346.1,42,19,40,0,0,0,0,0,0,0,0,0,0,0,0
KAM3422347.1,103,75,204,0,0,0,0,0,0,2,0,0,0,0,0
KAM3422348.1,0,6,6,0,0,0,0,0,0,0,0,0,0,0,0
KAM3422349.1,2,1,0,0,0,0,0,0,0,0,0,0,0,0,0
KAM3422350.1,20,31,34,2,0,0,0,0,1,2,0,2,0,0,0
KAM3422351.1,659,833,794,6,4,0,6,6,6,2,0,2,8,10,9
KAM3422352.1,36,33,53,0,0,0,2,1,4,0,0,2,0,3,3
KAM3422353.1,140,117,245,0,2,0,0,0,1,1,2,1,1,3,1
KAM3422354.1,1102,946,1231,6,0,6,8,3,7,8,12,2,6,20,9
KAM3422355.1,3593,3157,1991,14,36,6,9,4,12,10,8,22,11,10,7
KAM3422356.1,1092,1248,1030,6,4,0,2,4,9,2,19,5,22,4,20
KAM3422357.1,6472,5403,5575,32,40,78,23,36,14,16,42,54,40,35,53
KAM3422358.1,5918,4818,6205,4,12,24,16,37,19,35,32,34,79,47,78
KAM3422359.1,328,401,373,2,0,12,3,6,2,2,0,3,4,14,10
KAM3422360.1,208,211,425,0,0,0,1,4,0,3,4,6,2,2,4
KAM3422361.1,83,97,141,2,0,0,4,1,9,0,0,2,4,6,4
KAM3422362.1,1451,1296,1476,12,12,18,4,12,10,8,6,10,22,22,18
KAM3422363.1,1280,1032,1256,2,0,6,2,10,2,4,2,12,0,9,2
KAM3422364.1,496,340,752,0,0,0,0,2,0,4,2,7,4,2,0
KAM3422365.1,1560,862,1168,0,4,0,0,9,2,10,10,14,0,3,2
KAM3422366.1,1352,1145,1414,6,16,6,10,7,5,8,8,4,8,8,22
KAM3422369.1,2,6,0,0,0,0,0,0,0,0,0,0,0,0,0
KAM3422370.1,55,27,76,0,0,0,0,0,0,2,4,0,0,0,0
KAM3422371.1,21,24,39,0,4,0,0,0,0,0,0,0,0,0,0
KAM3422372.1,323,295,388,2,8,3,6,5,4,4,4,8,12,4,7
KAM3422373.1,446,265,687,0,0,0,6,20,2,33,67,88,4,2,10
KAM3422374.1,317,297,203,0,6,0,0,4,0,2,3,7,1,0,5
KAM3422375.1,132,57,107,0,0,0,0,0,0,0,0,0,2,0,0
KAM3422376.1,29,35,67,0,0,0,0,0,0,0,0,2,0,0,0
KAM3422377.1,18967,14642,18225,9,8,60,2,8,4,42,20,28,14,6,14
KAM3422378.1,807,522,812,0,0,0,2,0,2,2,6,0,2,4,6
KAM3422379.1,141,80,119,0,0,0,0,0,2,0,0,4,4,9,2
KAM3422380.1,43,81,79,0,0,0,0,1,0,2,0,0,4,4,1
KAM3422381.1,28,33,54,0,4,0,0,2,0,0,2,0,0,2,4
KAM3422384.1,90,48,110,0,0,0,0,0,0,0,0,0,0,0,0
KAM3422385.1,1135,735,963,4,8,12,4,3,2,5,4,0,4,18,14
KAM3422387.1,3231,2605,2117,4,6,24,6,7,6,11,8,8,17,2,29
KAM3422388.1,3359,3591,3009,16,10,12,8,6,15,6,14,15,34,33,41
KAM3422389.1,64,52,77,0,0,0,0,0,4,1,0,2,0,0,6
KAM3422390.1,1418,1059,2888,106,136,78,10,20,0,27,14,16,53,46,71
KAM3422391.1,1502,1411,1858,14,8,12,10,16,21,5,18,10,13,14,29
KAM3422394.1,4895,3149,4193,14,0,24,18,18,9,26,8,23,37,44,57
KAM3422395.1,121,78,119,3,0,0,1,0,0,2,0,2,0,0,3
KAM3422396.1,56,54,101,0,0,0,0,0,0,0,0,0,0,0,0
KAM3422397.1,4,13,20,0,0,0,0,0,0,0,0,0,0,0,0
KAM3422398.1,390,342,505,0,8,6,5,2,4,0,4,0,4,4,4
KAM3422399.1,311,323,379,4,0,6,1,2,3,2,0,4,12,2,4
KAM3422400.1,602,421,727,0,0,0,6,5,4,8,6,6,2,10,8
KAM3422401.1,188,223,286,0,0,0,7,3,3,1,0,2,0,5,2
KAM3422403.1,518,476,485,0,8,3,1,1,2,2,2,1,10,8,15
KAM3422404.1,6924,5683,4610,22,20,18,14,45,20,31,19,25,37,30,77
KAM3422405.1,942,1005,828,4,0,0,4,4,13,4,6,6,2,9,18
KAM3422406.1,6,11,0,0,0,0,0,0,0,0,0,2,2,4,2
KAM3422407.1,75,39,316,0,0,0,0,0,0,0,0,0,217,91,178
KAM3422408.1,744,693,1573,2,0,12,3,4,4,2,8,15,6,0,4
KAM3422409.1,475,483,835,4,4,6,3,6,0,9,18,21,10,7,6
KAM3422410.1,4187,3545,5888,3,2,6,8,4,6,12,20,12,8,2,9
KAM3422411.1,2770,2908,2878,4,8,6,2,6,8,8,9,14,12,5,8
KAM3422412.1,19704,12244,15027,16,4,24,2,4,4,0,13,8,22,12,14
KAM3422413.1,242,195,222,0,0,6,0,2,0,2,2,2,6,0,0
KAM3422414.1,3094,2483,3115,10,0,9,2,6,0,8,10,22,44,25,29
KAM3422415.1,111,78,77,0,0,0,2,0,0,0,0,0,2,0,0
KAM3422416.1,1170,1067,1328,6,0,18,3,18,7,25,14,25,5,9,19
KAM3422417.1,954,382,1248,0,0,0,6,18,6,27,68,73,24,21,18
KAM3422418.1,251,290,281,2,4,12,3,8,0,8,1,4,10,3,10
KAM3422419.1,90,65,103,0,0,0,2,2,4,0,0,4,5,3,4
KAM3422420.1,114,70,128,0,0,0,0,0,0,0,0,4,0,1,1
KAM3422421.1,3734,3178,3791,10,16,24,4,4,26,16,18,18,40,48,43
KAM3422422.1,22027,33310,24333,108,80,156,6,6,4,6,2,8,23,6,68
KAM3422423.1,7,11,18,0,0,0,0,0,0,0,0,0,0,0,0
KAM3422424.1,2,0,3,0,0,0,0,0,0,0,0,0,0,0,0
KAM3422425.1,437,446,837,0,0,0,4,2,2,6,6,6,4,0,4
KAM3422426.1,72,49,121,0,0,0,0,0,2,0,1,0,0,0,0
KAM3422427.1,22428,22915,22155,18,28,6,14,6,6,10,15,21,46,33,47
KAM3422428.1,4491,4881,3759,22,4,18,10,17,11,25,14,13,53,45,42
KAM3422429.1,1039,1217,1177,2,12,0,2,0,4,4,2,16,3,12,8
KAM3422430.1,3199,2863,2855,2,4,30,6,20,22,8,2,19,52,46,50
KAM3422431.1,10521,11009,8048,13,8,33,2,13,8,7,9,20,13,10,9
KAM3422432.1,5631,5746,7654,4,8,15,4,0,4,0,2,4,10,11,8
KAM3422434.1,438,406,424,6,0,6,0,0,2,2,1,5,7,2,9
KAM3422435.1,58,24,90,0,0,18,0,2,0,4,2,8,0,0,0
KAM3422437.1,2098,1117,2198,3,8,18,6,2,6,19,3,15,38,13,19
KAM3422439.1,208,94,329,1,0,12,2,6,4,14,7,7,0,11,4
KAM3422440.1,782,413,865,6,0,0,3,0,4,10,10,14,3,2,10
KAM3422441.1,112,80,163,0,0,0,0,2,0,0,0,0,8,2,6
KAM3422442.1,1502,1784,1493,7,0,6,4,2,0,4,3,8,4,10,6
KAM3422443.1,1695,1662,989,8,0,6,0,10,5,6,2,2,4,0,4
KAM3422444.1,432,324,384,0,0,0,0,4,4,4,6,4,5,2,2
KAM3422445.1,3818,3285,3405,6,12,18,6,3,17,8,9,12,10,22,22
KAM3422446.1,136,146,203,2,0,0,2,1,4,4,2,0,4,6,6
KAM3422447.1,21,27,14,0,0,0,0,0,0,0,0,0,0,0,0
KAM3422448.1,1535,1506,1414,2,0,6,1,2,5,14,3,3,14,16,32
KAM3422449.1,426,613,533,0,4,6,2,1,3,2,2,11,19,7,8
KAM3422450.1,26240,21361,18023,34,22,12,3,14,15,14,27,37,60,35,83
KAM3422451.1,7775,8491,5808,8,0,0,10,14,8,8,8,8,51,53,118
KAM3422452.1,3043,2976,2483,6,4,0,2,0,0,4,0,2,7,2,8
KAM3422453.1,489,480,783,0,0,0,2,0,0,2,0,0,0,0,6
KAM3422454.1,322,291,445,1,0,3,1,4,2,4,0,1,4,1,2
KAM3422455.1,2170,2428,1931,6,0,6,2,8,8,10,0,12,19,22,4
KAM3422456.1,222,203,230,0,0,0,0,4,0,0,0,2,5,0,2
KAM3422457.1,1342,2138,1385,4,4,6,0,0,2,2,2,2,14,10,11
KAM3422458.1,432,831,504,0,0,0,0,2,0,0,0,8,6,8,2
KAM3422459.1,1432,1037,1261,2,0,0,2,11,4,7,2,2,13,15,6
KAM3422460.1,1611,1681,1141,2,0,0,3,2,4,4,10,14,14,23,21
KAM3422461.1,3024,3091,3127,4,8,18,10,12,8,14,16,19,12,16,20
KAM3422462.1,7620,6662,9554,22,6,30,53,66,69,41,38,54,218,245,279
KAM3422463.1,563,441,526,0,8,0,8,10,4,8,10,14,3,9,22
KAM3422464.1,1286,1283,759,6,16,0,0,2,10,6,10,16,10,11,10
KAM3422465.1,2317,2445,1916,40,24,48,4,14,6,7,10,26,17,27,30
KAM3422466.1,2155,1929,3897,1,0,0,1,2,0,4,2,2,3,0,9
KAM3422467.1,86025,83225,104969,21,20,24,4,6,4,0,0,8,97,45,91
KAM3422468.1,5571,6451,7576,0,18,6,4,0,0,2,2,4,24,18,13
KAM3422469.1,1084,992,1104,0,8,12,6,10,6,8,15,18,12,12,12
KAM3422470.1,366,248,328,2,0,0,2,2,6,0,0,8,8,0,2
KAM3422471.1,1350,1812,1942,0,0,9,4,2,2,6,7,1,24,18,20
KAM3422472.1,10290,7074,10555,13,42,18,17,38,34,33,32,49,88,90,122
KAM3422473.1,306,285,465,4,4,0,1,1,2,0,3,1,0,2,2
KAM3422474.1,440,453,597,2,0,0,0,0,0,2,8,2,2,8,0
KAM3422475.1,3255,2961,2691,32,30,12,10,17,10,23,8,19,18,13,25
KAM3422476.1,1861,2143,1620,12,8,6,2,8,8,8,0,4,32,29,46
KAM3422477.1,15,10,20,0,0,0,0,0,0,0,0,0,0,0,0
KAM3422478.1,4405,3998,2950,8,8,12,6,12,18,4,8,21,29,32,29
KAM3422480.1,638,557,752,6,0,18,9,33,17,46,42,80,18,22,20
KAM3422481.1,68,34,112,0,0,0,0,0,0,0,0,0,0,0,4
KAM3422482.1,282,272,352,6,0,0,3,4,6,45,19,31,5,19,6
KAM3422483.1,216,232,184,2,0,0,4,2,0,0,6,0,2,4,6
KAM3422484.1,179,167,96,0,0,12,2,2,2,0,2,2,0,0,0
KAM3422485.1,159,146,80,0,0,6,1,0,0,6,2,6,3,0,0
KAM3422486.1,719,587,715,6,0,12,2,4,2,4,2,6,3,4,0
KAM3422487.1,811,386,1042,0,0,6,0,2,0,2,14,13,8,8,4
KAM3422488.1,2371,1512,1949,4,4,6,6,8,0,14,9,15,11,23,20
KAM3422489.1,3172,2888,2738,28,22,48,8,3,8,12,6,18,26,26,36
KAM3422490.1,3102,2015,2340,5,8,12,9,11,2,8,10,6,20,25,26
KAM3422492.1,8135,3565,4477,4,4,0,18,40,23,103,72,102,227,281,451
KAM3422493.1,694,733,503,2,4,0,0,0,0,0,4,0,0,4,0
KAM3422494.1,84,70,139,0,0,0,0,1,0,0,0,0,0,0,0
KAM3422495.1,888,814,1225,10,4,9,4,1,3,1,6,0,6,6,8
KAM3422496.1,238,250,663,0,0,6,0,2,3,3,0,4,3,0,2
KAM3422497.1,1693,1988,837,2,0,6,0,2,2,4,10,6,4,3,2
KAM3422498.1,2528,1660,2325,3,8,0,2,6,0,0,3,8,3,0,3
KAM3419502.1,0,0,0,0,0,0,0,0,0,0,0,0,0,0,0
KAM3419503.1,0,0,0,0,0,0,0,0,0,0,0,0,0,0,0
KAM3419504.1,16,10,20,0,0,0,0,0,0,10,0,0,0,2,0
KAM3419505.1,101,91,132,2,8,12,4,12,2,10,12,22,3,8,1
KAM3419506.1,11,10,13,0,0,0,0,0,2,0,0,0,0,0,0
KAM3419507.1,14,4,12,0,0,0,0,0,0,0,0,2,0,0,0
KAM3419508.1,4,0,3,0,0,0,0,0,0,0,0,0,0,0,0
KAM3419509.1,1456,1048,1253,2,4,0,3,13,0,3,9,7,14,9,18
KAM3419510.1,388,405,582,2,8,0,0,17,6,6,6,2,12,6,3
KAM3419511.1,927,819,919,8,8,18,6,8,13,8,8,16,11,13,20
KAM3419512.1,1381,792,1504,2,12,0,0,26,2,12,2,10,22,24,33
KAM3419513.1,334,303,410,6,0,6,0,0,0,2,2,2,4,14,2
KAM3419514.1,68,55,107,0,0,0,0,0,0,2,0,2,7,20,22
KAM3419515.1,1163,809,1096,6,0,0,10,23,10,4,4,14,20,10,16
KAM3419516.1,15954,14230,11478,88,78,102,54,63,44,44,61,94,73,63,110
KAM3419517.1,165,93,228,1,0,0,0,0,1,0,0,0,0,0,0
KAM3419518.1,8645,7611,6683,52,46,96,20,23,12,26,23,29,29,53,40
KAM3419519.1,147,147,195,0,0,0,0,0,2,1,0,0,2,0,2
KAM3419520.1,1683,1450,1755,10,8,6,6,16,16,13,25,19,17,34,32
KAM3419521.1,597,560,625,4,0,6,2,0,8,0,2,2,2,6,14
KAM3419522.1,679,534,1979,2,0,6,2,6,12,10,6,17,40,24,44
KAM3419523.1,1083,530,741,0,0,0,2,4,4,8,6,6,4,2,0
KAM3419524.1,17652,14788,13295,87,106,153,47,71,74,65,54,68,192,185,248
KAM3419525.1,20,16,40,0,0,0,0,0,0,0,0,0,0,0,0
KAM3419526.1,41,35,67,0,0,0,0,0,0,0,0,0,0,0,0
KAM3419527.1,4,4,8,0,0,0,0,0,0,0,1,0,0,0,0
KAM3419528.1,347,347,389,4,4,0,8,4,3,2,6,6,15,10,20
KAM3419530.1,1985,1114,1911,4,4,0,11,17,18,10,18,21,10,15,11
KAM3419532.1,126,148,227,4,0,0,2,4,0,0,0,2,2,2,0
KAM3419533.1,129,149,165,0,4,6,4,0,1,1,0,0,5,4,2
KAM3419534.1,5900,4454,7743,2,4,0,66,120,53,114,117,123,222,252,184
KAM3419535.1,2908,3620,3420,50,18,57,14,20,13,22,20,17,21,25,26
KAM3419536.1,6290,6136,5589,4,16,12,5,11,14,5,4,22,22,6,17
KAM3419537.1,20,16,17,0,0,0,0,0,0,0,0,0,0,0,0
KAM3419538.1,1775,1539,1395,6,4,6,1,6,7,0,2,2,6,4,17
KAM3419539.1,148,139,170,0,0,0,2,0,4,4,0,2,0,0,0
KAM3419540.1,184,145,205,0,8,18,6,6,2,1,1,4,0,1,7
KAM3419541.1,1537,981,1553,0,0,18,10,6,7,10,10,6,8,21,39
KAM3419542.1,6,2,2,0,0,0,0,0,0,0,0,0,0,0,0
KAM3419543.1,53,22,76,0,4,0,0,1,2,2,4,6,0,0,0
KAM3419545.1,3239,3668,2407,12,8,6,4,8,2,8,24,19,8,15,18
KAM3419546.1,481,576,255,2,0,0,6,0,2,4,1,3,0,1,2
KAM3419547.1,184,155,238,2,4,0,2,0,1,3,0,0,4,4,6
KAM3419548.1,754,702,797,12,16,6,5,9,4,7,0,7,11,20,20
KAM3419549.1,1187,1410,1109,10,2,0,2,2,4,9,8,8,8,4,13
KAM3419550.1,7308,7365,6093,21,20,24,14,18,15,17,6,23,42,31,30
KAM3419551.1,3123,2524,3507,13,0,0,16,29,10,16,26,19,40,43,54
KAM3419552.1,413,319,454,0,0,0,4,0,2,0,12,7,2,0,4
KAM3419553.1,710,557,730,0,0,0,0,2,0,2,0,4,0,4,6
KAM3419554.1,60,44,101,0,0,0,0,0,2,2,0,0,0,0,2
KAM3419555.1,583,510,672,7,8,0,5,6,3,0,2,6,0,2,4
KAM3419556.1,267,186,453,2,0,6,1,7,4,5,8,8,2,2,0
KAM3419557.1,329,313,378,0,0,6,4,0,6,0,0,2,2,6,7
KAM3419558.1,50,71,117,0,0,0,0,0,2,4,0,2,5,0,0
KAM3419559.1,660,491,774,0,12,0,6,8,2,2,4,4,8,7,16
KAM3419560.1,8,19,25,0,0,0,0,0,0,0,0,0,0,0,0
KAM3419561.1,137,97,241,0,0,0,0,0,2,2,0,0,2,0,0
KAM3419562.1,52,39,65,0,0,0,0,0,0,0,0,0,0,0,0
KAM3419563.1,0,0,2,0,0,0,0,0,0,0,0,0,0,0,0
KAM3419564.1,1184,501,780,0,4,0,3,15,0,4,2,0,6,12,4
KAM3419565.1,832,791,724,2,0,6,3,8,6,3,16,12,14,12,18
KAM3419566.1,1789,1636,1522,16,4,30,9,16,8,14,14,4,18,25,14
KAM3419567.1,276,293,336,6,4,0,2,0,0,0,0,0,2,2,4
KAM3419568.1,950,697,1072,4,4,12,4,6,8,1,9,2,17,12,19
KAM3419569.1,254,235,351,2,0,0,3,6,0,2,6,4,0,2,10
KAM3419570.1,1218,1091,1127,4,4,15,4,11,4,8,18,10,16,10,7
KAM3419571.1,351,236,361,2,0,0,0,0,4,0,1,3,4,5,9
KAM3419572.1,573,615,688,12,2,0,1,0,4,5,7,4,15,12,22
KAM3419573.1,1656,1760,1174,12,20,6,6,16,7,8,10,17,13,12,20
KAM3419574.1,2,4,4,0,0,0,0,0,0,0,0,0,0,0,0
KAM3419576.1,431,394,532,0,0,0,0,0,2,8,6,7,6,4,2
KAM3419577.1,351,264,421,0,0,0,0,0,0,0,0,0,2,2,0
KAM3419578.1,140,99,165,0,0,0,0,4,0,0,2,4,4,0,2
KAM3419579.1,59,36,143,0,0,0,2,0,0,0,2,0,2,0,8
KAM3419580.1,25,28,10,0,0,0,0,0,2,0,0,1,5,0,2
KAM3419581.1,12,30,51,0,0,0,0,4,0,2,4,8,5,0,0
KAM3419582.1,186,120,190,0,4,0,0,6,0,0,2,14,0,2,0
KAM3419583.1,48,28,64,0,0,0,0,0,0,0,0,5,0,0,0
KAM3419584.1,249,136,284,0,4,0,2,6,12,0,6,4,5,2,2
KAM3419585.1,152,67,387,2,0,0,0,0,0,0,0,0,0,0,1
KAM3419586.1,45,44,100,0,0,0,0,1,2,0,0,3,2,1,0
KAM3419587.1,315,254,332,8,8,0,0,10,8,0,2,11,10,15,16
KAM3419588.1,1193,1320,1095,2,12,0,2,2,4,10,7,10,6,8,10
KAM3419589.1,1663,1568,1742,10,12,6,20,14,12,12,14,7,8,10,34
KAM3419590.1,105,65,59,0,4,0,0,2,2,0,0,0,0,0,1
KAM3419591.1,265,179,579,0,4,0,0,0,0,0,0,4,0,2,0
KAM3419592.1,60,42,72,0,0,0,0,0,0,0,0,0,0,0,0
KAM3419593.1,35,58,46,0,0,0,0,0,1,1,2,2,2,0,0
KAM3419594.1,49,40,146,0,0,0,0,2,0,0,2,0,0,0,0
KAM3419595.1,32,18,34,0,0,0,0,0,0,0,0,0,0,0,0
KAM3419596.1,62,64,139,0,0,0,0,0,0,2,0,0,0,0,0
KAM3419597.1,448,494,428,3,4,6,4,8,10,6,4,2,6,8,6
KAM3419598.1,6,0,6,0,0,0,0,0,0,0,0,0,0,0,0
KAM3419599.1,177,157,250,0,0,0,1,2,2,2,4,8,1,0,2
KAM3419600.1,2447,2182,1982,4,2,0,2,5,8,0,2,0,18,23,19
KAM3419601.1,4710,7125,7389,14,26,39,8,2,9,2,10,6,27,31,27
KAM3419603.1,159,102,463,0,0,0,0,0,0,3,4,0,18,10,21
KAM3419604.1,1671,1425,1775,2,0,12,4,5,5,0,12,28,14,10,8
KAM3419605.1,402,295,650,0,0,0,0,2,0,0,0,0,0,2,1
KAM3419606.1,408,230,274,2,0,0,0,0,4,6,0,2,6,4,0
KAM3419607.1,364,394,462,6,0,12,0,4,6,4,0,2,2,6,6
KAM3419608.1,491,470,605,0,0,0,0,4,2,4,2,7,4,8,10
KAM3419609.1,3249,1662,2814,0,0,0,6,18,16,10,4,25,26,48,49
KAM3419610.1,658,254,526,0,0,0,0,2,0,0,1,0,0,3,3
KAM3419611.1,311,391,430,0,0,0,8,2,4,0,1,8,6,4,9
KAM3419612.1,101,76,164,0,0,0,0,0,4,2,0,0,0,0,0
KAM3419613.1,940,766,794,0,24,6,14,10,4,24,7,12,7,10,16
KAM3419614.1,2814,2162,3580,0,0,0,11,9,13,6,8,20,10,13,8
KAM3419615.1,550,477,709,2,0,0,1,0,0,8,0,0,0,4,0
KAM3419616.1,1849,1884,2557,0,0,12,4,6,4,6,2,4,22,10,30
KAM3419617.1,170,140,444,0,0,0,0,0,2,0,2,0,5,0,6
KAM3419618.1,10136,10773,9591,18,32,30,16,30,28,54,80,91,44,64,57
KAM3419619.1,128,109,187,0,0,0,0,7,2,2,0,2,1,4,2
KAM3419620.1,90,47,54,0,0,0,0,0,0,6,0,2,2,2,0
KAM3419621.1,244,158,256,1,0,6,7,29,18,64,75,92,10,10,10
KAM3419622.1,18,0,11,0,0,0,0,0,0,0,0,0,0,0,0
KAM3419623.1,99,121,181,0,4,0,1,4,0,0,2,2,0,4,0
KAM3419624.1,164,122,808,0,0,0,1,5,2,11,4,4,4,0,3
KAM3419625.1,343,213,500,2,0,0,6,4,2,2,3,4,4,10,6
KAM3419628.1,104,69,97,1,4,0,0,1,0,2,4,0,0,2,4
KAM3419630.1,44,29,59,0,0,0,0,2,2,2,0,1,0,0,0
KAM3419631.1,615,709,945,0,0,0,2,2,2,0,4,0,2,5,0
KAM3419632.1,59,50,116,2,0,0,1,2,0,4,0,0,0,2,4
KAM3419633.1,11,3,36,0,0,12,0,0,0,0,0,0,0,0,0
KAM3419634.1,4,4,11,0,0,0,0,0,0,0,0,0,0,0,0
KAM3419635.1,0,0,2,2,0,0,0,0,0,0,0,0,0,0,0
KAM3419636.1,302,183,229,4,4,0,0,2,2,5,5,2,0,5,0
KAM3419637.1,410,652,623,2,0,0,14,2,2,2,4,8,8,6,5
KAM3419638.1,92,31,103,0,0,0,0,1,2,0,0,2,2,4,1
KAM3419642.1,4,0,2,0,0,0,0,0,0,0,0,0,14,2,10
KAM3419643.1,958,598,2492,0,0,0,2,2,0,6,4,2,48,14,26
KAM3419644.1,284,310,473,0,0,0,2,4,6,9,5,12,4,0,6
KAM3419645.1,161,197,169,8,0,0,4,3,2,2,0,0,10,6,4
KAM3419646.1,5359,7502,9796,27,36,78,14,20,19,14,29,20,59,36,54
KAM3419647.1,397,599,374,6,0,0,1,1,1,1,2,2,3,2,2
KAM3419648.1,707,983,1017,4,8,0,0,6,4,5,6,2,7,0,0
KAM3419649.1,310,295,524,3,0,0,2,1,0,5,2,4,2,4,14
KAM3419650.1,40,34,49,0,0,0,2,0,2,0,0,0,2,0,0
KAM3419651.1,18822,14855,20815,64,32,42,87,122,137,63,66,87,245,225,354
KAM3419652.1,2796,1195,1881,0,4,0,0,2,0,0,1,7,0,2,6
KAM3419653.1,10,4,21,0,0,0,0,0,0,0,0,0,0,0,0
KAM3419654.1,1164,443,487,0,0,0,4,4,0,6,8,6,10,8,2
KAM3419655.1,3804,2470,2488,5,4,3,6,14,13,19,9,26,25,39,51
KAM3419656.1,583,320,401,4,8,6,2,5,0,2,2,2,4,4,4
KAM3419657.1,36,38,17,0,0,0,0,0,2,0,0,0,0,2,0
KAM3419658.1,1879,1005,2049,4,0,0,7,10,3,4,8,2,6,40,29
KAM3419659.1,1440,1547,1378,10,24,6,2,4,2,12,0,14,14,20,16
KAM3419660.1,35,24,45,0,0,0,0,1,0,2,4,1,0,1,0
KAM3419661.1,39,34,41,0,0,0,0,0,4,0,2,2,0,2,0
KAM3419662.1,570,429,427,6,4,12,4,2,2,6,2,2,0,0,0
KAM3419663.1,84,93,61,0,0,0,2,0,4,0,0,0,0,3,0
KAM3419664.1,23700,21578,21666,28,32,81,9,29,6,38,25,45,51,40,55
KAM3419665.1,51107,50834,35578,89,128,81,92,92,150,77,83,103,173,199,207
KAM3419666.1,3,6,19,0,0,0,0,0,0,0,0,2,0,0,0
KAM3419667.1,372,347,308,0,4,6,0,0,0,0,2,0,6,2,6
KAM3419668.1,35,49,46,0,0,0,0,0,0,0,0,0,0,0,0
KAM3419669.1,33,17,20,0,0,0,0,0,0,0,0,6,2,0,0
KAM3419670.1,1778,1847,1680,16,0,6,17,8,10,6,10,14,9,37,13
KAM3419671.1,1528,860,2076,0,0,0,6,7,12,2,2,7,18,34,26
KAM3419672.1,101,111,150,0,0,0,2,3,0,0,0,0,2,0,2
KAM3419673.1,3354,2393,3609,2,0,0,2,6,11,7,7,10,12,12,8
KAM3419674.1,5525,3649,2820,10,4,12,10,8,15,5,6,9,6,4,14
KAM3419675.1,710,717,1218,2,4,0,2,2,2,2,0,3,0,4,0
KAM3419676.1,1500,849,1304,6,0,6,6,11,4,8,8,20,7,2,4
KAM3419677.1,299,232,307,0,0,6,5,1,0,1,4,3,8,1,2
KAM3419678.1,135,129,179,0,4,0,4,1,4,2,0,4,0,2,4
KAM3419679.1,92,54,309,0,0,0,0,0,0,0,0,0,45,15,28
KAM3419680.1,948,886,939,8,8,12,4,11,5,0,4,10,10,34,35
KAM3419681.1,528,379,761,10,0,6,4,8,8,7,2,2,6,8,16
KAM3419682.1,20,14,52,0,0,0,0,0,2,0,0,0,0,0,0
KAM3419683.1,2121,1577,2030,12,14,12,8,12,10,2,10,6,40,38,40
KAM3419684.1,1383,1515,1316,4,4,6,4,4,2,4,6,4,10,19,20
KAM3419685.1,1153,1215,1173,4,0,12,8,6,12,10,2,6,10,12,17
KAM3419686.1,121,120,197,0,4,6,6,61,8,18,29,68,22,13,28
KAM3419687.1,66,92,113,0,0,0,0,0,0,0,0,1,1,2,1
KAM3419688.1,320,303,453,0,2,6,2,6,4,0,0,5,4,4,9
KAM3419689.1,106,114,132,0,0,0,0,2,4,0,2,1,0,2,0
KAM3419690.1,1911,1847,2246,6,0,6,7,9,9,9,8,7,34,35,37
KAM3419691.1,33,44,62,1,0,0,0,0,0,0,0,2,0,0,0
KAM3419692.1,171,142,171,2,0,0,0,0,0,6,2,2,2,0,6
KAM3419693.1,54,24,40,0,0,0,0,2,0,4,4,6,0,0,1
KAM3419694.1,67,18,61,0,0,0,0,0,2,0,2,0,7,2,0
KAM3419695.1,13,14,24,0,0,0,1,0,0,0,0,0,1,0,0
KAM3419696.1,1487,1112,1397,18,4,12,10,22,10,14,6,23,18,8,25
KAM3419697.1,5210,4222,5369,4,12,0,3,5,4,8,11,19,14,2,19
KAM3419698.1,2534,1579,1635,6,0,18,2,9,4,16,6,18,10,10,13
KAM3419699.1,3397,2895,2316,16,0,36,6,2,2,4,3,15,26,14,28
KAM3419700.1,7632,6707,6764,16,12,48,8,25,30,36,29,31,35,54,60
KAM3419701.1,12108,10852,13267,50,40,24,24,28,26,66,75,64,59,60,88
KAM3419702.1,677,421,772,0,0,6,0,5,1,5,10,5,5,5,4
KAM3419703.1,624,369,606,1,4,0,0,1,0,0,0,0,2,1,1
KAM3419704.1,216,199,206,0,4,0,4,4,4,0,6,2,2,2,2
KAM3419705.1,90,82,198,0,0,0,0,1,0,8,0,2,8,0,2
KAM3419706.1,62,26,53,0,0,0,0,2,0,4,4,0,0,0,0
KAM3419707.1,72,55,52,0,0,0,0,4,0,2,12,12,6,2,0
KAM3419708.1,221,118,148,0,0,0,0,2,2,2,2,8,2,4,2
KAM3419709.1,44,28,25,0,0,0,0,0,0,2,6,2,4,0,0
KAM3419710.1,14,14,18,0,0,0,0,0,0,0,0,0,4,0,0
KAM3419711.1,2,6,0,0,0,0,0,0,0,0,4,0,4,2,0
KAM3419712.1,41,34,40,0,0,0,0,0,0,6,8,18,2,0,0
KAM3419713.1,0,0,2,0,0,0,0,0,0,0,0,2,0,0,0
KAM3419714.1,149,103,203,4,4,0,2,5,0,0,1,2,4,1,4
KAM3419715.1,164,112,249,0,0,0,2,4,0,6,6,12,4,8,6
KAM3419716.1,253,96,255,0,0,0,0,0,0,8,6,8,6,4,2
KAM3419717.1,60,34,84,0,0,0,0,0,0,0,0,0,0,0,0
KAM3419718.1,1819,1943,1748,20,12,12,12,4,8,6,8,6,8,6,25
KAM3419719.1,541,403,574,2,0,0,5,7,12,2,0,3,5,8,16
KAM3419720.1,3563,2648,3357,6,4,18,20,8,18,22,10,12,47,45,52
KAM3419721.1,2521,3133,3337,12,16,6,4,8,8,6,4,5,14,30,20
KAM3419722.1,202,255,341,0,4,0,2,0,0,6,4,6,1,6,5
KAM3419723.1,1944,1671,1897,8,0,6,4,8,6,8,4,8,4,4,22
KAM3419724.1,40,21,20,0,0,0,0,0,0,0,0,0,0,0,0
KAM3419725.1,6231,3799,3692,4,8,0,6,0,8,6,4,2,3,4,4
KAM3419726.1,4815,2581,4474,0,0,0,0,0,2,1,1,3,0,0,0
KAM3419727.1,10,5,90,0,0,0,0,0,2,0,0,0,83,25,69
KAM3419728.1,2,0,53,0,0,0,0,0,0,0,0,0,18,8,18
KAM3419729.1,658,476,622,2,0,0,0,7,0,2,0,8,6,10,0
KAM3419730.1,1108,1026,751,0,4,9,0,6,4,8,7,6,4,5,6
KAM3419731.1,8612,10467,9892,18,8,0,24,19,20,12,12,21,26,35,55
KAM3419732.1,79,53,100,0,0,0,0,0,0,2,0,2,0,0,0
KAM3419733.1,1546,1335,1459,8,4,6,6,20,14,32,26,28,14,14,12
KAM3419734.1,133,106,182,0,0,0,7,3,0,0,1,0,0,0,0
KAM3419735.1,94,71,124,0,0,0,0,0,0,1,2,0,0,1,0
KAM3419736.1,173,135,190,0,0,0,0,0,0,0,0,4,2,2,4
KAM3419737.1,31,16,21,2,0,0,2,0,0,0,0,4,0,0,0
KAM3419738.1,250,259,363,0,0,6,0,16,2,8,10,19,8,10,10
KAM3419739.1,45,39,130,0,0,0,1,3,0,2,1,1,0,0,2
KAM3419740.1,58,26,63,0,0,0,0,2,0,0,4,4,1,4,2
KAM3419741.1,86,70,104,0,0,6,8,15,26,14,4,8,16,33,12
KAM3419742.1,288,170,405,0,2,18,4,0,3,0,0,2,0,0,4
KAM3419743.1,195,85,177,0,0,0,2,2,8,4,0,3,0,8,2
KAM3419744.1,50,49,64,1,0,0,0,0,0,0,1,1,0,0,3
KAM3419745.1,44,26,27,0,0,0,0,0,0,0,0,0,0,0,0
KAM3419746.1,27,14,16,0,0,0,2,0,0,0,0,8,0,0,4
KAM3419747.1,475,547,491,2,0,0,2,4,2,2,2,1,10,13,16
KAM3419748.1,293,350,385,0,0,0,1,0,0,0,0,1,8,10,13
KAM3419749.1,260,233,199,0,0,6,0,0,2,0,0,0,4,0,0
KAM3419750.1,4216,3721,4898,14,28,6,35,54,58,24,47,54,57,88,132
KAM3419751.1,646,685,521,2,4,0,0,4,4,6,5,6,2,5,6
KAM3419752.1,2,4,7,0,0,0,0,0,0,0,0,0,0,0,0
KAM3419753.1,157,145,206,6,0,0,2,0,0,0,0,0,4,5,2
KAM3419754.1,904,701,979,4,0,6,8,14,16,9,4,11,12,18,6
KAM3419755.1,1343,836,879,2,0,6,4,14,6,12,22,8,4,16,17
KAM3419756.1,2187,2663,2401,3,8,18,13,9,4,12,10,17,27,22,35
KAM3419757.1,37,27,30,0,0,0,2,0,0,0,0,2,0,0,0
KAM3419758.1,3821,2197,2233,16,8,6,10,42,16,40,44,28,52,34,49
KAM3419759.1,34,18,52,0,0,0,0,0,0,0,0,0,0,0,0
KAM3419760.1,5627,6576,6789,24,24,6,2,13,6,3,12,16,13,16,22
KAM3419761.1,43426,44617,48332,79,40,42,18,40,30,47,42,46,95,70,109
KAM3419762.1,408,176,360,0,0,0,0,0,2,8,14,4,2,2,0
KAM3419763.1,128,83,216,0,0,0,0,0,2,2,2,8,0,0,0
KAM3419764.1,528,654,509,6,0,12,2,4,4,4,0,4,2,6,2
KAM3419765.1,7652,8314,8553,26,20,0,19,14,22,35,39,55,26,43,53
KAM3419766.1,78,58,100,0,0,0,0,5,2,2,2,4,4,0,0
KAM3419767.1,1332,1287,1304,6,4,3,0,0,5,2,0,8,8,8,2
KAM3419768.1,69,104,100,2,2,0,1,7,2,2,0,4,2,2,2
KAM3419769.1,1063,1137,1030,2,12,0,2,16,0,16,6,8,17,18,17
KAM3419770.1,231,104,222,0,0,0,1,0,0,0,6,0,2,0,0
KAM3419771.1,820,493,848,0,0,0,13,10,12,24,37,49,10,40,20
KAM3419772.1,560,329,793,2,0,12,0,4,1,2,6,0,1,6,0
KAM3419773.1,389,404,435,7,0,0,7,0,1,0,4,2,2,0,4
KAM3419774.1,105,67,57,0,0,0,0,0,2,2,2,4,0,0,0
KAM3419775.1,58,30,66,0,0,0,0,2,2,0,0,4,0,0,0
KAM3419776.1,0,4,4,0,0,0,0,0,2,0,0,0,0,0,0
KAM3419777.1,96,84,70,0,0,0,0,0,0,0,2,0,0,0,2
KAM3419778.1,2204,1439,2003,0,0,0,0,0,2,6,0,2,4,0,4
KAM3419779.1,29,17,152,0,0,0,0,0,0,0,0,0,61,14,24
KAM3419780.1,1206,1091,1045,6,8,36,8,14,2,4,10,6,8,12,10
KAM3419781.1,2166,2470,2032,6,8,12,2,6,4,6,4,10,22,6,14
KAM3419782.1,1043,1549,1239,14,12,24,0,0,6,6,0,2,22,20,22
KAM3419783.1,597,296,533,4,0,0,2,0,0,0,0,0,3,6,8
KAM3419784.1,2,0,0,0,0,0,0,0,0,0,0,0,0,0,0
KAM3419785.1,0,0,3,0,0,0,0,0,0,0,0,0,0,0,0
KAM3419786.1,16,16,2,0,0,0,0,0,0,0,0,0,0,0,0
KAM3419788.1,1986,1663,1411,4,8,24,6,20,6,11,12,12,8,4,12
KAM3419789.1,7458,9062,6888,20,16,30,5,14,13,16,26,22,32,28,22
KAM3419790.1,19374,26911,15096,115,134,147,4,14,2,17,16,25,86,65,76
KAM3419791.1,8363,8583,8946,15,12,30,6,8,2,17,12,17,26,26,28
KAM3419792.1,8362,8428,8266,18,4,0,2,12,2,7,6,11,76,48,146
KAM3419793.1,89,76,121,0,0,0,2,2,2,0,0,0,2,2,2
KAM3419794.1,78,41,48,0,0,0,0,2,0,0,0,4,4,0,0
KAM3419795.1,120,103,177,0,4,0,0,4,0,6,0,0,0,0,0
KAM3419796.1,128,172,152,0,0,0,0,0,0,4,0,0,6,0,2
KAM3419798.1,8319,9329,9409,8,20,6,10,16,14,14,11,5,58,52,89
KAM3419799.1,39,63,78,0,0,0,0,0,0,2,0,2,0,2,0
KAM3419800.1,173,161,178,2,4,0,2,7,1,0,0,0,0,2,3
KAM3419801.1,141,128,164,7,6,0,2,0,2,0,0,6,0,10,12
KAM3419802.1,233,180,333,4,6,3,0,2,0,2,1,0,5,3,2
KAM3419803.1,713,750,979,1,12,0,2,12,6,2,6,7,18,11,30
KAM3419804.1,4857,4901,4752,6,4,12,6,17,22,14,17,17,38,27,49
KAM3419805.1,2440,2488,2397,14,8,18,7,7,12,9,18,9,26,16,33
KAM3419806.1,79,65,46,0,0,0,0,4,0,0,0,0,4,1,1
KAM3419807.1,281,260,478,3,0,0,1,0,4,5,4,2,4,0,0
KAM3419808.1,1199,1132,2144,4,0,0,3,7,2,0,0,2,2,6,4
KAM3419809.1,24,19,35,0,0,0,2,0,1,0,0,0,0,0,0
KAM3419810.1,145,93,206,0,0,0,2,4,6,4,12,18,2,3,8
KAM3419811.1,101,102,201,0,0,0,0,4,2,0,0,0,0,0,4
KAM3419812.1,3172,3013,3421,9,2,3,0,13,5,17,3,6,13,22,14
KAM3419813.1,722,753,499,0,8,6,0,0,2,5,2,4,2,0,8
KAM3419814.1,558,515,596,0,0,0,0,1,0,7,4,0,5,2,2
KAM3419815.1,211,152,347,0,0,0,0,0,0,1,0,0,0,0,0
KAM3419816.1,833,831,993,0,4,18,3,2,0,2,6,8,2,6,14
KAM3419817.1,53,50,60,2,8,6,2,0,0,2,0,0,2,0,2
KAM3419818.1,27,16,25,0,4,0,0,0,0,0,0,0,0,0,2
KAM3419819.1,396,334,448,1,4,0,0,0,2,1,2,2,0,0,2
KAM3419820.1,51,18,54,0,0,0,2,0,0,0,0,0,0,0,0
KAM3419821.1,1155,729,1090,2,0,0,0,6,4,15,3,8,2,4,9
KAM3419822.1,5192,4418,4613,2,0,12,5,4,3,8,11,14,10,19,34
KAM3419824.1,75,44,78,0,0,0,0,0,0,0,0,0,0,0,0
KAM3419825.1,367,205,300,4,8,0,2,0,2,2,0,0,4,8,10
KAM3419826.1,14365,13163,15893,42,12,24,10,18,13,17,19,9,74,75,81
KAM3419827.1,537,592,424,4,2,0,2,0,5,1,1,5,6,3,5
KAM3419828.1,7382,7101,8667,3,10,18,3,10,4,3,14,13,18,18,21
KAM3419829.1,99,77,97,0,8,0,2,0,2,0,2,0,3,4,0
KAM3419831.1,859,847,728,6,0,6,6,7,2,2,6,3,6,10,7
KAM3419832.1,83,98,190,4,0,0,0,0,0,0,2,0,0,0,0
KAM3419833.1,51,25,94,0,0,0,0,2,0,1,0,0,0,0,0
KAM3419834.1,207,120,280,0,0,0,0,2,1,1,2,3,4,2,0
KAM3419835.1,8069,6768,7992,10,16,18,17,40,34,55,44,72,77,70,121
KAM3419836.1,5186,5466,5430,6,4,6,7,16,4,10,14,16,22,33,21
KAM3419837.1,861,622,719,10,16,24,2,2,4,4,2,5,12,12,12
KAM3419838.1,22,17,26,0,0,0,0,0,0,0,0,0,0,0,0
KAM3419839.1,79,77,136,3,0,0,3,0,0,2,0,0,6,1,0
KAM3419840.1,43,45,69,0,4,0,1,1,2,2,0,0,0,6,0
KAM3419841.1,1318,676,1031,4,0,0,2,4,9,14,12,16,23,32,28
KAM3419842.1,5205,4429,5178,24,4,6,2,8,12,16,14,21,24,22,23
KAM3419843.1,222,173,286,0,0,0,0,2,4,0,2,0,4,2,4
KAM3419844.1,800,700,951,8,4,6,6,10,10,6,8,9,11,23,37
KAM3419845.1,2588,2047,1944,0,4,0,4,8,10,18,24,28,4,18,36
KAM3419846.1,38,33,60,0,0,0,0,2,0,0,0,4,0,0,0
KAM3419847.1,815,684,1263,2,8,0,10,6,2,4,8,8,4,6,12
KAM3419848.1,26,8,25,0,0,0,0,0,0,0,0,0,0,0,0
KAM3419849.1,377,163,469,0,0,0,0,0,6,4,2,4,4,0,8
KAM3419850.1,696,613,874,0,4,6,6,4,6,2,10,12,14,9,6
KAM3419851.1,98,40,163,0,0,6,0,0,2,2,2,8,4,2,0
KAM3419852.1,11586,8487,10463,95,104,108,34,55,59,43,65,78,87,106,96
KAM3419853.1,1370,1046,1592,22,6,24,10,14,14,13,6,8,24,35,40
KAM3419854.1,24,37,40,0,0,0,0,0,0,0,0,0,2,0,0
KAM3419855.1,4923,4948,3772,10,12,6,4,8,11,20,8,10,38,18,35
KAM3419856.1,1331,918,1470,0,0,0,0,0,0,4,9,6,0,0,5
KAM3419857.1,329,336,409,2,0,0,8,0,2,2,2,4,6,2,7
KAM3419858.1,13,34,43,1,0,0,1,0,4,1,2,2,2,1,0
KAM3419859.1,1611,1600,2474,6,6,12,11,2,4,14,7,11,21,19,33
KAM3419860.1,1089,1015,1007,5,0,6,4,2,0,0,3,1,16,8,10
KAM3419861.1,7029,7841,5929,30,16,39,6,4,8,7,8,19,13,14,16
KAM3419862.1,229,184,327,0,0,0,3,0,0,2,0,1,2,4,6
KAM3419863.1,55,42,67,0,0,0,4,2,0,6,9,7,1,2,0
KAM3419864.1,2420,2559,1974,22,20,12,6,24,6,7,14,12,10,8,32
KAM3419865.1,3372,1763,2229,0,0,18,4,4,4,8,6,2,20,23,27
KAM3419866.1,290,250,244,0,0,0,0,0,0,0,6,0,0,0,0
KAM3419867.1,64,65,126,0,0,0,0,2,2,0,0,0,2,0,2
KAM3419868.1,599,569,803,4,8,6,10,20,6,5,5,5,0,4,20
KAM3419869.1,140,56,102,0,0,0,0,0,0,1,0,0,0,0,0
KAM3419870.1,23,22,4,0,0,6,0,0,0,0,0,0,0,0,0
KAM3419871.1,239,200,237,2,4,0,0,8,2,1,2,5,4,0,2
KAM3419872.1,843,868,916,1,6,12,12,4,8,7,13,5,21,18,29
KAM3419873.1,2500,2820,1610,10,4,6,13,13,13,25,22,39,50,50,82
KAM3419874.1,446,332,597,2,0,0,6,2,0,0,2,0,0,7,2
KAM3419875.1,1309,1752,1336,2,8,0,4,2,2,4,8,6,12,5,20
KAM3419876.1,19,9,19,0,0,0,0,0,0,0,0,2,0,0,0
KAM3419877.1,535,452,608,0,0,0,4,4,0,3,6,6,6,4,4
KAM3419881.1,77,57,86,4,0,0,0,0,6,0,0,0,1,0,0
KAM3419882.1,368,321,345,4,0,12,0,2,4,6,2,8,0,0,4
KAM3419885.1,1608,1880,1847,10,0,0,14,8,7,2,6,8,22,26,23
KAM3419886.1,440,532,655,8,0,0,5,2,0,4,2,3,6,4,6
KAM3419887.1,1165,754,1242,6,16,6,26,27,30,9,12,14,32,47,41
KAM3419888.1,807,1150,845,23,8,30,4,3,10,7,4,10,14,10,22
KAM3419890.1,5019,5358,14153,38,4,15,0,0,0,0,0,2,0,0,0
KAM3419891.1,1447,1159,1368,6,0,12,18,25,9,26,35,15,2,21,28
KAM3419892.1,741,653,476,0,0,12,2,3,0,0,0,2,1,2,1
KAM3419893.1,1642,1298,1767,0,0,3,6,1,0,2,4,2,1,0,3
KAM3419894.1,2000,1850,2037,4,4,6,6,14,10,8,8,4,22,30,22
KAM3419896.1,577,663,780,0,4,3,16,2,16,6,4,4,6,12,10
KAM3419897.1,387,207,372,0,0,0,6,2,8,0,0,2,55,102,88
KAM3419898.1,248,191,202,0,4,6,2,2,0,0,4,0,2,0,0
KAM3419899.1,10645,7197,8228,15,14,6,27,53,36,39,28,56,111,178,174
KAM3419900.1,11064,10049,9516,17,4,30,14,35,9,17,28,30,50,46,71
KAM3419901.1,798,735,996,4,0,0,8,4,3,6,4,4,14,8,5
KAM3419903.1,235023,228108,170760,333,260,348,105,129,137,178,254,303,696,753,935
KAM3419905.1,6599,9310,9317,28,12,48,12,26,8,17,14,26,50,32,53
KAM3419906.1,1978,2698,4323,6,18,0,6,7,20,4,2,20,17,4,27
KAM3419907.1,614,523,1318,2,4,0,2,0,0,3,2,1,3,2,7
KAM3419908.1,925,388,871,2,0,3,0,2,4,3,2,0,9,7,7
KAM3419909.1,399,343,734,2,4,0,0,4,0,6,2,4,37,46,51
KAM3419910.1,764,547,831,0,0,0,4,2,0,4,2,8,2,2,0
KAM3419911.1,644,662,902,2,0,0,4,0,1,3,2,5,14,7,2
KAM3419912.1,471,614,559,4,4,12,2,4,2,0,2,6,8,9,19
KAM3419913.1,2551,1977,3706,9,0,0,14,20,11,8,12,10,29,36,26
KAM3419914.1,2820,2763,2265,20,20,30,8,12,4,11,20,12,15,14,31
KAM3419915.1,433,299,425,0,4,0,6,10,4,2,2,4,12,6,9
KAM3419916.1,1429,1305,1571,3,12,12,8,18,14,13,19,9,14,16,24
KAM3419917.1,2370,1460,2068,0,0,0,11,11,12,16,24,23,2,4,6
KAM3419918.1,62,54,77,0,0,0,0,2,2,2,6,4,0,2,0
KAM3419919.1,492,433,627,0,0,0,2,0,2,2,6,0,4,9,2
KAM3419920.1,3762,3194,2796,16,8,36,8,9,24,15,19,20,14,16,17
KAM3419921.1,180,103,339,0,0,0,0,0,0,0,2,0,2,17,10
KAM3419922.1,218,176,231,0,4,0,4,0,2,0,7,10,2,9,6
KAM3419923.1,15230,12102,16469,38,36,36,66,90,93,80,95,75,105,129,193
KAM3419924.1,3195,3718,3428,7,14,36,7,14,21,24,10,26,26,24,35
KAM3419925.1,252,210,248,0,0,0,0,0,0,1,1,0,0,0,8
KAM3419926.1,25795,16198,21840,0,16,6,9,16,14,9,20,18,22,11,44
KAM3419927.1,29,11,28,0,0,0,0,0,0,0,0,0,0,0,0
KAM3419928.1,307,432,528,0,4,0,4,0,0,2,0,0,0,2,6
KAM3419929.1,277,279,302,0,4,0,0,1,5,4,7,3,8,8,0
KAM3419930.1,273,343,494,0,0,0,2,1,3,1,2,4,2,4,3
KAM3419931.1,243,88,213,0,0,0,4,2,0,3,4,2,0,2,4
KAM3419932.1,144,114,147,4,0,0,4,0,2,4,2,2,4,4,8
KAM3419933.1,2145,1100,2626,0,0,0,0,3,0,1,7,13,7,2,15
KAM3419934.1,2971,2011,3367,2,6,12,5,14,6,17,25,24,16,23,23
KAM3419935.1,336,245,444,4,0,6,2,6,2,4,8,0,5,2,6
KAM3419936.1,698,483,738,0,8,6,0,0,0,10,8,2,4,8,6
KAM3419937.1,12,9,28,0,0,0,0,0,0,0,0,0,0,0,0
KAM3419938.1,286,279,305,2,0,12,4,0,2,4,4,4,3,2,7
KAM3419939.1,974,748,1043,2,8,6,6,10,8,5,4,16,12,2,8
KAM3419940.1,1,8,2,0,0,0,0,0,0,0,0,0,0,0,0
KAM3419941.1,3349,2217,3110,7,8,24,1,8,9,10,2,10,15,15,16
KAM3419942.1,579,434,776,0,0,6,0,2,1,6,0,2,7,19,12
KAM3419944.1,31304,23205,18439,12,16,18,14,41,19,27,24,29,38,43,73
KAM3419945.1,196,106,175,0,0,0,0,0,0,0,0,0,0,0,0
KAM3419946.1,3953,3272,3948,10,26,9,13,12,16,23,10,10,39,38,39
KAM3419947.1,682,639,762,0,0,0,4,4,6,6,10,14,3,6,6
KAM3419948.1,311,399,386,1,0,0,0,4,4,2,2,0,7,4,8
KAM3419950.1,80,87,132,0,0,0,2,2,2,2,0,2,2,0,0
KAM3419953.1,413,438,432,6,4,6,0,2,2,2,4,10,4,6,4
KAM3419954.1,218,170,266,0,0,12,0,7,6,0,0,6,2,2,4
KAM3419955.1,222,261,257,0,0,6,0,4,2,3,0,2,2,5,5
KAM3419956.1,950,777,1060,8,16,6,16,30,21,20,22,21,50,49,30
KAM3419957.1,736,443,680,0,0,0,4,7,3,6,4,3,4,2,2
KAM3419958.1,97,90,73,0,0,0,0,2,0,1,0,1,0,0,0
KAM3419959.1,5017,1524,3098,0,0,0,9,18,13,39,22,37,56,88,97
KAM3419960.1,632,605,872,0,2,0,0,2,1,7,0,2,2,2,8
KAM3419961.1,2692,3814,1930,20,20,6,2,4,0,10,2,12,11,9,18
KAM3419962.1,69,124,65,2,0,0,0,0,0,0,0,3,2,1,1
KAM3419963.1,1216,1403,1068,2,4,12,6,4,7,5,0,6,22,11,27
KAM3419964.1,173,144,205,0,4,0,0,0,0,0,0,2,5,2,0
KAM3419965.1,1741,1327,1939,6,8,0,7,17,16,10,12,16,44,39,48
KAM3419966.1,2184,1859,2228,12,4,6,8,13,29,8,18,24,53,48,40
KAM3419967.1,1424,899,1157,7,2,0,13,11,14,11,4,14,12,17,10
KAM3419968.1,34,11,50,0,0,0,0,0,0,0,0,0,2,0,0
KAM3419969.1,167,205,212,0,12,0,0,0,1,3,8,2,6,4,4
KAM3419970.1,428,531,1034,4,0,0,0,0,0,0,0,0,0,4,1
KAM3419971.1,30,23,54,0,0,0,2,2,0,2,2,0,0,0,0
KAM3419972.1,51,25,88,0,0,0,2,0,0,1,0,4,0,0,0
KAM3419973.1,4428,4468,5135,27,4,27,8,13,19,6,21,15,11,23,20
KAM3419975.1,1211,1533,863,3,4,0,0,4,3,3,10,13,0,5,8
KAM3419976.1,1498,847,1784,0,4,0,12,18,18,12,42,44,8,16,25
KAM3419978.1,303,126,228,0,0,0,0,2,2,2,4,6,2,0,0
KAM3419979.1,197,186,122,0,0,0,0,1,0,6,7,1,1,0,0
KAM3419980.1,914,661,896,0,0,0,8,10,4,2,0,4,20,6,4
KAM3419981.1,2,4,21,0,0,0,0,0,2,0,2,5,0,0,0
KAM3419982.1,8788,4231,4235,1,0,0,28,47,32,27,28,58,60,67,108
KAM3419985.1,680,353,680,0,0,0,0,0,0,4,2,0,8,7,3
KAM3419986.1,4603,1409,2996,0,0,0,2,8,2,11,12,4,12,12,26
KAM3419987.1,695,484,781,2,0,6,12,15,6,10,6,13,26,16,36
KAM3419988.1,10711,8853,11293,21,28,36,22,19,26,25,22,38,64,59,113
KAM3419989.1,3479,2635,2792,26,34,30,17,50,27,30,30,36,24,34,56
KAM3419990.1,637,491,809,7,4,0,4,5,2,4,2,2,12,4,2
KAM3419991.1,1574,1698,1518,2,8,0,4,0,4,4,4,2,14,10,20
KAM3419992.1,104,59,75,0,0,0,0,0,0,0,2,0,0,0,2
KAM3419993.1,4836,4733,4129,6,4,24,6,16,8,4,8,18,11,10,16
KAM3419994.1,95507,97791,93454,134,96,93,93,81,73,236,358,498,231,231,296
KAM3419995.1,3559,2415,4493,4,0,6,2,4,0,0,4,4,2,6,6
KAM3419996.1,4,6,4,0,0,0,0,0,0,0,0,0,0,0,0
KAM3419997.1,3322,2116,6985,1,0,0,8,16,12,19,26,25,8,13,13
KAM3419998.1,113,88,140,0,0,0,0,0,4,0,0,2,6,2,1
KAM3419999.1,27,20,29,0,0,0,0,0,0,1,0,2,0,0,0
KAM3420000.1,2509,3255,3987,0,0,0,0,0,3,1,6,2,14,16,12
KAM3420001.1,1319,1437,1204,4,12,0,0,0,2,0,7,0,3,8,4
KAM3420003.1,333,370,239,0,2,0,0,1,3,1,0,1,0,2,6
KAM3420004.1,4337,5593,3418,8,18,0,0,6,3,8,13,0,21,28,33
KAM3420005.1,15,20,19,0,0,0,0,0,0,1,0,2,0,0,2
KAM3420006.1,14,6,18,0,0,0,0,0,0,0,0,0,0,0,0
KAM3420007.1,284,268,382,0,0,0,6,0,2,0,2,2,6,6,4
KAM3420008.1,1328,1656,1791,6,2,12,9,6,17,14,12,17,38,25,41
KAM3420009.1,237,245,231,0,2,0,0,0,1,6,2,4,3,2,2
KAM3420010.1,151,197,133,0,2,6,0,6,3,2,4,2,7,7,2
KAM3420011.1,764,976,891,12,4,3,2,8,6,12,6,14,4,6,21
KAM3420012.1,41,33,82,0,0,0,1,2,0,0,2,0,0,0,0
KAM3420013.1,20,6,59,0,0,0,0,0,0,0,0,4,0,0,0
KAM3420014.1,392,191,346,0,0,0,4,8,4,2,10,4,9,5,21
KAM3420015.1,287,302,375,0,0,0,2,0,4,1,2,2,5,6,12
KAM3420016.1,74,95,162,0,0,0,2,2,2,2,0,2,0,0,2
KAM3420017.1,2,0,8,0,0,0,1,0,1,0,2,0,3,0,2
KAM3420018.1,266,289,215,6,4,0,0,2,2,2,0,2,4,6,16
KAM3420019.1,381,409,429,2,4,0,2,0,7,0,2,2,4,0,6
KAM3420020.1,2690,2378,1873,9,4,0,4,8,2,8,2,10,2,10,7
KAM3420021.1,202,163,124,0,0,0,2,2,2,2,0,4,0,0,6
KAM3420022.1,3638,3653,5494,9,20,18,15,45,26,162,203,236,39,45,67
KAM3420023.1,366,380,381,2,0,0,2,9,10,2,4,1,7,4,2
KAM3420024.1,6276,7296,6091,8,14,12,11,12,22,17,21,16,21,14,20
KAM3420026.1,241,303,311,0,0,6,0,0,0,0,2,2,0,2,0
KAM3420027.1,85,80,202,0,0,0,0,2,1,0,3,0,0,0,0
KAM3420028.1,51,56,108,0,0,0,0,2,0,0,0,2,0,0,0
KAM3420029.1,3881,4512,5313,9,8,0,7,10,0,9,10,13,13,1,18
KAM3420030.1,227,173,326,0,0,0,1,0,0,0,0,0,1,4,6
KAM3420031.1,661,474,755,6,4,12,4,6,15,6,10,8,19,21,17
KAM3420032.1,346,398,572,8,0,0,6,2,2,10,10,10,6,8,0
KAM3420033.1,6563,4356,5008,18,8,18,16,17,23,29,40,23,19,27,47
KAM3420034.1,238,181,227,0,0,0,2,2,0,5,4,0,2,0,0
KAM3420035.1,2242,1419,1553,2,0,0,4,11,10,9,20,16,18,19,18
KAM3420036.1,58,51,333,0,0,0,0,1,2,2,4,0,2,0,2
KAM3420037.1,1759,1487,1735,8,12,6,4,4,2,12,4,6,14,23,28
KAM3420038.1,412,388,549,8,0,0,4,2,2,10,8,12,11,6,16
KAM3420039.1,7240,6242,7788,17,20,18,2,18,15,16,62,56,29,6,44
KAM3420040.1,3846,3217,986,23,0,6,4,4,0,6,2,10,12,20,17
KAM3420041.1,1355,1266,1388,5,18,0,11,14,6,12,3,11,12,2,19
KAM3420042.1,190,120,65,0,0,0,0,0,0,0,1,0,0,0,1
KAM3420043.1,155,150,75,0,0,0,0,2,0,0,4,1,1,2,1
KAM3420044.1,870,689,753,0,0,0,0,10,4,5,4,0,16,10,12
KAM3420045.1,5187,3808,4421,14,20,54,37,71,44,168,247,278,54,62,93
KAM3420046.1,747,751,791,0,10,3,4,4,2,10,4,4,10,3,13
KAM3420047.1,2885,1527,2014,8,0,6,18,27,12,19,19,18,13,12,12
KAM3420048.1,52,71,102,0,0,0,0,0,2,6,2,4,3,2,5
KAM3420049.1,18,22,17,0,0,0,0,0,0,0,0,0,6,0,0
KAM3420050.1,76,64,99,0,0,0,0,2,0,0,0,0,0,0,0
KAM3420051.1,2742,3119,3316,8,4,18,2,4,2,12,2,8,44,9,18
KAM3420052.1,3443,3661,3668,20,0,0,8,5,10,2,10,6,12,20,24
KAM3420053.1,227,246,450,1,0,0,0,0,0,4,0,0,9,4,3
KAM3420054.1,936,1263,656,4,0,0,0,6,0,0,0,0,4,2,13
KAM3420057.1,2548,2595,2401,2,0,0,5,5,9,8,19,15,8,15,29
KAM3420058.1,8348,5459,9200,15,16,12,28,36,40,55,62,50,51,82,68
KAM3420059.1,38,23,27,0,0,0,0,0,0,0,0,0,0,0,2
KAM3420061.1,2,0,8,0,0,0,0,0,0,0,4,0,0,0,0
KAM3420063.1,263,273,291,0,10,6,2,0,4,4,4,0,1,8,9
KAM3420064.1,239,124,239,0,0,6,0,0,2,0,0,2,1,4,2
KAM3420065.1,90,96,109,0,0,0,1,0,0,2,6,2,0,3,0
KAM3420066.1,18,15,41,4,0,0,0,0,0,2,2,2,1,0,0
KAM3420067.1,3260,2925,3270,10,10,3,3,1,1,3,3,2,25,28,40
KAM3420068.1,42830,43423,31537,180,142,255,43,48,49,41,44,64,338,257,414
KAM3420069.1,178,196,262,0,0,0,0,2,0,0,0,4,6,0,6
KAM3420070.1,1381,1069,1905,6,20,12,7,7,13,14,7,11,56,20,39
KAM3420071.1,396,391,480,4,4,12,0,5,2,4,2,2,5,13,8
KAM3420072.1,3298,2421,6866,0,0,0,132,170,287,292,277,164,188,238,247
KAM3420073.1,8781,10866,9618,16,8,54,4,6,0,4,10,15,14,6,11
KAM3420074.1,216,206,207,2,8,0,4,0,0,0,1,6,2,2,2
KAM3420076.1,593,446,783,0,0,0,0,4,4,3,4,4,2,0,10
KAM3420077.1,87,66,140,0,0,12,0,0,0,2,6,0,1,8,3
KAM3420078.1,183,121,263,2,0,0,0,0,0,0,0,0,40,42,54
KAM3420079.1,92,50,143,0,0,6,0,3,0,4,2,0,8,2,4
KAM3420080.1,110,66,128,4,0,0,0,0,2,0,6,0,14,4,2
KAM3420081.1,1084,661,919,0,0,0,4,13,4,8,8,13,6,14,4
KAM3420082.1,1102,1089,1213,2,12,6,4,8,10,4,4,12,14,18,22
KAM3420084.1,3586,2612,2120,6,4,3,8,2,2,3,9,3,27,14,20
KAM3420085.1,212,139,53,0,0,0,0,0,2,1,0,0,0,0,3
KAM3420086.1,14619,14329,9589,62,24,30,6,26,16,39,41,39,41,56,48
KAM3420087.1,178,164,212,0,0,0,8,0,0,2,2,4,3,6,8
KAM3420089.1,41,25,60,0,0,0,0,2,1,0,2,0,0,2,2
KAM3420090.1,854,666,1250,0,0,0,2,6,6,10,2,12,21,4,6
KAM3420091.1,667,701,798,0,0,0,0,0,2,4,4,6,4,4,6
KAM3420092.1,1602,1603,1309,2,4,36,6,8,8,14,7,20,12,13,21
KAM3420093.1,17489,14129,6123,12,32,48,2,16,4,9,14,26,36,18,26
KAM3420094.1,18,15,22,0,0,0,0,0,0,0,0,0,2,2,6
KAM3420095.1,9885,8292,11320,30,32,51,59,82,64,50,28,74,226,226,231
KAM3420096.1,645,532,877,0,4,6,0,2,0,4,4,3,1,4,5
KAM3420097.1,689,644,582,2,2,0,0,2,0,4,2,6,2,0,2
KAM3420098.1,288,116,291,0,0,0,0,0,2,0,6,2,0,0,0
KAM3420100.1,1366,1044,1668,7,0,6,14,9,13,35,18,31,14,9,18
KAM3420101.1,1867,1459,2055,0,4,6,5,12,18,22,29,21,14,16,13
KAM3420102.1,260,230,414,0,4,0,0,0,0,2,0,4,4,0,3
KAM3420103.1,48,53,77,0,0,3,0,2,3,0,1,0,0,0,2
KAM3420104.1,8751,11222,10253,20,28,24,30,37,48,44,30,44,64,58,100
KAM3420105.1,4559,4269,5968,2,0,0,13,14,16,18,21,18,10,12,10
KAM3420106.1,105939,115301,92177,134,124,156,88,119,66,195,223,253,144,118,188
KAM3420107.1,10002,4825,8266,0,0,6,10,20,16,126,111,111,16,10,37
KAM3420108.1,688,322,773,0,0,0,4,6,0,9,8,11,4,0,0
KAM3420109.1,6885,3436,7560,2,0,0,17,18,23,52,64,30,7,8,6
KAM3420110.1,8375,4494,7360,4,4,18,27,34,40,45,41,42,44,67,32
KAM3420111.1,850,738,1073,0,16,0,2,12,2,8,5,6,8,10,2
KAM3420112.1,1795,1483,1697,4,0,3,0,2,5,1,6,15,4,6,3
KAM3420113.1,31011,32623,28265,66,36,33,2,30,2,4,2,16,54,28,36
KAM3420114.1,1588,1679,1669,10,4,9,8,4,4,4,0,2,15,30,28
KAM3420115.1,438,599,582,2,0,0,0,2,4,2,0,0,4,6,6
KAM3420116.1,1303,643,1221,11,2,18,4,7,3,11,4,9,12,13,37
KAM3420117.1,324,253,404,3,0,0,2,0,2,2,4,3,1,2,0
KAM3420118.1,372,304,332,0,4,0,0,2,0,3,0,0,4,6,9
KAM3420119.1,293,312,385,0,0,0,2,2,0,0,4,0,4,6,8
KAM3420120.1,1636,1772,1748,14,0,6,15,2,4,2,4,6,24,12,33
KAM3420121.1,1947,1812,2416,10,10,9,12,13,15,32,24,34,17,6,6
KAM3420122.1,283,242,292,6,0,0,0,2,2,0,2,8,2,2,4
KAM3420124.1,92,72,139,0,0,0,0,0,2,2,0,0,0,0,7
KAM3420125.1,1878,1150,1610,3,0,0,0,8,0,4,0,5,6,6,8
KAM3420126.1,9330,11174,8109,29,52,24,19,14,16,15,7,17,93,30,65
KAM3420127.1,1656,1389,1218,7,0,0,0,2,0,2,0,2,6,2,4
KAM3420128.1,21725,28649,26167,141,116,135,57,79,43,37,47,29,181,192,268
KAM3420129.1,11788,9703,12963,42,58,18,41,81,88,50,40,64,211,225,254
KAM3420130.1,0,0,0,0,0,0,0,0,0,0,0,0,0,0,0
KAM3420131.1,597,385,694,1,8,0,0,6,0,2,9,4,16,6,5
KAM3420132.1,20233,16973,12593,14,20,18,12,25,14,26,14,15,32,50,86
KAM3420133.1,7186,6391,7550,6,12,0,18,44,14,91,111,202,24,36,39
KAM3420134.1,876,699,943,0,0,0,4,4,6,6,4,10,4,0,8
KAM3420136.1,298,287,340,0,0,0,0,4,2,17,7,10,2,0,7
KAM3420137.1,2720,2588,3778,20,20,6,10,8,8,23,14,25,4,9,7
KAM3420138.1,345,487,609,2,0,6,2,2,0,4,9,8,0,2,4
KAM3420139.1,833,994,1019,4,0,0,4,2,6,6,2,14,10,2,12
KAM3420140.1,6442,4480,6305,27,30,24,27,51,48,65,51,67,103,96,128
KAM3420141.1,4906,3938,4732,10,4,18,6,10,16,16,18,26,16,18,14
KAM3420142.1,8495,6489,10041,36,16,48,80,101,78,87,72,87,118,164,178
KAM3420143.1,3180,3730,3394,8,8,6,5,8,10,14,9,13,8,24,31
KAM3420144.1,6471,6756,6485,8,28,24,27,32,15,16,47,38,45,57,52
KAM3420145.1,8239,6409,6280,1,0,0,22,12,23,27,4,26,27,22,20
KAM3420146.1,417,402,549,4,0,0,1,4,1,7,7,6,5,8,2
KAM3420147.1,6140,6497,5175,6,8,6,6,12,22,24,26,40,11,3,25
KAM3420148.1,40,24,91,0,0,0,4,0,2,0,0,6,1,6,2
KAM3420149.1,965,996,1256,0,8,0,10,9,6,18,10,5,18,2,12
KAM3420150.1,787,692,1134,16,4,18,6,7,4,0,9,11,34,22,37
KAM3420151.1,113,109,235,0,0,0,0,7,2,2,4,0,2,6,2
KAM3420152.1,4151,4169,3111,28,4,18,2,8,6,10,12,26,34,32,44
KAM3420153.1,5220,4137,4265,6,8,6,16,40,32,55,36,22,70,38,66
KAM3420154.1,772,763,906,2,20,6,2,0,1,2,6,8,18,14,17
KAM3420155.1,273,256,359,4,0,6,0,4,0,0,0,5,5,0,0
KAM3420157.1,3916,3480,3919,6,4,0,2,2,0,0,2,6,5,4,4
KAM3420158.1,1923,1274,635,0,0,0,2,0,0,1,2,4,6,2,10
KAM3420159.1,193,135,218,2,0,0,0,0,4,6,4,2,2,4,0
KAM3420160.1,277,412,407,2,8,0,4,2,4,0,2,0,3,4,4
KAM3420162.1,145,116,160,0,0,0,0,0,0,1,2,0,2,2,5
KAM3420164.1,340,259,345,2,0,0,0,4,0,3,1,2,8,6,14
KAM3420165.1,851,651,611,6,0,6,4,10,4,4,8,6,10,4,11
KAM3420168.1,80,73,135,0,0,0,1,2,1,2,1,0,0,0,0
KAM3420170.1,1230,1638,1809,2,4,6,14,20,11,22,14,12,21,24,25
KAM3420171.1,170,124,171,2,0,0,0,0,1,2,2,0,13,8,1
KAM3420172.1,652,484,670,2,0,0,2,4,4,7,4,3,7,4,6
KAM3420173.1,2401,2348,3164,14,8,12,23,20,14,20,21,17,26,4,24
KAM3420174.1,336,326,272,6,0,0,2,5,2,2,0,7,2,2,6
KAM3420175.1,154,99,198,4,0,0,1,2,0,2,2,2,4,2,8
KAM3420176.1,1698,1336,1635,14,0,6,7,6,10,16,16,14,7,42,31
KAM3420177.1,4,12,10,0,0,0,0,0,0,0,0,0,1,0,0
KAM3420178.1,5275,3953,5245,5,16,12,6,32,44,21,44,36,52,85,116
KAM3420179.1,2514,1937,2778,2,0,0,10,6,8,12,8,14,30,32,28
KAM3420180.1,69,36,44,0,0,0,0,0,0,0,0,1,0,0,0
KAM3420181.1,220,89,185,0,0,0,0,0,0,0,0,1,2,0,0
KAM3420183.1,2230,1478,2480,2,4,0,18,8,10,16,22,10,28,35,78
KAM3420185.1,731,945,406,4,0,0,9,8,5,6,2,12,5,3,5
KAM3420186.1,79604,85180,74798,183,164,231,114,189,116,292,303,386,245,195,304
KAM3420187.1,109,67,135,6,0,0,2,2,0,0,0,0,0,1,0
KAM3420189.1,38,6,110,0,0,0,0,0,0,0,0,0,0,0,0
KAM3420190.1,6420,4361,11879,8,12,12,4,10,10,8,12,6,147,228,369
KAM3420191.1,652,832,669,4,0,6,0,0,2,7,2,0,17,16,30
KAM3420192.1,1030,1234,817,4,4,0,10,6,10,15,4,5,7,6,14
KAM3420193.1,2057,2438,2124,4,4,3,2,0,4,6,11,12,8,4,19
KAM3420194.1,212,216,251,0,2,0,1,4,0,2,4,8,1,2,6
KAM3420195.1,274,178,278,0,4,12,0,6,2,2,6,10,2,4,4
KAM3420196.1,2275,2350,2299,0,12,15,13,12,9,13,11,16,44,50,32
KAM3420197.1,1233,801,1252,0,6,0,14,16,11,4,8,11,14,6,9
KAM3420198.1,5146,3639,3351,14,14,30,6,12,14,12,15,17,27,20,31
KAM3420199.1,1448,886,2203,33,68,24,10,34,4,20,5,14,42,36,44
KAM3420200.1,131,102,145,0,0,6,2,0,2,0,0,3,0,0,0
KAM3420201.1,160,76,80,0,0,0,1,0,0,0,0,5,1,2,7
KAM3420202.1,2800,3046,2995,10,20,18,12,6,8,4,8,10,46,31,42
KAM3420203.1,1282,817,1385,0,0,0,4,9,6,17,10,13,5,6,14
KAM3420204.1,705,294,619,0,0,0,8,6,2,13,4,11,10,2,8
KAM3420205.1,3895,1737,3064,2,0,0,10,25,10,59,66,65,13,41,56
KAM3420206.1,140,189,173,0,0,0,2,0,2,2,3,4,4,0,8
KAM3420208.1,285,316,235,0,4,0,1,4,4,4,2,0,5,5,14
KAM3420209.1,791,943,1251,0,0,0,3,12,5,2,2,7,11,15,20
KAM3420210.1,2724,1860,3870,2,0,0,2,5,2,4,10,6,12,10,7
KAM3420211.1,859,622,957,6,16,0,4,10,8,12,4,2,8,14,8
KAM3420212.1,10,6,11,0,0,0,0,0,2,0,0,0,0,0,0
KAM3420213.1,88,69,135,0,0,6,0,0,0,0,0,2,0,3,2
KAM3420214.1,234,206,241,4,0,0,0,2,0,0,2,0,4,2,4
KAM3420215.1,18,8,50,0,0,0,0,0,0,0,0,0,0,0,0
KAM3420216.1,136,201,360,0,0,0,0,0,0,0,0,0,0,2,2
KAM3420217.1,1310,1434,1694,8,0,6,6,8,2,4,2,0,8,8,18
KAM3420218.1,38,39,21,0,0,0,0,0,0,0,2,0,0,2,2
KAM3420219.1,656,430,969,4,0,0,0,0,1,0,0,2,0,0,2
KAM3420220.1,89,50,195,0,0,0,0,0,0,3,4,0,2,0,1
KAM3420221.1,23,22,44,0,0,0,1,1,0,0,0,2,2,1,2
KAM3420222.1,61,66,105,4,0,0,0,2,0,6,2,4,6,5,2
KAM3420223.1,754,518,515,4,8,6,2,2,5,2,2,6,8,13,13
KAM3420224.1,10903,6421,13402,2,0,12,71,76,44,54,79,70,79,131,139
KAM3420225.1,480,611,497,6,0,6,2,1,4,4,4,8,16,8,20
KAM3420226.1,5744,5056,4663,16,8,12,4,27,32,18,16,25,30,36,66
KAM3420227.1,652,640,669,4,0,12,4,6,4,2,10,11,13,50,50
KAM3420229.1,3362,2644,3778,16,22,36,15,21,16,20,19,52,32,26,62
KAM3420230.1,286,168,212,0,0,0,4,2,0,0,0,2,0,0,2
KAM3420231.1,103,63,111,0,0,0,0,0,2,2,0,0,0,0,0
KAM3420232.1,10,8,7,0,0,0,2,2,0,0,0,0,0,0,1
KAM3420233.1,574,608,776,4,8,18,3,1,6,1,1,2,10,10,10
KAM3420234.1,1077,779,1364,2,4,3,22,20,8,13,10,36,30,20,16
KAM3420235.1,401,588,560,2,0,6,4,2,7,4,5,2,12,2,13
KAM3420236.1,2031,2017,1690,2,20,30,0,8,3,17,6,8,8,0,10
KAM3420237.1,300,384,388,0,0,6,0,2,0,0,2,0,2,4,6
KAM3420238.1,2,10,14,0,0,0,0,0,0,0,0,0,0,0,0
KAM3420239.1,1261,1155,1364,6,0,12,8,6,6,9,8,24,16,4,16
KAM3420240.1,6458,3665,3708,4,24,6,4,3,10,0,7,8,6,12,32
KAM3420241.1,39767,23081,20141,24,12,36,31,39,36,25,19,46,59,49,65
KAM3420242.1,1832,2215,2028,5,12,18,4,2,2,4,2,6,13,14,17
KAM3420243.1,345,192,383,2,0,0,4,10,14,14,12,25,5,9,6
KAM3420244.1,45,28,38,0,0,0,0,0,2,0,0,0,0,4,0
KAM3420245.1,29,12,31,0,0,0,2,0,0,0,2,2,0,0,0
KAM3420246.1,99,47,74,0,0,0,0,6,2,4,0,10,0,2,0
KAM3420248.1,144,190,198,6,0,6,8,0,4,2,4,6,3,5,6
KAM3420249.1,306,238,358,0,4,0,2,4,0,4,12,7,2,4,6
KAM3420250.1,67,54,76,0,0,0,0,0,0,0,0,4,0,0,0
KAM3420252.1,7428,2430,4189,0,0,0,2,5,4,4,12,6,4,6,12
KAM3420253.1,235,85,261,2,0,6,0,0,0,0,0,4,0,1,0
KAM3420254.1,324,129,400,0,4,6,6,8,2,5,4,0,2,0,2
KAM3420255.1,31,26,33,0,0,0,0,0,0,0,0,0,0,3,2
KAM3420256.1,1471,1591,1823,0,4,12,3,4,4,2,3,1,3,4,7
KAM3420257.1,27366,25972,26783,56,60,57,48,59,101,96,153,162,124,148,142
KAM3420258.1,4383,5049,3398,20,4,18,6,5,2,2,2,8,13,18,9
KAM3420259.1,1627,1727,2134,12,4,6,4,3,0,7,2,4,0,3,6
KAM3420260.1,351,279,435,2,0,0,6,4,0,6,8,8,0,2,2
KAM3420261.1,235,121,137,0,0,0,0,0,2,0,1,7,0,2,3
KAM3420262.1,9,2,12,0,0,0,0,0,0,0,0,0,0,0,0
KAM3420263.1,5379,4418,5906,36,44,36,48,52,44,70,76,66,62,58,88
KAM3420264.1,361,433,1491,4,0,12,0,4,2,4,2,6,24,42,20
KAM3420265.1,11580,15447,7757,12,8,18,14,12,12,12,16,12,32,40,56
KAM3420266.1,323,503,505,0,0,0,0,4,3,7,4,5,2,8,8
KAM3420267.1,5820,5353,9343,6,0,0,2,12,6,4,15,15,15,19,29
KAM3420268.1,643,633,772,3,0,6,4,4,5,7,2,7,1,7,12
KAM3420269.1,3753,2683,3370,2,8,0,7,14,4,27,12,28,6,8,10
KAM3420270.1,2556,2072,2927,0,4,0,0,1,0,8,6,7,4,0,0
KAM3420271.1,75,65,92,0,0,0,0,6,0,0,0,0,0,4,1
KAM3420272.1,18,9,33,0,0,0,0,0,0,0,0,2,4,2,0
KAM3420273.1,245,143,152,0,0,12,2,2,0,6,5,10,13,4,8
KAM3420274.1,614,325,399,2,0,0,0,6,0,2,2,2,26,10,18
KAM3420275.1,86,63,100,0,0,0,0,0,0,2,0,6,2,2,0
KAM3420276.1,201,155,304,0,4,0,5,1,0,2,3,0,2,0,2
KAM3420277.1,82,56,140,0,0,0,2,3,0,4,0,2,2,6,13
KAM3420278.1,1180,973,716,8,8,6,0,6,4,6,6,10,0,4,6
KAM3420279.1,8,7,20,0,0,0,0,0,2,0,0,0,0,1,1
KAM3420280.1,1159,1154,1444,1,0,0,0,12,6,11,8,15,14,23,30
KAM3420281.1,2064,2644,2520,2,0,6,0,6,9,0,2,4,9,14,14
KAM3420282.1,3345,2688,4915,4,4,0,2,12,6,9,19,10,12,2,18
KAM3420283.1,7127,4112,6708,20,16,30,12,30,22,61,31,18,106,140,152
KAM3420284.1,3553,3127,4629,8,18,42,7,30,8,4,14,6,21,29,68
KAM3420285.1,60,47,104,0,0,0,0,0,0,0,1,0,1,0,1
KAM3420287.1,52,56,74,2,0,0,2,0,0,0,2,0,0,0,4
KAM3420288.1,1534,792,1607,2,0,0,6,9,6,15,8,11,11,8,8
KAM3420290.1,1924,1195,2045,0,0,0,8,18,18,10,18,30,4,10,12
KAM3420291.1,415,264,294,2,0,0,0,2,0,0,0,6,2,2,4
KAM3420292.1,8225,8800,7984,14,36,6,18,26,18,35,35,53,37,20,27
KAM3420293.1,1677,1268,2259,8,12,0,18,27,27,18,14,26,14,18,14
KAM3420294.1,4659,2511,3550,0,0,12,51,64,83,79,75,80,8,41,34
KAM3420295.1,138,116,180,0,0,0,2,2,3,4,4,2,2,2,0
KAM3420297.1,50131,38494,36092,100,72,110,110,192,186,261,298,451,262,233,225
KAM3420298.1,46,26,22,0,0,0,0,0,0,0,0,2,0,0,2
KAM3420299.1,4,9,10,0,0,6,2,0,0,0,0,2,0,0,0
KAM3420300.1,217,196,212,4,0,0,0,4,2,6,6,4,8,12,7
KAM3420301.1,189,85,166,4,2,0,0,2,0,4,1,2,0,0,2
KAM3420302.1,76,54,47,0,0,0,2,0,0,0,0,2,0,0,0
KAM3420303.1,65,26,61,0,0,0,2,0,0,4,0,0,0,0,4
KAM3420304.1,2857,1596,2321,0,0,0,12,0,8,12,8,6,4,6,13
KAM3420305.1,3137,3772,3402,12,8,12,10,4,4,2,4,10,20,33,28
KAM3420306.1,1714,2074,2050,6,0,12,6,13,6,9,2,22,15,16,25
KAM3420307.1,4284,4313,5350,14,22,6,4,20,11,7,17,20,17,18,20
KAM3420308.1,481,545,593,0,0,0,1,0,3,3,3,4,4,0,6
KAM3420309.1,467,521,924,1,0,0,1,0,6,5,1,0,6,2,3
KAM3420310.1,535,456,623,0,8,0,8,0,4,13,10,2,6,5,4
KAM3420311.1,1507,1809,1689,4,4,0,11,7,10,19,10,12,9,11,18
KAM3420312.1,230,154,358,0,0,0,2,0,0,4,12,4,0,4,2
KAM3420313.1,160,101,227,0,0,0,0,0,0,8,3,12,2,0,0
KAM3420315.1,229,167,365,0,4,0,1,7,4,15,21,55,3,0,5
KAM3420316.1,1637,1271,1677,14,0,6,13,18,6,8,11,23,14,4,15
KAM3420317.1,680,694,598,2,4,6,3,7,6,2,4,6,26,24,44
KAM3420318.1,4564,3411,2778,18,12,6,8,7,16,16,12,45,24,43,84
KAM3420319.1,373,210,991,0,0,0,0,0,0,5,0,4,0,2,3
KAM3420320.1,9632,6093,9335,11,16,3,23,46,46,30,25,33,56,52,125
KAM3420321.1,8198,8925,9081,28,32,54,4,4,12,3,10,8,18,14,47
KAM3420322.1,595,706,1003,4,0,3,0,1,0,0,3,5,1,1,3
KAM3420323.1,2017,1406,1421,7,4,0,22,2,14,2,6,8,6,16,18
KAM3420324.1,758,848,872,2,4,12,5,7,0,5,0,18,2,2,6
KAM3420325.1,145,113,171,2,0,0,2,0,0,2,2,2,0,2,4
KAM3420326.1,2369,1482,2269,6,0,0,6,10,20,12,14,6,12,22,26
KAM3420327.1,191,52,259,0,0,0,4,8,1,2,2,0,1,0,4
KAM3420328.1,332,171,274,4,0,0,2,3,0,2,5,2,0,3,4
KAM3420330.1,499,431,500,0,0,0,4,0,6,8,7,4,5,9,10
KAM3420331.1,223,201,347,3,0,0,1,0,2,0,8,6,3,2,6
KAM3420332.1,1249,2051,1309,12,0,6,14,3,4,12,8,6,6,19,7
KAM3420334.1,33,18,2,0,0,0,0,0,0,0,0,0,0,0,0
KAM3420335.1,26,27,26,0,0,6,0,0,0,0,0,0,0,0,0
KAM3420336.1,636,587,650,0,0,0,4,2,0,10,2,2,6,2,10
KAM3420337.1,26,35,56,0,0,0,0,0,0,0,0,0,0,0,0
KAM3420338.1,1603,1240,939,0,2,6,3,0,1,4,1,0,14,18,18
KAM3420339.1,847,996,1209,14,4,9,6,2,4,0,6,9,15,35,40
KAM3420340.1,16,19,64,0,0,0,0,0,0,0,0,0,0,0,0
KAM3420341.1,399,336,385,4,0,6,0,2,2,0,0,0,0,2,8
KAM3420342.1,444,506,548,0,4,18,4,8,4,4,6,14,7,6,7
KAM3420343.1,399,318,577,2,4,0,2,10,2,8,2,2,0,2,0
KAM3420344.1,100,104,301,0,0,0,0,0,0,2,3,0,0,0,0
KAM3420345.1,1257,775,1048,2,0,0,10,8,8,4,4,13,1,4,7
KAM3420346.1,310,320,373,0,2,0,2,2,0,4,2,4,1,2,2
KAM3420347.1,809,1156,1051,4,8,24,5,4,4,13,15,10,1,0,18
KAM3420348.1,1222,1427,1414,10,6,0,11,17,6,24,14,16,4,8,15
KAM3420349.1,930,779,1141,2,8,12,2,6,2,2,8,11,2,4,10
KAM3420350.1,280,320,281,1,2,0,3,9,6,2,2,2,12,8,3
KAM3420351.1,4504,5245,4267,18,4,12,7,16,4,16,10,12,22,18,29
KAM3420352.1,1880,2275,1824,18,12,54,10,9,21,18,2,8,34,16,30
KAM3420353.1,410,503,656,6,0,0,5,2,0,2,2,2,8,12,12
KAM3420354.1,3324,2318,2758,2,0,18,8,11,14,8,23,22,18,20,34
KAM3420355.1,1906,1416,2425,3,6,0,2,10,4,17,12,9,6,4,8
KAM3420356.1,743,756,695,7,12,6,2,0,2,1,4,7,14,23,22
KAM3420357.1,1984,1981,1793,8,8,6,4,3,10,8,0,26,6,6,12
KAM3420358.1,6,0,0,0,0,0,0,0,0,0,0,0,0,0,0
KAM3420359.1,204,116,199,0,0,0,0,2,4,4,2,4,10,6,10
KAM3420360.1,1047,1113,1032,4,4,0,4,0,5,6,5,6,2,13,22
KAM3420361.1,2257,2443,2079,10,8,12,12,12,20,10,8,30,16,8,18
KAM3420362.1,107880,107794,93940,82,48,117,45,76,43,127,160,188,142,111,172
KAM3420363.1,552,288,582,0,8,0,6,4,0,6,8,4,0,10,8
KAM3420364.1,376,189,426,0,0,0,4,0,2,8,16,17,3,2,3
KAM3420365.1,376,212,310,0,0,0,6,3,9,4,1,2,0,0,3
KAM3420366.1,462,235,389,2,0,0,6,9,6,5,2,6,3,5,5
KAM3420367.1,373,347,488,0,0,0,5,6,2,8,2,0,3,2,7
KAM3420368.1,2337,2241,2812,2,0,9,8,17,4,8,9,7,49,35,70
KAM3420370.1,2283,1585,2436,4,8,0,8,6,2,2,10,2,9,6,14
KAM3420372.1,2158,1731,1391,0,0,0,0,0,0,2,2,0,0,0,2
KAM3420373.1,573,350,886,0,4,0,2,4,1,4,6,4,12,4,6
KAM3420374.1,5068,4217,4459,22,26,6,12,16,19,12,21,22,24,25,30
KAM3420375.1,132,77,75,0,0,0,0,2,0,1,0,0,0,1,0
KAM3420376.1,177,154,277,0,0,0,0,1,0,0,0,1,0,1,2
KAM3420377.1,3,1,3,0,0,0,0,2,0,0,0,0,0,0,0
KAM3420378.1,108,66,95,0,0,0,0,1,2,1,2,1,0,0,1
KAM3420379.1,718,578,1085,6,8,6,7,15,4,9,6,10,17,18,26
KAM3420380.1,960,381,697,0,0,0,2,2,4,6,0,2,14,16,28
KAM3420381.1,580,231,530,0,4,0,0,7,2,4,4,0,7,8,6
KAM3420382.1,105,94,128,0,0,0,0,1,0,0,0,0,3,4,3
KAM3420384.1,6946,5615,7689,31,28,69,44,70,40,34,29,32,163,186,173
KAM3420385.1,3610,3504,2697,21,4,60,2,12,5,2,8,20,19,22,32
KAM3420386.1,4362,4820,4095,16,8,27,9,5,6,13,8,14,10,8,14
KAM3420388.1,1097,1055,2309,0,0,0,0,1,0,9,6,1,2,0,0
KAM3420389.1,568,861,889,1,0,0,4,4,10,5,6,0,11,23,34
KAM3420390.1,2993,1844,2831,0,0,6,0,0,0,8,1,9,6,3,13
KAM3420392.1,6,7,6,0,0,0,1,0,0,0,0,0,2,0,2
KAM3420393.1,422,287,428,2,4,0,4,8,2,8,4,6,2,0,0
KAM3420395.1,307,375,418,2,4,0,0,7,5,2,11,4,9,9,19
KAM3420396.1,104,69,123,0,0,0,0,0,0,4,2,2,0,3,6
KAM3420397.1,1947,2250,1871,6,0,24,5,4,13,4,8,8,16,26,26
KAM3420399.1,912,1129,816,7,4,0,2,2,2,2,1,2,3,6,11
KAM3420400.1,1657,2174,1649,6,14,6,0,2,2,4,0,4,11,3,18
KAM3420401.1,100,180,168,0,0,0,0,0,2,0,2,1,0,0,2
KAM3420402.1,40,98,37,0,0,12,0,0,0,0,0,0,0,2,0
KAM3420403.1,543,508,556,0,0,0,2,12,6,4,2,4,6,7,10
KAM3420404.1,760,668,1070,0,4,0,2,1,6,3,3,4,3,1,2
KAM3420405.1,52555,56124,52726,26,40,36,19,40,14,77,79,112,85,80,94
KAM3420406.1,109,88,94,0,0,3,2,0,0,0,0,1,2,0,0
KAM3420407.1,540,754,791,0,0,0,31,26,14,16,54,81,62,32,52
KAM3420408.1,224,348,189,0,0,0,2,1,0,4,2,3,4,4,1
KAM3420409.1,175,199,288,0,0,0,3,2,3,10,8,7,14,2,2
KAM3420410.1,103,121,196,0,0,0,4,0,2,3,2,4,3,0,2
KAM3420411.1,1149,1794,1703,14,16,9,6,2,5,6,0,3,22,12,22
KAM3420412.1,21905,33897,25155,60,72,96,31,16,21,26,24,18,151,124,219
KAM3420413.1,138,154,218,2,0,0,3,2,6,8,4,2,20,5,22
KAM3420414.1,8323,9178,8216,31,54,42,4,9,7,13,18,30,16,11,14
KAM3420415.1,4964,4702,3807,9,24,12,5,5,7,10,6,8,14,5,20
KAM3420416.1,2895,2888,2685,6,12,12,4,2,12,4,14,7,6,9,18
KAM3420417.1,2497,2298,2388,16,4,6,22,12,6,10,16,20,43,20,53
KAM3420418.1,829,995,830,14,4,6,10,3,8,6,14,12,5,6,16
KAM3420419.1,15,35,41,0,0,0,0,0,2,0,2,0,2,0,0
KAM3420420.1,17,14,25,0,0,0,0,0,2,0,0,0,0,0,0
KAM3420421.1,78,39,311,0,0,0,0,0,0,4,4,6,8,0,6
KAM3420422.1,321,221,443,0,0,0,0,0,0,0,0,0,2,2,0
KAM3420423.1,6774,6095,7243,24,10,12,6,11,20,15,24,10,28,38,37
KAM3420424.1,55,15,50,0,0,0,0,0,0,2,0,0,0,0,0
KAM3420425.1,2016,1849,1850,5,8,0,6,7,4,22,22,12,12,11,6
KAM3420426.1,1115,1081,1554,2,4,15,14,9,11,15,14,17,5,5,8
KAM3420427.1,6183,5099,2601,6,4,18,8,10,12,40,20,48,106,112,179
KAM3420428.1,8026,7161,6763,12,8,24,16,48,16,132,136,207,58,68,36
KAM3420429.1,7332,7412,5968,19,12,42,18,34,14,46,43,89,31,28,66
KAM3420430.1,77,55,121,3,0,0,3,0,0,0,4,3,0,2,0
KAM3420431.1,1068,805,1006,0,0,0,1,10,0,10,8,27,63,4,11
KAM3420432.1,144,152,137,0,0,0,2,0,0,0,8,17,2,2,0
KAM3420433.1,1266,1035,1918,8,8,0,17,10,37,14,32,30,16,16,18
KAM3420434.1,102632,86601,133989,86,40,96,230,318,487,428,304,313,192,311,514
KAM3420435.1,2327,2247,2790,26,32,69,25,36,50,17,35,45,35,30,28
KAM3420436.1,1908,1478,1697,10,8,24,19,24,30,22,28,26,21,15,34
KAM3420437.1,1813,1946,2257,18,12,18,8,17,7,17,20,20,20,12,10
KAM3420438.1,289,276,473,0,0,0,8,1,4,16,8,8,5,2,4
KAM3420439.1,651,840,992,4,4,0,4,15,9,8,26,2,16,18,10
KAM3420440.1,28,12,42,0,0,0,0,0,0,0,0,0,0,0,0
KAM3420441.1,90,64,170,0,0,0,1,0,0,1,2,0,1,0,0
KAM3420442.1,1212,1309,1234,8,8,6,10,6,7,2,14,9,4,10,18
KAM3420446.1,1270,1157,1229,2,4,0,2,4,4,2,9,10,16,8,27
KAM3420447.1,67,36,48,0,0,0,0,0,0,0,0,0,0,0,2
KAM3420448.1,279,261,450,0,0,0,3,5,0,5,0,7,2,4,6
KAM3420449.1,247,242,329,2,0,0,2,3,2,0,0,3,1,1,3
KAM3420450.1,798,559,778,4,0,6,4,4,4,6,2,6,8,6,9
KAM3420451.1,464,205,1754,0,0,0,0,3,3,8,3,6,3,2,3
KAM3420452.1,69,51,125,1,0,6,3,0,0,0,1,1,4,2,3
KAM3420453.1,135,144,124,0,0,0,4,6,0,0,3,0,4,4,2
KAM3420454.1,788,297,969,6,8,6,14,28,18,25,8,14,2,2,6
KAM3420455.1,100,100,166,2,4,0,2,2,6,0,2,2,2,6,2
KAM3420456.1,159,115,211,0,0,0,4,6,2,6,9,14,8,9,5
KAM3420457.1,896,700,1108,6,0,12,4,14,18,28,42,58,12,18,16
KAM3420458.1,81,47,121,0,0,6,0,0,4,2,0,1,0,2,0
KAM3420459.1,3303,2996,2931,14,16,6,18,10,45,15,11,32,55,31,56
KAM3420461.1,17,4,30,0,0,0,0,0,0,0,2,4,0,4,0
KAM3420462.1,281,220,501,2,8,0,4,4,14,4,8,18,3,4,4
KAM3420463.1,1255,798,1420,4,0,0,31,28,31,29,45,46,47,46,45
KAM3420464.1,1115,929,865,1,4,0,12,10,23,44,43,52,7,17,20
KAM3420465.1,255,140,243,0,2,0,4,7,2,2,1,3,9,14,10
KAM3420466.1,1084,913,862,0,0,12,2,0,1,0,2,4,0,0,4
KAM3420467.1,87,65,140,0,4,0,0,0,2,0,4,6,0,2,2
KAM3420468.1,38,11,44,0,0,0,0,0,0,2,0,0,0,0,4
KAM3420469.1,2513,2371,3297,0,0,0,6,8,2,8,8,6,2,2,3
KAM3420470.1,44903,26487,23256,25,20,30,31,105,62,74,72,113,162,197,335
KAM3420471.1,15,16,37,0,0,0,0,0,0,0,0,2,0,2,0
KAM3420472.1,2,0,2,0,0,0,0,0,0,0,0,0,0,0,0
KAM3420473.1,1274,1312,1220,8,0,0,4,1,2,4,2,6,8,12,11
KAM3420474.1,3879,2891,4956,0,4,6,13,2,8,22,19,19,16,14,25
KAM3420475.1,4600,4670,3903,0,0,6,0,0,0,5,6,4,8,3,5
KAM3420476.1,418,393,700,0,0,0,0,3,0,4,4,7,2,2,0
KAM3420477.1,2944,2605,2863,0,16,6,8,14,6,11,27,30,19,6,7
KAM3420478.1,939,1327,1280,6,16,12,4,10,2,6,22,3,15,21,18
KAM3420479.1,1515,1370,1488,16,12,12,0,4,10,10,2,8,20,32,30
KAM3420480.1,2050,1989,1450,4,36,24,11,13,8,14,7,6,5,7,5
KAM3420481.1,279,144,230,0,0,6,6,12,10,12,10,33,56,77,49
KAM3420482.1,4073,3710,4011,12,16,6,4,12,10,4,22,14,14,12,24
KAM3420483.1,358,305,498,4,0,0,0,1,2,0,8,0,6,1,5
KAM3420484.1,34,71,98,2,6,0,0,0,0,0,0,0,0,2,0
KAM3420485.1,9064,8223,7865,6,8,0,8,20,9,23,23,25,13,32,25
KAM3420486.1,402,624,685,0,4,0,0,0,6,2,10,4,18,10,14
KAM3420487.1,111,179,179,2,4,0,0,0,0,0,3,3,1,0,0
KAM3420488.1,65,67,116,0,0,0,0,0,0,0,0,0,0,0,0
KAM3420490.1,42,27,142,0,0,0,0,0,0,0,0,0,28,4,26
KAM3420491.1,635,394,562,2,0,0,0,4,4,4,4,2,2,0,6
KAM3420492.1,171,128,70,0,4,0,2,2,0,0,3,6,1,0,0
KAM3420493.1,507,286,839,3,8,0,6,6,10,14,6,16,8,15,7
KAM3420494.1,156,104,189,0,4,0,2,0,0,0,0,4,0,2,0
KAM3420495.1,322,175,892,0,0,0,0,4,0,0,3,5,2,4,8
KAM3420496.1,39109,26772,24948,6,24,36,6,37,6,17,16,28,34,52,117
KAM3420497.1,584,310,665,0,4,9,2,2,1,4,11,12,4,8,14
KAM3420498.1,4598,5187,4155,2,12,24,0,11,8,19,23,30,19,28,32
KAM3420499.1,784,890,877,8,4,0,3,6,6,2,8,11,4,1,10
KAM3420500.1,1812,1827,1341,6,4,0,7,7,6,2,6,0,21,14,18
KAM3420501.1,78,104,78,0,0,0,2,0,0,0,2,2,0,0,0
KAM3420502.1,179,173,315,0,4,6,0,0,0,3,0,0,0,0,0
KAM3420503.1,23,24,41,0,0,0,0,0,0,0,0,0,0,0,0
KAM3420504.1,23716,21695,20826,76,92,66,10,22,12,2,7,14,42,34,43
KAM3420506.1,4311,4228,4945,4,26,21,4,5,3,8,5,0,8,11,16
KAM3420507.1,2315,2335,3251,8,6,0,4,8,7,20,14,15,12,10,21
KAM3420508.1,6257,6986,10156,9,8,18,15,18,8,26,29,22,29,26,34
KAM3420509.1,1763,2065,2211,4,8,6,2,4,3,2,6,1,16,21,21
KAM3420510.1,99,54,55,0,0,0,0,0,0,0,0,2,0,0,0
KAM3420511.1,2214,1792,1701,4,8,6,10,23,9,9,24,23,15,24,19
KAM3420512.1,5155,4307,6674,37,44,30,39,54,48,47,27,38,97,134,164
KAM3420513.1,4147,4396,3419,20,20,6,8,11,16,12,9,18,31,25,38
KAM3420515.1,159,209,222,0,0,0,0,0,0,0,0,6,0,0,1
KAM3420516.1,373,372,457,2,4,0,0,4,0,0,0,0,2,0,0
KAM3420517.1,984,1154,872,0,4,0,0,10,0,3,0,8,8,7,4
KAM3420518.1,546,326,511,4,0,0,0,10,2,4,10,9,72,109,194
KAM3420519.1,7954,4913,5020,11,8,0,20,6,6,6,0,6,83,91,131
KAM3420520.1,23135,16301,11566,65,4,18,12,20,10,20,14,16,95,114,143
KAM3420521.1,2422,2735,2217,7,4,0,1,13,8,0,3,6,15,14,27
KAM3420522.1,461,523,445,0,0,0,2,5,0,3,3,11,7,14,9
KAM3420523.1,1591,1138,1274,0,0,6,0,10,5,6,18,17,12,11,10
KAM3420524.1,273,248,432,2,0,0,2,5,2,2,9,13,0,4,4
KAM3420526.1,1133,976,1161,4,8,0,2,8,2,12,6,17,15,30,22
KAM3420527.1,79,78,89,1,0,0,2,0,1,0,1,0,0,2,0
KAM3420528.1,649,607,757,0,0,0,0,4,0,2,2,0,0,0,4
KAM3420529.1,16163,15315,12450,14,12,24,11,20,10,14,26,27,32,65,94
KAM3420530.1,21321,19717,15817,17,0,9,6,0,0,8,2,6,7,12,23
KAM3420531.1,3929,3860,4424,10,0,6,0,8,2,8,4,10,0,0,0
KAM3420532.1,2643,2866,2632,2,10,18,7,4,10,19,6,12,14,16,14
KAM3420533.1,3542,3123,3845,14,8,12,17,16,24,39,16,37,87,54,103
KAM3420534.1,1137,999,1241,6,4,12,6,2,10,2,2,0,30,18,18
KAM3420535.1,289,290,386,4,4,0,0,2,1,2,10,6,6,2,2
KAM3420536.1,34,30,68,0,0,0,0,0,2,0,0,2,0,0,1
KAM3420537.1,50922,50369,48090,122,64,105,100,57,96,72,66,60,158,138,189
KAM3420538.1,1154,921,1146,2,0,18,10,8,4,10,18,8,4,14,14
KAM3420539.1,371,252,414,0,0,0,0,2,0,16,2,10,6,0,4
KAM3420540.1,6638,5659,4826,38,26,54,19,25,19,28,27,41,40,46,51
KAM3420541.1,7481,5779,8421,35,28,18,40,80,52,50,40,49,67,102,79
KAM3420542.1,334,191,478,2,4,0,4,2,2,3,6,9,2,2,2
KAM3420543.1,1118,1055,1000,4,0,0,2,4,0,0,10,0,12,18,6
KAM3420544.1,61,42,73,2,4,0,4,0,0,2,0,2,0,3,4
KAM3420546.1,117,44,127,1,0,0,0,0,0,0,2,0,0,3,2
KAM3420548.1,173,87,159,2,0,0,6,4,6,0,2,4,4,11,4
KAM3420549.1,314,263,414,0,0,0,2,2,8,0,0,1,85,140,189
KAM3420550.1,8240,10187,13858,8,0,12,18,15,29,21,21,27,30,25,23
KAM3420551.1,114,60,109,0,4,0,0,2,0,2,4,4,2,2,0
KAM3420552.1,300,208,348,2,0,6,0,4,2,2,0,2,8,4,0
KAM3420553.1,30,33,57,0,0,0,2,0,0,0,0,6,0,0,0
KAM3420555.1,6517,6299,5893,10,4,30,4,8,8,6,10,14,42,30,46
KAM3420556.1,768,824,857,0,4,12,2,9,6,10,2,8,6,2,8
KAM3420557.1,5829,4699,4933,32,24,36,29,39,14,23,18,43,28,21,57
KAM3420558.1,44,44,29,0,0,0,0,0,0,0,0,0,0,0,0
KAM3420559.1,4208,4265,4651,36,36,66,4,8,6,20,16,20,35,20,32
KAM3420560.1,765,702,790,10,4,6,6,7,2,4,2,8,18,6,17
KAM3420561.1,129,153,233,0,2,0,8,2,1,3,4,4,2,2,3
KAM3420562.1,794,808,694,4,4,0,0,0,8,2,1,4,10,10,20
KAM3420563.1,401,218,595,0,0,0,6,9,1,8,9,10,11,16,23
KAM3420564.1,5668,3919,3168,7,0,0,40,25,16,44,49,64,310,399,481
KAM3420565.1,15394,12807,14355,17,12,9,28,34,21,58,49,91,47,61,85
KAM3420566.1,57170,57490,41163,67,80,60,14,21,8,24,56,42,509,530,483
KAM3420567.1,274,272,379,2,0,0,0,0,2,1,3,4,0,2,4
KAM3420568.1,346,337,301,2,0,0,0,0,1,3,2,4,4,0,6
KAM3420569.1,944,1285,784,8,0,0,6,2,2,0,6,10,2,3,0
KAM3420570.1,342,178,472,0,2,0,2,0,0,4,0,3,0,0,0
KAM3420571.1,3970,2895,4571,8,8,6,15,48,14,46,61,73,16,31,25
KAM3420572.1,450,367,229,0,0,0,3,5,4,5,5,7,6,1,9
KAM3420573.1,1951,1980,2450,14,0,6,6,18,2,7,10,12,18,13,50
KAM3420574.1,7,2,13,0,0,0,0,0,0,0,2,0,0,0,0
KAM3420575.1,869,817,803,4,0,0,0,0,2,0,4,2,8,8,15
KAM3420576.1,4754,3792,3226,6,8,0,4,14,0,7,12,29,8,3,22
KAM3420577.1,2572,1519,1648,0,4,0,2,6,6,20,30,30,2,14,26
KAM3420578.1,215,251,329,0,12,6,2,2,4,6,6,2,4,2,4
KAM3420579.1,2877,2279,3048,6,12,6,21,24,8,20,32,14,34,34,24
KAM3420580.1,68,30,74,0,0,0,0,0,0,2,0,0,0,0,0
KAM3420581.1,732,479,805,0,0,0,0,5,0,6,8,6,12,24,20
KAM3420582.1,43,45,107,4,0,0,0,0,0,1,6,7,0,10,6
KAM3420583.1,125,180,104,0,0,3,0,0,1,0,0,2,6,5,4
KAM3420584.1,3445,3015,3509,14,8,12,6,26,25,19,18,24,76,70,116
KAM3420585.1,7,6,10,0,0,0,0,0,0,0,0,0,0,1,4
KAM3420586.1,15,1,9,0,0,0,0,0,0,0,0,1,0,0,0
KAM3420587.1,272,228,338,0,0,0,0,6,0,0,2,1,0,0,4
KAM3420588.1,37,35,55,0,4,0,0,0,2,0,1,0,4,0,1
KAM3420589.1,797,807,894,0,8,0,4,12,14,4,16,18,14,22,10
KAM3420590.1,4,4,4,0,0,0,0,0,0,0,0,0,0,0,0
KAM3420591.1,281,178,277,6,0,0,4,8,6,0,8,6,7,8,14
KAM3420592.1,421,401,631,4,0,3,6,4,1,5,4,2,8,13,14
KAM3420593.1,12,8,33,1,0,0,0,2,0,0,0,0,2,0,0
KAM3420594.1,1534,1756,1578,16,12,12,2,0,10,16,0,4,39,19,30
KAM3420595.1,74,48,58,0,0,0,0,2,0,2,0,2,0,2,2
KAM3420596.1,89,87,140,0,0,0,2,1,4,9,5,6,2,0,2
KAM3420597.1,205,155,251,0,0,0,2,2,0,6,2,4,4,4,3
KAM3420598.1,7,14,60,0,0,0,2,0,0,0,0,2,4,2,2
KAM3420599.1,2,3,4,0,0,0,0,0,0,0,0,0,0,0,0
KAM3420600.1,5145,3890,3354,88,60,90,38,91,25,76,103,231,130,118,145
KAM3420601.1,77,47,76,0,0,0,0,0,0,0,0,0,1,0,4
KAM3420602.1,20872,22474,28431,17,16,27,4,16,7,8,12,30,33,28,54
KAM3420603.1,1672,1606,3400,10,4,6,2,8,0,6,5,11,4,2,6
KAM3420604.1,365,136,298,0,0,0,1,0,0,2,2,0,2,0,0
KAM3420605.1,3921,4556,4565,20,16,30,18,20,12,10,19,18,35,51,74
KAM3420607.1,66,73,202,0,0,0,0,0,2,0,0,4,0,2,0
KAM3420608.1,95,83,127,0,4,0,0,6,1,2,0,2,0,0,0
KAM3420609.1,114,123,130,0,4,0,0,0,0,0,0,2,1,2,0
KAM3420610.1,1340,1053,1212,2,0,12,6,10,6,8,6,0,15,24,52
KAM3420611.1,166,175,86,1,0,0,0,2,0,2,2,1,0,0,4
KAM3420612.1,416,416,700,1,0,0,4,0,4,2,8,3,11,22,5
KAM3420613.1,348,347,458,1,4,0,0,9,4,11,0,7,2,4,6
KAM3420614.1,68,66,135,0,0,0,0,0,0,0,0,0,0,0,0
KAM3420615.1,1001,756,1833,0,0,0,0,0,2,2,6,0,2,0,2
KAM3420616.1,62,57,104,0,0,0,0,0,2,0,4,0,2,3,2
KAM3420617.1,438,447,461,4,8,12,2,4,6,3,3,8,8,10,12
KAM3420618.1,351,272,257,4,0,0,2,4,1,0,4,0,2,2,4
KAM3420621.1,31,13,81,0,0,0,0,0,0,1,2,2,0,0,0
KAM3420622.1,18,12,41,0,0,0,0,0,0,0,0,0,0,0,0
KAM3420623.1,468,608,622,0,0,6,0,0,2,0,2,0,4,8,4
KAM3420624.1,347,234,413,0,0,0,0,0,0,3,4,3,1,5,5
KAM3420625.1,528,569,584,8,0,6,0,2,5,6,2,5,11,28,14
KAM3420627.1,688,833,1225,0,0,0,10,6,8,10,12,16,19,26,16
KAM3420628.1,1167,1050,1144,3,2,12,4,2,7,5,4,12,19,6,18
KAM3420629.1,598,490,651,2,4,0,6,6,4,3,5,0,13,14,23
KAM3420630.1,10,2,18,0,0,0,0,0,0,0,0,0,2,0,0
KAM3420631.1,1943,1225,1366,4,0,0,2,0,0,2,2,4,0,6,2
KAM3420632.1,609,516,874,0,0,6,0,0,0,5,4,5,4,4,10
KAM3420634.1,218,252,198,1,0,0,2,0,2,0,2,0,0,0,2
KAM3420635.1,1818,1847,2140,0,8,6,2,2,10,16,18,26,12,20,30
KAM3420636.1,800,496,422,8,8,0,0,0,2,0,0,4,4,12,10
KAM3420637.1,1010,849,871,14,8,18,2,2,12,8,0,24,10,15,26
KAM3420638.1,1481,1244,1476,4,0,0,16,6,20,16,10,20,20,39,33
KAM3420640.1,195,105,130,0,0,0,0,0,0,0,2,0,2,0,0
KAM3420641.1,0,4,10,0,0,0,0,0,0,0,0,0,0,0,0
KAM3420642.1,267,269,330,2,0,0,2,2,4,0,2,8,5,2,6
KAM3420643.1,951,1054,790,6,0,0,8,6,2,3,4,9,18,6,16
KAM3420644.1,420,480,382,2,0,6,2,2,2,0,0,6,19,12,12
KAM3420645.1,156,120,188,2,0,3,0,0,1,0,0,2,5,4,0
KAM3420646.1,5157,7698,4419,35,52,75,8,7,1,8,16,16,10,6,15
KAM3420647.1,40,24,33,0,4,0,0,0,0,0,0,0,0,0,4
KAM3420648.1,13,14,19,0,0,0,0,0,0,0,2,0,0,0,6
KAM3420649.1,56,43,73,6,0,0,2,4,0,0,0,2,2,2,0
KAM3420650.1,4,2,16,0,0,0,0,0,0,0,0,0,0,0,0
KAM3420651.1,172,73,142,0,0,0,0,4,0,0,2,2,0,0,2
KAM3420652.1,98,110,142,0,0,0,0,1,0,0,0,2,2,2,0
KAM3420653.1,30,12,36,0,0,0,0,0,0,0,0,0,2,0,2
KAM3420655.1,395,348,594,1,2,0,2,8,2,3,4,0,7,2,6
KAM3420656.1,14,13,25,0,0,0,0,0,0,0,0,2,0,0,0
KAM3420657.1,195,173,97,0,0,0,0,0,0,0,0,2,0,2,9
KAM3420658.1,156,84,194,0,0,0,2,6,0,0,0,1,4,0,6
KAM3420659.1,499,540,601,4,0,0,2,9,10,6,12,0,21,25,31
KAM3420660.1,24,40,22,0,0,12,2,0,0,0,0,0,2,0,6
KAM3420661.1,302,356,436,4,12,0,2,4,7,4,2,2,14,6,24
KAM3420662.1,2431,2373,3104,6,24,12,20,26,14,8,19,18,70,42,78
KAM3420663.1,11,24,17,0,2,0,0,0,1,0,0,0,0,2,0
KAM3420664.1,1998,1910,2847,2,4,6,6,8,4,38,37,32,20,18,28
KAM3420665.1,302,424,232,14,0,0,0,0,3,0,1,6,16,14,19
KAM3420666.1,39,28,66,0,0,6,0,2,0,0,0,0,4,0,2
KAM3420667.1,903,471,888,2,0,0,8,5,6,10,8,16,8,15,20
KAM3420668.1,120,80,123,0,0,6,0,8,2,3,2,2,2,1,2
KAM3420669.1,5,12,10,0,0,0,0,0,0,0,0,0,0,0,0
KAM3420670.1,502,493,646,0,0,0,0,3,2,2,2,10,2,4,4
KAM3420671.1,1204,1384,1421,0,4,0,2,6,7,12,6,2,14,7,8
KAM3420672.1,1217,1240,1242,2,12,0,0,2,7,12,4,8,28,31,28
KAM3420673.1,1336,1251,1432,11,8,18,5,23,8,7,2,5,23,20,25
KAM3420674.1,112,61,97,0,0,0,0,0,0,2,1,3,0,0,0
KAM3420675.1,115,109,107,0,0,0,2,4,1,8,3,5,7,1,4
KAM3420676.1,355,304,383,0,0,0,2,4,0,0,0,1,3,0,2
KAM3420677.1,253,247,274,0,0,0,0,1,0,0,0,1,0,0,0
KAM3420678.1,3902,4443,3324,2,4,0,0,0,0,0,2,2,4,12,8
KAM3420679.1,175,152,180,0,0,0,0,0,0,9,6,6,4,4,12
KAM3420680.1,2412,2851,2855,8,0,12,12,2,10,12,8,14,32,10,35
KAM3420681.1,65,97,59,0,0,6,2,3,2,2,2,0,2,0,4
KAM3420682.1,1349,1428,1396,12,4,0,6,10,3,8,12,16,30,38,28
KAM3420683.1,234,387,325,6,4,12,4,10,2,0,2,6,0,2,6
KAM3420684.1,339,260,400,4,0,0,2,2,0,8,10,8,3,3,6
KAM3420686.1,714,807,592,0,0,0,2,12,4,14,18,19,27,21,15
KAM3420687.1,104,66,118,0,0,0,2,1,0,0,0,0,0,0,0
KAM3420688.1,59,49,63,0,0,0,0,0,2,0,0,0,0,0,0
KAM3420689.1,341,415,514,2,0,0,4,0,2,2,2,2,20,24,32
KAM3420690.1,495,326,561,2,0,6,4,0,8,2,4,3,12,8,12
KAM3420691.1,1283,1156,1183,2,6,0,3,2,2,5,0,2,13,9,8
KAM3420693.1,3896,3557,4775,8,12,0,3,2,9,9,26,19,11,8,10
KAM3420694.1,23832,24329,35193,21,24,30,7,17,3,13,27,13,35,34,69
KAM3420695.1,235,166,336,0,0,0,0,0,0,0,0,0,0,0,0
KAM3420696.1,2707,2679,1933,10,16,18,6,3,11,10,11,19,12,2,14
KAM3420698.1,149,112,206,2,0,0,1,2,1,2,1,0,3,0,0
KAM3420699.1,3845,3690,3663,11,10,6,14,8,9,12,9,22,37,34,63
KAM3420700.1,2243,1393,1386,6,8,18,8,2,2,1,2,3,8,6,11
KAM3420701.1,1355,687,1030,2,4,6,6,0,0,1,0,3,6,6,6
KAM3420702.1,1455,1421,2737,0,8,6,3,4,6,4,7,6,8,6,6
KAM3420704.1,125,93,146,0,4,0,4,6,4,6,8,4,2,6,0
KAM3420705.1,133,48,186,0,0,0,4,0,0,0,7,2,4,2,2
KAM3420706.1,4469,3447,5484,12,22,24,8,22,14,20,14,16,18,30,55
KAM3420707.1,355,401,400,0,12,0,0,2,8,0,2,2,1,4,0
KAM3420708.1,1851,1545,1343,8,24,3,6,12,1,30,30,46,6,10,16
KAM3420709.1,65,35,100,0,0,0,0,0,0,0,1,1,0,0,1
KAM3420710.1,1035,442,741,0,0,0,1,12,6,8,7,6,4,8,13
KAM3420711.1,68,37,77,0,0,0,0,0,1,2,1,0,0,0,2
KAM3420713.1,9980,7336,8576,22,20,6,46,13,38,22,28,37,66,106,83
KAM3420714.1,182,162,191,0,0,0,1,2,0,2,4,4,0,4,4
KAM3420715.1,62,95,148,2,0,0,0,6,4,2,0,1,3,2,3
KAM3420716.1,147,237,187,2,0,0,5,0,0,0,0,6,4,2,12
KAM3420717.1,1255,939,855,9,0,12,6,10,15,2,22,5,18,12,17
KAM3420718.1,7,13,20,0,0,0,0,0,0,0,0,0,0,0,0
KAM3420719.1,109,111,49,1,0,0,0,0,0,1,1,1,0,0,2
KAM3420720.1,1179,903,913,0,0,12,2,4,2,7,6,11,6,4,14
KAM3420721.1,26,6,17,0,0,0,0,0,0,0,0,0,2,0,0
KAM3420722.1,248,177,348,0,4,0,0,2,0,0,0,2,2,2,0
KAM3420723.1,1458,1213,1173,2,0,0,0,2,0,0,0,2,2,7,4
KAM3420724.1,4843,3039,3295,8,0,12,13,15,24,40,38,52,10,30,18
KAM3420725.1,1212,679,2564,29,12,42,0,0,2,0,0,4,3,3,2
KAM3420726.1,2799,1280,2533,3,4,6,8,18,14,23,22,12,50,53,100
KAM3420727.1,2308,2513,1698,2,12,6,6,1,10,2,2,8,14,8,23
KAM3420728.1,695,611,943,0,0,0,10,2,0,6,6,2,4,23,29
KAM3420729.1,955,397,646,4,8,0,8,9,0,10,4,10,7,9,8
KAM3420730.1,3887,4222,3475,16,8,51,6,8,11,18,8,11,67,68,70
KAM3420731.1,161300,162994,121896,86,80,96,14,31,13,52,86,130,122,124,163
KAM3420732.1,2527,2144,2369,14,12,0,2,16,8,18,14,14,29,2,9
KAM3420734.1,562,211,495,0,0,0,0,0,4,0,2,0,2,5,0
KAM3420735.1,77,21,60,0,0,0,0,0,1,0,2,0,0,2,0
KAM3420736.1,184,162,252,0,0,0,0,0,0,0,0,0,0,0,0
KAM3420737.1,187,229,233,0,0,0,0,0,0,0,0,0,0,0,0
KAM3420738.1,2509,2837,2034,4,8,12,6,5,8,18,10,17,14,16,22
KAM3420739.1,329,217,345,2,0,6,2,4,0,2,0,2,0,2,2
KAM3420740.1,951,927,1361,0,0,6,0,4,2,4,0,13,8,4,14
KAM3420741.1,4916,5584,6241,20,12,18,4,21,18,36,29,13,33,38,31
KAM3420742.1,474,504,805,0,0,0,2,6,0,4,8,6,10,2,2
KAM3420743.1,18796,19107,22119,19,30,6,7,14,10,15,22,28,44,30,53
KAM3420744.1,2660,2133,1854,2,8,0,8,4,0,15,5,22,16,8,14
KAM3420746.1,921,630,678,0,0,0,0,0,2,2,2,6,0,4,4
KAM3420747.1,164,120,309,0,0,0,4,10,12,22,43,92,12,8,4
KAM3420748.1,2,0,2,0,0,0,2,0,0,0,0,0,0,0,0
KAM3420749.1,20,24,19,0,0,0,0,0,0,0,0,4,0,0,0
KAM3420750.1,4,5,9,0,0,0,0,0,0,2,0,2,0,0,0
KAM3420751.1,35,17,91,0,0,0,0,0,0,0,0,0,0,0,0
KAM3420752.1,8,16,20,0,0,0,0,0,0,0,0,0,0,0,1
KAM3420753.1,14,9,21,0,0,0,0,0,0,0,0,0,0,0,0
KAM3420754.1,2,2,4,0,0,0,0,0,0,0,0,0,0,0,0
KAM3420755.1,931,795,846,10,12,36,2,6,3,0,4,6,0,9,14
KAM3420756.1,73,48,126,0,0,0,0,2,2,4,12,6,0,0,0
KAM3420757.1,1279,956,1130,0,0,0,6,18,11,14,25,24,8,8,6
KAM3420758.1,18,3,4,0,0,0,0,0,0,0,0,0,0,0,0
KAM3420759.1,3,0,0,0,0,0,0,0,0,0,0,0,0,0,0
KAM3420760.1,2571,1970,2456,23,4,48,2,13,3,9,4,6,25,16,20
KAM3420761.1,659,548,216,10,10,3,2,4,3,1,2,2,0,2,3
KAM3420762.1,2996,2817,3018,10,4,18,18,20,23,19,10,18,49,50,52
KAM3420763.1,1097,693,987,4,0,0,8,20,9,14,11,7,11,14,25
KAM3420764.1,16,15,28,0,0,0,0,0,0,0,0,0,0,0,0
KAM3420765.1,58168,47786,51235,6,8,12,30,14,20,19,68,29,32,20,58
KAM3420767.1,5481,4379,4129,0,28,24,14,12,9,18,24,23,31,29,46
KAM3420768.1,2345,2220,1941,8,0,0,6,17,7,6,11,17,18,19,21
KAM3420770.1,49,51,109,0,0,0,0,0,0,2,0,0,0,2,4
KAM3420771.1,1538,1701,1943,0,0,0,12,2,0,2,2,10,6,2,12
KAM3420772.1,5117,4423,5971,8,8,6,19,24,21,27,18,27,38,49,50
KAM3420773.1,33938,42093,25075,62,34,36,7,6,6,12,19,20,62,34,106
KAM3420774.1,4163,3476,4560,0,4,0,6,1,0,4,16,2,8,4,27
KAM3420775.1,8688,8073,7395,5,0,18,0,6,4,4,6,3,13,7,20
KAM3420776.1,16819,14111,15778,31,26,24,19,43,34,29,41,37,94,94,132
KAM3420777.1,2748,3061,2620,0,0,12,4,16,6,5,0,4,6,14,12
KAM3420778.1,12886,11461,15616,15,48,12,12,10,12,22,11,21,23,45,50
KAM3420779.1,1176,732,1300,1,0,0,4,4,6,8,4,2,7,7,6
KAM3420780.1,3264,3064,3108,21,12,18,12,19,11,18,15,26,23,37,36
KAM3420781.1,56,62,86,0,0,0,0,0,0,0,0,0,0,0,2
KAM3420782.1,584,319,2342,0,0,0,4,2,10,11,6,1,0,2,0
KAM3420783.1,92288,89471,87738,270,224,357,296,192,291,332,435,497,639,674,906
KAM3420784.1,865,1120,1914,0,8,0,4,0,0,0,0,4,0,2,5
KAM3420785.1,1070,843,862,0,0,0,6,0,8,4,4,2,13,8,16
KAM3420786.1,2555,2466,2949,8,0,21,21,30,21,18,24,31,48,74,43
KAM3420787.1,18656,14338,19468,43,60,54,42,95,66,66,61,35,239,248,312
KAM3420788.1,12982,12530,11320,24,36,24,18,61,18,152,201,241,68,63,100
KAM3420789.1,1109,1771,1663,16,0,6,2,7,2,3,4,8,6,20,42
KAM3420790.1,693,534,645,0,0,0,4,2,2,0,14,6,2,10,4
KAM3420791.1,1008,905,785,5,0,12,0,7,3,2,14,12,2,8,5
KAM3420792.1,139,180,269,0,2,0,0,0,1,0,1,0,2,0,2
KAM3420793.1,708,855,720,3,4,0,0,2,2,5,0,7,2,8,8
KAM3420794.1,247,184,277,0,0,0,5,5,2,2,0,0,6,10,11
KAM3420796.1,646,474,762,2,0,6,7,6,2,10,16,16,18,17,20
KAM3420797.1,13736,13680,14253,16,24,12,10,15,5,14,10,22,10,17,23
KAM3420798.1,4031,3968,4181,2,4,0,2,8,2,0,2,2,5,0,0
KAM3420799.1,187,217,417,0,0,0,0,0,0,0,0,0,0,0,2
KAM3420800.1,1311,1374,927,11,4,0,2,6,1,2,2,6,8,6,10
KAM3420801.1,83,60,86,0,0,0,1,1,0,0,2,2,0,2,2
KAM3420802.1,117,107,134,0,0,0,0,7,0,0,0,5,0,6,2
KAM3420803.1,238,186,224,0,4,12,4,2,1,0,6,12,2,4,0
KAM3420804.1,148,98,216,2,0,0,0,0,5,0,12,0,2,0,0
KAM3420805.1,2158,1755,3030,0,12,0,8,8,2,6,10,19,1,8,9
KAM3420806.1,1996,1693,2521,7,4,0,6,0,7,9,18,12,1,10,7
KAM3420807.1,378,232,542,0,0,0,6,14,16,90,248,179,18,36,15
KAM3420808.1,1344,1008,1363,2,0,0,4,4,8,6,6,4,2,0,0
KAM3420809.1,644,841,712,0,4,0,4,4,4,6,6,6,10,5,11
KAM3420810.1,38,18,45,0,0,0,0,0,0,2,0,4,0,0,0
KAM3420811.1,158,144,181,2,0,0,0,0,0,0,0,2,2,0,2
KAM3420812.1,1936,2199,2483,5,12,6,0,2,6,0,0,4,7,8,11
KAM3420814.1,3135,2560,2932,8,4,0,9,6,18,4,3,15,22,22,17
KAM3420815.1,5948,4640,6219,8,4,12,6,2,4,3,8,16,2,2,8
KAM3420816.1,170,169,268,0,0,0,0,0,2,0,2,0,4,2,4
KAM3420817.1,6048,6155,8037,18,12,6,18,8,16,15,16,18,18,24,30
KAM3420818.1,4398,4809,6239,0,28,6,10,6,6,6,9,14,18,24,33
KAM3420819.1,897,597,1068,0,4,0,0,1,4,0,3,4,2,2,6
KAM3420820.1,1685,1594,1678,3,0,24,0,10,5,2,0,8,12,10,11
KAM3420821.1,6818,4971,5779,16,12,18,5,6,12,24,16,27,24,22,41
KAM3420822.1,235,188,268,0,0,0,0,1,1,0,0,4,3,0,0
KAM3420824.1,337,266,1037,0,0,3,2,2,2,0,0,0,71,57,37
KAM3420826.1,292,338,281,6,8,6,1,0,0,0,0,2,3,2,7
KAM3420827.1,1186,1195,964,12,0,6,3,6,2,10,3,10,7,6,10
KAM3420828.1,2702,1872,2398,0,4,6,0,2,2,6,2,6,0,2,0
KAM3420830.1,14,17,6,0,0,6,0,0,0,0,0,0,2,0,0
KAM3420831.1,4072,4281,3814,6,20,6,4,6,4,16,10,12,14,6,8
KAM3420832.1,18603,16720,28257,12,12,15,12,5,16,17,18,17,33,43,46
KAM3420833.1,270,217,297,2,2,3,6,2,0,0,4,0,2,1,2
KAM3420834.1,379,501,603,4,0,0,2,2,4,10,5,4,6,2,0
KAM3420835.1,962,1250,1053,6,16,0,2,2,2,9,7,6,15,10,7
KAM3420836.1,15834,11678,17434,24,38,126,64,126,97,64,80,95,258,251,337
KAM3420837.1,3551,3097,2139,8,8,6,5,11,20,8,12,20,37,36,35
KAM3420838.1,180,145,102,0,0,0,2,0,0,0,0,0,0,2,0
KAM3420839.1,129,69,108,0,0,0,0,0,0,0,0,0,0,0,0
KAM3420841.1,89,64,82,0,0,0,0,0,0,0,0,0,0,0,0
KAM3420842.1,280,218,360,0,0,0,3,2,0,2,0,0,0,0,0
KAM3420843.1,699,470,825,0,4,0,4,2,4,6,4,4,8,13,20
KAM3420844.1,44,42,66,0,0,0,1,0,0,0,0,0,0,0,0
KAM3420845.1,459,354,558,2,0,0,6,6,6,2,0,10,8,13,4
KAM3420846.1,8419,6457,6362,17,24,6,10,37,34,34,45,61,32,34,52
KAM3420847.1,57,60,95,0,0,12,0,0,4,0,8,2,0,1,0
KAM3420848.1,380,364,399,0,0,0,0,4,10,0,6,6,2,4,6
KAM3420850.1,207,70,287,2,0,0,2,4,7,4,0,2,2,4,0
KAM3420851.1,20872,17108,20936,10,8,3,9,4,9,20,16,21,143,71,128
KAM3420852.1,87,69,87,0,0,0,4,0,0,0,0,0,8,8,0
KAM3420853.1,1010,1224,921,12,0,3,5,8,5,4,7,7,28,15,15
KAM3420854.1,58,47,97,0,0,0,0,2,0,0,0,0,0,6,0
KAM3420855.1,279,179,240,0,0,0,0,0,0,2,0,2,0,4,0
KAM3420856.1,285,281,322,0,0,0,2,5,0,4,1,2,14,8,12
KAM3420857.1,107,53,79,0,4,0,0,2,0,0,0,2,0,0,0
KAM3420858.1,4066,4173,2135,2,0,6,0,2,0,8,8,18,8,4,6
KAM3420859.1,15350,12418,40366,0,2,6,2,0,2,6,12,8,398,113,225
KAM3420860.1,824,500,947,0,0,0,0,8,0,6,2,2,0,2,2
KAM3420861.1,570,566,908,0,0,6,0,4,2,4,2,6,1,0,0
KAM3420862.1,804,893,909,0,0,6,6,2,0,0,0,4,1,6,0
KAM3420863.1,1015,1052,1113,7,0,6,2,4,0,2,0,2,0,2,6
KAM3420864.1,35,76,96,0,0,0,0,0,0,0,0,0,0,0,0
KAM3420865.1,154,157,314,0,0,0,0,0,0,3,0,0,0,2,0
KAM3420866.1,2357,1632,2188,0,4,0,4,14,4,23,12,31,6,4,16
KAM3420867.1,313,251,352,6,4,0,7,8,6,0,2,9,4,8,0
KAM3420868.1,269,215,423,2,0,6,3,4,2,0,0,4,2,4,2
KAM3420869.1,490,283,609,0,0,0,11,14,8,6,5,20,8,2,12
KAM3420870.1,1381,1055,1137,0,0,6,10,20,6,18,16,48,14,14,18
KAM3420872.1,262455,231813,186703,768,702,900,126,267,154,249,259,432,602,587,755
KAM3420873.1,19778,16305,16473,26,16,24,42,33,50,25,49,38,53,79,74
KAM3420875.1,2005,1814,2131,5,0,0,8,12,6,4,19,6,14,17,21
KAM3420876.1,138,90,124,0,0,0,0,0,0,2,2,0,2,2,2
KAM3420878.1,16559,10649,10612,4,0,6,2,4,5,8,7,8,6,14,18
KAM3420879.1,955,887,932,0,0,0,4,1,7,0,9,1,5,9,7
KAM3420880.1,1229,1658,990,8,0,12,12,6,4,2,2,6,7,9,6
KAM3420881.1,2735,2775,2391,12,8,6,16,14,6,17,21,24,4,8,17
KAM3420883.1,714,499,880,6,0,0,4,6,0,12,7,6,13,4,10
KAM3420884.1,2364,1484,2447,8,14,0,2,0,6,2,7,4,12,9,8
KAM3420885.1,180,127,205,0,0,0,0,2,0,0,2,2,0,4,0
KAM3420886.1,34,47,57,0,0,0,1,0,1,0,0,0,0,0,0
KAM3420887.1,122,87,104,0,8,0,0,0,0,2,1,2,0,0,0
KAM3420888.1,2191,1199,2079,6,20,12,5,6,12,6,13,6,2,8,10
KAM3420889.1,12,7,6,0,0,0,0,0,0,0,0,0,0,0,0
KAM3420890.1,9856,8637,7700,9,22,6,11,9,6,21,21,24,20,14,23
KAM3420891.1,1524,1914,1292,4,8,6,8,8,14,6,10,13,8,8,6
KAM3420892.1,767,947,705,6,4,0,2,0,0,2,12,4,0,0,3
KAM3420893.1,311,198,189,0,0,6,8,2,2,0,4,1,2,0,0
KAM3420894.1,6335,4486,4691,4,8,0,7,11,9,9,24,16,11,11,26
KAM3420895.1,543,389,500,0,8,0,14,8,6,9,6,17,2,6,8
KAM3420896.1,225,204,198,2,4,0,1,1,4,3,2,3,2,4,2
KAM3420897.1,640,442,984,2,4,0,2,0,0,2,8,3,0,4,6
KAM3420898.1,16,10,14,0,0,0,0,0,0,0,0,0,0,0,0
KAM3420899.1,200,247,323,0,0,0,1,0,2,0,0,2,0,4,1
KAM3420900.1,182,241,230,2,0,0,0,0,0,0,0,0,0,0,0
KAM3420901.1,3737,4484,2988,26,14,18,12,6,15,3,12,19,24,24,43
KAM3420902.1,18404,20070,15935,39,36,54,26,26,15,26,10,26,21,29,68
KAM3420903.1,235,161,225,0,0,0,2,0,0,0,0,1,0,0,0
KAM3420904.1,363,173,413,0,0,0,0,0,1,2,0,6,0,0,0
KAM3420905.1,1461,1373,1326,8,2,0,10,3,10,6,10,8,10,13,24
KAM3420906.1,338,360,359,0,4,3,10,9,10,4,6,2,17,15,29
KAM3420907.1,493,323,570,4,0,12,0,2,1,0,2,2,16,32,25
KAM3420908.1,4671,4226,3880,13,18,9,2,9,4,6,9,10,18,3,12
KAM3420909.1,854,751,742,6,4,0,2,0,2,6,6,4,8,10,15
KAM3420910.1,12,4,15,0,0,0,0,0,0,0,0,0,0,0,0
KAM3420911.1,0,2,0,0,0,0,0,0,0,0,0,0,0,0,0
KAM3420912.1,14,12,26,0,0,0,0,0,0,0,0,2,0,0,0
KAM3420913.1,894,500,1167,6,0,6,0,0,0,0,0,2,2,0,0
KAM3420914.1,1378,953,878,10,8,12,2,16,4,6,4,6,6,4,12
KAM3420915.1,310,183,323,0,0,0,4,0,3,2,0,1,0,6,6
KAM3420916.1,75,47,87,0,0,0,0,0,1,0,0,1,2,0,2
KAM3420917.1,29365,20730,27753,19,4,54,99,79,46,54,68,71,352,429,480
KAM3420918.1,272,194,109,0,0,0,2,4,0,4,0,0,0,0,2
KAM3420919.1,188,113,76,2,0,0,0,6,0,2,0,0,0,0,2
KAM3420920.1,218,73,160,0,0,0,0,0,0,2,0,0,0,0,0
KAM3420921.1,265,150,258,0,0,0,0,1,2,2,7,10,0,3,0
KAM3420922.1,325,177,257,0,0,0,0,0,0,0,0,0,4,8,6
KAM3420923.1,794,667,840,2,0,6,2,4,6,1,2,12,6,5,0
KAM3420924.1,64924,45656,62680,38,34,27,4,26,10,24,14,24,31,75,156
KAM3420925.1,6466,5508,5367,10,8,30,13,24,17,12,11,28,22,34,38
KAM3420926.1,324,339,347,8,4,0,0,0,2,0,0,0,0,2,2
KAM3420927.1,3035,2467,3352,4,0,12,20,48,27,22,16,23,53,52,74
KAM3420928.1,1539,1192,1452,2,8,0,8,6,8,9,8,3,8,14,19
KAM3420929.1,528,530,521,6,4,0,2,0,0,1,2,4,2,4,2
KAM3420931.1,795,1215,1069,4,0,0,0,2,10,0,2,4,18,12,10
KAM3420932.1,9568,8631,7529,9,16,6,6,9,13,13,8,18,102,116,123
KAM3420933.1,3071,3152,2254,6,4,21,2,3,2,3,6,2,13,2,22
KAM3420934.1,14,10,18,0,0,0,0,0,0,0,0,0,0,2,0
KAM3420935.1,3,10,3,0,0,0,0,0,0,0,0,0,0,0,0
KAM3420936.1,10,19,18,0,0,0,0,0,0,0,0,0,0,0,0
KAM3420937.1,14,23,26,0,0,0,0,0,0,0,0,0,0,0,0
KAM3420938.1,790,869,847,2,0,0,6,8,8,6,8,6,6,6,10
KAM3420939.1,37205,32500,27792,41,32,27,18,22,4,22,25,21,142,85,156
KAM3420940.1,187,170,368,2,0,12,1,1,2,2,2,0,2,3,6
KAM3420941.1,598,720,695,2,12,12,1,6,6,2,2,6,10,7,16
KAM3420942.1,92,94,145,0,0,0,0,0,0,6,0,2,0,0,0
KAM3420943.1,1157,1043,1489,1,8,3,7,9,11,4,6,3,20,27,27
KAM3420944.1,3521,2522,3132,5,16,24,5,16,6,7,20,11,19,41,38
KAM3420945.1,2809,2284,1951,7,0,21,6,6,6,2,2,2,7,2,1
KAM3420948.1,115,102,222,0,0,0,0,2,0,2,2,1,0,0,0
KAM3420949.1,2187,1173,1794,2,0,0,8,5,7,10,5,9,15,20,21
KAM3420950.1,1587,1692,1788,2,4,6,5,2,3,13,14,17,20,20,14
KAM3420951.1,2215,1537,2377,8,10,6,4,19,10,7,7,18,20,24,42
KAM3420952.1,375,436,374,5,4,0,6,4,6,0,2,6,11,9,5
KAM3420953.1,5813,6721,4432,28,20,24,6,20,16,20,18,20,23,28,64
KAM3420954.1,814,529,967,6,0,12,8,12,6,2,2,10,14,18,23
KAM3420955.1,222,177,141,2,0,0,0,0,0,0,2,0,2,2,2
KAM3420956.1,200,166,253,0,0,0,3,2,2,4,0,1,1,2,6
KAM3420957.1,32,23,52,0,0,0,0,0,0,0,0,0,0,0,0
KAM3420958.1,0,0,0,0,0,0,0,0,0,0,0,0,0,0,0
KAM3420959.1,5,20,0,0,0,0,0,0,0,0,0,0,4,0,0
KAM3420960.1,6,25,32,0,0,0,0,0,0,0,0,0,18,8,9
KAM3420961.1,29,49,76,0,0,0,0,0,0,0,0,0,10,4,2
KAM3420962.1,9,16,25,0,0,0,0,0,0,0,0,0,10,0,0
KAM3420963.1,860,1183,2108,6,16,0,0,0,0,0,0,0,44,6,4
KAM3420964.1,20616,25573,24062,24,16,24,0,3,0,0,4,2,13,6,22
KAM3420965.1,574,752,504,0,0,0,0,2,0,2,0,0,13,0,1
KAM3420966.1,193379,222989,179011,87,58,96,6,8,4,5,10,7,46,25,75
KAM3420967.1,778,919,1544,0,0,0,0,3,1,0,0,1,16,4,3
KAM3420969.1,424,353,1042,0,0,12,0,0,0,2,0,4,4,4,0
KAM3420971.1,360,206,581,0,0,0,0,10,2,0,4,2,8,4,2
KAM3420972.1,99,63,179,0,0,0,0,2,0,0,0,2,5,0,8
KAM3418199.1,578,627,539,0,0,0,2,2,6,10,2,2,6,20,10
KAM3418200.1,83,90,122,0,0,0,0,0,4,4,10,4,0,2,0
KAM3418201.1,10,4,8,0,0,0,0,0,0,0,0,0,0,0,0
KAM3418202.1,10969,9296,11824,31,12,24,34,62,60,50,49,58,139,132,177
KAM3418203.1,671,363,950,0,0,12,2,4,4,20,18,12,10,2,5
KAM3418204.1,143,157,161,0,0,6,0,5,0,4,4,6,8,20,6
KAM3418205.1,1010,1079,1083,2,0,12,7,22,24,16,53,56,28,31,25
KAM3418206.1,80,98,163,0,4,0,0,4,2,6,14,7,0,3,4
KAM3418207.1,8,2,0,0,0,0,0,0,0,0,0,0,0,0,0
KAM3418208.1,70,35,80,0,0,0,0,0,0,0,2,0,0,0,0
KAM3418209.1,4,6,16,0,0,0,0,0,0,0,0,0,0,0,0
KAM3418210.1,454,633,721,2,4,0,2,0,4,0,6,0,4,4,6
KAM3418211.1,13327,12529,14192,33,72,51,37,66,89,49,50,43,87,107,135
KAM3418212.1,152,162,152,0,0,0,0,0,0,1,0,1,0,0,4
KAM3418213.1,221,263,329,4,0,0,0,2,4,0,4,2,0,0,0
KAM3418214.1,1898,1312,1546,0,0,0,3,20,6,2,12,10,12,14,12
KAM3418215.1,2400,1678,2488,2,0,0,7,6,5,6,4,6,9,11,14
KAM3418216.1,1269,545,1033,8,0,0,2,11,8,21,8,20,62,45,86
KAM3418219.1,1260,992,1393,2,8,6,10,10,10,14,8,7,8,18,16
KAM3418220.1,50,31,260,0,0,0,0,0,0,2,0,0,31,5,15
KAM3418221.1,27,10,52,0,0,0,0,0,0,0,0,0,2,2,0
KAM3418222.1,117,87,705,0,0,0,0,0,0,0,2,4,75,18,61
KAM3418223.1,268,128,254,3,0,0,2,10,0,6,6,3,11,8,13
KAM3418224.1,42553,29053,39608,42,60,42,54,126,36,132,167,307,362,299,453
KAM3418225.1,2615,2431,2193,18,8,0,8,2,2,1,10,10,10,8,10
KAM3418227.1,1639,610,580,2,0,0,0,4,0,0,8,17,52,41,38
KAM3418228.1,1952,1046,1161,1,0,0,0,6,0,2,10,2,8,0,6
KAM3418229.1,1170,652,909,0,4,0,0,2,2,0,6,2,8,16,5
KAM3418230.1,6733,5547,5609,3,16,18,6,10,10,31,31,30,2,6,4
KAM3418231.1,3833,1330,3021,4,0,6,2,4,6,6,8,10,8,22,26
KAM3418232.1,3914,4105,2637,20,26,24,9,15,20,18,17,22,49,24,22
KAM3418233.1,1244,1392,1052,10,4,6,6,12,10,12,14,8,12,12,8
KAM3418234.1,400,217,328,0,0,6,2,6,1,0,6,4,0,6,2
KAM3418235.1,253,180,229,2,0,0,6,3,4,6,3,4,0,12,4
KAM3418236.1,2034,1745,1192,4,8,12,28,31,21,9,26,31,28,44,51
KAM3418237.1,816,348,583,0,0,0,0,6,0,4,8,9,6,2,2
KAM3418238.1,126,94,86,0,0,0,2,0,0,0,0,0,0,2,10
KAM3418239.1,17408,13122,13662,12,8,12,38,32,36,20,34,44,21,75,95
KAM3418240.1,545,597,680,6,0,0,5,10,0,8,6,17,14,16,22
KAM3418241.1,3659,3953,3689,14,20,51,22,15,10,10,23,26,54,48,45
KAM3418242.1,12531,7073,5808,10,16,12,4,27,4,26,32,59,35,54,110
KAM3418243.1,157,119,180,0,0,6,4,4,4,2,6,4,0,4,2
KAM3418244.1,111,71,50,5,10,0,0,3,0,2,4,2,2,2,2
KAM3418245.1,1523,1022,1176,0,0,3,14,31,5,9,11,36,11,24,26
KAM3418246.1,650,890,772,2,0,12,0,8,8,4,6,2,14,16,21
KAM3418247.1,2248,1445,1316,2,4,0,4,12,6,10,12,8,6,10,2
KAM3418248.1,3181,2526,2093,2,4,12,8,0,4,6,12,8,8,10,12
KAM3418249.1,152,169,168,4,0,0,0,2,0,11,2,4,0,2,0
KAM3418250.1,39,46,66,0,2,0,0,0,0,0,0,2,0,2,0
KAM3418251.1,79,43,88,0,0,0,2,0,0,0,0,0,0,0,2
KAM3418252.1,377,264,278,0,0,6,2,2,4,3,4,2,0,7,7
KAM3418253.1,567,500,658,2,0,0,6,8,4,3,4,7,2,4,4
KAM3418254.1,1011,923,682,4,0,0,113,58,86,72,132,130,276,310,344
KAM3418255.1,36558,32696,30025,42,28,42,58,65,99,108,183,181,74,97,172
KAM3418256.1,8,0,4,0,0,0,0,0,0,0,0,0,0,0,0
KAM3418257.1,5498,4765,5584,2,4,6,18,43,30,62,49,104,44,33,33
KAM3418258.1,2443,1889,2339,10,0,18,2,12,14,24,14,4,14,8,12
KAM3418259.1,775,571,844,0,10,12,2,2,9,8,10,10,23,14,23
KAM3418260.1,12928,10719,10312,18,38,33,18,21,14,45,39,41,44,46,73
KAM3418261.1,1040,930,3358,0,0,0,0,0,0,4,0,1,31,16,27
KAM3418262.1,41,32,53,0,0,0,0,0,2,0,0,3,0,0,0
KAM3418263.1,3817,3521,3041,14,20,0,4,11,12,7,8,23,31,12,34
KAM3418264.1,321,279,204,0,4,0,0,5,4,4,4,2,4,3,1
KAM3418265.1,571,851,777,6,0,6,0,4,4,2,14,7,5,9,11
KAM3418266.1,190,133,177,3,0,0,1,4,3,0,0,9,4,4,2
KAM3418267.1,224,130,239,0,0,0,4,4,8,7,4,2,5,9,18
KAM3418268.1,384,235,498,0,4,0,1,1,1,3,1,4,2,6,6
KAM3418269.1,254,222,328,2,0,0,0,6,0,0,1,0,6,0,2
KAM3418270.1,38,32,20,0,0,0,0,2,0,2,2,0,0,0,0
KAM3418271.1,443,420,576,2,0,6,0,1,4,3,2,5,6,3,13
KAM3418272.1,109,74,248,0,0,0,0,0,0,0,0,0,4,0,0
KAM3418273.1,535,282,645,0,4,0,0,2,2,10,14,14,2,0,2
KAM3418274.1,2268,2512,2033,11,8,24,6,8,2,12,8,14,24,12,6
KAM3418275.1,3428,3221,3820,10,12,0,4,11,9,12,23,25,4,10,12
KAM3418276.1,3287,1784,3029,0,0,6,10,19,12,32,16,37,20,22,23
KAM3418277.1,6825,6895,8214,46,24,6,45,41,75,57,54,34,75,82,78
KAM3418278.1,1705,2339,1877,10,20,45,3,5,4,2,5,6,22,19,26
KAM3418279.1,516,328,1240,0,0,0,2,0,2,0,0,2,4,0,0
KAM3418280.1,5121,5906,4615,16,52,36,6,6,6,3,15,22,9,8,4
KAM3418281.1,92058,48772,56690,2,8,0,87,103,84,170,178,208,88,143,200
KAM3418282.1,8503,5939,5110,10,16,6,10,8,18,12,14,26,37,32,39
KAM3418283.1,1227,629,1227,2,0,0,4,14,8,6,8,12,10,16,12
KAM3418284.1,57,30,95,0,0,0,1,0,0,1,2,2,0,0,2
KAM3418285.1,931,490,981,0,0,0,2,2,0,0,2,4,4,6,10
KAM3418286.1,232,134,159,0,4,0,0,2,2,4,5,2,0,0,2
KAM3418287.1,5246,2863,4806,2,4,0,7,14,4,2,2,8,49,94,133
KAM3418288.1,1808,1270,1415,1,0,0,0,3,2,0,1,4,5,4,5
KAM3418289.1,874,792,673,0,4,3,0,6,2,3,0,4,6,10,15
KAM3418291.1,99,75,69,0,0,0,0,0,0,0,0,0,4,2,2
KAM3418292.1,128,88,223,2,0,0,0,0,0,2,0,0,0,2,4
KAM3418293.1,310,197,242,6,16,0,0,4,3,0,0,8,0,5,2
KAM3418294.1,283,296,350,4,4,0,3,0,10,8,5,6,2,5,4
KAM3418295.1,1619,1905,1840,6,8,12,0,1,1,0,1,3,0,3,4
KAM3418296.1,8849,7641,4803,18,18,18,28,37,31,56,42,37,25,47,40
KAM3418297.1,21,19,28,0,0,0,0,0,0,2,0,1,0,0,0
KAM3418298.1,7877,5541,8123,34,20,54,63,78,67,67,28,59,142,173,160
KAM3418299.1,12652,9743,13382,37,20,42,38,85,81,62,52,43,214,257,312
KAM3418300.1,562,616,712,2,4,0,0,5,10,8,4,4,5,10,17
KAM3418301.1,89,37,71,0,0,0,0,0,0,0,0,0,0,0,2
KAM3418302.1,1123,696,476,0,4,0,0,0,4,0,8,5,0,0,0
KAM3418303.1,5713,3786,5195,9,0,0,51,78,93,151,179,153,15,30,33
KAM3418305.1,545,577,737,0,0,0,0,3,0,9,20,9,3,0,5
KAM3418306.1,730,903,862,0,4,0,2,2,4,6,6,2,8,8,10
KAM3418307.1,24,18,23,0,0,0,0,0,0,0,0,0,2,0,0
KAM3418308.1,467,590,834,2,0,0,0,3,0,8,0,5,2,0,3
KAM3418309.1,184,109,306,3,0,0,0,2,1,0,4,0,3,1,0
KAM3418310.1,1452,1129,1202,7,12,0,11,14,12,8,6,14,16,16,22
KAM3418311.1,2518,2117,1459,5,8,24,12,5,4,12,4,12,4,15,13
KAM3418312.1,17790,14791,18339,62,76,84,91,129,114,71,43,78,322,349,378
KAM3418313.1,58,55,35,0,0,0,0,0,0,2,0,0,0,0,0
KAM3418314.1,164,185,170,0,0,12,0,2,0,0,2,0,0,4,2
KAM3418315.1,11686,9107,11506,18,12,6,34,63,60,36,52,55,105,118,154
KAM3418316.1,0,2,13,0,0,0,0,0,0,0,2,1,0,0,0
KAM3418317.1,339,358,423,0,8,0,0,2,0,2,4,8,12,1,7
KAM3418318.1,72,61,115,0,0,0,0,0,0,0,0,0,0,0,4
KAM3418319.1,4202,3043,4003,6,16,18,3,18,18,10,15,17,14,33,28
KAM3418320.1,746,480,587,0,0,0,0,2,2,0,4,4,0,3,10
KAM3418321.1,1554,1127,3834,2,0,0,2,6,6,4,8,16,12,8,10
KAM3418322.1,509,434,826,0,0,0,0,0,0,0,0,2,0,0,0
KAM3418323.1,1616,1463,1706,6,4,6,22,20,22,14,10,26,20,28,45
KAM3418324.1,1928,1943,2006,14,12,36,14,6,26,12,15,21,20,21,40
KAM3418325.1,58,43,118,0,0,0,0,0,2,0,0,0,0,0,0
KAM3418326.1,1302,782,1712,2,4,0,10,16,8,8,11,12,8,9,14
KAM3418327.1,641,560,772,0,0,6,0,4,6,4,7,6,8,4,4
KAM3418328.1,5938,4780,4499,11,10,9,9,20,8,9,17,27,21,16,17
KAM3418329.1,1116,1014,419,4,0,0,3,2,0,0,3,11,0,0,4
KAM3418330.1,674,675,486,4,4,0,2,2,0,6,1,3,3,1,1
KAM3418331.1,1859,1316,2265,2,0,0,2,4,2,5,5,11,2,3,8
KAM3418332.1,36554,35043,27552,40,16,45,4,13,2,19,37,42,58,72,88
KAM3418333.1,25720,23854,26367,40,48,54,13,12,27,14,28,21,40,20,35
KAM3418334.1,3530,3484,4573,3,0,6,4,9,2,14,8,7,6,3,4
KAM3418335.1,673,675,1374,7,0,0,1,1,0,0,2,4,1,0,0
KAM3418336.1,2689,2937,2592,8,4,18,4,0,18,8,14,5,26,16,36
KAM3418337.1,1213,1310,1522,0,0,12,4,10,2,10,23,13,12,0,10
KAM3418338.1,269,166,244,0,0,0,0,0,2,6,2,1,2,0,8
KAM3418339.1,58,29,47,0,2,0,0,0,0,0,0,0,0,2,0
KAM3418340.1,1017,968,1119,4,4,0,6,2,14,12,4,0,18,14,12
KAM3418341.1,1512,925,1737,0,0,0,2,5,11,16,13,22,13,7,24
KAM3418342.1,128,127,134,0,0,0,0,0,0,2,2,2,0,2,0
KAM3418343.1,6733,7043,7458,14,16,6,8,14,10,22,16,14,34,27,28
KAM3418344.1,1062,1169,972,10,0,6,2,7,4,4,3,9,8,3,9
KAM3418345.1,210,179,148,2,0,6,2,0,0,0,2,0,0,1,0
KAM3418346.1,5173,3813,3379,2,0,12,7,6,10,8,8,2,64,149,128
KAM3418347.1,3111,4146,2613,16,12,18,0,2,7,2,4,5,2,2,12
KAM3418348.1,1440,633,1712,1,4,0,0,0,4,11,17,13,6,4,8
KAM3418349.1,3660,3270,3799,19,20,15,4,8,13,18,19,20,19,19,37
KAM3418350.1,3635,4034,3317,16,12,15,16,29,24,13,17,18,29,34,44
KAM3418351.1,3916,5400,3364,14,20,12,6,6,14,4,5,10,25,13,17
KAM3418352.1,364,342,450,2,4,9,4,2,2,10,4,1,5,5,4
KAM3418353.1,28,10,35,0,0,0,0,0,0,0,0,2,0,0,0
KAM3418354.1,16,5,19,0,0,0,0,0,0,0,0,0,0,2,0
KAM3418355.1,148,232,271,0,4,0,0,6,0,2,0,0,6,4,0
KAM3418356.1,894,957,823,0,0,6,3,5,4,6,4,2,8,16,10
KAM3418357.1,120,137,67,0,0,0,0,0,0,0,0,4,0,0,4
KAM3418358.1,175,219,285,0,0,0,4,0,0,1,6,0,0,0,3
KAM3418359.1,1761,1761,1251,15,6,6,7,6,0,5,4,11,22,2,22
KAM3418360.1,42,27,30,0,0,0,0,0,0,0,0,0,0,0,0
KAM3418361.1,2624,1686,1104,4,16,12,10,15,22,12,33,24,16,16,28
KAM3418362.1,434,350,566,0,0,0,5,4,4,10,4,10,0,2,4
KAM3418363.1,1743,2360,1637,12,0,12,0,8,9,6,10,5,4,6,12
KAM3418364.1,453,308,523,3,0,3,0,0,0,0,2,7,1,0,2
KAM3418365.1,317,334,308,2,6,15,0,3,0,2,4,6,4,0,3
KAM3418366.1,543,477,577,9,0,6,0,8,0,0,8,7,1,2,9
KAM3418367.1,70,48,81,0,0,0,0,0,0,0,2,0,0,0,0
KAM3418368.1,7286,6666,6745,6,4,6,15,7,14,5,4,8,19,18,19
KAM3418371.1,1522,1558,1963,6,0,6,0,1,4,2,6,2,4,2,7
KAM3418372.1,511,482,728,0,0,6,4,0,2,4,4,2,4,2,4
KAM3418373.1,483,284,405,4,0,0,4,0,0,6,8,14,3,2,4
KAM3418374.1,8814,9765,9487,14,8,39,0,4,10,6,4,3,17,7,26
KAM3418375.1,115744,161302,162130,570,410,798,64,66,60,125,108,146,433,402,552
KAM3418378.1,631,476,538,2,4,0,0,6,6,4,10,6,0,0,12
KAM3418379.1,1635,1590,1917,4,0,6,10,10,4,10,8,6,24,12,22
KAM3418380.1,1696,1988,1588,4,6,12,6,2,2,0,1,4,15,20,24
KAM3418381.1,810,1270,1554,4,8,18,0,2,4,0,2,6,7,2,2
KAM3418383.1,74,121,77,0,0,0,0,0,0,2,0,1,0,0,0
KAM3418384.1,1665,1856,2439,8,4,0,10,0,6,6,9,6,2,0,9
KAM3418385.1,1352,860,1955,0,0,0,3,7,6,6,6,6,11,5,8
KAM3418386.1,97,84,102,0,0,0,0,0,2,0,0,4,1,0,2
KAM3418387.1,784,1017,940,6,16,18,6,6,2,6,6,14,4,6,16
KAM3418388.1,5607,4305,4286,5,6,9,13,20,16,27,17,26,28,19,50
KAM3418389.1,22,30,22,0,0,0,0,0,2,0,0,0,2,0,0
KAM3418390.1,379,506,757,2,4,0,0,0,6,0,8,4,6,7,4
KAM3418391.1,20,7,32,0,0,0,0,0,0,0,0,0,0,0,0
KAM3418392.1,42,33,55,0,0,0,0,0,0,2,0,0,0,0,4
KAM3418393.1,86,50,118,0,4,0,2,2,2,2,0,0,1,0,0
KAM3418395.1,92,129,276,2,0,0,0,1,0,0,0,0,2,4,0
KAM3418396.1,131,51,74,0,0,0,0,2,0,2,3,0,2,0,0
KAM3418397.1,102,105,160,0,0,0,0,0,0,3,4,4,4,2,2
KAM3418398.1,4233,4901,3087,2,4,0,0,0,0,0,0,0,9,0,6
KAM3418399.1,4825,7585,6563,6,32,6,4,4,10,4,4,4,5,2,14
KAM3418400.1,1359,1187,1680,2,4,0,2,3,9,2,0,16,4,8,4
KAM3418401.1,5362,3961,5595,2,0,0,3,13,14,25,6,26,5,0,5
KAM3418402.1,8305,6900,8649,2,4,15,1,9,4,4,15,13,14,9,12
KAM3418403.1,132999,121811,83666,70,42,81,22,6,10,27,14,39,129,100,182
KAM3418404.1,1644,1185,1595,7,4,0,0,0,0,2,0,3,6,11,19
KAM3418405.1,4158,3598,3986,9,0,6,10,27,1,8,4,12,22,15,21
KAM3418408.1,1405,1080,1818,5,0,0,0,0,4,0,4,2,3,0,7
KAM3418409.1,1607,1372,1448,0,0,0,0,0,0,0,2,2,4,0,0
KAM3418410.1,189,167,222,0,0,0,0,4,0,0,4,0,0,0,0
KAM3418411.1,3372,3250,4025,4,0,6,24,13,10,17,14,19,41,24,26
KAM3418412.1,340,401,669,4,4,0,0,0,2,2,2,4,0,0,0
KAM3418415.1,898,485,762,0,0,0,0,4,0,4,6,16,6,4,4
KAM3418416.1,670,691,408,2,0,0,0,0,2,4,0,2,10,0,8
KAM3418417.1,72,24,50,0,0,0,0,0,0,0,0,0,0,2,0
KAM3418418.1,2,2,2,0,0,0,0,0,0,0,0,0,0,0,0
KAM3418419.1,20,6,28,0,0,0,0,0,0,0,0,0,0,0,0
KAM3418420.1,4,4,8,0,0,0,0,0,0,0,0,0,0,0,0
KAM3418421.1,10,4,31,0,0,0,0,0,0,0,0,0,0,0,0
KAM3418422.1,0,4,6,0,0,0,0,0,0,0,0,0,0,0,0
KAM3418423.1,12,8,12,0,0,0,0,0,0,0,0,0,0,0,1
KAM3418424.1,95,43,75,0,0,0,2,2,2,0,0,1,0,0,3
KAM3418425.1,727,645,790,6,12,0,6,2,2,2,4,4,11,28,30
KAM3418426.1,5118,3188,4797,16,0,6,2,2,2,2,4,2,31,50,70
KAM3418427.1,330,251,293,4,4,12,4,6,3,6,0,0,2,0,5
KAM3418428.1,10930,6149,9981,15,0,6,14,17,28,32,12,19,82,117,139
KAM3418429.1,216,223,273,0,0,0,0,0,2,0,0,0,2,0,4
KAM3418431.1,1389,1143,1916,0,2,0,20,14,8,6,10,36,30,53,45
KAM3418432.1,141,146,107,0,4,0,0,2,0,0,2,0,3,5,2
KAM3418433.1,687,879,676,2,0,0,2,11,4,4,0,10,6,4,17
KAM3418434.1,15104,7844,12648,7,0,0,6,16,6,16,22,23,13,16,10
KAM3418436.1,30257,24139,29981,42,20,12,8,22,14,21,25,12,231,206,400
KAM3418437.1,4090,3393,3656,8,18,18,4,10,10,14,18,18,14,8,18
KAM3418438.1,11989,10361,11015,17,20,18,27,28,19,42,31,34,106,160,197
KAM3418439.1,26628,15197,16537,0,0,0,22,31,14,67,54,80,13,23,40
KAM3418440.1,2238,2605,2267,27,20,12,10,10,8,10,6,12,28,54,39
KAM3418441.1,88,73,138,0,0,0,2,0,0,0,2,2,2,8,2
KAM3418442.1,6758,4938,7722,30,36,60,40,62,49,34,34,45,112,153,193
KAM3418443.1,479,212,362,0,0,0,0,4,4,0,0,0,0,2,0
KAM3418444.1,9,12,14,0,0,0,0,0,0,0,0,0,0,0,2
KAM3418445.1,7581,8255,6509,30,10,24,11,15,14,26,26,18,17,29,19
KAM3418446.1,6859,5208,4565,13,12,51,13,39,7,31,28,45,136,97,181
KAM3418447.1,425,218,395,0,4,3,2,0,0,6,2,2,0,0,0
KAM3418449.1,2930,1870,2349,4,0,6,6,2,7,6,7,10,13,7,6
KAM3418450.1,79,56,47,0,0,0,0,0,0,0,0,0,0,0,0
KAM3418451.1,56,19,20,0,0,0,0,0,0,0,0,0,0,0,0
KAM3418452.1,340,175,350,2,0,0,2,2,3,6,4,0,0,0,0
KAM3418453.1,2127,1544,1611,9,0,12,4,10,15,14,27,17,9,2,10
KAM3418454.1,0,1,0,0,0,0,0,0,0,0,0,0,0,0,0
KAM3418455.1,1614,975,1418,0,4,0,2,2,2,12,2,6,2,18,13
KAM3418456.1,3618,4070,3107,2,0,0,0,6,6,6,6,5,12,8,34
KAM3418457.1,593,461,718,0,0,0,2,0,2,4,2,8,4,2,4
KAM3418458.1,5328,5003,4919,16,12,6,4,6,12,13,16,10,25,36,50
KAM3418459.1,526,354,460,6,12,0,10,6,0,3,1,14,0,6,16
KAM3418460.1,3954,2431,2741,20,16,9,24,17,12,26,16,32,51,42,43
KAM3418461.1,3852,4014,3411,8,8,0,8,6,0,4,6,4,25,11,18
KAM3418463.1,1001,656,523,2,4,0,0,2,0,4,0,9,2,0,5
KAM3418464.1,293,151,592,0,0,0,0,0,0,0,2,6,4,4,8
KAM3418465.1,1694,2108,1500,6,4,0,0,3,6,6,6,3,4,8,16
KAM3418468.1,3905,3778,4294,13,20,12,10,33,27,16,33,27,64,75,104
KAM3418469.1,1018,664,1217,7,4,3,6,28,16,18,14,23,23,19,40
KAM3418470.1,0,0,5,0,0,0,0,0,0,0,0,0,0,0,0
KAM3418471.1,2295,2364,2245,20,10,18,12,28,13,6,27,21,19,15,14
KAM3418472.1,22561,14012,11026,19,8,12,88,126,106,104,107,110,247,394,528
KAM3418473.1,7962,6191,5014,0,6,6,0,10,8,14,12,12,19,4,18
KAM3418475.1,1701,1667,1743,19,32,24,14,14,14,27,23,13,34,19,26
KAM3418476.1,1431,1454,1887,6,0,12,6,9,4,10,23,30,2,10,14
KAM3418477.1,11946,9701,11455,14,0,6,1,15,6,6,7,8,20,22,30
KAM3418478.1,150796,133691,74931,68,56,96,12,28,12,20,14,8,38,36,58
KAM3418479.1,94,110,173,0,2,0,1,1,1,2,1,4,6,3,4
KAM3418480.1,114,128,100,0,0,0,0,6,0,0,4,0,7,4,1
KAM3418482.1,1100,932,1086,6,4,24,4,7,16,8,4,8,8,10,24
KAM3418483.1,20,11,16,0,0,0,0,0,0,0,2,0,0,0,2
KAM3418484.1,874,935,660,3,4,0,12,4,8,5,9,9,5,25,11
KAM3418485.1,559,346,793,0,4,0,4,4,2,6,4,0,1,2,2
KAM3418486.1,314,205,375,2,4,18,0,0,2,0,0,2,2,7,0
KAM3418487.1,26,14,27,0,0,0,0,0,0,0,0,0,2,2,2
KAM3418488.1,1103,727,959,2,0,0,8,4,22,8,4,11,10,10,10
KAM3418489.1,914,1018,633,6,4,0,4,10,6,4,2,12,6,4,8
KAM3418490.1,740,579,785,8,4,0,3,2,2,0,4,6,1,13,7
KAM3418491.1,31,13,38,0,0,0,0,0,0,0,0,0,0,0,0
KAM3418492.1,2448,1578,2429,18,8,30,12,22,17,10,14,14,49,52,43
KAM3418493.1,969,988,1173,3,4,0,8,2,2,4,8,3,16,10,32
KAM3418494.1,2321,2551,2526,11,16,12,7,14,1,8,6,12,29,20,30
KAM3418495.1,1021,552,1410,2,0,0,4,0,4,8,4,4,26,34,43
KAM3418496.1,2005,693,2257,0,10,6,2,12,24,28,42,48,16,20,37
KAM3418497.1,110,75,100,3,0,0,0,9,0,0,4,2,4,4,4
KAM3418499.1,546,413,419,2,4,0,2,7,0,2,0,0,8,8,5
KAM3418500.1,625,620,686,5,8,0,1,7,4,4,0,0,6,4,0
KAM3418501.1,1295,1417,1389,6,12,18,11,8,8,6,10,10,14,9,20
KAM3418502.1,682,750,593,2,0,6,0,2,2,0,0,0,4,18,8
KAM3418503.1,30,29,86,0,0,0,1,0,0,0,1,1,0,0,0
KAM3418504.1,54,24,54,0,0,0,0,0,0,0,0,0,0,2,0
KAM3418506.1,1507,1286,1419,10,8,18,20,4,4,9,8,16,19,10,20
KAM3418507.1,2604,3088,2208,7,0,6,3,10,10,8,15,14,15,12,38
KAM3418508.1,520,324,383,0,0,0,0,4,4,8,4,3,0,10,22
KAM3418509.1,15,13,10,0,0,0,0,0,0,0,0,0,1,0,0
KAM3418510.1,221,196,155,0,0,0,4,4,7,11,12,22,2,9,16
KAM3418511.1,4441,3624,4986,2,8,6,10,7,2,11,8,4,7,2,12
KAM3418513.1,15179,11378,10051,8,24,9,10,10,1,26,27,51,12,7,8
KAM3418514.1,103,111,97,0,0,3,0,0,2,5,0,0,2,0,0
KAM3418515.1,14,6,23,0,0,0,0,0,0,0,5,0,4,3,2
KAM3418516.1,951,514,946,0,12,0,23,58,19,169,220,242,44,68,84
KAM3418517.1,2501,2535,3213,12,0,6,4,8,3,19,31,16,12,0,10
KAM3418518.1,274,200,279,0,0,0,6,0,0,4,4,5,6,2,0
KAM3418519.1,254,283,258,1,0,0,0,0,7,9,2,7,1,2,0
KAM3418520.1,110,114,83,0,0,0,0,0,0,4,0,3,2,0,0
KAM3418521.1,819,603,1104,0,0,0,4,8,4,2,2,8,0,3,6
KAM3418522.1,235,298,98,0,0,0,0,6,2,2,0,0,0,4,0
KAM3418523.1,102,102,45,0,0,0,0,2,0,0,0,0,1,0,0
KAM3418524.1,643,384,505,0,0,0,0,4,2,2,0,11,0,0,0
KAM3418525.1,191,95,223,1,0,6,3,0,2,0,0,4,0,0,0
KAM3418526.1,73,45,37,0,0,0,0,0,0,1,0,4,0,0,0
KAM3418527.1,228,92,222,0,0,0,2,2,0,0,1,4,0,0,2
KAM3418528.1,394,170,233,0,0,0,4,0,0,2,1,3,0,0,2
KAM3418529.1,400,170,168,0,0,6,0,2,0,2,1,0,0,0,5
KAM3418530.1,5458,4668,5656,2,4,18,6,10,6,15,28,16,27,24,64
KAM3418531.1,3926,3744,3814,12,16,24,4,10,22,17,6,21,22,27,37
KAM3418532.1,159,146,266,0,0,0,0,2,2,2,4,2,6,6,4
KAM3418533.1,42,32,105,0,0,0,2,0,7,2,1,2,0,6,6
KAM3418534.1,645,349,773,2,12,12,9,16,12,10,16,13,12,8,14
KAM3418535.1,515,362,467,2,0,12,3,17,12,10,7,12,3,7,8
KAM3418536.1,14,23,22,0,0,0,0,0,1,0,0,0,0,0,1
KAM3418537.1,547,444,1092,2,0,12,0,5,2,0,6,7,6,8,14
KAM3418538.1,724,852,732,4,4,0,3,11,14,11,10,7,23,18,17
KAM3418539.1,501,355,730,0,0,0,1,7,4,39,36,33,6,2,12
KAM3418540.1,2457,1472,4126,6,16,0,4,14,6,14,4,8,16,8,17
KAM3418541.1,376,266,443,2,4,0,2,0,6,0,0,2,4,10,0
KAM3418542.1,295,227,295,4,4,0,2,6,6,2,4,8,0,4,2
KAM3418544.1,62,51,103,0,0,0,0,0,0,0,4,2,0,0,0
KAM3418545.1,72,23,22,0,0,0,2,0,0,0,0,0,0,0,2
KAM3418546.1,24,34,73,0,0,0,0,6,2,10,18,20,8,2,0
KAM3418547.1,4778,2357,5121,0,0,0,2,2,4,8,7,2,103,117,223
KAM3418548.1,7049,5374,7077,6,12,0,20,33,28,26,36,26,30,30,27
KAM3418549.1,8321,3977,4719,4,0,12,0,7,8,13,10,7,2,7,12
KAM3418550.1,542,280,168,0,0,0,0,0,0,0,0,0,0,0,1
KAM3418551.1,8445,8837,8246,12,28,0,52,44,52,29,64,69,143,193,256
KAM3418552.1,645,842,657,4,0,12,6,4,0,3,2,4,4,4,14
KAM3418553.1,5155,3895,4029,6,16,6,5,16,12,6,13,20,8,4,4
KAM3418554.1,341,311,429,4,0,0,2,0,0,0,2,0,0,8,3
KAM3418555.1,1703,1899,1701,8,0,0,4,2,2,0,8,6,17,12,16
KAM3418556.1,1342,1499,1354,0,0,0,0,4,2,1,7,5,6,6,17
KAM3418557.1,3860,4320,3047,4,0,18,5,2,14,2,8,7,0,3,2
KAM3418558.1,3893,3623,3980,4,4,0,4,9,8,2,23,20,2,6,14
KAM3418559.1,676,766,776,2,4,0,0,4,3,4,0,3,12,2,8
KAM3418560.1,990,1077,1025,2,16,9,6,12,10,10,10,12,18,14,14
KAM3418561.1,898,786,1212,1,4,0,13,9,7,6,4,8,11,12,8
KAM3418562.1,18,4,19,0,0,0,0,0,0,0,0,0,0,0,0
KAM3418563.1,4,0,4,0,0,0,0,0,0,0,0,0,0,0,4
KAM3418564.1,1335,705,1709,2,0,0,4,4,4,9,18,12,12,12,14
KAM3418565.1,6434,6932,5026,14,16,12,6,10,10,14,30,34,12,10,14
KAM3418566.1,1638,1375,1727,2,0,0,6,3,2,2,11,12,4,10,26
KAM3418568.1,650,858,574,5,0,0,2,2,4,0,0,0,8,2,8
KAM3418569.1,2250,1745,2433,10,4,0,10,14,8,26,12,30,22,42,43
KAM3418570.1,981,749,1287,10,4,6,8,4,10,10,8,5,7,6,16
KAM3418571.1,779,556,2330,6,0,0,0,4,2,12,2,6,18,7,10
KAM3418572.1,2360,3059,2847,28,24,33,15,17,7,23,7,21,14,13,12
KAM3418573.1,2301,2611,2001,14,24,12,22,9,4,10,8,8,18,16,24
KAM3418574.1,91,71,79,0,0,0,2,2,0,0,2,0,0,2,0
KAM3418575.1,989,1068,1007,6,0,6,8,8,10,4,9,8,11,20,18
KAM3418576.1,635,568,906,2,16,12,0,5,12,8,6,8,5,10,11
KAM3418577.1,181,156,229,0,0,0,4,0,6,4,2,6,0,10,4
KAM3418578.1,1821,1203,2290,12,4,30,17,39,12,8,13,13,23,35,28
KAM3418579.1,5597,5012,2873,14,16,24,9,18,11,5,7,20,53,38,67
KAM3418580.1,7275,4532,4004,17,12,6,9,20,2,7,16,13,59,76,157
KAM3418581.1,126,180,208,0,4,0,2,0,0,0,0,4,4,2,2
KAM3418582.1,142,161,209,0,0,6,4,6,0,2,4,2,8,4,0
KAM3418583.1,49,36,63,0,0,0,0,0,0,0,0,0,0,0,0
KAM3418584.1,6,11,2,0,0,0,0,0,0,0,0,0,0,0,0
KAM3418585.1,16423,11498,10571,24,8,30,80,107,78,70,87,101,125,142,190
KAM3418586.1,15243,5021,7908,14,2,0,6,8,6,4,9,0,32,30,55
KAM3418587.1,811,1112,780,8,0,6,3,4,2,0,0,8,2,16,19
KAM3418588.1,351,458,432,2,0,0,6,4,0,12,9,2,7,12,14
KAM3418589.1,9459,6015,9020,14,4,12,0,0,0,0,5,3,40,29,61
KAM3418590.1,0,0,3,0,0,0,0,0,0,0,0,0,0,0,0
KAM3418591.1,405,197,552,0,4,0,8,5,8,4,6,6,5,6,10
KAM3418592.1,3591,3175,3247,14,12,12,7,14,14,8,4,10,23,31,76
KAM3418593.1,2047,1448,2221,32,8,6,12,16,18,6,12,10,102,97,69
KAM3418594.1,770,593,969,0,0,6,6,12,4,6,4,8,14,22,26
KAM3418595.1,2269,2636,2380,4,28,30,6,16,2,4,23,21,17,22,30
KAM3418596.1,13392,11856,16976,52,44,18,92,117,100,69,68,51,372,380,385
KAM3418597.1,15808,11611,15195,16,46,42,38,48,61,44,40,25,194,207,236
KAM3418598.1,802,790,1019,2,0,0,10,7,3,2,6,8,29,18,9
KAM3418599.1,207,158,298,2,0,0,0,0,1,2,0,1,1,0,2
KAM3418600.1,4415,5433,6233,35,24,72,12,10,8,40,28,30,22,27,23
KAM3418601.1,14494,11120,13948,8,4,36,3,8,1,5,18,20,18,22,29
KAM3418602.1,344,438,428,2,4,6,0,2,0,0,2,2,8,4,16
KAM3418603.1,831,1031,864,2,4,0,2,6,0,12,0,0,12,11,8
KAM3418604.1,9920,7601,8073,45,36,36,39,26,44,32,39,35,50,49,39
KAM3418605.1,343,442,592,8,0,0,2,6,6,4,2,12,6,14,14
KAM3418606.1,48427,38888,40891,68,86,72,134,195,213,150,182,189,257,291,335
KAM3418607.1,2153,1958,2420,6,0,0,4,5,8,15,0,18,7,15,17
KAM3418608.1,265,323,354,4,0,0,2,6,3,4,0,5,5,3,7
KAM3418609.1,299,228,367,0,0,0,6,2,2,0,2,2,15,10,6
KAM3418610.1,786,981,916,4,8,12,6,6,0,4,4,12,2,12,10
KAM3418611.1,189,271,215,0,0,0,7,5,6,6,2,0,4,3,7
KAM3418612.1,102,64,114,2,4,0,4,0,5,0,0,8,0,7,6
KAM3418613.1,7815,8110,6930,8,2,3,13,14,9,9,17,25,21,19,16
KAM3418614.1,1288,1302,1420,0,0,0,7,3,10,0,8,13,2,9,12
KAM3418615.1,8124,8084,8470,22,12,0,65,66,46,23,37,56,63,58,86
KAM3418616.1,1029,1083,1099,4,16,12,6,4,0,10,4,14,10,5,19
KAM3418617.1,779,511,805,2,0,9,10,15,11,10,16,15,32,53,54
KAM3418618.1,779,522,932,0,0,9,5,8,19,10,4,10,13,7,26
KAM3418619.1,1843,1539,2296,6,28,12,20,15,10,16,14,13,32,40,40
KAM3418620.1,284,261,334,1,0,6,8,8,9,1,0,3,91,179,185
KAM3418621.1,46,54,71,0,0,0,0,0,0,0,0,2,33,67,55
KAM3418622.1,382,200,500,0,4,0,11,5,10,4,5,4,190,300,362
KAM3418623.1,281,343,435,0,0,0,6,12,0,2,6,5,12,18,26
KAM3418624.1,23,20,34,0,0,0,0,0,0,0,0,0,0,0,0
KAM3418625.1,2805,2265,1686,6,8,0,2,6,2,3,4,8,0,3,4
KAM3418626.1,1887,1474,1268,0,0,3,1,0,0,4,5,8,4,4,4
KAM3418627.1,608,747,824,8,4,12,6,6,8,7,9,16,20,31,36
KAM3418628.1,1159,1012,1412,11,10,0,12,6,16,7,9,25,17,20,39
KAM3418629.1,1756,1877,2248,14,8,6,6,3,1,12,11,15,13,10,19
KAM3418630.1,415,487,498,0,0,30,2,0,0,4,2,4,10,4,2
KAM3418631.1,1432,1015,1518,8,0,0,6,8,18,7,16,4,26,25,24
KAM3418632.1,950,779,1189,6,4,0,2,14,8,6,16,4,8,25,39
KAM3418633.1,4027,3127,4134,6,12,6,5,25,10,17,4,20,23,23,46
KAM3418634.1,1715,1383,2079,4,0,18,11,21,15,14,13,11,26,40,56
KAM3418635.1,2692,1945,2859,2,8,30,14,18,14,4,14,38,38,52,60
KAM3418636.1,290,188,428,0,4,6,0,8,2,6,6,4,4,6,3
KAM3418637.1,288,241,440,2,4,0,2,10,10,12,10,11,12,8,6
KAM3418638.1,2172,2293,2055,0,8,0,5,9,9,11,11,14,14,21,17
KAM3418639.1,174,151,164,0,4,0,0,0,0,2,2,1,6,4,2
KAM3418640.1,161,171,312,0,0,6,0,5,1,2,3,0,5,0,5
KAM3418641.1,1932,1204,1667,8,12,6,9,14,10,6,10,14,18,20,33
KAM3418642.1,2368,2220,2125,6,20,24,8,12,9,11,16,18,9,2,23
KAM3418643.1,4397,3044,3537,4,4,0,20,53,12,71,70,93,94,109,130
KAM3418644.1,27974,21597,35327,28,8,18,161,151,193,233,244,273,253,284,356
KAM3418645.1,1776,1754,1351,5,12,36,5,11,11,2,11,12,10,12,18
KAM3418646.1,626,592,827,2,0,0,7,6,7,5,7,4,6,15,25
KAM3418647.1,759,630,908,2,0,0,8,9,10,1,2,4,16,12,26
KAM3418648.1,7186,4148,4691,2,4,6,4,6,7,14,9,27,4,5,13
KAM3418649.1,4879,4849,4588,31,28,12,12,26,18,14,16,21,111,94,115
KAM3418650.1,12571,14836,14078,20,48,12,26,14,18,20,22,17,42,39,60
KAM3418651.1,836,707,863,1,4,0,4,4,15,0,8,10,4,5,10
KAM3418652.1,79,107,66,0,0,0,0,3,4,0,3,0,0,4,5
KAM3418653.1,2798,2662,3162,10,0,6,6,19,15,11,10,18,24,32,54
KAM3418654.1,7973,8709,6518,24,20,21,6,12,16,22,16,24,42,30,34
KAM3418655.1,6292,4599,4979,16,8,12,8,11,9,8,6,14,10,27,22
KAM3418656.1,102,128,119,2,0,0,0,0,4,0,2,2,0,0,4
KAM3418657.1,40,69,157,0,0,0,0,0,0,0,0,0,0,2,2
KAM3418658.1,4654,3604,3780,10,4,24,12,18,32,8,8,21,37,45,28
KAM3418659.1,2032,2138,2400,10,6,12,8,12,18,23,22,22,27,12,30
KAM3418660.1,2110,2298,2608,10,0,3,12,12,7,12,4,6,32,31,28
KAM3418661.1,4648,6237,6891,30,16,36,18,8,12,22,14,18,58,52,52
KAM3418662.1,4311,3900,4653,4,6,18,5,16,6,11,9,15,37,26,55
KAM3418663.1,1505,1088,1523,3,0,6,6,16,2,12,14,10,13,17,25
KAM3418664.1,118,121,111,2,0,0,0,0,0,0,0,0,2,1,6
KAM3418665.1,2012,1632,1960,10,4,24,16,15,24,11,12,8,4,7,14
KAM3418666.1,14,15,10,0,0,0,0,0,0,0,0,0,0,0,0
KAM3418667.1,1197,1193,811,2,0,0,10,2,2,8,6,5,6,10,8
KAM3418668.1,486,413,356,0,0,0,2,4,5,2,2,6,2,2,6
KAM3418669.1,29,30,40,0,0,0,2,1,0,2,0,0,0,0,0
KAM3418670.1,502,447,557,0,0,0,2,4,8,4,10,4,14,12,16
KAM3418671.1,313,313,373,0,4,6,6,0,4,2,0,3,16,21,19
KAM3418672.1,709,662,783,6,0,0,4,12,6,4,3,4,12,9,4
KAM3418673.1,10638,9924,10014,26,12,12,12,18,22,22,44,36,30,26,28
KAM3418674.1,2677,2485,2882,10,4,6,6,8,2,10,18,18,8,19,13
KAM3418675.1,24,12,14,0,0,0,0,0,0,2,1,0,1,0,0
KAM3418676.1,2953,2398,2355,22,20,12,8,8,14,12,20,19,12,34,18
KAM3418677.1,134,83,198,4,0,0,0,4,6,2,0,0,0,1,6
KAM3418678.1,3137,2614,3067,13,32,3,17,13,18,25,18,15,41,48,68
KAM3418679.1,2211,2163,2371,4,24,12,6,6,4,4,8,10,6,8,12
KAM3418680.1,519,412,675,6,4,0,2,2,2,0,14,14,10,5,5
KAM3418681.1,2549,1917,2605,2,8,0,18,38,20,22,18,16,16,51,50
KAM3418682.1,37529,23738,22948,41,52,66,65,75,109,100,146,169,146,225,261
KAM3418683.1,9450,7025,8185,22,18,21,46,36,44,34,42,33,101,104,158
KAM3418684.1,4085,3381,4662,14,28,36,28,10,19,26,29,26,70,63,95
KAM3418685.1,530,559,597,16,12,24,6,3,6,3,8,0,4,19,17
KAM3418686.1,624,514,789,7,0,0,6,2,3,5,6,12,10,12,16
KAM3418687.1,243,242,288,0,8,0,8,9,0,4,2,4,6,6,6
KAM3418688.1,108,86,135,2,0,0,2,8,4,4,4,7,10,10,2
KAM3418689.1,2132,1712,2989,12,8,6,10,6,10,17,8,11,18,14,19
KAM3418690.1,9458,8310,8814,10,10,12,10,32,38,26,48,67,47,19,54
KAM3418691.1,2987,3028,2481,0,8,18,2,8,6,8,8,17,12,13,10
KAM3418692.1,284,291,398,1,0,0,2,3,3,9,1,2,4,9,6
KAM3418693.1,167,139,283,1,0,0,6,4,5,8,3,2,11,2,8
KAM3418694.1,802,707,748,12,4,6,6,4,5,2,14,12,16,10,28
KAM3418695.1,1677,1830,1471,0,0,6,4,0,4,9,13,10,23,28,33
KAM3418696.1,623,640,824,4,0,0,0,0,2,0,0,0,10,6,10
KAM3418697.1,2420,1116,1601,0,0,0,11,6,16,3,4,10,89,163,186
KAM3418698.1,7562,4040,7232,3,0,0,4,20,16,15,13,14,89,114,174
KAM3418699.1,637,584,785,2,0,6,1,0,2,8,2,2,11,24,29
KAM3418700.1,836,990,818,12,0,24,0,4,4,4,6,10,10,8,5
KAM3418701.1,4271,3376,3639,28,24,12,12,28,22,40,15,15,24,46,64
KAM3418702.1,1494,1065,1486,12,12,6,8,7,6,22,16,9,40,37,58
KAM3418703.1,442,524,583,0,0,0,6,5,2,4,2,5,11,21,8
KAM3418704.1,599,538,1143,6,0,12,3,4,7,9,10,8,2,0,2
KAM3418705.1,762,442,862,2,0,0,4,4,0,0,5,4,4,0,8
KAM3418706.1,299,174,235,0,0,18,3,0,2,1,5,4,1,0,1
KAM3418707.1,881,498,425,0,4,0,3,9,6,2,4,8,3,4,5
KAM3418708.1,605,520,286,1,4,0,0,1,4,0,0,8,0,5,9
KAM3418709.1,1086,732,1271,0,0,0,4,6,8,0,16,6,10,7,14
KAM3418710.1,202,216,285,2,2,0,4,0,2,2,4,6,2,4,0
KAM3418711.1,275,206,626,0,0,0,0,0,4,8,16,10,0,0,0
KAM3418712.1,175,132,529,0,0,0,0,2,2,2,6,22,0,0,4
KAM3418713.1,809,574,1406,0,0,0,0,0,0,5,8,4,0,0,6
KAM3418714.1,369,189,419,0,0,0,2,0,0,2,2,2,0,4,2
KAM3418716.1,181,114,159,2,0,0,2,2,0,2,2,0,0,0,2
KAM3418717.1,277,445,509,2,0,0,2,2,0,6,2,5,5,11,22
KAM3418718.1,158,64,176,0,0,0,2,3,2,0,4,2,4,2,6
KAM3418719.1,538,362,499,4,2,0,0,3,8,8,8,7,14,14,13
KAM3418721.1,1701,2129,1489,16,12,18,14,12,16,8,14,12,4,19,16
KAM3418722.1,110,64,140,0,0,0,0,2,0,4,0,3,2,2,8
KAM3418723.1,2822,976,2528,15,4,0,7,22,11,24,48,34,110,132,157
KAM3418724.1,86,68,40,0,2,0,1,2,2,0,1,1,1,0,1
KAM3418726.1,303,172,330,0,0,0,4,1,3,6,10,6,1,0,0
KAM3418727.1,116,57,184,3,0,24,0,4,0,0,0,0,4,2,2
KAM3418728.1,702,412,1094,4,0,6,0,2,2,1,4,4,5,2,21
KAM3418729.1,860,572,889,4,4,6,2,6,4,2,6,10,0,8,16
KAM3418730.1,1279,1361,1684,4,0,0,2,9,4,10,3,2,6,6,6
KAM3418731.1,1472,989,1584,2,0,6,8,10,7,17,8,18,12,16,18
KAM3418732.1,2484,1508,2678,8,8,24,12,22,14,20,18,8,10,9,18
KAM3418733.1,15,17,15,0,0,0,0,0,0,0,2,0,2,0,0
KAM3418734.1,6866,6546,7124,24,12,48,10,20,16,13,14,18,45,61,105
KAM3418735.1,1460,1337,1534,12,0,18,0,16,16,6,8,8,15,16,17
KAM3418736.1,759,559,1149,2,4,0,6,8,11,2,10,7,16,7,19
KAM3418737.1,312,320,351,2,0,6,4,2,2,4,2,16,6,2,4
KAM3418738.1,952,781,779,0,2,0,4,6,4,2,3,6,8,12,18
KAM3418739.1,117933,77625,86417,44,56,48,7,63,20,64,70,127,54,60,164
KAM3418740.1,69,30,74,0,0,0,0,0,0,2,0,0,0,0,0
KAM3418741.1,24,21,33,0,0,0,0,2,0,0,0,0,0,2,4
KAM3418742.1,1874,1496,2261,6,28,0,16,12,16,14,12,20,32,33,22
KAM3418743.1,12,6,4,0,0,0,0,0,0,0,0,0,0,0,0
KAM3418744.1,44,46,63,0,0,0,2,0,4,0,4,2,2,0,4
KAM3418745.1,1038,854,928,8,8,6,8,8,6,8,0,10,13,24,26
KAM3418746.1,338,216,285,0,0,0,4,0,0,2,0,4,7,0,6
KAM3418747.1,72,45,69,1,0,0,0,0,0,0,0,2,0,0,0
KAM3418748.1,6450,4909,8617,10,12,0,19,27,24,30,42,32,70,101,115
KAM3418749.1,5585,4320,5839,7,0,6,16,10,12,9,18,28,49,30,42
KAM3418750.1,182,171,272,0,0,0,0,0,6,4,0,0,5,2,2
KAM3418751.1,105,136,203,0,4,0,0,0,0,0,0,2,1,2,4
KAM3418752.1,75,81,151,0,0,0,2,0,2,4,3,7,2,4,2
KAM3418753.1,2775,3247,3309,2,8,6,9,6,2,10,12,13,28,34,27
KAM3418754.1,5960,5143,3992,10,14,21,2,1,0,8,9,14,6,9,16
KAM3418755.1,2769,2813,4112,3,12,30,6,2,2,4,26,21,9,5,10
KAM3418756.1,1593,1301,1427,11,4,6,5,12,0,4,12,4,16,26,30
KAM3418757.1,91,65,104,0,0,0,0,0,2,2,2,7,0,4,1
KAM3418758.1,756,856,998,5,0,6,1,4,7,2,10,6,9,16,19
KAM3418760.1,2005,2079,1551,8,6,0,4,8,6,6,3,11,6,12,9
KAM3418761.1,25,18,18,0,0,0,0,0,0,0,0,0,0,0,0
KAM3418762.1,404,429,639,0,8,0,2,5,4,2,2,2,3,4,8
KAM3418763.1,5486,6047,4772,13,24,18,10,11,12,12,11,15,30,39,41
KAM3418764.1,10385,11710,10331,23,8,27,10,5,6,13,12,38,27,24,32
KAM3418768.1,2385,2679,4472,8,0,0,0,0,1,7,3,4,4,11,7
KAM3418769.1,3433,2732,3762,16,24,12,16,24,38,30,22,39,30,51,86
KAM3418770.1,16,14,77,0,0,0,0,0,0,8,4,8,8,3,7
KAM3418771.1,2689,2698,2695,10,16,21,6,20,28,10,26,20,40,36,52
KAM3418772.1,554,302,491,0,0,0,0,6,4,12,5,1,10,8,9
KAM3418773.1,151,168,75,0,0,0,0,4,0,8,2,4,0,2,0
KAM3418774.1,2958,2689,3583,6,0,0,2,23,8,41,16,43,19,15,34
KAM3418775.1,4865,4855,3478,8,12,15,4,13,18,5,8,8,10,8,21
KAM3418776.1,2923,2645,3035,12,8,24,8,26,17,21,26,12,39,32,37
KAM3418777.1,136,92,121,0,0,3,0,1,2,6,1,9,0,0,2
KAM3418778.1,0,0,0,0,0,0,0,0,0,0,0,0,0,0,0
KAM3418779.1,807,389,747,0,0,0,12,7,4,11,9,6,13,2,14
KAM3418780.1,378,254,488,0,0,6,0,4,6,4,2,6,4,6,6
KAM3418781.1,3713,2624,3858,10,8,6,13,32,36,12,4,16,36,41,36
KAM3418782.1,1192,1250,1504,4,10,0,4,9,2,19,19,14,30,53,37
KAM3418783.1,924,998,704,16,8,0,0,0,0,2,2,5,14,15,14
KAM3418784.1,63,50,37,0,0,0,0,0,2,0,0,0,0,0,0
KAM3418785.1,1054,643,1231,0,0,0,10,34,10,38,39,76,16,12,16
KAM3418786.1,140,170,162,0,4,0,2,6,2,1,0,4,2,3,3
KAM3418787.1,3614,3052,3591,13,16,6,13,34,20,30,14,22,36,19,18
KAM3418788.1,265,159,238,0,4,0,2,2,2,4,2,4,23,14,12
KAM3418789.1,4007,1851,2429,0,0,0,4,20,10,24,18,35,16,10,10
KAM3418790.1,860,451,885,0,0,0,4,6,5,8,8,13,8,15,10
KAM3418791.1,405,340,488,2,0,0,3,1,1,5,3,15,15,16,11
KAM3418792.1,8,6,2,6,0,0,5,49,8,74,77,163,13,8,22
KAM3418793.1,83,90,75,0,0,0,2,1,0,0,2,2,0,0,0
KAM3418794.1,520,529,649,0,4,6,7,14,12,8,8,6,10,6,4
KAM3418795.1,674,897,790,8,4,6,1,4,3,0,2,8,7,6,9
KAM3418796.1,202,141,315,0,4,0,3,5,2,2,6,9,0,5,5
KAM3418797.1,426,318,563,0,0,3,2,7,5,2,5,11,11,8,9
KAM3418798.1,8112,5842,5960,22,28,15,28,37,30,79,55,65,16,10,22
KAM3418799.1,470,281,144,2,4,6,2,2,3,3,0,5,0,1,0
KAM3418802.1,425,260,164,0,0,0,2,1,2,1,4,2,2,9,7
KAM3418803.1,946,938,983,5,8,6,2,7,12,6,8,11,10,14,14
KAM3418804.1,279,158,326,2,4,0,0,4,3,0,0,6,2,3,2
KAM3418805.1,569,609,549,2,0,12,4,0,0,4,4,4,8,2,2
KAM3418806.1,1270,1132,1330,4,8,24,4,4,7,2,1,16,12,24,28
KAM3418807.1,824,1036,1201,0,2,6,3,2,4,7,10,4,6,0,3
KAM3418808.1,3604,4452,4237,12,12,6,26,10,13,20,34,30,8,22,16
KAM3418809.1,1108,759,1283,2,4,6,10,14,8,13,13,25,5,6,8
KAM3418810.1,175,85,173,0,0,0,6,0,0,0,3,1,1,2,4
KAM3418811.1,560,375,505,0,0,6,4,6,6,12,14,17,10,4,5
KAM3418812.1,8632,5541,9675,8,8,0,4,9,4,12,17,17,42,44,40
KAM3418813.1,511,484,685,0,0,12,0,6,2,0,0,0,12,10,11
KAM3418814.1,104,42,122,6,0,0,0,0,0,0,0,0,0,0,0
KAM3418815.1,1051,1649,1189,0,4,6,8,4,4,0,13,2,10,8,7
KAM3418818.1,510,234,651,0,0,0,0,9,0,6,4,2,12,16,18
KAM3418819.1,4610,1547,3529,8,4,0,21,9,17,19,11,14,63,113,123
KAM3418821.1,8422,3661,6636,0,4,0,38,21,26,10,27,18,98,112,206
KAM3418823.1,438,302,342,0,0,0,0,0,0,0,4,1,6,4,9
KAM3418824.1,3786,2325,6049,2,4,6,2,4,16,6,8,6,5,3,13
KAM3418825.1,12841,15483,18299,34,36,24,15,22,20,59,50,66,31,40,40
KAM3418826.1,11262,8566,11434,28,16,48,33,55,52,49,34,56,201,163,189
KAM3418827.1,488,422,471,7,4,0,2,5,6,2,8,3,14,6,18
KAM3418828.1,70,59,93,1,0,0,0,3,0,2,2,1,6,0,4
KAM3418829.1,484,401,497,4,4,6,2,0,0,2,1,4,12,1,4
KAM3418830.1,2804,3149,2961,4,4,24,2,2,0,2,4,0,14,14,17
KAM3418831.1,37582,47117,25396,58,108,99,28,35,46,36,45,39,238,221,215
KAM3418832.1,64,28,57,0,0,0,0,0,0,0,0,2,3,4,6
KAM3418833.1,6343,7092,6497,6,4,18,12,4,12,10,14,22,85,72,93
KAM3418834.1,8666,10266,8708,4,6,12,5,2,2,4,6,12,56,42,102
KAM3418835.1,10675,8285,9528,35,50,45,45,70,41,51,40,80,98,153,194
KAM3418836.1,1265,1547,1264,6,0,0,4,2,4,4,12,10,14,10,22
KAM3418837.1,57,52,61,0,0,0,1,0,1,4,0,0,2,0,2
KAM3418838.1,54,65,143,0,0,6,2,0,0,0,0,2,11,0,4
KAM3418839.1,171,144,290,0,4,0,2,0,5,1,2,0,2,6,3
KAM3418840.1,458,487,395,2,6,9,2,6,2,1,4,4,8,14,8
KAM3418841.1,189,167,284,0,0,6,0,5,2,1,4,0,9,0,1
KAM3418842.1,100,58,58,0,0,0,0,0,0,0,0,0,0,0,0
KAM3418843.1,312,226,398,0,4,0,6,2,3,2,6,0,0,4,2
KAM3418844.1,1338,1527,1257,6,0,6,4,0,2,8,2,5,2,6,16
KAM3418845.1,280,247,257,0,0,0,2,0,0,4,0,2,8,2,14
KAM3418846.1,473,494,664,0,0,0,0,2,2,5,0,2,22,24,30
KAM3418848.1,9024,6911,7506,8,4,18,16,14,26,22,22,22,14,10,11
KAM3418849.1,716,565,891,4,0,18,0,0,4,2,2,2,12,12,12
KAM3418850.1,1150,1394,1673,0,0,0,8,4,4,8,0,8,17,16,9
KAM3418851.1,1482,1106,1739,3,4,15,4,7,5,6,6,9,14,17,15
KAM3418852.1,96,81,120,0,0,0,0,0,0,0,0,2,3,0,3
KAM3418853.1,30,15,53,0,0,0,0,0,0,0,0,2,0,0,0
KAM3418854.1,2076,1278,1824,4,8,6,20,30,6,22,20,14,14,14,16
KAM3418855.1,1593,795,1045,2,0,15,2,14,1,13,5,17,6,1,18
KAM3418856.1,84,30,87,0,0,0,0,0,0,2,2,0,2,2,0
KAM3418857.1,1051,1076,848,7,8,0,6,3,8,2,2,4,12,5,17
KAM3418858.1,340,284,424,0,0,6,2,4,6,2,8,2,8,4,5
KAM3418859.1,12583,9819,13109,49,42,75,74,91,91,74,43,61,235,260,289
KAM3418860.1,140,109,108,0,0,0,2,3,0,0,1,6,0,0,2
KAM3418861.1,55,72,78,0,0,0,0,3,4,0,0,2,2,4,2
KAM3418862.1,461,411,660,0,0,0,4,1,1,2,13,11,31,36,36
KAM3418863.1,464,464,604,2,4,12,2,5,9,0,3,3,17,21,26
KAM3418864.1,823,956,1227,6,12,0,14,12,8,6,7,6,26,22,18
KAM3418865.1,253,172,226,0,0,0,4,4,2,2,6,0,2,2,11
KAM3418866.1,380,185,540,2,4,0,0,6,4,15,8,6,4,2,8
KAM3418867.1,237,119,282,4,0,0,2,10,3,8,2,4,2,2,2
KAM3418868.1,4175,1591,2643,0,4,0,8,16,7,28,8,4,12,4,17
KAM3418869.1,6142,4344,6152,18,0,30,36,43,34,40,28,47,49,84,101
KAM3418870.1,2795,2024,3079,2,10,12,13,16,20,26,25,19,34,40,45
KAM3418871.1,842,481,817,0,0,0,6,8,4,4,0,1,12,10,13
KAM3418872.1,2255,1945,2024,6,20,12,10,6,18,10,21,32,19,28,43
KAM3418873.1,4072,3946,4127,10,0,18,4,0,0,4,4,13,8,28,25
KAM3418874.1,1087,1015,1428,10,4,6,8,4,10,6,6,4,15,22,24
KAM3418875.1,468,344,524,8,0,0,2,4,4,2,6,0,10,15,25
KAM3418876.1,719,608,805,2,8,0,8,12,15,4,2,8,4,8,8
KAM3418877.1,9363,8657,6981,65,32,66,27,27,49,50,64,54,101,104,135
KAM3418878.1,1823,1160,1589,2,4,0,13,7,5,18,28,14,5,11,14
KAM3418879.1,2,5,4,0,0,0,0,0,0,0,0,0,0,0,0
KAM3418880.1,67514,46868,40229,103,130,111,83,167,110,238,257,382,250,308,485
KAM3418881.1,1100,623,750,1,0,0,9,24,18,15,12,23,10,15,24
KAM3418882.1,540,572,473,6,12,6,8,8,6,9,3,3,11,8,7
KAM3418883.1,5925,4490,5600,42,52,57,64,82,78,100,73,98,162,178,196
KAM3418884.1,172,163,337,0,0,6,0,2,0,8,0,2,3,4,0
KAM3418885.1,1267,1516,1422,4,12,6,2,0,2,2,0,0,4,4,14
KAM3418886.1,550,411,401,0,12,0,2,8,9,4,2,4,9,10,6
KAM3418888.1,24,4,9,2,0,0,0,0,0,0,0,0,0,0,0
KAM3418889.1,828,667,1024,4,12,18,2,16,4,4,8,6,8,18,36
KAM3418890.1,4847,3484,4621,2,0,6,7,2,10,15,8,21,13,5,18
KAM3418892.1,2119,2868,1953,6,16,12,6,10,4,12,7,13,22,24,18
KAM3418894.1,2896,2861,2538,4,8,6,7,13,13,10,8,22,22,20,18
KAM3418896.1,5728,4762,6408,18,14,48,37,59,31,30,17,35,180,169,176
KAM3418897.1,316,188,277,0,0,0,0,0,2,2,0,2,2,6,4
KAM3418898.1,186,126,284,2,0,0,2,2,2,0,0,2,2,0,0
KAM3418899.1,2903,2571,3060,28,4,12,8,28,15,22,13,27,27,35,55
KAM3418900.1,1571,1141,1436,14,0,0,10,8,12,13,10,12,8,19,26
KAM3418901.1,183,151,306,2,0,0,0,2,0,0,5,6,1,4,0
KAM3418902.1,381,290,560,0,0,0,2,1,0,2,2,6,8,6,7
KAM3418903.1,1415,1984,1757,8,12,3,3,6,4,12,20,26,8,6,23
KAM3418904.1,405,314,395,4,4,6,4,0,4,6,4,6,6,2,6
KAM3418905.1,320,304,505,0,0,0,6,6,0,0,4,6,4,6,6
KAM3418906.1,28,27,70,0,0,0,2,0,8,0,1,4,2,0,0
KAM3418907.1,513,636,507,5,0,0,2,6,3,6,5,8,10,7,5
KAM3418908.1,897,731,799,16,4,6,4,8,5,7,2,6,14,6,18
KAM3418909.1,2147,2103,2370,2,12,3,2,10,5,8,6,8,12,7,14
KAM3418910.1,10054,7727,7026,48,42,48,10,23,6,8,4,20,22,13,35
KAM3418911.1,252,168,350,0,0,6,0,0,2,2,0,4,4,4,6
KAM3418912.1,1641,1106,1848,3,0,3,11,12,8,2,4,6,19,23,27
KAM3418914.1,12347,10032,13813,33,40,33,80,81,95,72,56,50,215,221,268
KAM3418915.1,541,538,690,0,0,30,6,8,1,5,2,5,13,9,18
KAM3418916.1,328,494,517,0,0,0,2,2,5,0,1,2,5,7,10
KAM3418917.1,912,1241,1181,6,4,0,0,2,2,0,0,0,8,5,7
KAM3418918.1,557,395,739,0,0,3,3,9,0,10,2,4,0,3,5
KAM3418919.1,1472,1166,1292,4,16,0,10,8,4,8,8,12,12,14,14
KAM3418920.1,15909,8240,9671,13,24,0,29,35,23,44,37,50,45,46,80
KAM3418921.1,925,1016,1039,4,16,18,6,10,11,16,7,6,26,29,35
KAM3418922.1,188,150,223,1,4,0,1,9,2,12,5,5,2,2,11
KAM3418923.1,244,396,193,4,0,0,0,2,3,0,0,1,5,2,14
KAM3418924.1,727,1062,899,5,8,6,3,0,2,2,2,6,17,20,12
KAM3418925.1,2513,1511,2361,0,0,0,2,4,4,2,6,2,2,4,6
KAM3418926.1,2382,1923,3085,1,4,0,0,3,2,10,8,8,25,15,22
KAM3418927.1,5878,3915,4111,2,4,0,2,16,12,4,8,8,52,68,48
KAM3418928.1,865,633,942,0,0,12,8,20,8,8,7,19,20,19,41
KAM3418929.1,1145,1144,1563,13,8,12,4,2,12,1,12,12,22,48,54
KAM3418930.1,832,648,899,5,6,3,3,5,10,4,4,6,7,17,21
KAM3418931.1,2766,3324,2677,16,16,18,8,14,12,6,13,16,43,34,34
KAM3418932.1,26,28,59,0,0,0,10,20,32,76,279,210,42,83,93
KAM3418933.1,173,108,117,6,8,12,2,0,4,0,4,2,0,4,2
KAM3418934.1,11,16,24,0,0,0,0,0,2,0,0,0,0,0,2
KAM3418935.1,953,953,1156,2,10,30,6,11,6,14,5,21,13,6,9
KAM3418936.1,210,228,309,0,0,0,0,4,0,0,4,4,3,2,3
KAM3418937.1,7292,5694,7958,13,8,12,23,48,50,40,26,46,89,93,127
KAM3418938.1,17,10,6,0,0,0,0,0,0,0,0,0,0,0,0
KAM3418939.1,2401,2248,2447,12,4,18,12,10,12,12,16,18,30,40,38
KAM3418940.1,293,289,347,0,0,0,6,10,4,0,2,4,12,30,28
KAM3418941.1,213,109,235,0,0,0,0,0,0,1,0,0,4,0,0
KAM3418942.1,1064,926,1343,2,12,0,4,8,4,10,4,17,18,16,20
KAM3418943.1,15022,7427,5686,14,32,12,4,23,21,22,16,22,8,10,35
KAM3418944.1,569,425,935,0,0,0,8,10,8,12,10,2,4,11,10
KAM3418946.1,2266,1533,2080,8,8,24,13,21,16,14,18,28,26,23,41
KAM3418947.1,12386,11254,8646,14,12,27,8,4,10,11,16,12,17,23,20
KAM3418948.1,6331,3863,5246,12,4,12,17,28,22,46,70,36,14,18,18
KAM3418949.1,502,378,601,0,0,0,0,2,2,3,0,9,1,6,8
KAM3418950.1,5791,3448,4147,6,4,0,29,61,58,117,200,198,36,48,69
KAM3418951.1,3484,3503,2048,0,0,6,2,14,4,4,24,18,35,30,54
KAM3418952.1,2280,1913,1427,4,2,0,4,2,8,10,9,10,24,46,22
KAM3418953.1,3527,1985,3719,0,0,12,4,8,14,20,40,47,18,30,12
KAM3418954.1,2502,2542,1747,12,0,0,7,6,6,11,11,17,10,12,14
KAM3418955.1,1670,1528,1807,2,4,0,6,5,5,2,0,12,12,10,17
KAM3418956.1,4324,3898,5204,6,2,12,12,19,15,13,38,29,35,59,70
KAM3418957.1,260,371,391,0,0,0,2,2,1,0,0,0,1,2,0
KAM3418958.1,558,500,359,2,12,6,1,1,0,4,6,4,6,10,14
KAM3418959.1,135,127,267,0,2,0,2,3,0,4,2,0,3,2,5
KAM3418960.1,542,529,568,4,2,36,4,1,2,6,2,10,17,0,7
KAM3418961.1,348,262,363,8,0,0,4,4,3,2,10,0,2,0,4
KAM3418962.1,381,373,579,0,0,0,2,5,0,0,3,6,10,12,6
KAM3418963.1,2005,1381,1451,8,8,12,25,47,21,40,32,62,19,13,30
KAM3418964.1,11221,8252,11146,15,14,27,12,23,10,41,31,74,33,29,51
KAM3418965.1,1821,1920,1768,0,4,12,5,7,6,6,2,4,14,18,9
KAM3418966.1,99,29,51,0,0,0,0,0,0,0,0,0,0,4,0
KAM3418967.1,580,705,756,8,6,0,4,4,4,2,10,8,12,15,22
KAM3418968.1,1767,1187,1962,2,0,0,6,9,4,0,6,6,32,65,58
KAM3418969.1,36,51,41,0,0,0,0,0,0,0,0,0,0,0,0
KAM3418970.1,94,92,143,0,0,0,0,0,1,3,0,0,2,4,0
KAM3418971.1,2204,2340,2596,7,10,0,14,11,11,6,7,8,19,16,19
KAM3418972.1,9576,7552,10929,20,12,6,23,48,29,49,35,40,72,58,76
KAM3418973.1,4059,3856,4295,8,8,27,13,19,17,25,14,26,26,28,47
KAM3418974.1,259,273,374,4,0,3,0,4,7,10,2,3,6,0,4
KAM3418975.1,94,86,83,0,0,3,0,4,1,0,0,1,0,0,8
KAM3418976.1,673,874,698,2,4,0,2,0,1,2,10,2,8,5,4
KAM3418977.1,134,207,196,0,4,12,2,4,2,0,4,0,0,0,0
KAM3418978.1,451,482,442,2,0,6,6,9,3,3,8,10,8,20,3
KAM3418979.1,1112,1267,1194,12,0,6,1,2,2,1,2,0,19,23,43
KAM3418980.1,2003,1948,2577,0,0,0,5,11,4,7,11,21,10,14,20
KAM3418981.1,1063,815,1982,6,16,6,5,7,4,16,8,8,18,30,23
KAM3418982.1,1593,1682,1576,10,8,12,2,8,12,5,13,4,9,18,17
KAM3418983.1,917,989,899,0,0,0,0,0,4,4,6,4,5,12,16
KAM3418984.1,974,649,1452,0,0,0,4,3,2,0,4,2,23,14,18
KAM3418985.1,172,120,219,0,0,12,3,2,1,3,7,0,2,7,4
KAM3418986.1,68,75,90,4,0,0,6,6,2,9,13,14,5,5,14
KAM3418987.1,41,31,48,0,0,0,0,1,0,0,0,0,0,0,0
KAM3418988.1,102,83,82,0,0,3,1,0,0,0,2,2,6,3,0
KAM3418989.1,394,400,510,0,4,0,3,4,0,0,0,0,3,9,3
KAM3418990.1,1049,1152,1184,4,0,0,6,2,0,1,0,3,14,4,13
KAM3418991.1,141,119,190,0,0,0,0,0,0,4,0,0,0,4,1
KAM3418992.1,726,348,986,0,0,0,10,4,6,2,10,15,39,28,51
KAM3418993.1,9,10,26,0,0,0,0,0,0,0,4,0,0,0,3
KAM3418995.1,145,136,196,2,0,0,2,1,0,0,7,0,0,3,2
KAM3418996.1,868,864,601,3,0,9,1,0,0,0,0,2,7,22,19
KAM3418997.1,34,45,47,2,4,12,0,2,0,0,0,2,2,0,2
KAM3418998.1,424,258,700,0,0,6,0,2,4,7,3,4,6,2,16
KAM3418999.1,1013,569,1643,6,0,0,2,6,2,12,14,17,28,10,18
KAM3419000.1,12676,6183,16067,0,0,0,4,12,20,29,26,17,33,79,91
KAM3419001.1,497,272,690,0,0,0,2,2,1,2,6,2,8,12,6
KAM3419002.1,12,8,4,0,0,0,1,1,0,0,0,0,0,0,0
KAM3419003.1,9790,4519,7918,0,0,12,12,40,8,12,8,14,29,48,39
KAM3419004.1,640,876,761,8,12,0,2,0,4,4,6,2,15,14,18
KAM3419005.1,94,19,45,0,0,6,0,0,0,0,0,4,2,4,2
KAM3419006.1,2049,2146,2273,8,0,0,0,0,2,15,14,7,61,36,52
KAM3419007.1,337,199,258,0,0,0,2,8,4,10,12,17,12,12,11
KAM3419008.1,1777,977,1579,2,0,6,8,8,8,9,10,19,17,17,10
KAM3419009.1,3000,2570,2142,6,20,12,2,2,11,12,14,13,25,26,21
KAM3419010.1,1787,2092,2156,4,4,18,9,0,2,10,8,4,6,4,18
KAM3419012.1,1024,789,822,1,2,0,2,2,3,2,11,3,12,6,6
KAM3419013.1,1657,1795,2181,3,2,9,5,5,6,0,19,13,20,19,18
KAM3419014.1,526,329,588,2,0,0,6,6,5,10,16,10,9,14,12
KAM3419015.1,3017,3166,2848,8,8,0,6,5,8,20,16,10,13,12,21
KAM3419016.1,2646,2327,2504,2,8,0,7,6,0,4,6,4,10,26,27
KAM3419017.1,10343,8062,7386,5,2,0,5,8,2,4,6,16,24,44,71
KAM3419018.1,422,360,805,0,0,0,0,0,1,0,0,0,0,0,0
KAM3419019.1,221,248,244,4,0,12,0,0,0,4,0,0,4,2,7
KAM3419020.1,3123,3815,2621,11,0,0,1,6,2,2,0,4,10,13,19
KAM3419021.1,680,700,693,12,4,24,2,6,2,0,2,4,8,14,10
KAM3419022.1,276,269,322,2,8,6,4,6,2,2,8,8,6,15,4
KAM3419023.1,646,418,798,1,0,0,0,0,1,2,3,0,0,2,1
KAM3419024.1,13333,10553,11162,13,12,18,38,27,33,44,63,64,24,21,67
KAM3419025.1,427,386,464,2,4,6,2,2,8,0,2,11,2,0,4
KAM3419026.1,397,484,548,2,0,12,1,0,0,2,0,2,2,0,0
KAM3419027.1,451,333,465,0,4,0,9,2,20,14,4,6,4,6,4
KAM3419028.1,209,189,305,0,8,0,4,1,2,3,1,0,9,5,4
KAM3419029.1,2253,2094,1938,8,16,6,14,20,4,9,24,14,13,18,26
KAM3419030.1,916,627,763,7,6,9,14,6,2,10,6,18,13,26,33
KAM3419031.1,553,555,876,0,4,0,2,6,0,4,4,8,11,22,19
KAM3419032.1,522,254,363,0,0,6,2,3,6,0,0,4,6,2,2
KAM3419033.1,7356,7277,6136,12,12,18,13,2,16,12,12,14,30,25,39
KAM3419034.1,14202,12320,10856,10,26,15,8,10,9,14,6,13,21,30,40
KAM3419035.1,23696,15228,12215,44,20,6,37,69,64,105,118,120,710,895,1040
KAM3419036.1,357,257,489,0,0,0,2,2,2,0,4,4,2,2,2
KAM3419037.1,5874,4893,4430,0,0,0,0,2,2,0,2,0,14,6,16
KAM3419038.1,2388,2425,2862,10,4,0,12,13,4,10,8,10,34,32,26
KAM3419039.1,701,498,813,0,0,6,2,9,5,18,6,12,14,12,16
KAM3419040.1,5322,4634,3872,37,16,42,10,13,33,16,17,49,28,21,54
KAM3419041.1,76,82,103,2,0,0,0,0,0,0,0,4,0,2,2
KAM3419042.1,7290,7640,4314,28,8,0,1,12,15,7,10,26,10,22,46
KAM3419043.1,5143,3319,3180,0,4,0,0,0,0,2,0,2,0,4,6
KAM3419044.1,18782,16059,20578,29,28,36,8,18,15,19,44,44,16,17,48
KAM3419045.1,453,509,524,4,0,6,4,0,0,2,2,4,2,2,8
KAM3419046.1,396,486,498,0,0,0,6,1,4,9,4,9,4,2,2
KAM3419047.1,523,550,524,0,0,6,5,2,5,6,7,4,3,0,8
KAM3419048.1,119,85,125,0,0,0,2,0,0,0,0,4,0,0,0
KAM3419049.1,660,404,1628,0,4,0,6,7,14,18,16,20,19,12,10
KAM3419050.1,577,539,577,0,6,6,8,8,10,9,23,14,20,16,19
KAM3419051.1,981,1222,980,8,12,12,2,12,0,6,7,6,0,4,15
KAM3419052.1,837,681,762,2,8,0,2,0,1,4,2,6,0,2,0
KAM3419053.1,791,718,905,4,4,12,8,6,13,2,4,6,38,34,32
KAM3419054.1,711,789,862,3,0,0,4,7,4,8,2,7,5,17,12
KAM3419055.1,236,233,374,10,0,0,2,0,4,0,4,0,4,3,11
KAM3419056.1,88,77,151,2,0,0,2,2,0,0,0,2,0,0,2
KAM3419057.2,147,181,203,0,4,0,0,12,0,0,0,2,0,2,4
KAM3419058.1,29,48,51,0,0,0,0,0,0,0,0,0,0,0,0
KAM3419059.2,1038,962,733,0,12,12,2,2,2,4,3,6,2,4,2
KAM3419060.1,828,680,923,0,12,24,0,6,6,4,6,8,4,6,4
KAM3419061.2,699,500,1407,4,0,0,0,0,4,9,0,2,4,2,1
KAM3419062.1,507,462,882,0,0,0,0,0,0,3,0,0,2,4,0
KAM3419063.2,444,605,670,0,8,0,2,4,6,2,6,3,14,0,2
KAM3419064.1,398,386,328,0,0,0,3,2,4,8,2,9,3,4,7
KAM3419065.1,102,111,139,0,0,0,4,2,0,2,0,0,2,0,4
KAM3419066.1,718,615,800,4,0,0,0,4,0,2,4,0,4,0,0
KAM3419067.1,48,44,86,0,0,0,0,0,0,0,0,0,4,0,0
KAM3419068.1,18,20,13,0,0,0,0,0,2,0,0,0,0,0,0
KAM3419069.1,6,2,2,0,0,0,0,0,0,0,0,0,0,0,0
KAM3419070.1,15,9,26,0,0,0,0,0,0,0,0,0,0,0,0
KAM3419071.1,106,75,180,0,0,0,0,0,0,0,0,2,0,0,0
KAM3419072.1,376,367,413,5,0,0,2,0,0,2,0,0,2,2,2
KAM3419074.1,244,350,219,0,4,0,8,0,0,0,2,6,0,0,0
KAM3419075.1,3647,3263,3704,8,20,15,10,23,18,19,12,23,42,54,60
KAM3419076.1,6839,6453,7766,17,10,57,26,32,46,47,43,65,87,100,159
KAM3419077.1,7,3,6,0,0,0,0,0,0,0,0,0,0,0,0
KAM3419080.1,5,7,2,0,0,0,0,0,0,0,0,2,0,2,8
KAM3419081.1,4041,3714,4999,26,4,36,38,33,29,35,32,44,44,76,80
KAM3419082.1,106,149,95,0,0,0,0,2,0,0,2,6,0,2,2
KAM3419083.1,2335,1826,2995,4,4,21,1,14,0,10,11,13,8,15,26
KAM3419085.1,3997,3807,3871,12,22,36,12,16,20,16,18,10,34,40,38
KAM3419086.1,201,162,371,2,4,0,0,3,0,5,2,0,0,0,1
KAM3419087.1,1132,1056,1309,2,0,6,0,6,4,11,16,2,1,0,3
KAM3419088.1,463,503,946,0,4,0,0,4,0,6,2,15,2,2,4
KAM3419089.1,1250,1411,1810,1,0,0,4,4,1,0,10,9,2,4,7
KAM3419090.1,75,78,155,0,0,0,0,0,0,0,3,0,2,0,2
KAM3419091.1,1337,1061,1743,2,4,0,4,14,4,4,7,8,15,8,30
KAM3419092.1,450,774,611,2,2,0,0,1,1,1,3,3,17,17,15
KAM3419094.1,292,516,680,0,2,3,2,3,3,0,3,1,13,17,8
KAM3419095.1,8843,8700,15876,131,128,195,213,121,271,132,172,112,310,326,521
KAM3419096.1,4367,5495,7544,37,24,54,8,25,24,37,83,79,32,31,44
KAM3419097.1,2406,1863,2216,12,4,6,6,8,6,4,4,10,10,16,14
KAM3419098.1,1036,1226,1012,0,0,0,4,0,6,2,5,2,8,6,4
KAM3419099.1,8,14,23,0,0,0,0,0,0,0,1,0,0,0,0
KAM3419100.1,12,12,35,0,0,0,0,0,0,0,0,1,0,0,0
KAM3419101.1,9,7,58,0,0,0,0,0,0,0,0,1,0,0,0
KAM3419102.1,3,4,13,0,0,0,0,0,0,0,0,0,0,0,0
KAM3419103.1,1312,993,1601,3,0,0,2,8,2,8,12,11,24,8,29
KAM3419104.1,908,857,922,14,4,0,4,3,8,2,2,12,3,6,4
KAM3419106.1,2566,1664,2634,6,0,6,18,28,16,23,8,17,38,31,49
KAM3419107.1,4,10,11,0,0,0,0,0,0,0,0,0,0,0,0
KAM3419109.1,1909,1903,1973,8,8,0,2,32,16,10,16,42,14,4,10
KAM3419110.1,651,975,697,0,0,12,4,2,0,6,0,10,6,8,6
KAM3419111.1,1445,1294,2601,22,0,12,3,4,2,2,0,6,16,23,16
KAM3419112.1,1116,1337,1230,9,6,18,4,16,12,22,5,25,15,12,21
KAM3419113.1,11232,8516,10890,32,32,39,37,69,54,56,53,60,106,145,174
KAM3419114.1,367,262,529,1,10,0,4,3,0,4,0,4,16,8,2
KAM3419115.1,70,112,194,0,0,0,0,2,0,0,4,8,4,0,2
KAM3419116.1,101,167,182,4,0,0,2,2,3,0,4,2,4,8,0
KAM3419117.1,1832,1582,2211,2,2,0,18,20,24,11,24,26,46,56,59
KAM3419118.1,639,484,730,1,6,6,9,20,9,5,13,12,21,28,42
KAM3419119.1,403,475,475,2,0,0,6,2,5,7,3,8,5,9,20
KAM3419120.1,512,511,735,3,4,0,4,3,0,0,0,4,4,9,19
KAM3419121.1,65,46,67,4,4,0,0,2,0,4,0,2,0,0,0
KAM3419122.1,5232,6686,6202,50,44,48,41,57,67,34,45,58,144,153,257
KAM3419123.1,160,211,274,2,8,6,0,0,2,0,0,2,3,2,0
KAM3419124.1,3547,4339,3077,4,20,48,14,26,16,18,20,22,14,18,17
KAM3419125.1,1796,1326,1520,12,10,0,9,16,11,13,0,18,29,18,24
KAM3419126.1,3170,2971,4577,2,0,0,2,16,5,4,6,5,12,7,13
KAM3419127.1,1062,1676,1192,6,16,12,20,7,10,8,6,10,10,8,29
KAM3419128.1,1324,803,1039,0,0,18,4,3,2,8,4,4,4,2,6
KAM3419129.1,67,54,30,0,0,0,0,0,0,0,0,1,0,0,0
KAM3419130.1,1310,1167,1278,10,0,12,8,4,14,12,21,12,17,14,27
KAM3419131.1,1441,1503,1133,0,16,0,0,0,2,0,8,6,8,2,2
KAM3419132.1,282,268,376,0,4,0,0,0,0,0,3,5,2,8,2
KAM3419133.1,230,263,181,0,0,0,0,0,2,0,0,0,4,4,1
KAM3419134.1,6317,8034,6066,18,34,27,8,10,4,8,8,12,38,28,38
KAM3419135.1,87,59,103,0,0,0,4,2,0,0,2,0,2,2,4
KAM3419138.1,282,269,408,5,0,0,1,0,0,2,3,0,7,5,5
KAM3419140.1,398,310,532,0,0,6,4,2,6,10,16,23,20,28,37
KAM3419141.1,621,706,555,11,0,6,6,6,5,6,4,16,6,8,8
KAM3419142.1,120,104,116,0,0,0,0,2,0,8,6,0,12,16,10
KAM3419143.1,85,63,153,1,4,0,2,0,0,0,2,0,4,10,2
KAM3419144.1,993,1174,803,0,4,9,4,2,1,4,0,4,16,10,17
KAM3419145.1,289,316,489,2,8,12,0,2,0,2,3,0,3,0,4
KAM3419146.1,19487,19757,15946,13,12,30,17,11,14,35,22,22,29,23,26
KAM3419147.1,694,612,1060,16,20,42,12,2,14,13,18,10,29,36,50
KAM3419148.1,1017,1161,1058,12,8,0,4,4,4,4,6,10,6,20,20
KAM3419149.1,1409,751,1464,2,0,0,4,10,10,18,20,26,2,6,16
KAM3419150.1,885,639,1043,2,4,0,2,4,10,6,8,4,18,6,20
KAM3419151.1,1113,1639,1606,2,12,6,2,0,7,0,3,0,9,2,20
KAM3419153.1,2084,1119,1573,2,12,6,4,29,23,17,14,28,10,12,28
KAM3419154.1,195,148,268,0,0,0,2,0,2,2,0,0,8,2,2
KAM3419155.1,1474,1547,1639,2,4,6,2,4,4,3,8,2,10,4,6
KAM3419156.1,1359,845,1436,2,0,0,5,10,8,8,8,14,2,4,13
KAM3419157.1,154,112,206,0,0,0,0,0,0,7,6,0,4,1,3
KAM3419158.1,1995,1930,2363,13,16,15,5,8,0,12,6,10,11,12,33
KAM3419159.1,10379,4734,7955,7,4,0,14,14,8,28,16,18,40,40,25
KAM3419160.1,3758,2818,4136,7,8,15,21,16,33,36,29,47,50,54,60
KAM3419161.1,1984,1627,2112,4,0,0,6,14,10,8,20,10,32,22,24
KAM3419162.1,388,193,362,2,4,0,16,22,17,15,18,20,27,19,19
KAM3419163.1,1545,1146,1480,4,4,6,12,13,25,13,13,20,28,35,36
KAM3419164.1,585,420,803,6,8,18,4,16,6,6,9,8,26,10,16
KAM3419165.1,5840,5383,5674,26,32,30,23,41,37,38,38,49,69,90,120
KAM3419166.1,242,338,263,4,0,0,1,0,0,0,0,3,7,0,0
KAM3419167.1,1530,973,1200,1,4,0,8,16,0,8,2,19,12,11,19
KAM3419168.1,449,320,598,8,8,0,2,2,0,1,0,0,1,2,0
KAM3419169.1,12091,9732,12362,29,28,36,38,51,58,38,40,48,167,146,153
KAM3419170.1,46495,46617,53028,110,128,117,8,35,14,25,26,33,259,252,395
KAM3419171.1,7540,5367,7874,16,0,12,2,17,2,10,4,28,28,30,45
KAM3419172.1,125,122,119,2,12,6,0,1,0,0,0,2,4,0,0
KAM3419173.1,108,86,115,0,0,0,0,1,0,4,0,4,2,0,2
KAM3419174.1,2366,1595,3025,10,0,0,8,24,6,23,20,27,12,18,22
KAM3419175.1,869,450,2154,1,4,0,5,22,9,25,29,20,16,35,35
KAM3419176.1,656,369,763,2,0,0,10,7,4,3,14,3,13,20,21
KAM3419177.1,183,213,269,0,0,0,4,0,2,4,6,0,5,7,15
KAM3419178.1,43,44,114,0,0,0,0,2,4,0,9,5,10,16,2
KAM3419179.1,2640,1251,2737,2,0,0,31,28,30,74,42,78,100,147,98
KAM3419180.1,8131,5444,7270,14,12,12,10,30,50,36,18,47,23,58,76
KAM3419181.1,65,60,100,0,0,0,0,0,0,0,0,1,0,0,0
KAM3419182.1,3925,3782,3156,4,8,9,9,4,6,5,14,14,6,9,25
KAM3419183.1,5233,3769,3067,40,20,21,14,11,18,8,14,26,30,47,56
KAM3419184.1,1840,2301,2837,14,12,12,4,11,8,18,14,18,22,32,24
KAM3419185.1,3275,4336,4718,9,24,51,11,10,9,17,15,32,52,28,41
KAM3419186.1,470,661,917,11,0,0,2,3,0,1,2,1,5,5,9
KAM3419187.1,158,238,151,1,0,0,0,1,0,0,2,0,1,2,2
KAM3419188.1,5249,4954,5451,12,8,6,27,44,36,39,23,35,28,31,52
KAM3419189.1,96,49,90,0,0,0,2,0,2,0,0,0,6,4,12
KAM3419190.1,8942,3793,3762,2,4,0,0,2,4,4,6,16,6,28,28
KAM3419191.1,15998,6436,12772,20,8,0,6,8,0,13,4,10,10,10,8
KAM3419192.1,6642,4298,6548,4,0,9,33,80,29,46,54,54,109,123,186
KAM3419193.1,7221,4012,7142,10,8,0,30,26,31,29,29,12,16,28,36
KAM3419194.1,47,36,67,0,0,0,0,0,0,0,0,1,0,0,0
KAM3419195.1,3083,2407,2126,4,0,18,7,12,10,2,20,10,11,14,18
KAM3419196.1,313,301,308,4,0,0,0,0,0,0,2,4,2,2,0
KAM3419197.1,2357,2370,2161,10,12,12,6,12,15,6,8,10,13,4,15
KAM3419199.1,1031,806,894,4,24,3,3,6,6,2,9,4,4,4,4
KAM3419200.1,1965,2767,2219,12,10,18,11,16,8,14,26,20,7,15,6
KAM3419201.1,5211,4910,4012,8,4,0,4,14,8,14,18,4,25,22,32
KAM3419202.1,773,421,676,0,0,0,2,2,2,4,2,1,9,10,14
KAM3419203.1,619,573,708,2,4,0,4,10,14,18,12,18,37,20,34
KAM3419204.1,805,560,828,4,4,12,11,12,8,8,12,14,14,4,18
KAM3419205.1,703,401,662,0,0,0,2,7,2,6,12,13,2,0,5
KAM3419206.1,439,239,419,0,4,0,0,2,1,4,1,2,0,0,0
KAM3419208.1,2545,1338,1941,4,12,0,11,18,8,4,9,10,7,10,12
KAM3419209.1,128,53,140,0,2,0,0,2,0,0,0,0,0,0,2
KAM3419210.1,378,349,251,1,0,0,2,0,2,2,3,0,7,7,8
KAM3419211.1,5803,5193,5343,22,26,18,12,13,14,14,19,13,39,27,61
KAM3419212.1,380,444,393,2,8,12,0,0,0,4,1,7,1,6,1
KAM3419213.1,2689,2889,2677,4,8,6,12,14,10,18,21,17,19,33,24
KAM3419214.1,15385,8564,10800,12,12,42,34,25,28,36,36,44,71,118,124
KAM3419216.1,3647,3951,3251,5,0,0,6,4,6,0,8,11,24,34,45
KAM3419217.1,3802,5395,4832,8,0,12,14,20,2,14,17,22,8,5,11
KAM3419218.1,57,58,73,0,0,0,2,2,0,0,1,0,2,0,0
KAM3419219.1,559,558,629,2,0,0,2,4,2,4,6,6,0,0,2
KAM3419220.1,1331,1540,1191,0,0,15,2,6,0,2,18,5,4,6,10
KAM3419221.1,768,657,1006,0,4,0,8,4,4,2,6,4,6,6,14
KAM3419222.1,685,550,594,6,12,6,0,8,4,4,6,10,8,4,2
KAM3419223.1,4572,2875,4463,16,16,12,8,24,7,10,12,32,16,14,20
KAM3419224.1,5350,4129,4427,12,0,0,6,8,6,16,5,10,18,26,34
KAM3419225.1,5267,4147,5176,9,10,24,6,3,10,13,9,21,28,29,28
KAM3419227.1,5555,4401,4750,6,12,18,14,12,12,12,16,38,27,31,50
KAM3419228.1,57,119,388,4,0,0,0,0,0,0,0,0,1,0,0
KAM3419229.1,9315,9577,14887,4,8,6,2,4,4,28,34,12,17,27,36
KAM3419230.1,800,889,1233,2,4,6,7,0,6,6,2,8,2,2,10
KAM3419231.1,114,90,134,0,4,0,6,4,2,4,2,2,0,8,4
KAM3419232.1,1770,2506,1666,10,32,24,6,15,8,18,22,34,54,60,75
KAM3419233.1,229,225,230,0,0,0,3,1,0,3,0,0,2,2,2
KAM3419234.1,2863,2251,2724,4,0,0,6,10,4,8,18,16,16,22,16
KAM3419235.1,351,171,325,0,0,0,0,0,2,0,6,6,2,4,3
KAM3419236.1,162,120,114,2,0,12,0,0,2,2,0,4,2,0,2
KAM3419237.1,722,485,872,0,0,3,4,11,2,8,4,5,14,3,7
KAM3419238.1,26245,27636,26693,59,44,33,11,35,12,12,22,26,71,111,140
KAM3419239.1,226,215,207,0,0,0,4,2,1,2,3,2,2,5,3
KAM3419240.1,401,439,534,0,0,0,2,2,8,2,2,5,4,11,7
KAM3419241.1,15271,12919,15949,42,56,39,42,64,75,53,48,49,225,186,241
KAM3419242.1,6876,12720,12033,23,36,117,7,6,3,0,6,2,42,52,38
KAM3419244.1,316,256,607,0,0,0,0,0,0,2,0,0,16,8,25
KAM3419245.1,11947,10045,7679,16,20,12,10,6,12,14,24,22,51,58,48
KAM3419246.1,1412,1237,1835,9,12,6,20,3,14,11,8,11,20,51,67
KAM3419248.1,14452,11462,16453,36,56,60,63,88,69,49,39,60,256,213,267
KAM3419249.1,1360,1232,1340,0,0,3,4,11,4,1,5,17,13,16,21
KAM3419250.1,1836,1681,1944,2,0,0,0,2,0,2,2,2,4,2,0
KAM3419251.1,276,208,340,2,0,0,4,0,2,4,5,2,6,4,6
KAM3419252.1,149,99,166,0,0,0,3,0,0,8,0,2,5,0,5
KAM3419253.1,5192,2722,3690,2,4,0,5,15,4,10,10,23,67,64,99
KAM3419254.1,725,439,510,4,0,0,14,16,6,18,10,20,90,81,133
KAM3419255.1,1352,1831,1490,12,8,6,8,2,10,2,2,8,10,16,12
KAM3419256.1,296,304,445,0,0,0,2,0,0,4,6,0,10,4,4
KAM3419257.1,4865,5088,6477,12,14,6,8,17,2,18,8,9,12,4,25
KAM3419258.1,14595,14679,11826,6,8,6,11,14,11,18,14,19,60,56,115
KAM3419259.1,308,206,296,0,0,0,0,4,5,3,0,4,7,9,3
KAM3419260.1,1505,1868,1895,6,16,18,4,8,0,13,8,11,6,14,24
KAM3419261.1,777,726,1436,8,0,0,10,6,2,6,6,0,11,19,6
KAM3419262.1,164,110,148,0,0,0,6,0,0,0,2,0,2,0,2
KAM3419263.1,161,94,148,3,0,0,2,3,0,4,2,5,1,0,3
KAM3419264.1,139,82,93,2,0,0,0,1,1,4,4,3,0,0,0
KAM3419265.1,97,122,87,0,0,0,1,2,0,2,3,8,0,0,2
KAM3419266.1,760,742,1037,0,4,12,8,12,0,32,13,14,7,18,17
KAM3419268.1,928,658,821,10,8,6,2,5,7,6,8,0,12,11,8
KAM3419269.1,1475,1591,1237,6,4,6,4,11,4,19,19,23,1,11,11
KAM3419270.1,704,630,687,0,0,0,0,6,0,0,3,2,0,1,6
KAM3419271.1,1023,608,1319,0,0,0,0,0,0,2,2,3,0,4,10
KAM3419272.1,4,6,11,0,0,0,0,0,0,0,0,1,0,0,0
KAM3419273.1,8,6,16,0,0,0,0,0,0,0,0,0,0,0,0
KAM3419274.1,17,11,36,0,0,0,0,2,0,2,0,0,0,0,0
KAM3419275.1,18,10,14,0,0,0,0,0,0,0,1,0,0,1,0
KAM3419276.1,132,112,197,0,4,0,0,11,4,8,2,0,1,4,0
KAM3419277.1,324,238,333,0,0,0,10,0,4,4,2,2,4,4,4
KAM3419278.1,5971,4696,5704,4,0,12,10,0,8,2,2,2,18,16,16
KAM3419279.1,18386,16432,16725,5,16,18,17,10,8,12,10,15,39,29,55
KAM3419280.1,2999,2936,4137,0,0,0,4,0,0,1,6,4,2,8,5
KAM3419281.1,79,59,1237,0,0,0,0,0,0,0,0,0,1,3,3
KAM3419282.1,907,520,1094,0,4,3,0,0,6,10,7,2,7,9,12
KAM3419283.1,449,301,452,6,0,0,2,6,0,4,2,2,2,2,4
KAM3419284.1,145,138,118,0,4,0,0,0,0,0,2,4,0,2,4
KAM3419285.1,1786,1591,1776,12,8,6,8,12,4,6,16,18,27,17,32
KAM3419286.1,638,339,682,2,0,0,4,6,6,4,3,6,4,6,10
KAM3419287.1,2678,2776,3195,6,20,15,15,20,10,13,20,27,32,29,54
KAM3419288.1,883,820,711,7,0,0,8,7,2,4,6,10,8,7,7
KAM3419289.1,9704,6414,8052,36,16,42,21,25,24,36,49,56,51,80,77
KAM3419290.1,421,480,439,0,4,0,1,0,0,6,4,0,4,2,4
KAM3419291.1,324,177,265,2,0,24,8,10,4,0,14,12,2,2,2
KAM3419292.1,256,334,270,0,0,12,2,2,8,0,0,0,4,6,4
KAM3419293.1,613,817,805,2,4,0,0,4,2,4,6,4,7,8,10
KAM3419294.1,1470,1268,1463,0,0,0,9,10,10,4,14,20,6,18,18
KAM3419295.1,2952,1553,3245,0,2,12,4,11,12,25,22,40,8,12,13
KAM3419296.1,1079,927,942,4,6,0,7,13,5,6,17,9,13,25,16
KAM3419297.1,484,415,459,2,4,0,8,4,4,7,10,4,9,12,16
KAM3419298.1,371,345,330,0,4,0,2,4,2,6,2,1,6,16,10
KAM3419299.1,1422,1934,1869,0,4,0,6,10,12,12,31,18,235,172,66
KAM3419300.1,395,565,460,1,8,6,2,0,1,4,8,13,6,7,10
KAM3419302.1,57,56,111,0,0,0,0,0,0,0,4,0,1,0,2
KAM3419304.1,12,13,10,0,0,0,0,0,0,0,0,0,0,0,0
KAM3419305.1,3650,3402,2912,14,12,12,12,23,24,12,16,12,6,18,30
KAM3419306.1,737,433,264,6,4,12,2,10,4,3,3,2,58,75,50
KAM3419307.1,951,1043,883,11,8,6,6,8,4,6,22,22,4,17,10
KAM3419308.1,26369,18663,17499,44,20,45,31,47,35,58,55,75,72,76,96
KAM3419309.1,174,132,181,0,0,0,3,2,0,0,2,4,1,2,0
KAM3419310.1,414,194,392,0,0,0,0,6,0,2,0,2,4,10,9
KAM3419311.1,199,152,267,3,0,0,0,4,2,2,2,2,16,16,11
KAM3419312.1,1255,757,1232,0,0,0,16,14,9,5,15,17,13,13,19
KAM3419313.1,12784,7187,12902,0,0,12,6,4,2,2,2,3,5,9,8
KAM3419314.1,6936,7305,7621,6,16,0,25,24,14,29,14,10,37,24,33
KAM3419315.1,24,48,88,0,0,0,0,0,0,0,0,0,0,0,0
KAM3419316.1,1061,942,691,4,4,6,2,0,0,2,4,9,7,0,5
KAM3419318.1,3539,3690,2277,2,0,30,0,6,4,10,13,10,17,31,26
KAM3419319.1,152,223,231,0,0,6,4,0,2,0,2,0,2,0,4
KAM3419320.1,499,465,644,2,0,0,4,10,2,10,10,18,12,10,10
KAM3419321.1,1261,1259,1379,3,0,0,2,2,5,0,11,11,14,20,10
KAM3419322.1,505,455,439,0,4,18,3,13,4,10,6,6,14,2,8
KAM3419323.1,1602,1286,1748,4,4,18,12,12,14,9,14,12,30,24,30
KAM3419324.1,104,118,158,2,0,0,6,5,12,6,0,3,11,6,25
KAM3419325.1,2070,2617,2161,8,0,0,2,0,2,2,2,0,72,37,86
KAM3419326.1,816,722,980,2,4,6,0,6,13,11,12,6,14,20,27
KAM3419327.1,86,50,137,0,6,0,2,6,0,9,2,11,9,6,10
KAM3419328.1,3763,2821,3472,12,4,42,21,8,25,20,18,48,68,27,59
KAM3419329.1,7914,5642,6979,4,32,12,31,48,30,46,44,79,46,61,80
KAM3419330.1,241,180,409,0,12,0,2,0,2,1,4,2,0,0,1
KAM3419331.1,42,20,70,0,0,0,0,0,0,0,0,0,2,0,0
KAM3419332.1,272,300,312,0,0,12,0,4,0,6,8,6,4,2,2
KAM3419333.1,3722,3900,3369,12,2,36,7,7,2,4,13,14,33,39,74
KAM3419334.1,621,748,581,2,4,0,0,8,10,2,8,12,8,8,4
KAM3419335.1,1738,1859,2034,2,0,0,4,6,6,8,14,4,24,31,42
KAM3419337.1,569,578,1013,2,0,0,0,0,6,6,8,1,4,7,16
KAM3419338.1,2960,2969,3933,10,4,6,12,7,12,8,0,4,22,20,34
KAM3419340.1,640,432,459,0,0,0,0,4,4,6,6,12,1,4,2
KAM3419341.1,162,184,190,0,0,0,2,4,0,2,0,2,4,2,2
KAM3419343.1,61,68,54,0,0,0,0,0,0,0,0,2,0,0,2
KAM3419344.1,1086,522,920,0,0,0,0,2,2,4,8,10,0,0,0
KAM3419345.1,10109,8873,6600,14,8,18,22,28,20,15,12,21,20,39,48
KAM3419346.1,2109,1884,1606,2,4,0,2,4,2,2,4,0,22,4,10
KAM3419347.1,130,117,119,0,0,0,0,0,0,0,0,2,0,0,2
KAM3419348.1,76,54,42,0,0,0,2,4,0,0,0,2,0,0,0
KAM3419349.1,836,841,867,0,0,6,4,4,0,0,6,2,11,15,10
KAM3419350.1,1536,1543,1301,8,4,12,6,3,8,6,4,2,35,14,24
KAM3419351.1,170,120,243,0,0,0,5,4,1,0,2,2,1,0,1
KAM3419352.1,789,548,478,2,0,0,4,8,4,10,4,6,11,8,8
KAM3419353.1,244,135,238,0,0,0,2,6,2,0,2,2,4,3,11
KAM3419354.1,1572,1806,2022,10,4,12,17,10,22,14,9,18,20,31,52
KAM3419355.1,232,217,191,2,0,0,0,0,0,0,0,0,0,0,2
KAM3419356.1,51914,48383,23426,33,8,12,0,0,0,2,1,0,12,12,19
KAM3419357.1,18194,15558,13975,6,20,3,0,0,1,0,1,2,8,3,12
KAM3419358.1,28655,25620,33123,10,22,6,1,1,3,2,0,8,4,17,25
KAM3419359.1,218,131,250,0,0,0,0,0,0,0,0,0,6,4,4
KAM3419360.1,1836,1793,1777,6,4,6,16,6,10,14,16,6,20,18,12
KAM3419361.1,6381,5159,6167,26,24,6,20,32,20,18,26,36,41,42,42
KAM3419362.1,238,204,340,0,0,0,2,4,6,7,6,3,18,9,13
KAM3419363.1,889,408,556,2,0,0,0,2,4,8,8,10,2,4,2
KAM3419364.1,1017,1232,1073,4,0,24,5,12,0,2,4,6,5,9,8
KAM3419365.1,5459,2309,3399,0,0,0,14,12,10,6,14,19,102,172,302
KAM3419366.1,130,129,193,0,0,18,2,2,2,5,5,2,4,0,8
KAM3419367.1,3387,2881,3238,10,20,12,22,34,20,23,19,26,30,51,34
KAM3419368.1,193,198,355,3,0,0,0,9,4,6,6,4,0,4,2
KAM3419369.1,308,221,352,1,0,0,6,10,6,2,4,7,4,4,8
KAM3419370.1,6961,4028,6697,0,0,0,8,5,4,5,8,9,3,13,22
KAM3419371.1,1411,893,1084,0,0,0,1,0,4,5,6,7,0,3,10
KAM3419372.1,26028,22715,21272,29,24,24,32,44,31,34,41,41,68,84,71
KAM3419374.1,2047,2819,2468,4,12,6,5,10,2,15,22,11,18,16,12
KAM3419375.1,486,692,669,0,0,12,2,2,3,6,0,0,5,14,8
KAM3419376.1,2626,2978,2670,4,0,6,4,4,8,6,4,6,20,33,28
KAM3419377.1,2535,2668,2441,12,12,6,6,17,14,4,6,10,22,18,22
KAM3419378.1,668,628,418,10,12,0,1,7,0,0,1,7,8,21,20
KAM3419379.1,249,201,257,6,0,0,0,3,0,0,6,1,2,7,6
KAM3419380.1,98,64,144,0,0,0,2,2,2,0,0,2,0,0,0
KAM3419381.1,1329,1501,1525,10,28,12,6,2,2,2,16,8,8,10,18
KAM3419382.1,178,187,201,2,8,6,2,4,4,4,4,2,2,4,6
KAM3419384.1,1537,1851,1703,4,0,6,6,10,4,14,10,8,20,19,30
KAM3419385.1,440,380,462,4,4,0,2,2,4,2,7,0,2,0,4
KAM3419386.1,382,420,331,2,0,6,4,6,4,2,0,2,10,4,8
KAM3419387.1,39,19,357,0,0,0,0,2,0,0,1,1,0,0,0
KAM3419388.1,3035,1977,3036,4,0,6,2,4,4,18,15,6,4,10,6
KAM3419389.1,2453,1464,1654,10,16,0,18,18,34,36,33,22,125,166,155
KAM3419390.1,5207,4107,5627,25,20,6,30,49,42,20,26,33,108,95,113
KAM3419391.1,238,168,307,0,0,0,0,6,6,2,4,4,1,2,6
KAM3419392.1,721,542,833,0,0,0,8,2,11,6,2,6,12,5,12
KAM3419393.1,293,224,347,2,0,0,4,3,8,4,2,2,4,4,8
KAM3419394.1,0,0,27,0,0,0,0,0,0,0,0,0,1,0,0
KAM3419395.1,2,0,2,0,0,0,0,0,0,0,0,0,0,0,0
KAM3419396.1,1,0,0,0,0,0,0,0,0,0,0,0,0,0,0
KAM3419397.1,0,0,2,0,0,0,0,0,0,0,0,0,0,0,0
KAM3419398.1,0,0,0,0,0,0,0,0,0,0,0,0,0,0,0
KAM3419399.1,0,2,4,0,0,0,0,0,0,0,0,0,0,0,0
KAM3419400.1,133,49,132,6,0,0,0,0,4,0,8,0,2,2,0
KAM3419401.1,34,12,162,0,0,0,0,0,0,0,0,0,0,9,2
KAM3419402.1,224,149,445,0,0,0,4,0,4,6,0,2,34,2,18
KAM3419403.1,372,179,214,2,0,0,0,6,6,4,2,2,5,2,6
KAM3419404.1,148,94,209,0,0,0,0,0,4,0,10,0,18,2,17
KAM3419405.1,114,48,257,0,0,0,0,0,0,0,0,0,16,9,16
KAM3419406.1,14,10,84,0,0,0,0,0,0,0,0,0,10,8,4
KAM3419407.1,24,44,54,0,0,0,0,4,4,0,2,2,8,2,4
KAM3419408.1,617,501,1152,2,0,0,5,15,2,2,4,2,4,8,3
KAM3419409.1,592,380,1105,2,0,0,3,2,0,7,4,12,0,1,2
KAM3419410.1,687,583,1013,4,4,6,0,3,2,4,0,13,3,3,8
KAM3419411.1,10190,7481,8012,23,22,48,6,6,2,10,28,9,18,20,27
KAM3419412.1,1618,1540,1239,2,4,0,0,5,1,1,0,6,14,20,21
KAM3419413.1,3227,2947,2699,3,16,0,17,17,19,20,9,10,47,24,46
KAM3419414.1,1282,1381,1367,9,8,6,4,8,7,5,12,6,18,20,35
KAM3419415.1,1173,1149,1175,0,0,6,4,12,0,8,6,12,9,10,16
KAM3419417.1,1495,1265,950,0,0,0,0,2,1,11,10,8,7,17,20
KAM3419418.1,2525,1742,3401,6,0,0,2,6,4,23,20,23,14,26,21
KAM3419419.1,1424,786,1368,4,0,6,6,10,14,12,10,11,36,19,32
KAM3419420.1,142,61,176,0,0,12,2,3,3,2,0,1,1,0,0
KAM3419421.1,64,59,111,0,0,0,0,0,0,0,0,0,0,0,2
KAM3419422.1,128,149,242,4,0,0,2,0,2,0,6,2,0,2,2
KAM3419424.1,955,997,882,5,10,18,5,2,6,0,6,3,9,1,12
KAM3419425.1,131,104,271,0,0,0,2,1,0,4,0,1,1,8,5
KAM3419426.1,9,8,7,0,0,0,0,0,0,0,0,0,0,0,2
KAM3419427.1,9876,8855,11316,31,14,18,38,49,33,34,33,47,113,115,138
KAM3419428.1,774,677,867,2,4,18,14,10,6,10,4,4,11,24,18
KAM3419430.1,1822,1300,1878,2,4,6,9,17,18,14,18,14,15,48,37
KAM3419431.1,591,467,664,2,0,0,6,6,8,6,0,4,4,3,4
KAM3419432.1,2057,1924,1620,6,0,6,16,29,26,8,16,12,9,12,6
KAM3419433.1,73,43,79,2,4,0,4,10,5,6,2,8,10,6,8
KAM3419434.1,197,136,170,2,0,0,3,5,11,8,6,3,3,9,4
KAM3419435.1,246,242,360,0,4,0,2,2,2,6,4,6,4,0,2
KAM3419436.1,1613,1226,1436,2,4,0,6,7,4,8,14,0,19,19,7
KAM3419437.1,2779,1727,2991,0,0,6,18,28,18,10,10,24,41,50,62
KAM3419438.1,355,223,304,0,0,6,0,2,8,0,0,2,5,3,4
KAM3419439.1,8290,7898,8796,22,32,36,35,42,40,32,49,91,29,40,47
KAM3419440.1,915,907,1034,4,0,6,3,2,2,6,14,8,8,4,10
KAM3419441.1,113,77,131,0,4,0,2,2,6,4,0,2,2,4,2
KAM3419442.1,39,30,26,2,0,0,0,0,0,0,0,0,0,0,2
KAM3419443.1,2615,2485,2673,10,20,27,8,12,10,2,4,8,16,23,27
KAM3419444.1,3494,4035,3565,30,14,42,13,12,12,23,24,29,8,31,24
KAM3419445.1,484,595,561,0,0,6,0,4,2,6,6,6,18,2,11
KAM3419446.1,360,248,529,0,2,6,6,0,4,7,10,11,9,12,29
KAM3419447.1,915,939,1030,14,6,6,2,10,4,8,2,20,12,6,8
KAM3419448.1,327,318,338,2,4,6,4,8,4,0,2,0,0,6,2
KAM3419449.1,82,109,83,4,0,0,0,1,0,1,2,9,2,0,3
KAM3419450.1,14,12,34,0,0,0,0,0,0,0,0,0,0,0,0
KAM3419451.1,640,771,830,4,8,0,4,4,2,4,2,2,4,10,4
KAM3419452.1,1608,1865,1556,4,4,0,4,4,1,30,30,27,8,12,12
KAM3419453.1,651,580,836,4,4,6,4,14,15,10,6,16,6,4,10
KAM3419454.1,5868,6231,5619,18,28,42,2,17,15,33,38,32,20,10,26
KAM3419455.1,220,203,226,4,0,24,8,8,2,3,0,2,8,4,7
KAM3419456.1,2426,2614,2297,2,20,3,14,13,4,14,6,6,20,17,24
KAM3419457.1,571,602,549,6,8,0,2,6,10,4,0,10,16,18,23
KAM3419458.1,316,259,370,4,4,6,4,6,6,4,6,9,8,7,8
KAM3419459.1,958,989,876,6,0,21,5,6,3,4,2,9,16,17,15
KAM3419460.1,4467,3161,3427,6,0,0,16,32,24,15,10,22,14,30,24
KAM3419461.1,373,301,313,0,0,0,2,4,6,2,2,4,2,9,5
KAM3419462.1,99,80,46,0,0,0,0,2,0,2,0,2,2,0,0
KAM3419463.1,94,57,88,0,0,0,0,2,2,2,0,0,0,0,0
KAM3419464.1,264,251,294,2,8,6,5,5,2,0,2,8,1,9,11
KAM3419465.1,1701,2175,1886,2,8,6,0,2,7,1,3,3,23,21,17
KAM3419466.1,908,912,734,6,0,0,6,4,10,4,8,6,4,8,16
KAM3419467.1,502,410,612,2,8,0,4,2,13,6,8,8,4,14,8
KAM3419468.1,962,1182,959,4,8,3,2,6,8,0,6,5,22,7,20
KAM3419469.1,990,805,1123,6,0,6,9,2,2,6,2,6,14,26,20
KAM3419470.1,753,489,821,2,0,6,6,10,4,5,4,8,12,12,8
KAM3419471.1,262,370,283,2,4,0,0,0,6,6,6,0,12,7,2
KAM3419472.1,807,632,1378,4,8,0,0,8,0,4,2,0,2,7,12
KAM3419473.1,12,10,68,0,0,0,0,0,0,0,0,0,0,0,0
KAM3419474.1,524,315,347,0,0,6,2,0,0,2,4,4,0,2,4
KAM3419475.1,47,26,27,0,0,0,2,0,0,2,0,2,0,0,2
KAM3419476.1,133,113,134,4,0,0,0,0,0,0,0,1,0,5,0
KAM3419477.1,16,16,30,0,4,0,0,0,0,0,0,0,0,3,0
KAM3419478.1,11467,9445,11499,101,136,141,50,65,39,81,60,114,134,166,220
KAM3419480.1,559,433,558,0,6,0,7,7,9,8,5,9,1,5,3
KAM3419481.1,1275,650,1362,0,0,6,1,15,7,24,14,23,8,10,11
KAM3419482.1,222,145,208,0,0,0,0,0,1,0,0,0,2,0,0
KAM3419483.1,2273,2164,3038,15,4,12,10,8,12,26,26,16,21,24,50
KAM3419484.1,3083,2473,2804,12,0,3,11,2,16,22,18,24,15,12,29
KAM3419485.1,1358,1203,1935,0,0,3,2,4,0,1,2,2,4,4,4
KAM3419486.1,702,649,703,0,0,0,2,4,2,3,8,8,2,2,2
KAM3419487.1,11236,10964,10559,14,12,12,8,36,17,12,34,52,20,44,50
KAM3419488.1,2541,1880,3167,1,0,0,8,13,12,17,22,9,24,32,19
KAM3419489.1,5715,3351,4521,0,0,0,19,22,16,4,12,16,24,26,18
KAM3419490.1,178,108,148,4,0,9,2,0,0,2,0,0,4,4,11
KAM3419491.1,3555,3712,3305,14,16,12,8,16,10,8,2,18,16,20,16
KAM3419492.1,4158,2647,3467,0,4,6,8,20,11,32,38,34,10,16,22
KAM3419493.1,194,149,190,0,8,0,2,6,2,8,6,4,2,0,2
KAM3419494.1,10033,11292,11432,20,16,33,22,34,16,68,96,90,54,62,65
KAM3419495.1,564,450,616,0,12,0,7,1,5,8,2,0,8,4,12
KAM3419496.1,209,140,337,2,8,6,0,4,4,0,4,10,20,28,32
KAM3419497.1,7261,3671,8476,8,0,12,18,24,36,50,62,76,17,44,26
KAM3419498.1,1264,1611,1163,4,24,0,8,6,4,8,4,9,12,13,14
KAM3419499.1,917,980,1196,0,16,6,7,6,7,17,7,11,15,16,21
KAM3419500.1,2700,1849,2976,6,0,12,10,12,26,14,24,25,38,38,33
KAM3419501.1,483,248,596,2,4,0,10,5,12,10,4,10,4,4,4
KAM3417165.1,12,10,34,0,0,0,0,0,6,2,0,0,0,1,0
KAM3417166.1,1,0,2,0,0,0,0,0,0,0,0,0,0,0,0
KAM3417167.1,0,3,4,0,0,0,2,0,0,0,0,0,0,0,0
KAM3417168.1,105,80,151,0,0,0,2,2,2,2,0,0,2,0,0
KAM3417169.1,212,149,136,0,0,0,0,1,2,1,2,2,1,6,2
KAM3417170.1,1376,1081,1648,4,0,0,9,8,8,12,12,14,14,30,18
KAM3417171.1,704,565,634,4,4,3,11,10,12,6,0,10,6,6,9
KAM3417172.1,152,97,224,3,0,0,3,0,0,0,2,4,0,0,3
KAM3417173.1,1416,1156,1443,0,0,0,0,2,0,2,3,2,4,4,4
KAM3417174.1,2137,2303,1529,2,8,0,7,8,7,10,18,14,8,12,6
KAM3417176.1,1158,1097,1048,2,4,6,0,4,0,3,2,2,8,5,13
KAM3417178.1,104,54,128,0,0,0,6,0,0,0,8,2,2,4,10
KAM3417179.1,810,873,788,0,4,0,0,5,4,2,0,4,4,2,4
KAM3417180.1,360,184,287,0,0,0,0,2,2,0,2,4,0,2,1
KAM3417181.1,759,567,714,8,0,3,4,5,0,10,0,7,2,6,7
KAM3417182.1,881,752,861,7,12,0,4,3,9,4,2,0,16,4,2
KAM3417183.1,428,546,416,7,0,0,0,2,2,2,0,6,11,22,11
KAM3417184.1,6493,4714,7347,7,12,42,50,70,71,40,39,52,146,142,186
KAM3417185.1,1965,1694,2115,10,8,0,5,4,5,5,2,15,14,12,23
KAM3417186.1,2629,1941,1888,10,0,0,2,4,4,9,6,8,6,8,3
KAM3417187.1,25,36,16,0,0,0,2,0,0,0,0,0,1,1,0
KAM3417188.1,284,139,237,0,8,0,4,2,2,8,0,0,0,2,0
KAM3417189.1,25,42,111,0,0,0,0,0,0,0,0,2,2,0,2
KAM3417190.1,112,53,436,0,0,0,0,0,0,4,4,12,0,2,0
KAM3417191.1,1,3,40,0,0,0,1,0,0,0,0,0,0,2,0
KAM3417192.1,5,11,100,0,0,0,1,0,0,0,2,0,2,0,0
KAM3417193.1,1158,1043,1014,2,0,6,4,11,6,9,6,4,22,23,26
KAM3417194.1,514,449,452,0,0,0,2,0,0,6,4,0,3,4,7
KAM3417195.1,4678,6097,4779,62,64,30,271,95,181,112,187,177,833,1039,1343
KAM3417196.1,13493,11883,10285,2,14,12,8,21,15,31,28,38,18,16,12
KAM3417197.1,6,8,5,0,0,0,0,0,0,0,2,0,1,0,0
KAM3417198.1,0,0,4,0,0,0,0,0,0,0,0,0,0,0,0
KAM3417199.1,0,2,0,0,0,0,0,0,0,0,0,0,0,0,0
KAM3417200.1,15,8,66,0,0,0,0,0,0,0,0,0,0,0,2
KAM3417201.1,14,6,15,0,0,0,0,0,0,0,0,0,0,0,0
KAM3417202.1,1055,794,2729,0,4,0,0,0,0,0,0,2,81,52,76
KAM3417203.1,1321,1567,1748,2,0,3,0,3,3,3,1,2,10,3,11
KAM3417204.1,2218,2805,2560,0,0,9,2,3,4,2,0,5,19,18,21
KAM3417205.1,4432,5001,4678,16,16,12,12,12,22,20,17,12,118,132,94
KAM3417206.1,394,441,537,2,0,0,3,1,3,0,6,9,8,12,14
KAM3417207.1,626,616,591,2,0,3,6,13,4,6,10,9,7,8,4
KAM3417208.1,1649,1274,2876,4,16,12,0,5,2,15,5,36,6,8,12
KAM3417209.1,482,351,409,0,0,0,0,2,0,4,4,12,10,1,0
KAM3417210.1,347,300,187,0,8,6,0,8,0,6,0,4,2,2,0
KAM3417211.1,2214,2490,2327,16,0,18,2,4,8,4,8,8,6,10,9
KAM3417212.1,4683,3975,5687,4,4,18,8,13,8,12,24,26,37,39,45
KAM3417213.1,426,340,901,0,0,0,8,6,5,1,9,7,1,7,15
KAM3417214.1,73,22,45,0,0,0,0,0,0,2,2,2,0,2,0
KAM3417216.1,20,20,62,0,0,0,7,0,4,2,2,2,0,1,1
KAM3417217.1,4,0,4,0,0,0,0,0,0,0,0,0,0,0,0
KAM3417218.1,9,6,15,2,0,0,0,0,0,0,0,4,0,0,2
KAM3417219.1,14,18,53,0,0,0,0,0,0,0,0,0,2,0,0
KAM3417220.1,2,4,1,0,0,0,0,0,0,0,0,0,0,0,0
KAM3417221.1,0,0,0,0,0,0,0,0,0,0,0,0,0,0,0
KAM3417222.1,4,0,2,0,0,0,0,0,0,0,0,0,0,0,0
KAM3417223.1,6,0,12,0,0,0,0,0,0,0,0,0,0,0,0
KAM3417224.1,8,16,27,0,4,0,0,0,0,0,0,0,0,0,0
KAM3417225.1,52,56,45,0,4,0,3,1,0,0,2,0,2,2,0
KAM3417226.1,89,82,73,0,0,0,2,0,0,0,0,2,0,2,3
KAM3417227.1,50,51,67,0,0,0,0,0,0,0,1,0,0,0,0
KAM3417228.1,76,51,26,0,0,0,0,2,0,2,6,0,0,0,2
KAM3417229.1,44,28,56,2,0,0,0,0,0,0,0,2,0,0,2
KAM3417230.1,0,3,0,0,0,0,0,0,0,0,0,0,0,0,0
KAM3417231.1,1,0,11,0,0,0,0,0,0,0,0,0,0,0,2
KAM3417232.1,983,728,1110,9,6,12,0,4,2,8,4,0,122,120,96
KAM3417233.1,8079,11625,6976,18,52,30,12,9,20,16,16,28,38,36,38
KAM3417234.1,2711,2755,2534,13,4,6,4,4,16,10,6,10,24,22,30
KAM3417235.1,2115,985,2188,2,4,0,6,14,4,10,16,13,6,4,10
KAM3417236.1,8,6,5,0,0,0,0,0,0,0,0,0,0,0,0
KAM3417237.1,2,0,6,0,0,0,0,0,0,0,0,0,0,0,0
KAM3417238.1,4,0,0,0,0,0,0,0,0,0,0,0,0,0,0
KAM3417239.1,0,6,14,0,0,0,0,0,0,0,0,0,0,0,0
KAM3417240.1,367,397,510,2,0,6,3,4,2,10,2,6,18,14,14
KAM3417241.1,116,51,77,1,0,0,0,0,0,0,0,0,0,0,2
KAM3417243.1,2713,1282,1626,2,4,6,2,8,11,10,10,8,4,21,20
KAM3417244.1,582,511,668,0,0,0,0,0,0,2,2,4,6,2,4
KAM3417245.1,910,945,774,0,4,0,8,0,2,2,6,2,4,8,2
KAM3417246.1,7,10,16,0,0,0,0,0,0,0,0,0,0,0,0
KAM3417247.1,23,18,45,0,0,0,0,0,0,0,0,0,0,0,2
KAM3417248.1,2411,2274,976,10,0,12,6,8,5,11,8,6,7,16,16
KAM3417249.1,1764,1673,1341,0,0,0,8,6,3,2,2,2,4,12,8
KAM3417250.1,1483,1507,1679,2,0,12,12,18,10,14,24,9,10,20,22
KAM3417251.1,2866,2625,2564,12,8,0,6,13,11,14,17,20,16,22,27
KAM3417252.1,18,22,31,0,0,0,0,2,0,0,0,0,0,0,0
KAM3417254.1,6,12,20,0,0,0,0,0,0,0,0,0,0,0,0
KAM3417255.1,2435,2308,2267,4,0,24,6,8,16,11,12,8,16,14,30
KAM3417256.1,49,52,36,0,0,3,0,0,0,2,0,2,2,2,0
KAM3417257.1,2,10,14,0,0,0,0,0,0,0,0,0,0,0,0
KAM3417258.1,12,0,4,0,0,0,0,0,0,0,0,0,0,0,0
KAM3417259.1,45,46,66,0,0,0,0,0,0,0,0,0,0,0,0
KAM3417260.1,1229,1412,1930,2,8,6,4,8,6,6,12,6,14,12,13
KAM3417261.1,12901,12378,17542,18,18,6,15,41,19,37,29,23,93,95,167
KAM3417262.1,3116,2835,2768,4,18,24,2,8,11,18,18,34,15,22,36
KAM3417263.1,26234,20459,24364,62,100,66,92,153,151,122,60,104,374,368,541
KAM3417264.1,705,898,709,8,8,12,2,7,2,2,4,2,20,18,24
KAM3417265.1,493,343,415,2,0,0,10,10,2,0,0,2,3,8,11
KAM3417266.1,289,253,248,0,0,0,2,1,2,1,2,2,6,4,5
KAM3417267.1,2842,2686,2531,2,0,0,2,4,0,2,2,4,6,0,8
KAM3417268.1,1002,1164,1264,4,4,6,9,12,10,10,8,4,26,16,8
KAM3417269.1,386,278,441,6,0,0,2,2,10,0,0,0,4,2,4
KAM3417271.1,1316,847,1306,0,0,0,10,6,4,5,2,12,14,12,17
KAM3417272.1,1502,1435,1577,0,0,0,5,13,10,0,11,7,11,5,20
KAM3417273.1,221,166,223,0,0,0,4,2,2,0,2,6,0,3,2
KAM3417274.1,22,5,16,0,0,0,0,0,0,0,0,0,0,0,0
KAM3417275.1,534,470,734,2,4,6,4,4,6,4,8,14,9,6,14
KAM3417276.1,1117,981,1093,0,6,0,3,6,15,14,7,14,24,27,43
KAM3417277.1,593,397,654,2,0,0,10,6,2,0,2,6,6,9,13
KAM3417278.1,24,12,18,0,0,0,0,0,0,0,0,0,0,0,1
KAM3417279.1,1101,1578,1922,1,4,0,6,8,2,14,2,3,9,4,4
KAM3417280.1,537,503,632,0,0,0,0,3,4,14,8,10,4,8,0
KAM3417281.1,584,463,1689,0,0,0,2,4,0,0,0,4,5,0,4
KAM3417282.1,454,409,595,0,0,0,2,7,2,6,6,11,3,3,6
KAM3417283.1,4117,3182,3865,12,14,9,2,10,8,12,19,32,49,32,32
KAM3417284.1,1991,1412,5944,0,0,0,0,0,0,10,3,0,430,110,317
KAM3417285.1,17,12,9,0,0,0,0,0,0,2,1,0,0,0,0
KAM3417286.1,1838,1048,1784,8,0,0,0,20,2,10,9,13,1,4,8
KAM3417287.1,1667,1354,1044,3,16,6,0,2,4,6,0,4,8,0,2
KAM3417288.1,446,244,406,0,0,0,2,4,2,5,2,4,10,4,0
KAM3417289.1,2258,2312,1709,22,28,48,4,4,12,10,24,16,12,13,17
KAM3417290.1,739,854,950,6,4,12,4,10,5,11,6,3,9,8,15
KAM3417291.1,27,20,21,0,0,0,0,0,0,2,0,0,0,2,0
KAM3417292.1,691,613,643,6,4,18,2,8,2,4,4,4,8,11,12
KAM3417293.1,504,592,941,0,0,0,3,3,0,10,10,4,6,4,6
KAM3417294.1,2443,2041,2440,12,12,6,22,6,17,14,18,33,23,10,22
KAM3417295.1,196,176,153,0,0,0,6,4,0,0,0,2,5,0,0
KAM3417296.1,420,370,622,0,0,0,0,0,4,0,8,8,2,2,2
KAM3417297.1,0,3,0,0,0,0,0,0,0,0,0,0,0,0,0
KAM3417298.1,617,318,469,2,0,6,5,4,14,15,24,26,40,16,30
KAM3417299.1,1389,1586,1728,2,0,6,2,4,8,0,0,10,10,8,8
KAM3417300.1,2620,2413,2552,7,0,12,10,6,6,12,8,14,12,27,20
KAM3417304.1,674,714,849,2,4,15,4,11,9,3,9,18,11,23,15
KAM3417306.1,29005,20146,25796,16,14,24,105,143,147,162,189,194,136,224,247
KAM3417307.1,784,751,1081,2,12,6,2,3,12,1,5,3,9,7,9
KAM3417308.1,5339,5514,4837,10,18,6,16,16,4,24,16,14,20,21,29
KAM3417309.1,4318,2721,2938,4,2,0,4,4,0,2,3,8,14,2,12
KAM3417310.1,870,604,572,0,2,12,5,0,6,0,0,2,6,4,4
KAM3417311.1,704,811,115,0,0,0,2,0,0,0,0,0,0,0,0
KAM3417312.1,6859,6079,4931,13,4,18,0,2,4,7,8,4,4,2,11
KAM3417313.1,6,4,4,0,0,0,0,0,0,0,0,0,0,0,0
KAM3417314.1,9859,10759,6625,24,34,90,14,10,30,12,21,24,26,18,19
KAM3417315.1,6,21,16,0,0,0,1,0,0,0,0,0,0,0,1
KAM3417316.1,3281,3661,3622,4,0,0,4,6,8,5,6,6,1,5,11
KAM3417317.1,1451,1269,1735,0,0,0,4,4,2,8,9,8,0,0,0
KAM3417318.1,732,567,406,0,8,12,10,5,2,2,6,8,2,4,4
KAM3417319.1,128,76,111,0,0,6,0,2,0,0,2,0,0,2,0
KAM3417320.1,689,752,704,2,0,0,2,1,6,0,4,6,9,4,14
KAM3417321.1,82,67,91,0,0,0,0,0,0,2,0,2,0,0,0
KAM3417322.1,113,41,74,0,0,0,3,0,0,2,2,12,4,0,2
KAM3417323.1,96,105,89,3,4,6,0,1,0,0,2,0,5,0,1
KAM3417324.1,954,600,1748,0,0,12,2,2,2,2,2,2,0,0,4
KAM3417325.1,1044,739,925,0,4,12,4,4,2,4,18,19,2,1,6
KAM3417326.1,1651,1529,2404,0,8,0,0,1,0,5,2,4,4,9,6
KAM3417327.1,185,154,132,0,0,0,0,2,4,0,2,0,4,5,7
KAM3417328.1,462,239,1125,2,0,0,0,16,6,30,24,22,8,12,14
KAM3417329.1,18,27,53,0,0,0,2,8,4,15,31,35,0,0,6
KAM3417330.1,232,207,231,2,4,0,2,2,3,4,4,4,0,2,4
KAM3417332.1,186,153,183,0,0,6,2,2,4,0,2,4,0,0,4
KAM3417333.1,11,7,20,0,0,0,0,0,0,0,0,0,2,1,0
KAM3417334.1,155,65,120,1,0,0,1,7,4,0,0,5,4,3,4
KAM3417335.1,601,535,556,6,8,0,1,0,9,8,2,3,12,25,2
KAM3417336.1,1339,877,1289,5,4,0,0,5,8,2,2,5,16,14,20
KAM3417337.1,21014,16370,21037,66,58,60,98,152,103,95,73,118,383,417,406
KAM3417338.1,674,745,782,11,4,3,6,10,20,5,7,16,6,12,28
KAM3417339.1,25484,13029,15534,8,4,0,22,44,19,69,68,56,81,161,191
KAM3417340.1,922,579,734,9,4,6,9,12,6,7,13,12,10,14,12
KAM3417341.1,308,226,363,0,0,0,1,3,0,5,3,2,0,4,0
KAM3417342.1,5773,2571,6137,2,0,0,5,8,0,10,0,6,2,2,7
KAM3417343.1,662,401,881,1,0,0,0,2,4,4,0,6,0,4,10
KAM3417344.1,201,225,248,0,0,0,0,4,4,4,8,4,2,2,4
KAM3417345.1,2,4,9,0,0,0,0,0,0,0,0,0,0,0,0
KAM3417346.1,0,3,6,0,0,0,0,0,0,0,0,0,0,0,0
KAM3417347.1,326,178,429,0,0,0,0,2,0,4,4,2,2,0,3
KAM3417348.1,74,103,208,0,0,3,0,2,0,0,2,0,0,0,3
KAM3417349.1,0,10,8,0,0,0,0,0,0,0,0,0,0,0,0
KAM3417350.1,544,339,521,0,0,0,4,0,2,4,4,2,14,2,14
KAM3417351.1,1043,1109,1104,4,4,0,6,8,2,3,11,6,11,4,15
KAM3417352.1,2438,2105,2301,10,8,24,8,4,10,18,10,2,14,27,21
KAM3417354.1,414,202,333,0,4,0,2,6,4,4,2,2,6,4,0
KAM3417355.1,2164,1929,1138,6,0,0,1,4,0,4,2,2,12,4,17
KAM3417356.1,972,634,1025,6,0,0,0,4,1,3,0,0,8,7,4
KAM3417357.1,793,897,782,8,0,0,4,3,4,1,4,3,13,13,13
KAM3417358.1,11,8,32,0,0,6,0,0,0,0,0,0,0,0,0
KAM3417359.1,12,9,7,0,0,0,0,0,0,0,0,0,0,0,0
KAM3417360.1,66,40,88,4,0,0,0,0,0,0,0,2,2,0,6
KAM3417361.1,2692,2122,2612,18,12,12,16,17,17,6,18,14,45,43,36
KAM3417362.1,180,183,236,0,0,0,8,2,9,0,4,3,2,6,12
KAM3417363.1,465,348,523,2,16,0,6,4,3,0,6,1,2,10,6
KAM3417364.1,186,149,293,0,0,0,0,3,6,1,0,2,0,0,0
KAM3417365.1,169,168,127,0,0,0,0,0,4,0,4,6,0,0,2
KAM3417366.1,4,8,4,0,0,0,0,0,0,0,0,0,0,0,0
KAM3417367.1,730,700,1024,2,0,6,1,0,0,2,4,2,69,17,51
KAM3417368.1,86,100,155,0,0,0,0,0,0,2,4,2,0,2,2
KAM3417369.1,95,38,105,0,0,0,0,2,0,0,2,1,6,6,6
KAM3417370.1,7,4,16,0,0,0,0,0,0,0,0,0,0,0,0
KAM3417371.1,99,30,103,1,0,0,2,0,0,0,2,0,2,0,0
KAM3417372.1,67,93,142,0,0,0,0,2,4,4,2,4,2,6,8
KAM3417373.1,7148,6399,5753,8,24,24,14,3,6,13,3,10,17,17,30
KAM3417374.1,664,856,854,2,4,12,3,2,4,7,1,5,13,2,8
KAM3417375.1,48,45,32,0,0,0,0,0,0,0,0,0,0,3,0
KAM3417376.1,242,196,267,0,0,0,0,0,0,0,0,2,0,0,6
KAM3417377.1,80,92,103,0,0,0,0,4,0,0,2,3,6,0,0
KAM3417378.1,34,39,23,0,2,0,1,2,0,1,3,6,1,0,2
KAM3417379.1,2185,2036,1945,7,0,0,2,6,2,7,4,2,12,8,17
KAM3417380.1,5744,7122,4639,12,22,18,10,10,9,6,4,19,23,15,23
KAM3417381.1,2270,2461,2739,12,4,6,14,14,8,2,6,14,22,25,27
KAM3417382.1,393,282,652,0,0,0,2,0,0,0,6,4,2,8,8
KAM3417383.1,517,634,533,4,0,0,8,8,1,4,0,6,8,14,16
KAM3417384.1,239,107,296,0,0,0,2,5,2,0,4,4,0,2,14
KAM3417386.1,249,256,402,0,4,0,0,0,0,2,5,1,2,1,0
KAM3417387.1,2867,3109,2802,13,18,12,12,14,13,16,6,16,23,24,24
KAM3417388.1,180,186,232,0,0,0,2,8,11,2,0,2,1,0,2
KAM3417389.1,138,89,158,0,0,0,0,0,0,0,0,0,1,4,0
KAM3417390.1,2288,1967,2026,6,0,6,6,15,10,4,13,8,27,20,46
KAM3417391.1,5061,4372,3474,6,0,0,2,10,4,8,6,4,28,15,26
KAM3417392.1,1214,1061,1121,8,16,6,6,6,7,10,2,4,24,58,67
KAM3417393.1,21,18,21,0,0,0,0,0,2,0,0,0,0,0,0
KAM3417394.1,500,496,540,4,0,0,4,4,2,6,15,2,6,2,9
KAM3417395.1,565,462,743,2,0,12,2,0,2,6,2,4,6,7,6
KAM3417396.1,147,141,179,1,0,0,0,0,2,1,0,2,3,0,2
KAM3417397.1,148,163,91,2,0,6,2,0,2,1,0,4,1,6,0
KAM3417398.1,2182,2172,2181,8,12,6,16,4,15,8,12,14,6,17,22
KAM3417400.1,718,319,894,5,0,0,59,47,64,66,74,68,63,109,94
KAM3417401.1,1391,1159,1430,27,16,12,19,16,10,8,7,3,40,25,37
KAM3417403.1,75,67,68,0,0,0,0,2,0,0,0,0,0,2,2
KAM3417404.1,377,229,431,4,0,0,1,4,1,9,1,2,10,20,12
KAM3417405.1,98,58,140,0,4,0,0,2,2,6,6,0,0,0,0
KAM3417406.1,50,57,106,0,0,0,0,1,0,1,0,0,0,0,1
KAM3417407.1,38,55,60,0,2,0,0,0,0,0,0,0,0,0,0
KAM3417409.1,8748,7658,10502,21,12,0,19,39,16,41,27,31,49,55,72
KAM3417410.1,2203,1705,1710,6,2,0,5,9,3,7,6,7,13,9,22
KAM3417411.1,753,616,1136,0,0,6,0,7,3,8,12,7,1,4,6
KAM3417412.1,4,8,12,0,0,0,0,0,0,0,0,0,0,0,0
KAM3417413.1,65,42,40,2,0,0,0,0,2,2,0,0,0,2,0
KAM3417414.1,246,267,342,0,4,0,0,4,1,2,0,0,0,2,0
KAM3417415.1,1721,2013,1619,5,4,0,6,4,4,4,14,17,12,20,24
KAM3417416.1,89,136,71,2,0,0,3,2,6,2,0,0,4,6,2
KAM3417417.1,254,296,294,2,8,0,1,2,3,0,0,0,25,20,25
KAM3417418.1,200,118,325,0,0,6,4,9,4,10,4,11,4,11,14
KAM3417419.1,16,39,89,0,0,0,0,0,0,0,0,0,0,0,0
KAM3417420.1,615,544,837,2,0,0,6,2,2,19,14,20,6,5,8
KAM3417421.1,663,811,1109,5,0,0,14,10,10,24,20,30,110,66,45
KAM3417422.1,1567,1424,1881,10,0,6,15,38,26,97,114,149,42,26,28
KAM3417423.1,741,781,1055,2,8,6,2,10,6,14,24,22,9,6,8
KAM3417424.1,15874,10187,19817,8,8,6,46,90,56,186,343,365,192,270,224
KAM3417425.1,555,529,527,2,0,6,7,6,12,25,20,20,10,24,28
KAM3417426.1,172,130,139,0,0,0,2,0,2,2,4,2,4,0,2
KAM3417427.1,1622,825,1439,2,0,0,6,10,2,7,10,12,2,4,4
KAM3417428.1,2192,1595,2043,2,4,0,4,8,29,12,7,6,16,24,30
KAM3417429.1,250,165,437,0,0,0,2,2,0,0,8,4,4,0,2
KAM3417430.1,10,2,6,0,0,0,0,0,0,0,0,0,0,0,0
KAM3417431.1,58,30,32,0,0,0,0,0,0,0,0,2,0,0,0
KAM3417432.1,609,394,550,0,0,0,2,8,6,5,2,10,0,6,8
KAM3417433.1,77,73,132,0,0,0,16,12,18,6,16,10,8,12,6
KAM3417434.1,63,76,104,0,0,3,4,2,0,4,0,4,2,12,6
KAM3417435.1,347,396,467,0,0,0,2,1,8,6,4,8,10,6,8
KAM3417436.1,707,1008,761,23,20,12,18,36,11,37,86,82,57,36,76
KAM3417437.1,606,497,351,2,0,0,0,4,1,5,0,1,3,2,0
KAM3417438.1,7639,5861,9600,31,20,30,24,33,25,45,55,48,58,65,82
KAM3417439.1,1092,892,1121,4,4,18,10,11,10,4,14,8,16,14,20
KAM3417440.1,74,89,242,3,4,0,0,0,0,0,0,0,2,0,0
KAM3417441.1,3121,2919,2734,2,4,12,11,8,4,12,14,10,14,20,33
KAM3417442.1,7772,7510,7983,18,8,3,12,17,12,15,18,12,49,52,56
KAM3417443.1,141,132,258,0,0,0,4,2,0,0,0,0,0,0,0
KAM3417444.1,28,55,43,0,0,12,0,0,0,0,0,2,0,0,0
KAM3417445.1,10,14,24,0,0,0,2,2,0,0,2,0,2,0,0
KAM3417446.1,320,428,315,0,4,0,4,2,7,8,8,27,6,4,8
KAM3417447.1,49,45,70,0,0,0,0,1,4,2,10,4,2,2,1
KAM3417448.1,165,89,248,0,0,0,2,1,2,0,3,5,3,2,4
KAM3417449.1,217,266,290,2,4,0,0,0,0,0,0,2,4,2,8
KAM3417450.1,504,332,438,2,0,0,3,2,4,2,8,5,2,6,10
KAM3417451.1,118,76,860,0,0,0,0,0,0,0,2,0,6,4,14
KAM3417452.1,240,296,250,0,0,0,0,0,2,2,2,0,2,0,2
KAM3417453.1,3555,3729,2992,28,16,15,12,31,17,32,42,19,48,33,68
KAM3417454.1,135,95,139,0,0,0,3,0,2,0,2,4,0,6,6
KAM3417455.1,3,2,35,0,0,0,0,2,0,0,0,0,0,0,0
KAM3417456.1,370,258,561,2,0,6,4,3,5,4,6,6,41,48,22
KAM3417457.1,806,423,393,0,0,0,0,8,0,0,2,4,2,6,6
KAM3417458.1,20,20,36,0,0,0,0,2,1,0,0,0,0,0,0
KAM3417460.1,40,68,65,0,0,0,0,0,0,0,0,0,2,1,0
KAM3417461.1,1709,1265,1423,11,16,0,18,16,18,15,13,38,29,35,47
KAM3417462.1,34843,30614,35404,174,64,192,245,285,428,242,204,228,330,342,382
KAM3417463.1,1083,773,1140,0,0,0,4,6,2,10,0,0,10,10,2
KAM3417464.1,12864,10650,13709,40,24,36,23,44,62,65,36,54,156,158,187
KAM3417465.1,114,80,159,2,0,0,0,0,0,2,0,2,0,0,0
KAM3417466.1,46,17,27,0,0,0,0,0,0,0,0,2,0,2,0
KAM3417468.1,775,503,712,2,8,6,3,0,2,0,2,8,5,6,6
KAM3417469.1,235,214,220,0,0,6,0,0,2,0,2,5,7,5,7
KAM3417470.1,1340,1034,1246,6,4,6,3,8,6,4,12,12,16,11,19
KAM3417471.1,752,808,720,0,6,6,2,2,8,4,0,10,12,5,14
KAM3417472.1,179,205,468,0,4,6,8,14,8,8,2,4,26,16,29
KAM3417473.1,38,48,58,0,0,0,0,2,0,0,0,0,0,2,4
KAM3417474.1,1098,1390,1075,4,4,0,0,4,0,0,2,0,6,0,0
KAM3417475.1,84,72,69,0,0,0,0,0,0,0,0,2,0,0,0
KAM3417476.1,904,978,1046,4,0,0,0,2,0,8,4,5,9,8,2
KAM3417477.1,24,16,31,0,0,0,0,0,0,0,0,0,0,1,3
KAM3417478.1,142,52,113,0,0,0,10,6,4,10,2,6,9,24,12
KAM3417479.1,338,245,269,2,0,0,5,3,2,4,0,2,3,6,9
KAM3417480.1,1235,1181,891,0,6,0,4,2,2,2,0,6,12,10,28
KAM3417481.1,1110,1046,1439,6,6,6,8,6,6,9,6,0,14,8,14
KAM3417482.1,0,3,11,0,0,0,0,0,0,0,0,0,0,0,0
KAM3417483.1,582,466,684,8,0,0,2,0,0,2,4,3,8,2,7
KAM3417484.1,1795,1365,2457,2,8,0,6,5,6,6,13,22,6,6,14
KAM3417485.1,59,53,33,0,0,0,0,0,0,0,2,0,0,1,0
KAM3417486.1,1315,1057,1002,8,16,3,7,6,2,2,6,2,6,15,14
KAM3417487.1,1547,2002,1648,21,28,30,4,12,12,6,12,35,35,24,34
KAM3417488.1,1102,1171,1234,4,0,6,4,12,4,5,10,16,10,12,9
KAM3417489.1,419,434,301,0,0,12,2,3,0,0,3,13,2,0,2
KAM3417490.1,491,411,771,0,0,0,0,0,1,2,0,5,0,2,2
KAM3417492.1,1925,2349,2176,10,16,6,6,8,8,4,10,10,4,10,14
KAM3417493.1,429,398,534,0,4,0,9,1,2,4,5,2,18,6,6
KAM3417494.1,484,307,429,0,0,0,4,6,0,0,2,6,0,0,0
KAM3417495.1,34,9,89,0,0,0,0,0,0,0,0,0,0,0,0
KAM3417497.1,3093,1787,2006,2,4,12,2,6,10,10,0,24,14,18,16
KAM3417498.1,320,263,271,0,10,0,1,0,2,0,1,0,2,3,2
KAM3417499.1,521,448,609,0,4,6,0,4,0,10,0,6,8,15,10
KAM3417500.1,1046,716,728,2,4,0,3,4,0,4,7,10,14,9,6
KAM3417501.1,358,361,282,0,0,0,0,2,1,1,6,0,0,10,3
KAM3417502.1,299,271,263,2,0,0,0,0,1,0,6,6,8,0,10
KAM3417503.1,491,398,508,4,0,0,2,0,0,4,2,5,14,10,5
KAM3417504.1,820,1203,977,12,0,6,6,12,2,4,8,10,10,6,18
KAM3417506.1,1218,1097,1089,2,4,33,4,5,4,4,11,13,2,2,5
KAM3417507.1,3117,2402,1131,47,50,51,6,21,3,4,3,23,38,32,33
KAM3417508.1,2731,3613,2129,8,0,24,10,6,4,4,2,13,10,6,7
KAM3417510.1,929,889,1052,4,10,6,2,6,7,8,4,6,8,4,8
KAM3417511.1,468,377,879,0,4,0,0,0,4,6,4,2,16,2,16
KAM3417512.1,1415,1183,755,6,8,6,2,2,0,2,4,5,6,12,8
KAM3417513.1,692,359,550,14,0,0,5,20,6,8,6,6,9,6,8
KAM3417514.1,496,569,566,4,20,12,6,2,10,4,4,4,4,2,6
KAM3417515.1,388,359,398,0,0,0,0,2,0,0,0,2,0,0,0
KAM3417517.1,578,599,592,7,4,6,3,4,2,2,8,1,7,4,8
KAM3417518.1,1815,1950,2492,3,12,0,18,15,16,18,22,19,22,24,12
KAM3417519.1,43,14,41,0,0,0,0,0,0,0,2,0,2,2,2
KAM3417520.1,581,338,570,6,2,0,3,2,0,2,8,10,6,17,31
KAM3417521.1,2488,2076,2274,2,16,6,2,14,6,4,15,12,22,32,30
KAM3417522.1,648,503,866,0,0,0,6,6,4,2,8,2,2,4,2
KAM3417523.1,585,474,453,0,4,6,0,9,0,2,4,0,8,12,4
KAM3417525.1,709,957,400,13,42,45,3,8,0,6,0,0,17,9,58
KAM3417527.1,15,10,12,0,0,0,0,0,1,0,0,0,2,0,0
KAM3417528.1,24,16,32,0,0,0,2,4,2,0,2,2,4,2,4
KAM3417529.1,402,154,160,0,4,0,4,2,2,0,4,2,32,12,14
KAM3417530.1,1029,994,1143,2,4,6,2,3,0,10,4,3,15,16,25
KAM3417531.1,735,554,761,4,4,24,10,2,4,11,8,12,12,8,15
KAM3417532.1,79,55,120,0,0,12,2,0,4,0,0,0,8,0,6
KAM3417533.1,2,0,3,0,0,0,0,0,0,0,0,0,0,0,0
KAM3417534.1,2,2,10,0,0,0,0,0,0,0,0,0,0,0,0
KAM3417535.1,1013,1034,1158,2,8,0,0,8,0,13,3,6,2,4,2
KAM3417536.1,76,67,78,0,0,6,2,2,0,0,6,0,0,0,0
KAM3417537.1,146,118,212,0,0,0,1,2,0,0,2,2,1,1,2
KAM3417538.1,483,360,544,0,0,0,3,3,0,8,2,3,3,2,5
KAM3417539.1,130,111,97,1,0,0,1,0,0,2,1,1,1,1,2
KAM3417540.1,1374,1644,1395,3,0,18,6,7,4,8,4,4,5,13,12
KAM3417541.1,375,456,358,0,6,0,0,6,6,2,1,2,0,0,4
KAM3417542.1,635,592,803,2,8,0,0,6,2,12,16,4,10,8,18
KAM3417543.1,938,1039,1010,36,40,42,7,16,8,4,2,2,18,30,34
KAM3417544.1,8,7,16,0,0,0,0,0,0,0,0,0,0,0,0
KAM3417545.1,4111,2678,3664,7,12,12,31,40,18,42,37,25,67,72,90
KAM3417546.1,1148,1347,1569,17,8,12,16,17,8,8,10,8,17,20,27
KAM3417547.1,468,347,417,0,0,0,0,4,2,0,6,10,2,1,4
KAM3417548.1,242,149,437,0,0,0,0,0,1,0,0,4,0,0,0
KAM3417549.1,12548,14002,14405,14,12,36,10,12,12,18,8,17,36,24,24
KAM3417550.1,8586,5562,6268,2,0,0,12,11,11,8,13,15,4,6,12
KAM3417551.1,2727,1643,2805,0,0,0,4,9,9,12,14,17,6,5,10
KAM3417552.1,461,339,384,0,4,0,2,8,4,0,2,4,6,10,11
KAM3417553.1,691,885,687,6,0,3,6,13,9,15,8,10,7,2,10
KAM3417554.1,1653,1664,1772,10,8,24,5,7,2,10,16,2,39,24,27
KAM3417555.1,131,80,171,0,12,0,2,4,2,2,0,2,1,0,2
KAM3417556.1,1167,799,1082,4,0,6,7,4,12,2,8,11,6,7,12
KAM3417557.1,23,9,29,0,0,0,2,0,0,0,0,0,2,0,0
KAM3417558.1,64,28,40,0,0,0,0,0,0,0,0,2,0,2,1
KAM3417559.1,1157,1405,1506,7,4,18,15,13,4,7,2,9,19,21,28
KAM3417560.1,11,26,18,0,0,0,0,0,0,0,0,0,0,0,0
KAM3417561.1,2,8,28,0,0,0,0,0,0,0,0,0,0,0,0
KAM3417562.1,143,99,114,1,0,0,2,0,0,0,2,1,0,0,4
KAM3417563.1,2239,1602,2281,8,0,0,0,10,5,19,16,4,6,3,16
KAM3417564.1,2919,2108,2570,24,4,24,6,11,17,19,20,9,41,54,51
KAM3417565.1,1113,763,959,2,8,0,9,8,8,8,12,35,16,12,12
KAM3417566.1,1697,1265,1330,14,16,0,10,6,7,24,5,14,10,8,14
KAM3417568.1,1296,1026,1422,19,16,21,10,4,12,8,5,13,27,13,12
KAM3417569.1,2409,2084,2670,16,24,12,3,12,10,18,10,12,22,6,34
KAM3417570.1,178,153,153,2,0,0,0,0,0,0,0,2,0,2,0
KAM3417571.1,319,175,341,2,0,0,0,1,2,2,2,4,3,3,7
KAM3417572.1,728,645,617,4,8,18,0,5,4,2,0,4,13,4,5
KAM3417573.1,5100,4015,3758,6,14,36,9,12,9,13,9,18,35,37,35
KAM3417574.1,1077,1176,1209,2,0,0,12,6,4,6,8,6,18,17,18
KAM3417575.1,2475,2851,2441,8,0,0,0,2,0,4,0,8,14,11,18
KAM3417576.1,2250,2393,2301,16,28,30,12,16,4,8,12,12,18,37,32
KAM3417577.1,450,512,559,6,0,0,1,1,4,4,4,8,0,2,0
KAM3417578.1,168,154,364,0,8,0,1,1,4,10,1,4,8,2,0
KAM3417579.1,2720,3114,2567,12,20,12,14,10,23,23,12,18,30,44,46
KAM3417580.1,530,801,679,4,0,6,0,4,8,4,8,0,16,18,24
KAM3417581.1,500,564,439,12,0,0,10,10,6,6,9,12,68,36,66
KAM3417582.1,104,107,313,20,0,6,4,8,6,12,21,55,35,13,53
KAM3417583.1,720,689,866,2,0,0,6,4,2,6,6,10,8,15,4
KAM3417584.1,29,18,19,0,0,0,0,0,0,0,0,0,0,0,0
KAM3417585.1,7513,8580,10429,16,4,18,10,14,16,18,8,12,21,24,59
KAM3417586.1,1343,1529,1248,3,0,6,14,6,0,2,6,8,21,16,33
KAM3417587.1,1053,910,979,1,0,0,2,0,0,0,0,2,0,0,0
KAM3417588.1,2012,1759,965,5,0,0,1,0,0,0,0,2,0,0,2
KAM3417589.1,6250,4899,4208,5,28,15,12,26,6,10,4,23,25,22,47
KAM3417590.1,11,14,4,0,0,0,0,0,0,0,0,0,0,0,0
KAM3417591.1,5774,3574,5808,10,4,6,26,48,48,38,47,49,46,51,76
KAM3417592.1,174,163,128,0,0,0,1,2,0,0,4,11,6,8,2
KAM3417593.1,1576,1771,1932,7,22,24,11,7,9,14,16,24,21,17,28
KAM3417594.1,1165,1468,1562,8,4,0,1,11,17,10,15,9,12,24,18
KAM3417595.1,431,348,560,4,0,18,2,8,8,10,8,6,4,6,21
KAM3417596.1,221,197,257,2,0,0,4,2,4,1,2,3,6,9,8
KAM3417597.1,367,302,582,2,8,0,3,4,5,3,4,6,1,10,10
KAM3417598.1,747,591,576,0,4,0,0,0,0,4,0,2,2,3,5
KAM3417599.1,1993,1032,1675,0,4,0,0,4,4,12,12,18,0,0,6
KAM3417600.1,250,217,297,0,4,0,0,4,2,0,0,2,0,5,0
KAM3417601.1,527,705,597,4,8,0,1,0,12,0,6,2,1,5,13
KAM3417602.1,5451,5749,5733,11,12,15,8,7,4,4,8,14,11,27,20
KAM3417603.1,6269,5797,5741,5,0,6,9,27,8,22,23,42,23,39,50
KAM3417604.1,3910,4930,4847,26,24,12,2,0,6,4,0,6,24,12,14
KAM3417605.1,326,348,372,0,0,0,0,0,0,3,0,2,7,2,2
KAM3417606.1,1240,1531,1732,14,4,0,2,8,0,2,4,9,6,0,4
KAM3417607.1,1104,1217,2056,4,0,12,2,4,0,11,13,9,5,3,5
KAM3417608.1,131,166,146,0,0,0,2,1,0,0,0,0,0,0,0
KAM3417609.1,24,40,25,0,0,0,0,1,0,0,0,0,0,1,0
KAM3417610.1,468,665,1056,4,4,24,2,1,2,6,4,4,2,4,2
KAM3417611.1,1142,1675,909,4,0,0,4,4,6,2,4,7,4,0,4
KAM3417612.1,53,41,38,1,0,0,2,0,0,0,0,0,2,0,2
KAM3417613.1,861,1026,1066,9,2,21,11,9,12,4,8,4,5,10,29
KAM3417614.1,117,77,141,0,0,0,0,0,1,0,0,0,0,0,0
KAM3417615.1,376,380,428,3,0,0,2,2,2,2,4,2,9,8,11
KAM3417616.1,2510,1750,2602,8,4,0,7,11,9,11,18,18,27,28,42
KAM3417617.1,273,228,665,0,0,0,4,2,4,7,8,2,16,14,7
KAM3417618.1,287,291,1467,10,0,0,0,7,4,8,7,20,18,27,30
KAM3417619.1,4789,4600,5143,11,28,18,10,19,12,2,19,10,20,15,22
KAM3417620.1,562,367,722,4,0,0,8,4,0,4,10,3,4,0,4
KAM3417621.1,368,312,425,2,8,3,8,8,5,9,3,4,14,7,21
KAM3417622.1,178,214,205,10,0,0,8,6,6,6,11,15,12,4,6
KAM3417623.1,429,425,529,0,12,6,2,2,6,2,8,6,6,8,10
KAM3417624.1,4577,5240,5300,8,0,24,0,13,6,4,7,7,14,25,18
KAM3417625.1,74,40,109,4,0,6,0,0,0,0,0,0,0,2,4
KAM3417626.1,2566,2998,2764,6,8,33,8,2,6,4,2,6,14,18,14
KAM3417627.1,752,694,1134,2,4,0,0,0,0,7,6,5,9,5,2
KAM3417628.1,9608,9477,7151,28,32,18,2,29,20,19,8,16,42,29,77
KAM3417629.1,2,15,7,0,0,0,0,0,0,0,0,0,0,0,0
KAM3417630.1,47,29,24,0,0,0,0,0,0,0,0,0,0,0,0
KAM3417631.1,384,324,537,0,0,6,2,5,14,4,4,0,6,2,4
KAM3417632.1,929,548,902,2,0,15,2,13,10,3,4,11,15,10,12
KAM3417633.1,5542,4831,4548,8,16,24,13,46,23,39,33,45,14,26,43
KAM3417634.1,475,592,672,6,4,12,0,4,8,5,4,2,11,18,6
KAM3417635.1,1010,993,1123,7,0,0,6,10,5,8,6,9,2,8,5
KAM3417636.1,672,733,791,6,4,0,4,0,8,4,4,0,18,11,12
KAM3417637.1,1217,845,1740,4,4,0,8,15,9,12,15,6,15,9,16
KAM3417638.1,12125,12627,12255,20,0,18,6,22,32,20,49,39,37,70,52
KAM3417639.1,200,215,320,4,0,0,2,4,4,0,6,2,3,12,8
KAM3417640.1,2189,1905,2199,12,0,0,8,9,6,8,4,19,12,14,40
KAM3417641.1,218,113,263,1,0,0,6,2,4,0,5,2,8,4,20
KAM3417642.1,94,50,58,0,0,0,2,2,2,2,2,2,0,0,2
KAM3417643.1,542,534,580,8,0,6,6,10,6,10,2,8,16,6,10
KAM3417644.1,4140,3305,3681,16,14,0,9,33,17,27,23,18,28,48,37
KAM3417645.1,211,164,204,0,0,0,2,0,0,0,0,2,7,8,5
KAM3417646.1,303,261,539,0,0,0,2,2,0,2,2,0,4,0,6
KAM3417647.1,1293,1172,1321,9,4,6,3,12,4,9,10,18,14,7,26
KAM3417648.1,164,162,220,0,8,0,7,2,4,2,0,5,13,11,5
KAM3417649.1,76,66,39,0,0,0,2,0,2,4,0,0,0,0,0
KAM3417650.1,30,28,36,2,0,0,2,2,0,0,0,2,0,0,0
KAM3417651.1,56,45,99,0,0,0,0,0,0,0,0,0,0,0,0
KAM3417652.1,709,635,899,6,0,0,2,16,10,10,2,8,10,14,14
KAM3417653.1,2380,1767,2298,2,8,6,3,15,7,10,13,15,26,17,47
KAM3417654.1,2590,1437,2526,12,4,0,6,8,10,8,15,23,8,25,22
KAM3417655.1,1751,1313,1799,2,0,6,20,13,10,6,10,16,12,26,30
KAM3417656.1,364,301,332,4,10,3,0,4,0,2,4,2,6,18,16
KAM3417657.1,954,904,1059,0,12,6,6,9,4,5,6,6,18,30,26
KAM3417658.1,2025,2554,2130,18,8,24,8,3,6,5,6,11,4,20,16
KAM3417659.1,154,82,208,0,0,6,0,2,8,1,4,6,2,0,0
KAM3417660.1,1046,1301,1116,8,4,30,2,2,6,0,2,10,6,14,12
KAM3417661.1,981,857,3594,2,4,6,2,10,16,4,6,10,4,2,8
KAM3417662.1,66,65,75,0,0,0,0,0,0,1,0,0,1,0,0
KAM3417663.1,2367,1983,2441,8,4,24,8,12,18,18,16,2,11,15,17
KAM3417664.1,262,162,384,4,0,0,0,5,8,4,8,8,6,6,12
KAM3417665.1,11701,9970,9354,58,40,18,24,29,38,39,16,61,166,168,205
KAM3417666.1,2302,2079,2286,8,4,18,10,6,20,6,12,6,18,22,34
KAM3417667.1,791,845,1001,2,2,0,18,4,9,8,4,6,26,22,30
KAM3417668.1,69,52,123,0,0,0,0,0,0,0,1,0,0,0,2
KAM3417669.1,2481,2311,1851,5,0,30,4,4,1,24,11,33,10,18,18
KAM3417670.1,475,400,538,7,4,0,7,8,9,14,4,11,9,10,22
KAM3417671.1,1180,835,1514,10,8,0,2,2,6,4,10,11,8,4,8
KAM3417672.1,465,471,331,4,0,0,2,0,0,0,6,4,2,2,10
KAM3417673.1,1460,1863,1364,0,8,0,0,2,8,0,3,0,0,0,4
KAM3417674.1,144,160,114,0,0,0,2,0,2,1,1,1,2,2,0
KAM3417675.1,230,151,294,0,0,0,1,2,0,0,0,4,2,0,2
KAM3417676.1,12091,4746,10270,10,0,0,4,2,2,2,4,0,30,30,53
KAM3417677.1,993,766,1190,2,0,0,3,0,2,0,0,0,0,2,0
KAM3417678.1,208,166,348,2,0,0,5,0,0,2,0,6,0,2,2
KAM3417679.1,641,489,758,0,4,0,0,2,0,2,2,0,2,0,2
KAM3417680.1,879,928,958,0,0,0,6,2,4,2,4,4,2,0,5
KAM3417682.1,14517,12845,13344,19,8,33,28,6,18,16,7,12,107,130,168
KAM3417683.1,1054,687,1212,2,0,0,0,10,12,8,10,6,16,19,20
KAM3417684.1,587,417,777,2,0,0,4,6,4,4,5,7,15,11,18
KAM3417685.1,9970,10349,8780,20,22,18,23,24,18,19,23,77,38,63,71
KAM3417686.1,270,226,316,0,0,0,2,2,4,0,2,1,4,2,0
KAM3417687.1,1452,1054,1192,0,0,12,6,14,0,2,6,10,6,6,8
KAM3417688.1,35756,25228,37198,53,68,72,128,184,210,106,92,109,606,761,793
KAM3417689.1,72,56,64,0,0,0,2,0,0,0,2,2,0,0,0
KAM3417690.1,17406,14782,17958,17,22,42,8,10,20,16,21,40,48,38,55
KAM3417691.1,630,697,1376,5,12,9,0,4,0,6,7,9,5,4,3
KAM3417692.1,330,418,514,2,0,6,0,1,4,8,5,8,0,0,2
KAM3417693.1,2378,2883,1730,4,8,9,2,2,6,5,0,4,14,9,7
KAM3417694.1,1316,1487,1928,4,0,12,6,6,3,0,0,4,3,1,8
KAM3417695.1,137,48,102,0,0,0,0,0,0,0,0,0,2,2,2
KAM3417696.1,4554,5122,4336,11,24,25,24,13,17,16,23,28,30,25,40
KAM3417697.1,633,454,662,2,0,6,4,6,2,10,2,2,16,4,4
KAM3417698.1,181,202,224,0,4,6,2,0,6,2,0,5,3,9,0
KAM3417699.1,55,52,106,0,0,0,2,0,0,0,2,0,4,5,7
KAM3417700.1,37,26,117,0,0,0,0,0,0,0,0,2,2,2,0
KAM3417702.1,26,20,74,0,0,0,0,0,2,2,0,0,11,4,12
KAM3417703.1,47,59,108,1,0,0,0,0,0,0,0,0,0,1,2
KAM3417704.1,708,752,565,10,12,0,3,12,5,0,1,7,4,7,14
KAM3417705.1,48,36,81,0,0,0,0,0,0,0,4,2,0,0,0
KAM3417706.1,2315,2279,3302,8,4,12,19,37,30,38,39,50,14,23,26
KAM3417707.1,417,375,617,0,0,0,0,1,0,0,2,0,0,0,2
KAM3417708.1,3825,3658,3120,0,4,0,0,0,2,2,6,3,7,2,6
KAM3417709.1,1649,1525,2654,0,0,0,0,0,0,0,3,5,1,0,1
KAM3417710.1,1145,900,773,2,0,0,0,0,0,2,3,6,2,1,0
KAM3417711.1,1885,1742,1866,10,8,0,23,17,23,14,15,16,26,25,42
KAM3417712.1,5108,4030,4970,20,24,24,18,40,18,30,26,27,32,41,63
KAM3417713.1,73,35,98,5,8,0,2,5,2,2,0,2,28,36,50
KAM3417714.1,205,79,140,0,0,0,0,0,0,0,2,2,0,4,26
KAM3417715.1,135,43,201,0,0,0,0,2,4,2,4,3,0,2,0
KAM3417716.1,25,18,79,0,0,0,0,0,0,2,0,0,10,2,6
KAM3417717.1,4416,2302,2746,0,0,0,0,0,0,0,0,0,0,0,0
KAM3417718.1,157,163,152,4,0,6,0,0,0,2,0,4,22,19,27
KAM3417719.1,20,18,38,0,0,0,0,0,0,0,0,0,2,2,4
KAM3417720.1,1651,1112,1137,2,4,24,0,8,4,11,16,17,8,11,28
KAM3417721.1,472,522,599,4,0,6,0,2,8,4,4,4,4,8,10
KAM3417723.1,478,395,537,4,0,6,0,0,2,0,4,4,4,6,2
KAM3417724.1,4164,6401,3595,6,0,6,14,5,2,2,17,6,63,79,61
KAM3417725.1,101,130,114,0,0,0,2,5,3,2,2,3,1,2,0
KAM3417726.1,77,63,114,0,0,0,0,0,0,0,0,4,0,2,0
KAM3417727.1,810,893,932,8,8,6,10,0,6,2,2,6,0,7,12
KAM3417728.1,28,25,58,0,0,6,0,2,3,2,3,0,0,0,0
KAM3417729.1,42,16,92,0,0,0,0,0,0,0,6,0,2,2,0
KAM3417730.1,183,104,190,0,0,0,0,0,2,0,0,8,2,4,2
KAM3417731.1,1219,1036,1325,3,2,0,10,12,11,10,4,15,24,12,36
KAM3417732.1,857,483,818,10,4,0,4,6,2,4,4,2,6,0,2
KAM3417733.1,300,203,227,4,0,0,2,2,2,2,2,3,0,6,10
KAM3417734.1,115,134,155,0,0,12,0,0,0,2,2,4,2,0,3
KAM3417735.1,45,55,103,2,0,0,0,0,2,2,0,5,0,0,0
KAM3417736.1,656,494,643,2,0,3,0,0,4,8,0,4,6,2,12
KAM3417737.1,167,135,73,0,0,0,1,0,0,2,2,6,1,0,0
KAM3417738.1,192,211,167,0,0,6,2,0,10,2,2,0,4,0,2
KAM3417740.1,15614,11591,15333,46,62,12,57,53,58,61,42,73,163,167,224
KAM3417741.1,74,66,38,0,0,0,1,0,0,0,0,0,0,0,0
KAM3417742.1,154,117,109,0,4,0,1,14,0,0,2,6,8,12,16
KAM3417743.1,1151,693,974,6,4,6,6,8,8,6,2,8,14,23,16
KAM3417744.1,818,898,614,6,0,0,0,2,3,10,8,7,6,4,13
KAM3417745.1,498,450,849,4,0,0,0,4,3,0,6,6,4,2,5
KAM3417746.1,44,22,34,0,0,0,0,0,0,0,0,0,0,0,2
KAM3417747.1,11,12,18,0,0,0,0,1,0,0,0,0,0,0,0
KAM3417748.1,726,640,828,2,0,0,10,18,11,17,13,20,12,17,13
KAM3417749.1,1162,1324,1502,0,0,0,7,6,2,14,8,14,20,6,14
KAM3417750.1,68,52,88,0,4,0,0,0,0,0,6,0,0,1,4
KAM3417751.1,91,42,85,0,0,3,0,0,0,0,0,0,0,0,0
KAM3417752.1,2,2,0,0,0,0,0,0,0,0,0,0,0,0,0
KAM3417753.1,228,228,425,0,4,0,0,0,0,0,2,3,0,2,0
KAM3417754.1,166,183,250,0,4,0,2,0,2,0,0,3,0,2,0
KAM3417755.1,159,111,516,0,0,0,2,0,0,0,2,0,2,0,0
KAM3417757.1,8436,4539,7169,10,16,12,12,24,12,24,29,40,28,18,53
KAM3417758.1,50,32,48,0,0,0,0,0,0,0,0,0,6,0,0
KAM3417760.1,2081,1289,2321,0,0,0,2,5,6,12,12,24,6,8,8
KAM3417761.1,3829,2651,3613,12,12,24,26,20,24,15,16,6,40,56,65
KAM3417762.1,553,529,601,2,4,0,1,17,0,2,4,6,7,6,12
KAM3417763.1,7132,7749,4176,30,4,12,4,8,0,8,6,16,108,88,134
KAM3417764.1,199,161,290,5,0,0,0,4,0,2,0,2,8,3,2
KAM3417765.1,1153,1018,1225,0,0,6,2,4,2,0,4,0,9,0,6
KAM3417766.1,487,407,688,0,0,0,0,0,0,0,0,2,0,0,0
KAM3417767.1,17430,18017,11206,42,24,24,18,30,14,20,13,36,43,18,33
KAM3417768.1,8200,5893,7191,12,12,9,8,20,21,34,31,38,61,68,73
KAM3417769.1,2420,2740,2285,21,4,6,10,12,13,8,8,9,15,6,12
KAM3417770.1,700,510,804,2,4,0,12,2,12,3,8,12,8,16,10
KAM3417771.1,4176,3507,4370,16,16,42,13,30,24,23,6,27,53,107,97
KAM3417772.1,738,631,808,4,8,0,0,5,2,1,4,3,10,6,19
KAM3417773.1,230,227,252,0,0,0,2,1,0,1,1,3,0,2,1
KAM3417774.1,217,130,262,0,0,0,0,2,2,2,2,2,13,16,12
KAM3417775.1,526,436,685,2,0,0,1,1,6,5,3,10,4,5,3
KAM3417776.1,174,159,160,0,0,12,2,7,0,1,0,0,1,6,7
KAM3417777.1,319,343,340,6,4,0,2,4,0,2,0,6,2,0,6
KAM3417778.1,491,196,302,0,0,0,0,10,6,4,4,12,0,4,10
KAM3417779.1,1404,1256,1180,20,8,12,8,11,9,6,7,11,16,22,40
KAM3417780.1,112,30,227,0,0,0,0,0,0,0,0,0,0,0,2
KAM3417781.1,20,18,11,0,0,0,0,2,0,0,0,0,0,0,4
KAM3417783.1,158,170,262,4,4,0,0,14,3,4,4,8,4,4,0
KAM3417784.1,4029,5005,3701,6,20,12,7,0,4,9,11,5,3,8,5
KAM3417785.1,1805,2018,1844,6,20,21,2,6,3,2,7,5,9,8,13
KAM3417786.1,1137,957,1026,8,14,0,0,3,0,2,0,2,4,11,12
KAM3417787.1,624,721,809,2,6,0,8,3,2,5,10,10,11,16,21
KAM3417788.1,58,53,60,0,0,0,0,1,0,1,2,2,0,0,1
KAM3417789.1,12310,10244,14618,16,6,24,61,73,60,45,14,31,14,15,18
KAM3417790.1,2044,1485,2098,4,2,0,17,8,20,6,15,6,6,0,2
KAM3417791.1,15526,16414,5599,6,0,0,4,8,5,11,12,12,4,2,2
KAM3417792.1,5135,4752,4216,0,0,0,4,0,1,5,3,2,2,0,4
KAM3417793.1,390,289,437,0,0,0,2,6,4,8,4,4,2,2,2
KAM3417794.1,2528,3120,2269,14,0,21,4,4,5,6,10,9,4,10,18
KAM3417795.1,878,844,1150,1,0,12,8,10,6,16,10,16,17,10,8
KAM3417796.1,2184,2533,2002,6,4,0,0,2,6,10,6,7,21,16,27
KAM3417798.1,2911,2180,1931,6,0,18,4,4,12,10,12,16,10,12,32
KAM3417799.1,14,6,18,4,0,6,0,2,0,0,0,0,0,0,2
KAM3417800.1,20,12,16,0,0,0,0,0,0,2,0,0,0,0,0
KAM3417801.1,508,598,707,8,0,0,2,0,2,4,8,0,10,20,17
KAM3417802.1,1667,1800,1953,7,12,30,10,19,15,4,15,7,27,34,30
KAM3417803.1,27,49,36,0,0,0,0,0,0,0,0,0,2,0,2
KAM3417804.1,40,35,796,0,0,0,0,0,0,0,0,0,0,0,0
KAM3417805.1,1431,1235,1382,7,8,18,2,5,0,6,6,2,8,2,23
KAM3417807.1,661,519,468,8,0,0,4,2,7,18,9,6,21,22,11
KAM3417808.1,652,1132,787,2,0,18,0,2,2,2,2,0,19,10,16
KAM3417809.1,624,176,549,0,0,0,0,2,0,4,4,2,2,2,8
KAM3417810.1,2496,1931,2475,16,8,12,10,8,28,16,10,21,16,15,24
KAM3417811.1,13229,13405,14215,37,30,45,19,26,29,21,20,39,53,82,77
KAM3417812.1,87,85,129,2,0,0,0,2,0,0,0,1,0,0,0
KAM3417813.1,3871,4101,2551,10,20,12,11,12,0,21,16,18,6,13,29
KAM3417814.1,2813,2737,2298,11,4,6,13,6,8,14,16,11,19,22,23
KAM3417815.1,1455,1643,2111,4,10,15,4,11,12,7,4,11,4,11,13
KAM3417816.1,10,16,15,0,0,0,0,0,0,0,0,0,0,0,0
KAM3417818.1,14380,11238,14996,44,36,30,48,70,67,48,47,47,204,184,200
KAM3417819.1,1617,1279,1618,10,2,6,4,5,4,6,6,9,28,35,56
KAM3417820.1,16092,14176,13395,94,70,114,24,39,30,44,43,68,156,129,219
KAM3417821.1,213,158,289,0,0,21,2,4,0,4,1,0,3,6,7
KAM3417822.1,306,180,561,0,0,6,6,8,0,4,6,6,6,6,16
KAM3417823.1,652,185,477,0,0,0,0,2,0,0,0,4,0,2,2
KAM3417824.1,671,449,767,2,4,6,6,6,7,6,3,10,18,7,23
KAM3417825.1,8,2,3,0,0,0,0,0,0,2,0,0,0,0,0
KAM3417826.1,13,4,13,0,0,0,0,0,0,0,0,0,0,0,0
KAM3417827.1,186,148,223,0,4,0,2,4,1,4,6,2,0,3,0
KAM3417828.1,173,115,135,0,0,0,0,2,4,4,1,0,0,0,0
KAM3417829.1,1552,1916,1581,4,4,0,6,2,14,6,2,6,20,15,18
KAM3417834.1,8602,5265,6926,8,0,18,16,34,40,33,34,51,51,77,86
KAM3417835.1,34,16,76,0,0,0,0,0,0,2,0,2,0,0,0
KAM3417836.1,560,527,1031,0,0,0,2,2,0,2,2,6,2,0,0
KAM3417837.1,47907,41656,48707,21,14,60,29,65,22,16,48,32,94,69,68
KAM3417838.1,439,341,439,0,4,6,4,4,4,2,0,4,8,6,12
KAM3417839.1,402,446,390,1,0,0,1,0,4,0,2,2,2,7,8
KAM3417840.1,457,265,355,2,8,0,0,4,0,0,0,4,4,0,4
KAM3417841.1,91,88,117,0,0,6,1,0,0,1,3,0,0,2,0
KAM3417842.1,620,616,462,12,8,0,1,0,4,3,3,5,4,6,16
KAM3417843.1,1466,1158,1302,8,4,6,8,2,6,8,14,11,22,22,44
KAM3417844.1,888,914,1041,0,8,0,8,10,4,4,2,8,4,4,3
KAM3417845.1,398,226,400,2,0,6,4,8,4,0,4,1,2,0,4
KAM3417846.1,24,26,20,0,0,0,0,0,0,0,0,0,0,0,2
KAM3417847.1,752,803,1033,0,0,0,0,0,0,0,2,0,2,4,6
KAM3417848.1,1066,1277,1179,17,0,6,2,4,14,2,3,4,3,12,5
KAM3417849.1,3198,3418,3128,30,20,60,8,10,23,10,10,8,19,16,9
KAM3417850.1,330,380,339,2,0,0,1,2,4,1,1,8,10,10,2
KAM3417851.1,4367,3119,3662,6,6,12,14,18,16,16,7,10,51,74,50
KAM3417852.1,44306,37201,34424,25,20,36,12,19,18,22,21,53,36,33,58
KAM3417853.1,668,594,627,4,8,12,9,2,2,4,8,5,4,4,6
KAM3417854.1,264,261,445,2,0,0,2,0,4,2,0,6,6,2,12
KAM3417856.1,52841,49188,74183,46,70,45,44,37,17,48,34,61,152,157,236
KAM3417857.1,9042,6747,11322,6,4,0,3,10,0,12,17,28,18,27,17
KAM3417858.1,114,108,95,0,0,0,0,2,6,6,8,12,4,5,2
KAM3417859.1,226,228,249,4,8,0,0,2,0,2,0,8,2,4,12
KAM3417860.1,241,207,287,3,0,0,0,2,5,4,2,8,2,3,5
KAM3417861.1,426,198,219,2,0,0,10,4,2,6,0,5,18,20,32
KAM3417862.1,3632,2839,3588,19,40,66,12,13,17,14,20,16,46,52,53
KAM3417863.1,483,579,497,2,0,12,6,6,2,7,10,6,6,11,12
KAM3417864.1,83,93,161,0,0,0,2,2,0,6,2,6,0,0,1
KAM3417865.1,0,4,3,0,0,0,0,0,0,0,0,0,0,0,0
KAM3417866.1,43,39,77,0,0,0,0,0,0,0,0,0,0,0,0
KAM3417867.1,1580,2014,2521,8,12,12,6,4,2,7,4,14,11,4,21
KAM3417868.1,224,340,201,0,2,0,0,0,5,4,0,1,1,4,0
KAM3417869.1,1928,1510,2100,0,4,15,4,12,8,8,14,18,35,22,22
KAM3417870.1,1247,1164,1148,2,4,0,4,14,15,5,8,18,19,18,16
KAM3417871.1,5066,4763,3802,11,18,18,21,32,16,73,64,103,11,31,37
KAM3417872.1,106,102,155,0,0,0,0,0,0,0,2,0,2,5,0
KAM3417873.1,513,316,468,2,4,0,8,2,0,2,2,2,4,8,10
KAM3417874.1,549,282,578,2,0,0,0,2,2,0,1,18,10,8,6
KAM3417875.1,470,306,674,4,0,0,2,0,2,2,6,12,16,6,5
KAM3417876.1,42,22,114,0,0,0,0,0,0,0,0,0,16,0,12
KAM3417877.1,5950,6801,4847,8,0,36,10,8,14,8,12,10,22,10,17
KAM3417878.1,14366,13955,11608,35,48,48,15,29,20,42,48,38,61,59,86
KAM3417879.1,8368,6958,9105,0,12,6,0,0,0,11,8,14,11,10,4
KAM3417880.1,12353,10210,8984,14,12,42,6,20,10,11,28,22,19,18,22
KAM3417881.1,801,584,597,2,4,0,0,2,0,3,0,2,2,0,2
KAM3417882.1,1227,1605,1286,27,0,6,9,2,4,1,2,5,9,2,16
KAM3417883.1,1287,2068,1479,4,0,6,0,4,6,4,2,8,40,21,28
KAM3417884.1,28,19,58,0,0,0,0,0,2,1,0,0,0,0,0
KAM3417885.1,56,52,72,0,0,0,0,0,0,0,0,0,0,0,0
KAM3417886.1,635,906,815,0,0,0,0,8,0,3,1,6,12,10,12
KAM3417887.1,1566,1530,1417,1,0,0,0,4,2,12,4,4,21,28,21
KAM3417888.1,2277,1668,2339,10,0,6,20,19,18,15,16,12,29,21,42
KAM3417889.1,1248,1589,1112,6,8,6,3,6,10,3,10,8,0,2,16
KAM3417890.1,76,59,95,0,0,0,2,2,2,0,6,5,2,2,0
KAM3417891.1,1096,1072,2054,0,0,0,0,0,0,1,2,0,0,0,0
KAM3417892.1,1608,1539,3059,2,0,12,4,9,10,16,14,12,14,29,14
KAM3417893.1,41,25,92,0,0,0,0,0,0,0,0,0,0,0,0
KAM3417894.1,50,52,47,0,0,0,2,2,0,0,0,0,0,0,0
KAM3417895.1,0,1,3,0,0,0,0,0,0,0,0,0,0,0,0
KAM3417896.1,6142,5784,3890,21,20,3,13,12,8,8,20,27,36,13,36
KAM3417898.1,272,201,462,0,0,0,0,4,0,2,2,2,0,0,0
KAM3417901.1,884,1024,766,2,0,6,5,7,2,3,9,2,9,9,2
KAM3417902.1,177,150,164,0,0,0,1,1,2,0,0,1,0,2,0
KAM3417903.1,122,84,198,1,0,6,0,0,3,0,0,1,1,2,0
KAM3417904.1,336,439,400,0,0,0,0,0,2,1,0,0,2,4,4
KAM3417905.1,10,14,25,0,0,0,0,0,0,0,0,0,0,0,0
KAM3417906.1,335,188,1006,0,2,0,0,0,1,0,0,0,8,2,5
KAM3417907.1,1210,582,1080,0,0,0,0,6,0,6,14,10,7,17,12
KAM3417908.1,146,88,164,0,0,0,0,2,0,0,2,2,5,1,0
KAM3417909.1,903,958,884,8,12,0,4,6,6,3,3,8,15,16,27
KAM3417911.1,1735,2027,1503,20,16,6,3,8,4,2,8,12,23,14,35
KAM3417912.1,451,394,566,4,8,0,1,2,6,0,3,12,0,8,0
KAM3417913.1,42,32,45,0,0,0,0,0,0,0,0,2,0,2,0
KAM3417914.1,1022,1308,918,8,0,6,0,0,10,4,4,6,6,2,16
KAM3417915.1,659,409,508,14,14,6,4,0,2,8,2,2,5,8,10
KAM3417916.1,327,302,419,6,4,0,2,2,2,4,2,4,4,2,10
KAM3417917.1,18,11,13,0,0,0,0,0,0,0,0,0,0,0,0
KAM3417918.1,14878,21707,28069,24,16,42,2,10,12,9,9,8,49,34,69
KAM3417919.1,4344,3919,4328,8,28,6,24,22,36,16,20,30,42,56,56
KAM3417920.1,3739,4264,3288,13,12,0,6,7,6,10,10,18,26,22,32
KAM3417921.1,1338,1592,1829,7,0,6,4,6,6,10,8,4,6,6,7
KAM3417922.1,14,11,27,0,0,0,0,0,0,0,0,0,0,0,0
KAM3417923.1,218,198,288,2,0,0,4,4,1,6,2,4,10,2,8
KAM3417924.1,67,34,72,4,0,0,0,0,0,0,0,1,0,0,0
KAM3417926.1,935,909,995,0,0,0,3,20,4,6,4,6,8,2,6
KAM3417927.1,288,226,306,0,4,0,0,2,0,1,3,2,2,6,1
KAM3417928.1,3200,2223,2371,8,26,54,12,21,16,13,6,13,19,16,24
KAM3417929.1,3418,2489,2836,18,0,0,12,15,4,18,6,16,23,25,21
KAM3417931.1,225,185,205,0,4,0,10,10,2,0,4,8,0,2,2
KAM3417932.1,7216,7649,8325,24,18,33,22,38,18,25,39,61,56,39,82
KAM3417933.1,4711,4636,3197,10,16,6,4,28,8,16,24,25,13,10,8
KAM3417934.1,164,235,394,0,0,0,1,5,2,2,2,2,2,1,8
KAM3417937.1,276,327,207,0,0,0,6,1,4,10,0,0,2,5,5
KAM3417938.1,2954,2529,2921,17,16,18,3,9,4,4,6,9,13,10,28
KAM3417939.1,440,373,581,2,0,0,0,2,0,4,2,0,0,0,3
KAM3417940.1,304,200,248,2,0,0,2,2,6,0,0,6,6,0,6
KAM3417941.1,557,668,688,2,2,0,8,4,1,10,8,7,4,10,8
KAM3417942.1,624,874,690,0,4,0,3,8,2,2,4,10,9,15,8
KAM3417943.1,1021,794,1004,6,4,0,2,2,2,0,2,2,2,4,4
KAM3417944.1,3335,3020,3736,22,20,42,29,26,33,21,36,20,99,71,91
KAM3417945.1,2388,2611,2769,2,16,0,24,26,17,14,21,17,81,101,101
KAM3417946.1,2325,3497,2201,9,12,6,4,6,8,10,4,5,28,25,44
KAM3417947.1,2021,1777,2423,16,12,0,2,2,5,11,0,10,10,18,10
KAM3417948.1,2742,3183,3395,31,32,36,20,17,15,11,8,6,31,37,49
KAM3417949.1,529,395,433,2,0,0,14,14,9,16,17,10,2,7,8
KAM3417950.1,40,34,42,0,0,0,0,0,2,0,2,2,0,0,0
KAM3417951.1,4813,2518,2452,4,0,0,11,19,6,53,64,60,12,13,34
KAM3417952.1,127,52,84,0,0,0,0,0,0,6,6,4,0,0,0
KAM3417953.1,66,23,51,0,0,0,0,0,0,0,2,0,0,0,0
KAM3417954.1,83,56,120,0,0,0,0,1,0,0,0,10,0,0,0
KAM3417955.1,946,574,911,0,0,0,6,4,6,4,16,12,0,8,6
KAM3417956.1,202,95,250,0,0,0,0,0,0,2,0,0,2,0,0
KAM3417957.1,212,106,166,0,0,0,6,2,8,4,2,10,0,0,2
KAM3417958.1,41,46,41,0,0,0,0,0,0,0,4,0,1,0,0
KAM3417959.1,103,52,111,0,0,0,0,4,0,4,0,0,3,0,2
KAM3417960.1,0,4,0,0,0,0,0,0,0,0,0,0,0,0,0
KAM3417961.1,44,27,62,0,0,0,0,2,0,0,0,0,0,0,0
KAM3417962.1,443,349,421,6,8,6,2,0,4,4,2,0,6,5,0
KAM3417963.1,325,267,442,0,4,0,2,4,4,6,2,10,4,4,2
KAM3417964.1,423,305,574,0,0,0,0,0,0,0,2,4,0,0,0
KAM3417965.1,4019,2995,4876,4,4,6,2,8,6,10,12,12,4,10,6
KAM3417966.1,1575,1190,1146,1,0,0,0,0,0,0,0,4,2,7,12
KAM3417967.1,20067,15429,16952,13,8,36,11,25,20,26,36,42,43,20,71
KAM3417968.1,516,440,534,2,0,0,6,0,6,4,1,3,2,6,8
KAM3417969.1,1098,1318,1334,6,0,3,2,1,6,9,21,14,6,6,14
KAM3417970.1,5584,5759,8684,2,4,9,5,3,5,6,16,7,5,1,3
KAM3417971.1,1268,1221,1499,2,0,6,0,2,2,8,6,16,4,3,6
KAM3417972.1,113,106,235,0,0,0,0,2,0,0,3,0,0,0,0
KAM3417973.1,0,0,8,0,0,0,0,0,0,0,0,0,0,0,0
KAM3417974.1,1474,956,3757,0,0,0,2,0,0,4,0,0,0,0,0
KAM3417975.1,34381,39115,34897,141,104,144,41,64,73,115,157,152,107,74,149
KAM3417976.1,74,50,766,30,68,48,2,4,0,2,0,2,4,2,4
KAM3417977.1,180,174,192,0,0,0,0,0,8,0,2,2,0,0,0
KAM3417978.1,134,81,3278,23,28,33,4,6,0,0,0,0,0,0,4
KAM3417979.1,562,510,457,4,0,0,0,0,1,3,3,5,0,0,8
KAM3417980.1,653,681,615,2,4,0,4,1,0,4,6,2,8,13,26
KAM3417981.1,253,147,128,0,0,12,3,2,8,0,2,2,12,16,8
KAM3417982.1,2669,1619,1618,4,4,6,4,4,10,4,2,14,7,0,5
KAM3417983.1,1733,1772,1127,2,0,24,2,2,0,0,2,0,6,2,4
KAM3417984.1,248,161,241,2,0,0,0,2,0,0,0,0,0,2,0
KAM3417985.1,12735,10851,7828,22,8,15,9,19,4,18,4,19,51,39,40
KAM3417986.1,582,619,585,3,0,0,6,2,0,0,0,0,12,5,3
KAM3417987.1,5330,6966,6903,23,10,6,5,7,2,1,2,10,35,46,59
KAM3417989.1,678,864,877,0,0,0,2,6,2,4,9,10,8,10,4
KAM3417990.1,7898,4072,3940,12,16,0,0,8,4,23,43,50,12,11,37
KAM3417991.1,37,19,40,0,0,0,0,1,0,1,0,0,2,0,0
KAM3417992.1,131,64,183,0,0,6,0,0,0,2,3,0,0,0,0
KAM3417993.1,146,57,167,0,0,0,0,2,2,0,0,4,0,0,0
KAM3417994.1,822,601,1079,4,0,0,0,8,2,8,12,22,10,25,26
KAM3417995.1,1053,754,1175,10,4,0,24,8,17,18,8,14,12,24,28
KAM3417996.1,1710,1543,2266,28,32,42,4,10,12,12,24,11,63,68,49
KAM3417997.1,4712,2070,3266,6,0,6,8,6,2,10,15,30,10,32,29
KAM3417998.1,804,339,607,8,4,6,0,0,0,0,0,0,7,18,12
KAM3417999.1,486,308,499,0,0,0,0,2,0,6,4,22,4,2,2
KAM3418000.1,48,51,78,0,0,0,0,2,0,0,0,0,3,2,0
KAM3418001.1,3,4,10,0,0,0,0,0,0,0,0,0,0,0,0
KAM3418002.1,285,129,289,0,0,0,0,4,0,2,4,1,0,0,0
KAM3418003.1,217,205,382,0,0,0,2,2,1,6,6,4,0,0,0
KAM3418004.1,3219,2739,3099,14,24,24,24,30,16,20,12,8,18,24,22
KAM3418005.1,17726,12594,18101,12,12,18,111,130,88,85,66,66,125,145,215
KAM3418006.1,32,72,83,0,0,0,0,0,0,0,0,0,2,2,1
KAM3418007.1,1132,1232,1172,0,0,6,5,8,4,0,10,0,10,8,12
KAM3418008.1,1169,1466,1019,4,4,0,4,10,1,13,10,4,19,19,21
KAM3418009.1,1638,1036,1436,4,0,6,14,6,8,18,32,28,9,6,6
KAM3418010.1,38,30,40,0,0,0,0,1,0,0,0,2,0,2,0
KAM3418011.1,60,50,57,0,0,0,0,0,0,0,0,0,2,0,0
KAM3418012.1,827,964,1117,0,0,0,0,0,9,2,0,0,5,2,12
KAM3418013.1,8225,6054,7557,34,4,36,12,26,24,18,36,45,56,64,66
KAM3418014.1,22,12,14,0,0,0,0,0,0,0,0,0,0,0,0
KAM3418015.1,16,19,21,0,0,0,0,0,0,0,0,2,0,0,0
KAM3418016.1,81,33,104,0,0,0,0,0,0,2,0,2,10,6,2
KAM3418017.1,1429,872,953,4,0,6,4,8,10,4,14,8,0,4,4
KAM3418018.1,702,407,439,0,0,12,1,2,6,0,5,12,2,16,8
KAM3418019.1,15427,13489,17801,32,12,27,10,17,0,7,14,24,24,20,16
KAM3418020.1,1427,2023,1927,4,4,6,0,14,4,0,8,2,12,4,12
KAM3418022.1,10,2,10,0,0,0,0,0,0,0,3,2,2,0,0
KAM3418023.1,656,432,609,2,8,0,0,2,2,4,2,0,6,4,4
KAM3418024.1,24325,29970,17234,62,44,69,8,17,10,32,26,34,51,34,59
KAM3418025.1,1669,1619,1758,9,4,18,9,10,0,8,4,4,28,23,5
KAM3418026.1,1500,1142,1243,6,4,12,4,12,5,4,7,6,4,15,27
KAM3418027.1,130,67,187,0,0,0,4,0,2,4,2,2,0,0,0
KAM3418028.1,1620,1696,1270,4,0,0,0,5,12,4,4,5,6,8,2
KAM3418029.1,23,34,4,0,0,0,0,0,0,0,2,0,0,1,0
KAM3418030.1,2275,2342,1732,13,12,24,2,12,7,6,11,24,6,12,25
KAM3418031.1,1706,1667,1475,3,0,6,0,2,2,2,2,4,17,16,14
KAM3418032.1,1128,839,1125,6,4,0,1,10,0,10,6,24,6,12,16
KAM3418033.1,9536,6130,5571,5,6,12,0,15,7,16,24,24,16,6,22
KAM3418034.1,109,75,343,0,0,0,1,0,0,0,0,0,9,3,4
KAM3418035.1,7,10,14,0,0,0,0,0,0,0,0,0,0,0,0
KAM3418036.1,64,40,69,0,0,0,2,0,2,0,0,0,0,0,2
KAM3418037.1,159,111,337,0,0,0,0,0,0,0,0,0,0,0,3
KAM3418039.1,927,963,798,4,12,6,4,11,6,4,4,10,18,17,14
KAM3418040.1,700,529,716,4,0,0,4,0,4,8,6,0,2,4,8
KAM3418041.1,213,151,109,0,0,0,0,1,0,2,0,0,1,8,0
KAM3418042.1,1362,1496,1605,6,2,9,2,8,6,5,1,6,16,11,11
KAM3418043.1,1418,1341,1308,6,6,0,8,8,9,0,5,13,10,9,4
KAM3418045.1,367,356,263,0,0,0,0,0,0,0,0,3,0,0,0
KAM3418047.1,1991,1823,1513,9,6,18,11,12,11,13,20,22,23,18,34
KAM3418049.1,79,63,106,2,0,0,0,0,0,0,0,0,0,0,1
KAM3418050.1,137,133,145,2,4,6,2,2,1,0,0,2,2,2,1
KAM3418051.1,1051,813,803,0,0,0,2,5,4,4,6,12,2,4,0
KAM3418052.1,893,667,1380,0,0,0,3,12,9,8,23,20,3,6,5
KAM3418053.1,38057,22758,21971,20,20,12,15,29,2,23,26,42,45,43,81
KAM3418054.1,1810,1473,1727,7,8,3,6,5,4,12,2,8,11,17,31
KAM3418055.1,272,155,240,2,4,0,0,4,2,1,8,4,1,6,2
KAM3418056.1,22,22,20,0,0,0,0,0,0,0,0,0,0,0,0
KAM3418057.1,244,352,410,2,0,0,0,0,0,0,2,6,4,0,1
KAM3418058.1,1837,901,980,0,0,6,4,22,4,15,18,28,14,4,12
KAM3418059.1,600,375,579,0,0,0,2,4,2,4,10,12,8,0,4
KAM3418060.1,40,52,39,0,0,0,0,0,0,0,0,0,0,0,0
KAM3418061.1,4417,4065,3601,2,12,24,16,16,8,17,16,28,34,10,44
KAM3418062.1,719,692,826,3,0,0,6,6,8,9,0,4,14,9,7
KAM3418064.1,64,43,55,0,0,0,0,0,0,0,0,0,0,0,0
KAM3418065.1,1060,668,2081,2,0,0,10,20,8,9,6,8,31,18,48
KAM3418066.1,920,839,908,4,2,0,2,5,4,7,8,12,12,20,20
KAM3418067.1,658,584,890,4,4,0,8,6,14,12,0,12,17,14,18
KAM3418068.1,2221,2962,3399,10,12,0,6,8,6,8,11,22,12,12,14
KAM3418069.1,1442,1421,1694,2,0,0,6,12,0,12,8,10,7,16,8
KAM3418070.1,1710,940,919,3,4,3,3,10,10,6,2,8,20,22,12
KAM3418071.1,8002,6943,8925,22,32,0,31,52,88,39,35,43,199,174,203
KAM3418072.1,6852,5647,4023,11,24,0,28,23,16,16,36,10,74,66,73
KAM3418073.1,114,82,179,0,0,0,0,3,4,0,0,4,6,3,2
KAM3418074.1,1402,878,1157,0,4,0,8,18,8,12,11,4,13,8,4
KAM3418075.1,527,600,579,5,4,15,1,5,0,0,0,3,13,14,24
KAM3418076.1,410,411,410,6,8,6,7,2,7,0,0,0,9,5,4
KAM3418077.1,5303,3849,3441,9,8,12,17,26,9,11,16,31,21,6,20
KAM3418078.1,43,35,68,0,0,0,0,0,0,0,0,0,0,0,0
KAM3418079.1,92,129,119,0,0,6,0,0,2,2,0,0,9,2,2
KAM3418080.1,1511,1720,1662,2,0,6,2,5,13,2,8,2,16,6,18
KAM3418081.1,410,583,488,2,0,0,0,6,0,2,2,0,3,2,6
KAM3418082.1,50,84,139,0,0,0,1,0,0,0,2,0,6,2,0
KAM3418083.1,15929,19618,19920,83,52,111,33,51,52,54,31,55,159,149,167
KAM3418084.1,83,83,50,0,0,0,2,2,0,0,2,2,2,0,0
KAM3418085.1,296,264,336,0,0,0,0,2,4,0,4,0,0,0,2
KAM3418086.1,397,431,569,1,0,0,3,0,1,0,1,2,1,2,2
KAM3418087.1,981,1056,979,4,4,0,7,10,10,3,0,6,17,24,25
KAM3418088.1,2513,1974,2176,6,12,12,6,18,13,8,10,7,8,12,15
KAM3418089.1,384,489,445,0,0,0,3,3,2,4,4,4,2,4,4
KAM3418090.1,1465,1515,2508,7,0,0,2,6,15,8,17,25,8,8,11
KAM3418091.1,107,107,139,0,0,0,0,0,0,0,2,0,2,1,0
KAM3418092.1,1510,1839,1464,2,4,6,2,6,2,4,4,10,4,1,4
KAM3418093.1,3822,4745,3829,14,32,9,8,28,12,8,6,16,38,28,39
KAM3418094.1,1840,1690,1795,5,4,18,14,4,4,8,9,10,23,21,28
KAM3418095.1,983,1047,1075,0,4,6,9,6,10,4,4,4,14,17,25
KAM3418096.1,12556,10243,5568,4,2,0,23,8,20,26,66,34,33,50,57
KAM3418097.1,2207,2058,2097,6,8,0,2,7,6,6,6,10,10,5,14
KAM3418098.1,1469,1175,1384,0,12,0,4,9,4,5,6,10,4,2,2
KAM3418099.1,935,707,1026,0,0,0,9,2,6,6,10,10,4,0,4
KAM3418100.1,2265,2402,2758,12,14,6,14,21,18,15,24,39,31,30,37
KAM3418101.1,12,10,20,0,0,0,0,2,2,0,2,0,0,0,0
KAM3418102.1,377,624,212,0,0,0,2,0,2,2,2,4,0,0,0
KAM3418103.1,1014,1024,1197,7,28,0,2,4,8,7,8,4,18,17,20
KAM3418104.1,53,45,139,0,0,0,0,0,0,0,0,0,0,2,1
KAM3418105.1,146,59,85,2,0,0,1,0,0,2,0,4,2,3,8
KAM3418106.1,10055,8315,9957,56,36,54,20,34,45,33,22,55,100,50,106
KAM3418107.1,1029,785,561,0,0,0,2,2,2,12,6,2,4,8,4
KAM3418108.1,323,283,235,2,8,0,2,6,4,5,6,4,0,1,0
KAM3418109.1,713,548,988,0,0,12,0,2,0,2,0,4,2,2,4
KAM3418110.1,7090,6172,6274,12,8,18,6,16,12,26,40,58,44,45,34
KAM3418111.1,2948,3067,2709,6,12,12,6,3,7,4,12,2,24,14,36
KAM3418112.1,3415,2820,2939,18,0,6,5,9,0,14,2,13,59,75,83
KAM3418113.1,1227,1084,1556,0,2,12,6,13,5,9,10,12,14,20,18
KAM3418114.1,72,36,58,0,0,0,0,1,0,0,0,0,2,0,0
KAM3418115.1,71,40,106,0,0,0,0,5,1,4,0,0,0,0,2
KAM3418116.1,1907,1980,2212,10,4,36,14,14,12,6,8,10,20,26,38
KAM3418117.1,1581,1066,1799,0,0,0,9,24,2,34,28,55,2,2,8
KAM3418118.1,475,297,574,2,0,0,2,4,0,2,6,5,0,0,0
KAM3418119.1,366,230,582,4,0,12,7,26,16,30,68,40,54,44,29
KAM3418120.1,436,412,317,4,0,0,9,8,4,0,6,3,2,0,1
KAM3418121.1,138,147,114,0,0,0,3,0,0,0,2,2,5,6,2
KAM3418122.1,3590,3656,5867,6,4,0,107,134,172,124,177,185,86,130,131
KAM3418123.1,13,30,72,0,0,0,0,0,0,0,0,0,0,9,4
KAM3418124.1,48,20,43,2,0,0,0,0,0,0,0,2,0,0,0
KAM3418125.1,14,10,30,2,0,0,0,0,0,0,0,0,2,0,0
KAM3418126.1,631,538,823,0,4,12,2,6,4,3,7,2,0,8,3
KAM3418127.1,519,494,506,0,0,6,2,3,4,3,3,2,7,4,3
KAM3418128.1,588,502,820,4,4,12,8,6,8,4,6,12,8,10,12
KAM3418130.1,465,290,556,0,4,0,6,10,10,14,8,21,9,6,2
KAM3418131.1,94,68,235,0,0,0,0,0,0,0,0,0,2,0,0
KAM3418132.1,2,0,16,0,0,0,0,0,0,0,0,0,0,0,0
KAM3418133.1,0,0,0,0,0,0,0,0,0,0,0,0,0,0,0
KAM3418134.1,4,12,4,0,0,0,0,1,0,0,2,2,0,0,0
KAM3418135.1,208,124,186,6,0,0,4,5,7,8,3,19,2,8,6
KAM3418136.1,457,224,327,0,0,0,2,4,1,0,5,0,10,9,10
KAM3418137.1,173,230,256,4,4,0,2,0,8,2,4,2,4,5,21
KAM3418138.1,850,1036,957,0,14,12,2,4,6,3,4,0,6,16,6
KAM3418139.1,203,188,341,0,4,6,1,1,0,0,5,0,0,2,0
KAM3418140.1,884,869,1368,6,0,6,12,11,14,15,4,16,23,28,40
KAM3418141.1,145,125,169,0,0,0,0,0,0,2,3,0,0,0,0
KAM3418142.1,6,29,29,0,0,0,0,0,0,0,0,0,0,0,0
KAM3418143.1,23,35,560,0,0,0,0,0,0,0,0,0,0,0,0
KAM3418144.1,1317,1394,1418,4,10,0,3,16,6,4,5,13,8,6,4
KAM3418145.1,1272,1249,1073,10,12,12,8,8,6,4,6,4,34,18,26
KAM3418146.1,104,140,103,3,4,0,1,0,2,5,1,2,6,2,1
KAM3418147.1,135,138,221,0,0,6,5,0,10,1,7,3,10,8,12
KAM3418148.1,161,108,440,0,0,0,0,0,0,0,0,1,1,0,4
KAM3418149.1,394,403,478,4,4,6,4,4,6,4,9,16,2,8,8
KAM3418150.1,405,506,439,2,4,0,21,0,8,16,22,26,16,29,34
KAM3418151.1,914,965,974,12,12,12,0,6,4,8,6,6,16,25,8
KAM3418152.1,1563,1495,2124,0,0,0,7,4,2,8,3,4,6,11,6
KAM3418153.1,1171,1253,1299,2,0,3,6,9,8,8,7,18,14,6,15
KAM3418155.1,373,245,632,0,0,3,0,0,0,0,5,0,2,10,13
KAM3418156.1,21,25,27,0,0,0,1,2,0,1,0,1,0,0,1
KAM3418157.1,173,152,298,0,0,12,0,0,11,4,2,3,7,2,1
KAM3418158.1,704,718,725,0,0,18,2,6,2,5,4,4,8,15,15
KAM3418159.1,6334,7171,5180,6,0,6,9,8,4,8,2,6,10,6,15
KAM3418160.1,2602,2306,2379,6,4,0,2,10,6,8,14,6,26,28,42
KAM3418161.1,1969,1532,1716,12,0,0,12,16,12,8,16,16,5,6,14
KAM3418162.1,2835,1633,2596,3,4,6,11,17,6,10,22,28,4,0,9
KAM3418163.1,21,11,8,0,0,0,2,0,0,1,0,0,0,0,1
KAM3418164.1,4977,4092,4084,11,28,6,34,22,33,38,45,36,59,87,97
KAM3418165.1,955,625,1088,4,4,9,6,3,3,5,1,2,8,9,22
KAM3418166.1,315,172,239,0,0,0,1,2,0,0,0,1,1,0,2
KAM3418167.1,64,32,61,0,0,0,0,0,0,0,0,0,2,0,0
KAM3418168.1,1234,1220,1565,1,20,6,12,9,8,7,16,6,27,22,24
KAM3418169.1,198,240,261,0,0,0,5,4,2,4,4,5,4,2,7
KAM3418170.1,232,199,352,4,0,0,4,3,1,0,2,4,0,1,0
KAM3418171.1,742,537,838,0,0,0,0,0,0,4,4,14,25,7,4
KAM3418172.1,456,449,630,0,0,0,4,1,1,3,4,1,0,0,6
KAM3418173.1,533,408,510,0,4,0,7,2,2,5,4,7,8,2,9
KAM3418174.1,1432,1375,1296,0,0,0,4,5,3,4,0,3,2,6,5
KAM3418175.1,713,688,427,0,0,0,2,0,2,4,2,0,2,4,2
KAM3418176.1,59,29,46,0,0,0,0,0,0,0,2,0,0,0,0
KAM3418177.1,100,115,134,2,0,0,0,0,4,0,2,0,0,0,0
KAM3418178.1,258,248,216,4,0,6,4,1,4,2,0,4,6,0,5
KAM3418179.1,13854,9473,12328,19,8,30,25,29,30,37,48,42,77,97,144
KAM3418180.1,169,157,306,2,0,0,0,0,0,0,0,2,2,0,8
KAM3418181.1,57650,41802,35222,22,16,12,2,5,0,4,8,10,42,30,49
KAM3418182.1,1419,1619,1540,0,0,12,0,6,0,2,2,0,10,1,11
KAM3418183.1,7194,6473,5828,8,0,0,0,2,2,1,0,0,4,12,6
KAM3418184.1,283,223,358,2,0,12,2,7,4,10,7,10,14,3,7
KAM3418185.1,7092,6889,3421,28,14,6,6,6,6,16,11,16,38,31,19
KAM3418186.1,405,238,357,0,4,6,0,0,0,2,0,1,0,1,0
KAM3418187.1,32,40,56,0,4,0,3,1,3,0,2,0,0,3,2
KAM3418188.1,306,186,447,0,0,0,2,2,4,0,0,4,6,6,6
KAM3418189.1,246,180,467,0,0,6,4,12,2,0,4,2,2,2,6
KAM3418190.1,2492,2421,2737,2,8,24,4,12,14,18,4,16,31,33,28
KAM3418191.1,2143,2071,2546,20,8,0,6,22,10,16,8,16,22,20,28
KAM3418192.1,4827,2826,3332,54,20,30,16,6,16,34,23,57,26,6,10
KAM3418193.1,669,733,766,2,0,0,2,8,4,0,6,6,6,6,10
KAM3418194.1,2620,1631,3473,2,0,0,2,0,2,0,4,2,0,0,4
KAM3418195.1,2,0,3,0,0,0,0,0,0,0,0,0,0,0,0
KAM3418196.1,8,8,12,0,0,0,0,0,0,0,0,0,0,0,4
KAM3418197.1,108,54,117,0,0,0,0,2,0,0,0,2,4,0,0
KAM3418198.1,22,30,63,0,0,0,0,0,0,0,0,2,0,0,0
KAM3416117.1,2221,898,3627,0,0,0,3,3,6,6,4,5,16,10,20
KAM3416118.1,4,11,5,0,0,0,0,0,0,0,0,0,0,0,0
KAM3416119.1,79,38,312,0,2,0,0,0,0,0,0,0,18,9,20
KAM3416120.1,172,233,416,0,0,0,0,0,0,2,0,0,0,0,0
KAM3416121.1,2894,2507,2620,12,8,6,15,9,4,21,18,12,15,12,16
KAM3416122.1,367,416,464,0,4,0,2,6,0,6,4,3,4,4,4
KAM3416123.1,128,84,201,0,0,0,0,0,2,0,2,3,0,0,0
KAM3416124.1,782,526,724,6,0,12,6,6,8,6,14,6,20,12,8
KAM3416125.1,202,201,210,5,4,0,0,0,4,0,2,7,2,2,10
KAM3416126.1,39,31,62,0,0,0,0,0,2,0,0,2,0,0,2
KAM3416127.1,38,61,78,0,0,0,0,0,0,0,0,0,2,0,0
KAM3416128.1,14385,14219,22276,15,6,24,25,45,27,67,122,99,68,62,69
KAM3416129.1,168,146,190,2,0,0,0,8,2,0,0,1,10,0,0
KAM3416130.1,268,278,401,0,0,0,0,4,2,0,2,4,0,0,0
KAM3416131.1,16183,16609,18137,22,6,36,4,11,9,23,26,20,23,32,38
KAM3416132.1,156,182,224,0,0,0,0,3,0,1,4,2,1,0,0
KAM3416134.1,968,1279,1046,8,4,18,4,6,1,0,8,14,9,12,5
KAM3416135.1,944,1103,1000,3,0,6,0,6,2,3,4,4,6,8,14
KAM3416136.1,363,329,477,6,0,0,6,8,6,12,8,7,12,12,10
KAM3416137.1,1744,1370,1968,14,8,24,10,12,12,14,12,4,12,12,23
KAM3416138.1,3164,2078,2713,0,0,0,2,2,2,2,11,5,2,2,6
KAM3416139.1,3715,4386,4386,6,8,3,14,16,11,8,8,10,30,21,26
KAM3416140.1,10267,8428,11224,32,16,42,38,79,42,42,22,35,163,198,205
KAM3416141.1,1400,1296,1365,10,4,6,12,7,2,10,4,9,23,26,31
KAM3416142.1,58,48,69,0,0,0,0,2,0,1,0,1,0,0,0
KAM3416143.1,30,30,65,0,0,6,0,0,0,2,0,2,0,2,7
KAM3416144.1,12,19,18,0,0,0,0,0,0,0,4,0,0,0,0
KAM3416145.1,46,38,74,0,0,0,0,0,2,0,0,0,0,0,0
KAM3416146.1,772,812,557,0,0,6,4,6,4,4,18,10,2,6,4
KAM3416147.1,353,325,351,8,0,6,6,0,4,2,4,7,8,6,7
KAM3416148.1,7635,8058,8933,58,44,36,23,28,35,25,23,30,88,49,84
KAM3416149.1,705,884,780,4,2,0,0,0,0,7,1,8,8,4,4
KAM3416150.1,115,124,134,0,0,6,1,2,2,0,0,0,0,2,0
KAM3416151.1,1897,1419,1836,18,8,30,12,11,20,6,8,10,26,36,18
KAM3416152.1,112,73,163,0,0,0,0,2,0,0,2,2,4,4,2
KAM3416153.1,687,529,697,0,0,0,10,4,11,1,0,12,12,4,9
KAM3416154.1,1458,826,999,0,2,18,1,15,1,5,7,14,4,9,15
KAM3416155.1,215,98,134,0,0,0,0,1,0,1,1,0,0,1,0
KAM3416156.1,50425,26303,19514,20,8,39,10,36,19,45,45,96,18,38,58
KAM3416157.1,1251,782,1464,2,0,12,4,3,6,6,20,14,17,7,18
KAM3416158.1,7326,7376,7027,17,4,6,4,14,2,6,12,13,22,18,28
KAM3416159.1,19,2,9,0,0,0,0,0,2,0,0,0,0,0,0
KAM3416160.1,1632,1749,1686,16,4,30,3,5,10,6,4,2,4,16,4
KAM3416161.1,917,1027,1779,0,8,12,2,1,2,2,6,2,4,0,4
KAM3416162.1,3514,2837,4812,6,2,0,7,4,0,3,8,1,2,2,11
KAM3416163.1,30374,27732,28830,21,18,48,38,45,47,98,98,85,62,77,92
KAM3416164.1,104,109,114,2,0,6,2,0,0,2,0,0,4,0,0
KAM3416165.1,987,1151,1400,4,0,24,8,4,2,6,20,18,6,24,12
KAM3416166.1,6744,4884,4484,18,0,6,6,10,12,18,34,27,44,47,77
KAM3416167.1,2515,3185,2064,8,4,12,3,4,9,0,9,15,18,10,20
KAM3416168.1,665,426,598,2,0,18,2,6,4,4,14,14,2,0,0
KAM3416169.1,89,28,175,0,0,0,0,1,0,0,0,0,16,12,33
KAM3416170.1,3,2,6,0,0,0,0,0,0,0,0,0,0,0,0
KAM3416171.1,9,2,8,0,0,0,0,0,0,0,0,0,0,0,0
KAM3416172.1,11,8,35,0,0,0,0,2,2,0,0,0,0,0,0
KAM3416173.1,730,620,982,10,20,12,6,7,15,14,4,6,12,17,24
KAM3416174.1,3,10,16,0,0,0,0,0,0,0,0,0,2,0,0
KAM3416175.1,2472,1695,2254,3,8,6,6,8,10,4,19,14,15,7,37
KAM3416176.1,745,639,737,6,4,6,2,6,12,4,18,9,15,8,14
KAM3416177.1,450,335,430,0,0,0,0,2,2,2,2,2,2,0,4
KAM3416178.1,10418,7099,8681,10,12,0,46,56,56,46,70,80,165,214,270
KAM3416179.1,25825,16452,19728,6,8,0,89,112,113,94,139,139,165,211,225
KAM3416180.1,351,213,449,24,26,57,28,62,15,70,128,169,110,123,116
KAM3416181.1,1269,1371,987,51,20,24,4,22,8,22,17,36,43,34,42
KAM3416184.1,4267,3869,4488,22,4,42,4,7,2,27,31,19,32,15,32
KAM3416185.1,47,12,24,0,0,0,0,2,0,0,0,0,0,0,0
KAM3416186.1,196,198,180,0,0,0,0,0,2,4,2,0,0,2,0
KAM3416187.1,7426,4832,5964,6,6,0,8,11,20,52,38,33,23,28,44
KAM3416188.1,53,46,42,0,0,0,0,0,1,1,2,0,1,1,1
KAM3416189.1,39,24,49,0,0,0,0,0,0,0,0,0,0,0,0
KAM3416190.1,940,660,658,4,4,0,0,0,2,6,9,2,4,4,6
KAM3416191.1,39,35,37,0,0,0,0,0,0,0,0,0,0,2,0
KAM3416192.1,238,139,178,0,0,6,4,0,1,6,2,0,0,2,3
KAM3416193.1,5,2,12,0,0,0,0,0,0,0,0,0,0,0,0
KAM3416194.1,101,93,281,4,0,0,0,0,0,2,0,5,6,0,0
KAM3416195.1,1947,1652,1654,6,4,18,14,7,6,10,12,22,10,12,25
KAM3416196.1,122,57,639,0,0,0,0,0,0,0,3,0,1,0,4
KAM3416197.1,9,8,43,0,0,0,0,0,0,0,0,0,0,0,2
KAM3416198.1,455,360,724,0,8,0,2,10,2,5,6,22,8,8,9
KAM3416199.1,2103,1240,2965,5,12,21,15,46,32,47,58,84,45,59,52
KAM3416200.1,1062,712,1189,0,0,0,6,15,22,19,32,27,10,8,7
KAM3416201.1,62,57,80,0,0,0,0,1,1,0,0,1,1,1,1
KAM3416202.1,122,131,149,2,0,0,0,2,0,0,0,0,1,4,1
KAM3416203.1,1112,1057,996,7,8,12,6,2,5,4,2,4,1,14,18
KAM3416204.1,393,438,447,3,0,6,2,6,4,4,6,13,2,9,6
KAM3416205.1,3903,4478,4296,4,24,12,6,2,4,12,8,17,10,4,4
KAM3416206.1,4229,4702,5659,0,20,0,2,0,9,0,4,7,5,3,4
KAM3416207.1,5801,6094,9013,9,14,12,7,16,9,9,9,28,43,20,39
KAM3416208.1,1049,690,675,10,0,24,6,8,5,2,2,3,10,14,5
KAM3416209.1,32,31,46,0,0,0,2,0,0,0,0,0,0,0,0
KAM3416210.1,491,534,584,2,0,6,4,2,0,0,2,4,3,6,2
KAM3416211.1,218,186,416,4,4,0,0,0,0,0,2,0,0,0,4
KAM3416212.1,880,873,979,6,0,0,2,1,0,6,2,7,3,6,15
KAM3416213.1,383,501,254,0,0,0,0,2,2,0,2,0,2,2,2
KAM3416214.1,35,40,63,0,4,0,0,0,0,0,0,6,2,0,2
KAM3416215.1,11,16,11,0,0,0,0,1,0,0,0,2,0,0,0
KAM3416216.1,18,16,59,0,0,0,0,2,0,6,0,2,0,0,0
KAM3416217.1,2084,2735,2545,8,12,0,8,4,8,6,2,18,17,26,24
KAM3416218.1,9160,5845,6911,2,0,0,9,10,4,15,34,34,6,16,15
KAM3416219.1,55,30,56,0,0,0,0,0,0,0,0,0,1,2,2
KAM3416220.1,6241,5418,4768,30,14,12,11,10,8,16,14,24,26,28,51
KAM3416221.1,9733,11388,8878,126,124,171,20,20,29,26,23,40,77,52,105
KAM3416222.1,91,136,148,0,0,0,0,0,0,2,0,0,4,0,0
KAM3416223.1,414,411,569,10,16,18,2,0,8,0,2,2,6,4,6
KAM3416224.1,162,125,276,4,4,0,0,0,2,2,0,0,8,20,12
KAM3416225.1,32,9,45,0,0,0,0,0,0,0,2,0,0,0,0
KAM3416226.1,555,573,921,9,10,18,8,6,2,2,8,9,4,6,27
KAM3416227.1,317,278,418,8,8,6,5,10,3,0,5,0,4,8,11
KAM3416228.1,885,629,966,0,0,0,8,4,4,0,8,5,2,12,8
KAM3416229.1,894,1099,756,4,16,18,10,8,6,5,16,14,4,6,20
KAM3416230.1,1542,1394,1244,2,0,6,6,2,0,28,18,23,15,4,40
KAM3416231.1,638,434,569,2,20,12,0,4,0,0,2,0,2,3,4
KAM3416232.1,1338,949,1733,0,0,6,5,5,4,4,4,13,2,0,8
KAM3416233.1,102,92,142,2,0,0,0,0,0,0,0,3,0,0,2
KAM3416234.1,718,734,594,2,4,0,2,4,4,0,6,2,12,2,0
KAM3416235.1,301,324,363,1,0,0,0,2,4,1,0,2,17,3,18
KAM3416236.1,681,517,675,0,0,6,4,2,1,10,0,7,0,0,4
KAM3416237.1,33,27,83,0,0,0,0,0,0,0,0,2,0,0,0
KAM3416238.1,493,604,537,4,4,0,4,6,0,2,2,4,4,2,2
KAM3416239.1,5302,5359,4784,37,20,72,14,30,22,16,18,13,97,69,90
KAM3416240.1,1013,730,1344,0,0,12,7,5,6,18,9,16,13,24,14
KAM3416241.1,237,180,274,0,0,0,2,4,3,4,0,2,1,1,0
KAM3416242.1,153,74,223,0,0,0,3,2,4,10,4,13,13,12,16
KAM3416243.1,28,34,15,0,0,0,0,0,0,0,0,0,0,0,0
KAM3416244.1,526,460,690,0,0,6,18,24,11,22,11,25,5,2,11
KAM3416245.1,262,124,299,0,2,0,5,0,2,0,3,6,3,3,3
KAM3416246.1,663,647,280,0,0,0,0,4,0,1,4,4,0,2,10
KAM3416247.1,0,0,2,0,0,0,0,0,0,0,0,0,0,0,0
KAM3416248.1,4897,4316,3167,4,16,0,8,13,12,17,10,17,17,9,26
KAM3416249.1,860,768,877,0,0,6,6,7,2,4,6,6,6,4,14
KAM3416250.1,289,290,637,0,4,0,0,2,3,0,4,1,0,0,4
KAM3416251.1,2636,3375,2245,6,22,0,7,11,4,18,12,8,23,12,9
KAM3416252.1,757,791,861,14,16,12,37,58,16,52,83,137,74,50,72
KAM3416253.1,430,394,364,0,0,6,2,6,0,4,18,17,6,6,11
KAM3416254.1,3230,2272,3790,14,12,0,18,30,22,21,20,31,67,122,112
KAM3416255.1,4152,3519,4810,18,8,6,12,15,10,17,12,10,48,28,42
KAM3416256.1,45,35,131,0,0,0,0,0,1,0,2,0,4,1,5
KAM3416257.1,1002,557,1523,6,12,18,11,22,8,34,28,35,32,29,54
KAM3416258.1,5160,4288,2847,12,26,12,20,37,47,20,25,28,56,48,69
KAM3416259.1,296,253,328,1,0,0,0,6,4,0,4,2,4,10,2
KAM3416260.1,669,478,444,8,0,12,4,10,6,0,0,2,2,0,4
KAM3416261.1,1037,914,984,8,0,0,5,2,8,4,9,18,2,6,2
KAM3416262.1,83798,100920,111017,184,128,207,127,106,68,65,106,144,647,684,870
KAM3416263.1,6694,7221,8872,35,32,48,12,17,35,13,16,24,26,9,18
KAM3416264.1,29784,28861,28267,95,56,33,20,16,17,12,24,32,9,5,26
KAM3416265.1,10,28,57,0,0,0,0,0,0,0,0,0,0,0,0
KAM3416266.1,7571,5235,6281,8,4,0,7,37,13,7,10,26,14,25,41
KAM3416267.1,47,36,76,0,0,0,0,0,0,0,2,0,0,2,0
KAM3416268.1,1805,1441,3119,4,4,0,6,8,2,10,11,10,20,6,18
KAM3416269.1,772,640,1058,4,12,0,0,2,2,3,2,2,8,12,6
KAM3416270.1,1342,791,2583,2,0,0,12,10,6,36,56,71,11,20,30
KAM3416271.1,489,314,510,0,0,0,0,6,2,4,0,4,12,12,4
KAM3416272.1,127,64,118,0,0,0,0,2,0,0,0,0,0,2,2
KAM3416273.1,436,243,602,0,0,0,0,4,0,0,6,0,4,0,0
KAM3416274.1,67,25,57,0,0,0,0,0,0,2,2,2,0,2,0
KAM3416275.1,868,404,522,0,0,0,6,8,6,5,6,9,4,0,2
KAM3416276.1,1195,1033,1340,16,4,6,10,9,10,10,10,7,49,24,31
KAM3416277.1,235,204,508,0,4,0,2,2,0,4,20,10,2,0,0
KAM3416278.1,11,4,25,0,0,0,0,0,0,0,0,0,0,0,0
KAM3416279.1,7131,3870,5615,8,12,0,12,8,13,26,19,28,12,18,22
KAM3416280.1,2276,3017,1777,10,20,30,2,9,12,4,14,6,9,6,16
KAM3416281.1,4,2,1,0,0,0,0,0,0,0,0,1,0,0,0
KAM3416282.1,2,0,7,0,0,0,0,0,0,0,0,0,0,0,0
KAM3416283.1,1143,915,708,4,0,0,4,4,0,4,6,8,2,0,6
KAM3416284.1,209,100,156,0,0,0,0,2,0,0,4,0,4,0,2
KAM3416285.1,54,69,100,0,0,0,0,0,0,0,2,0,4,4,4
KAM3416286.1,688,702,1045,0,4,0,6,18,6,12,7,4,10,7,3
KAM3416287.1,132,164,283,2,0,0,0,0,2,0,2,10,2,0,2
KAM3416288.1,51,28,61,0,0,0,0,0,0,0,0,0,2,0,0
KAM3416289.1,120,170,131,2,0,0,6,1,0,4,2,12,2,2,3
KAM3416290.1,7,0,10,0,0,0,0,0,0,0,0,0,0,0,0
KAM3416291.1,13,2,10,0,0,0,0,0,0,0,0,0,0,0,0
KAM3416292.1,114,145,287,0,0,0,4,39,4,29,31,94,22,9,21
KAM3416293.1,156,129,277,0,12,0,0,0,0,1,8,12,6,0,2
KAM3416294.1,32,20,34,0,0,0,2,0,0,0,0,0,0,0,0
KAM3416295.1,680,629,648,2,0,6,2,10,6,3,2,3,4,10,10
KAM3416296.1,335,350,420,0,0,0,2,13,4,5,6,0,7,0,2
KAM3416297.1,33,35,36,0,0,0,0,0,0,4,0,0,0,0,0
KAM3416298.1,2677,1636,2339,0,0,0,14,17,9,31,16,25,2,2,4
KAM3416299.1,412,345,651,2,0,0,0,4,3,13,6,14,5,4,3
KAM3416300.1,153,118,109,0,0,0,2,1,0,3,2,0,1,2,1
KAM3416301.1,1164,929,1236,4,0,6,2,6,2,2,4,2,10,4,6
KAM3416302.1,157,75,210,0,0,0,0,0,0,0,0,2,0,0,3
KAM3416303.1,1,0,2,0,0,0,0,0,0,0,0,0,0,0,0
KAM3416304.1,42,11,66,0,0,0,0,0,0,0,0,0,0,0,0
KAM3416305.1,1,0,2,0,0,0,0,0,0,0,0,0,0,0,0
KAM3416306.1,1618,1288,1404,4,0,0,4,12,4,12,6,6,6,8,12
KAM3416307.1,258,236,283,0,0,6,0,0,0,0,0,2,0,4,8
KAM3416308.1,247,136,293,0,0,0,0,0,0,0,0,0,20,37,53
KAM3416309.1,31,20,49,0,0,0,0,2,0,0,0,0,2,0,0
KAM3416310.1,156,63,155,0,0,0,0,0,0,2,0,0,0,2,0
KAM3416311.1,406,463,529,6,4,0,4,2,4,0,8,0,4,10,11
KAM3416312.1,1732,688,919,0,0,0,0,2,4,2,2,0,2,6,2
KAM3416313.1,55,98,69,0,0,0,0,0,2,0,0,0,1,2,3
KAM3416314.1,49,47,232,0,0,0,0,0,0,0,0,2,0,0,2
KAM3416315.1,24,14,66,0,0,0,0,2,0,0,0,0,0,0,2
KAM3416316.1,633,785,574,8,0,6,0,0,0,0,2,0,2,0,6
KAM3416317.1,1422,1240,1397,12,12,6,10,2,10,6,6,8,20,41,41
KAM3416318.1,3354,3660,2487,6,8,24,2,6,6,7,4,8,24,18,19
KAM3416320.1,3879,4106,4558,4,12,18,6,0,1,3,6,8,20,19,25
KAM3416321.1,5061,4113,4819,14,20,12,16,10,16,10,8,6,26,31,26
KAM3416322.1,1815,1282,1606,0,0,6,4,10,2,6,6,10,2,4,10
KAM3416323.1,7047,6554,9763,8,8,12,6,0,2,2,4,16,18,10,13
KAM3416324.1,3815,3366,3824,14,10,18,16,5,10,11,19,29,24,30,47
KAM3416325.1,2253,2035,1625,6,4,0,4,2,3,18,14,25,16,18,29
KAM3416326.1,120,68,104,0,0,0,0,1,0,0,0,0,1,2,1
KAM3416327.1,386,325,482,2,4,0,0,4,10,4,0,7,2,4,2
KAM3416328.1,503,429,625,4,0,0,13,6,4,1,3,1,10,12,10
KAM3416329.1,946,1233,812,8,4,24,0,3,2,0,0,0,10,2,12
KAM3416330.1,113,63,147,0,0,0,0,0,2,0,2,0,0,0,2
KAM3416331.1,45,30,26,0,0,0,0,2,0,0,0,0,0,0,0
KAM3416332.1,43,25,54,0,0,0,0,2,0,0,0,0,0,0,1
KAM3416333.1,0,0,2,0,0,0,0,0,0,0,0,0,0,0,0
KAM3416334.1,123,49,187,0,0,0,0,0,2,0,0,0,0,4,0
KAM3416335.1,6,6,8,0,0,0,0,0,0,0,0,2,0,2,0
KAM3416336.1,4183,1920,3093,16,4,0,5,6,0,8,0,4,22,26,28
KAM3416337.1,1414,987,1597,2,4,0,8,4,3,5,14,5,4,9,11
KAM3416338.1,50,30,108,0,0,0,0,0,0,3,0,6,2,4,6
KAM3416339.1,190,96,219,0,0,0,2,4,0,2,4,3,0,4,0
KAM3416340.1,4061,3874,4239,4,2,6,17,12,10,12,38,50,14,13,29
KAM3416341.1,686,818,865,2,0,0,2,7,0,4,0,4,0,6,8
KAM3416342.1,211,178,352,2,0,0,0,0,0,0,1,0,1,0,0
KAM3416343.1,810,888,991,12,8,12,9,4,6,12,10,8,9,9,4
KAM3416345.1,4207,2856,3712,8,0,0,15,4,15,16,22,18,14,14,40
KAM3416346.1,290,294,366,2,4,0,0,4,4,0,0,6,0,2,2
KAM3416347.1,70,60,107,0,0,0,0,0,0,0,0,0,0,3,0
KAM3416349.1,515,313,535,0,4,0,0,0,0,0,0,0,0,0,0
KAM3416350.1,1106,1416,1501,14,6,0,2,4,6,8,8,4,4,16,6
KAM3416351.1,708,451,671,0,12,0,0,6,8,3,2,8,0,0,4
KAM3416353.1,1453,1078,1520,0,0,0,4,2,0,8,4,2,6,4,2
KAM3416354.1,9,8,0,0,0,0,0,0,0,0,0,0,0,0,0
KAM3416355.1,580,565,424,0,0,0,2,8,6,0,1,3,3,0,4
KAM3416356.1,968,917,1287,4,4,0,8,4,4,8,6,17,5,8,6
KAM3416357.1,1520,1267,1642,9,4,0,18,10,8,12,17,16,27,16,19
KAM3416358.1,7,1,10,0,0,0,1,0,0,0,0,0,0,0,0
KAM3416359.1,7671,5965,9015,24,16,36,67,72,66,48,38,58,148,151,207
KAM3416360.1,38,25,49,0,0,0,2,0,0,0,0,0,0,2,0
KAM3416361.1,1041,635,1218,4,4,0,4,0,2,4,4,4,6,0,2
KAM3416362.1,292,202,191,0,0,0,4,1,0,4,0,2,0,0,2
KAM3416364.1,92,70,99,0,0,0,0,1,0,0,0,2,0,0,0
KAM3416365.1,75,70,26,2,0,0,0,0,0,0,0,0,0,0,0
KAM3416366.1,434,292,428,0,0,0,0,0,0,0,0,0,0,1,0
KAM3416367.1,93,144,168,0,0,0,0,2,2,2,2,0,0,0,2
KAM3416368.1,2955,3074,3308,15,26,6,2,12,12,4,2,2,8,10,22
KAM3416369.1,633,534,773,0,0,0,20,8,4,6,18,22,10,9,14
KAM3416371.1,25,61,53,0,0,0,0,0,0,0,0,0,0,0,0
KAM3416373.1,24,6,49,0,0,0,3,0,0,0,0,0,0,0,0
KAM3416374.1,0,0,0,0,0,0,0,0,0,0,0,0,0,0,0
KAM3416375.1,20,6,12,0,0,0,0,0,0,0,0,0,0,0,0
KAM3416376.1,171,128,213,0,0,6,2,6,0,2,4,2,2,0,0
KAM3416377.1,1557,2066,2003,0,4,6,2,4,2,8,8,10,10,10,2
KAM3416378.1,421,229,310,0,0,0,2,0,0,0,2,2,2,4,4
KAM3416380.1,1248,960,1183,7,16,18,12,8,12,8,8,14,6,10,26
KAM3416381.1,183,184,198,0,8,0,0,0,2,1,2,0,4,0,4
KAM3416382.1,352,303,521,0,0,0,0,0,2,9,0,2,2,0,3
KAM3416383.1,3779,3839,4570,11,4,18,24,17,12,13,27,28,21,38,48
KAM3416384.1,121,147,127,0,0,0,0,2,0,0,2,0,0,0,0
KAM3416385.1,47,43,96,0,0,0,0,0,0,2,0,2,8,4,2
KAM3416386.1,88,52,62,0,0,0,0,2,0,2,0,4,2,0,0
KAM3416387.1,293,259,234,2,0,0,2,4,10,0,0,0,4,2,0
KAM3416388.1,313,353,690,2,0,0,2,0,0,0,4,2,8,8,2
KAM3416389.1,6469,5234,3679,7,0,30,0,2,3,5,6,9,14,24,20
KAM3416391.1,56,67,71,1,0,0,0,0,0,1,0,0,4,1,4
KAM3416392.1,490,443,697,0,8,0,8,4,2,0,4,8,10,11,10
KAM3416393.1,408,208,366,2,0,9,0,1,2,2,0,0,6,0,8
KAM3416394.1,1341,1003,1156,4,0,6,4,4,8,6,0,10,4,10,8
KAM3416395.1,609,704,784,0,20,0,4,8,4,6,6,8,17,13,10
KAM3416396.1,763,714,791,6,4,0,6,9,3,4,12,4,6,14,8
KAM3416397.1,2722,2161,2348,2,0,12,13,14,12,13,18,24,10,10,10
KAM3416398.1,264,167,217,0,0,0,2,4,6,4,4,4,1,0,0
KAM3416399.1,248,260,181,2,8,12,0,4,4,4,1,4,6,1,0
KAM3416400.1,39,40,78,0,0,0,0,0,0,0,0,0,0,0,0
KAM3416401.1,188,96,234,0,0,0,0,0,0,0,0,2,4,2,5
KAM3416402.1,7408,7941,7418,14,4,6,25,24,11,14,21,34,38,41,57
KAM3416403.1,353,199,824,0,0,0,0,0,2,4,6,16,13,6,12
KAM3416404.1,268,180,317,0,0,6,3,0,4,10,0,6,0,4,0
KAM3416405.1,1,0,4,0,0,0,0,0,0,0,0,0,0,0,0
KAM3416406.1,329,140,277,2,0,0,10,14,19,16,27,10,6,2,2
KAM3416407.1,55,16,55,2,0,0,3,0,2,2,0,2,4,9,9
KAM3416408.1,956,970,1369,16,4,0,2,15,10,10,4,7,16,22,21
KAM3416409.1,581,639,1120,6,8,0,8,4,4,0,0,7,1,4,0
KAM3416410.1,1571,2079,2371,18,0,6,0,8,2,0,6,4,14,8,4
KAM3416411.1,12507,9228,11772,16,0,9,28,44,34,48,93,62,144,216,213
KAM3416412.1,293,190,376,2,0,0,3,0,0,0,0,0,7,2,3
KAM3416413.1,4165,4246,3750,8,4,0,2,6,7,3,4,10,11,14,16
KAM3416414.1,4164,3372,3138,8,4,3,8,8,28,2,6,1,99,202,153
KAM3416415.1,572,512,599,2,0,0,2,0,2,0,0,6,0,0,0
KAM3416416.1,19197,17784,15843,9,8,6,20,28,8,16,3,20,21,28,43
KAM3416418.1,221,208,253,2,0,0,4,0,2,0,0,2,2,6,4
KAM3416419.1,421,405,618,0,0,9,3,2,0,0,0,2,2,1,0
KAM3416421.1,589,424,458,6,4,0,2,4,8,8,0,8,4,4,8
KAM3416422.1,279,345,291,0,0,9,0,0,4,2,2,3,1,2,2
KAM3416423.1,626,498,657,0,0,0,2,2,2,6,0,0,2,3,2
KAM3416424.1,2017,1871,1359,4,12,18,3,1,2,4,2,2,16,16,10
KAM3416425.1,26981,30970,20016,177,122,213,15,30,6,18,28,38,70,73,77
KAM3416426.1,1538,1685,1497,4,4,0,5,10,5,0,6,2,0,10,2
KAM3416427.1,800,721,1261,17,8,24,2,13,6,11,2,9,4,10,8
KAM3416428.1,36,23,30,0,0,0,0,0,0,0,0,0,0,0,3
KAM3416429.1,9106,6626,8051,5,4,9,8,9,12,17,13,20,6,6,26
KAM3416430.1,14277,11187,10604,2,0,0,11,2,6,12,4,8,32,23,47
KAM3416431.1,6951,5649,7332,10,16,6,14,24,22,22,30,20,59,62,70
KAM3416432.1,24,10,50,0,0,0,0,0,0,0,0,1,0,0,0
KAM3416433.1,26,14,42,0,0,6,0,0,2,0,0,1,0,0,2
KAM3416434.1,94,74,104,2,12,0,0,0,0,0,0,0,0,2,0
KAM3416435.1,46,31,89,0,0,0,0,1,2,2,0,0,0,4,0
KAM3416436.1,3994,3559,4010,22,0,12,22,27,36,31,6,14,26,35,52
KAM3416437.1,873,789,895,0,0,0,12,14,4,26,15,36,8,8,20
KAM3416438.1,18,26,24,0,0,0,0,2,0,0,0,0,0,0,0
KAM3416439.1,28,61,57,0,0,0,0,1,0,0,0,0,4,0,0
KAM3416440.1,226,339,307,0,0,6,0,6,4,0,4,3,9,4,10
KAM3416441.1,1708,2093,837,2,8,6,0,4,0,10,2,8,4,0,4
KAM3416442.1,1690,1640,2920,0,4,0,2,0,2,2,4,2,0,0,3
KAM3416443.1,2792,1965,2768,4,0,0,0,4,8,8,0,14,2,2,12
KAM3416444.1,228,266,808,0,0,0,0,0,2,0,0,0,2,1,0
KAM3416445.1,139,144,153,2,0,0,0,1,0,0,0,0,2,2,0
KAM3416446.1,331,393,379,0,0,0,3,3,6,2,0,1,9,9,22
KAM3416447.1,229,305,275,0,8,0,0,6,0,6,2,4,2,4,6
KAM3416448.1,236,103,308,0,0,0,1,4,0,4,0,9,0,2,6
KAM3416449.1,123,43,131,0,0,0,3,2,2,6,2,0,0,0,7
KAM3416450.1,3265,1661,3601,0,0,0,8,32,10,43,42,43,5,12,12
KAM3416451.1,6678,7425,7031,54,22,66,20,24,28,36,28,30,97,96,150
KAM3416452.1,85,68,144,3,0,0,4,0,2,0,1,10,3,4,2
KAM3416453.1,324,284,325,3,0,0,0,0,4,0,1,0,9,2,6
KAM3416454.1,874,970,1034,8,8,0,2,0,2,0,2,0,10,0,8
KAM3416455.1,8977,10110,8760,36,36,24,6,26,4,36,54,78,25,55,32
KAM3416456.1,15776,17814,17108,42,36,57,23,27,14,35,25,43,67,81,101
KAM3416457.1,38,54,16,0,0,0,0,0,0,0,0,1,0,0,0
KAM3416458.1,5124,5883,5323,32,8,24,2,2,0,7,18,20,8,11,20
KAM3416459.1,166,209,224,1,0,0,1,2,1,1,0,0,0,1,0
KAM3416460.1,169,131,247,0,0,0,0,0,0,1,0,0,2,0,2
KAM3416461.1,702,571,812,7,4,0,2,0,8,6,4,1,1,9,13
KAM3416462.1,151,108,155,1,0,0,0,1,4,0,0,0,0,0,1
KAM3416463.1,38,22,20,0,0,0,0,0,0,0,0,0,0,0,1
KAM3416464.1,264,119,271,0,0,0,2,6,4,6,4,0,2,2,3
KAM3416465.1,401,481,342,4,8,12,3,2,8,5,0,2,6,6,8
KAM3416466.1,459,548,384,0,0,0,4,2,0,2,0,4,2,4,14
KAM3416467.1,430,431,449,0,0,6,0,1,0,0,0,2,5,11,5
KAM3416468.1,1993,2609,2174,0,0,12,12,13,4,2,8,6,13,17,8
KAM3416469.1,1316,1265,1380,12,16,6,1,6,6,2,4,6,10,4,6
KAM3416470.1,48,61,95,0,0,0,0,0,0,0,0,1,0,0,0
KAM3416471.1,114,100,161,0,0,0,0,2,0,2,1,0,4,0,3
KAM3416472.1,483,547,728,0,4,0,8,4,2,0,2,5,5,2,5
KAM3416474.1,871,901,1068,4,0,0,4,0,1,6,2,6,16,16,6
KAM3416475.1,156,88,235,0,0,0,0,0,5,8,2,6,0,1,4
KAM3416476.1,264,150,368,8,0,0,0,0,0,6,4,4,0,0,0
KAM3416477.1,795,849,1493,0,0,6,2,4,3,0,6,2,12,17,16
KAM3416478.1,24224,15110,35504,36,40,96,6,12,8,22,46,44,58,37,54
KAM3416479.1,374,502,454,4,0,6,0,0,4,2,2,0,4,0,8
KAM3416481.1,112,128,231,0,0,0,2,0,1,0,0,0,0,0,0
KAM3416482.1,6,23,10,0,0,0,0,0,0,0,0,0,0,0,0
KAM3416483.1,2981,2847,3132,12,12,18,18,15,10,10,8,14,12,16,37
KAM3416484.1,4288,3464,3577,4,8,12,8,17,10,26,44,43,8,30,30
KAM3416485.1,4980,4817,5528,7,4,6,0,10,2,6,13,18,11,33,27
KAM3416486.1,763,863,1307,8,0,6,4,10,10,10,10,4,14,13,13
KAM3416487.1,185,259,257,0,8,0,0,0,0,1,6,5,0,4,0
KAM3416488.1,42,33,90,0,0,0,0,0,0,0,2,0,0,0,0
KAM3416489.1,600,626,777,6,16,0,8,18,12,16,7,16,22,11,13
KAM3416490.1,4519,4376,4098,6,0,0,10,3,8,14,22,16,67,118,105
KAM3416493.1,18413,16419,16945,45,40,60,35,34,36,16,28,34,111,81,147
KAM3416494.1,2551,2268,3143,4,0,12,12,9,6,8,5,5,5,4,10
KAM3416495.1,2324,2035,2960,0,8,12,6,17,4,10,8,10,8,14,16
KAM3416496.1,1289,1211,1474,0,14,12,2,6,12,16,4,16,12,12,10
KAM3416497.1,938,818,1098,4,4,0,8,0,4,8,14,10,4,2,8
KAM3416498.1,350,230,355,4,0,3,0,0,0,3,2,6,0,0,0
KAM3416500.1,3373,2206,2164,21,16,30,10,14,14,20,6,16,33,24,19
KAM3416501.1,2357,2381,1897,4,4,30,6,8,16,6,8,18,42,32,36
KAM3416502.1,37625,39752,39591,46,98,96,6,9,5,33,22,37,30,16,28
KAM3416503.1,632,533,601,2,0,0,6,3,2,6,10,0,0,0,2
KAM3416504.1,4274,4793,5047,2,4,24,2,4,4,8,6,9,20,22,31
KAM3416505.1,127,63,149,0,0,0,2,0,1,2,0,0,0,0,4
KAM3416506.1,250,107,271,0,0,0,2,0,2,0,0,0,0,0,2
KAM3416507.1,42,32,60,0,0,0,0,0,0,0,0,0,0,1,0
KAM3416508.1,161,132,192,0,0,6,2,2,0,2,0,4,2,10,10
KAM3416509.1,7,4,11,0,0,0,0,0,0,0,0,0,0,0,0
KAM3416510.1,42,58,100,3,4,3,0,0,0,0,2,3,0,2,0
KAM3416511.1,1146,745,614,0,4,0,0,0,0,0,0,0,2,0,2
KAM3416512.1,111,106,303,0,0,0,0,0,0,0,0,0,0,0,0
KAM3416513.1,77,59,170,0,0,0,0,0,2,0,0,0,0,0,0
KAM3416514.1,125,89,158,0,4,0,2,2,4,6,2,2,2,0,2
KAM3416515.1,3024,2230,4242,10,8,18,2,10,2,3,2,6,4,2,7
KAM3416516.1,1986,2354,1799,7,12,0,3,2,6,5,10,10,18,17,22
KAM3416517.1,3269,3328,3470,12,12,24,6,19,6,16,21,35,22,13,32
KAM3416518.1,365,452,615,1,4,0,2,0,0,1,6,2,3,5,2
KAM3416519.1,132,104,88,1,0,0,0,0,0,2,2,0,2,2,4
KAM3416520.1,128,122,241,0,0,0,0,0,1,0,0,0,0,0,0
KAM3416521.1,52,33,59,0,0,0,0,0,0,0,0,2,0,8,2
KAM3416522.1,24,17,32,0,0,0,0,0,0,2,0,8,0,0,3
KAM3416523.1,7669,7598,5035,14,24,18,12,11,13,6,18,20,42,18,55
KAM3416524.1,6603,7657,6833,30,24,18,7,10,20,6,14,13,38,28,41
KAM3416525.1,724,635,586,15,0,0,2,4,2,0,11,12,7,6,5
KAM3416526.1,1185,1062,1576,7,16,12,8,2,0,1,9,9,15,2,8
KAM3416527.1,166,171,170,8,0,0,4,8,4,2,2,0,0,12,12
KAM3416528.1,188,302,177,0,8,0,2,0,0,3,2,2,4,1,6
KAM3416529.1,451,348,660,7,4,9,0,9,4,5,1,4,1,0,2
KAM3416530.1,747,731,799,2,0,0,6,4,2,0,17,12,10,12,11
KAM3416531.1,987,1371,1179,12,4,6,6,4,3,0,2,8,2,12,10
KAM3416532.1,257,352,536,2,0,3,2,0,1,3,0,2,0,0,2
KAM3416533.1,602,637,729,0,4,6,4,8,8,6,11,10,2,6,4
KAM3416534.1,181,111,176,1,0,0,0,0,0,0,0,0,0,2,0
KAM3416535.1,165,138,188,2,0,6,0,6,0,4,16,6,4,2,4
KAM3416536.1,81,98,115,0,0,3,2,2,2,5,4,19,6,2,6
KAM3416537.1,1593,1246,2526,0,12,18,2,12,4,7,8,14,24,15,14
KAM3416538.1,1191,1183,970,2,0,6,10,18,5,5,27,23,14,17,2
KAM3416539.1,806,950,1004,0,4,0,6,2,2,0,2,6,8,7,14
KAM3416540.1,6019,6598,5177,42,44,24,4,34,4,28,11,37,92,56,116
KAM3416541.1,1138,1012,968,0,0,6,2,10,0,14,10,7,2,4,2
KAM3416542.1,12187,9807,15813,32,28,30,19,24,20,62,99,94,24,37,53
KAM3416543.1,5593,5967,4753,18,12,12,10,3,10,8,23,20,8,6,10
KAM3416544.1,20565,16868,17361,2,8,6,13,8,20,69,102,106,24,28,42
KAM3416545.1,603,466,930,2,12,0,8,4,5,9,13,12,10,8,8
KAM3416546.1,1005,976,1179,8,8,18,5,4,8,9,8,4,23,13,30
KAM3416547.1,2113,1167,1857,0,4,6,0,4,2,20,5,15,13,14,17
KAM3416548.1,33,13,41,0,0,0,0,0,0,0,0,0,0,0,0
KAM3416549.1,76,44,41,1,0,0,0,0,0,0,0,0,0,0,0
KAM3416550.1,0,2,2,0,0,0,0,0,0,0,0,0,0,0,0
KAM3416551.1,4263,2228,3836,6,0,0,6,14,6,16,16,20,6,4,9
KAM3416552.1,7599,7430,6863,13,12,12,11,17,25,23,18,24,23,19,32
KAM3416553.1,108,126,49,0,0,0,0,0,0,0,2,0,1,2,1
KAM3416554.1,638,540,820,1,0,0,2,6,0,4,0,4,25,24,25
KAM3416555.1,745,687,865,4,4,0,4,10,6,12,9,4,11,2,12
KAM3416556.1,1072,789,927,0,0,0,6,10,8,2,6,2,16,18,20
KAM3416557.1,93,39,86,0,0,0,0,0,4,0,0,4,4,2,0
KAM3416558.1,161,197,186,2,0,6,0,2,2,0,2,2,0,2,0
KAM3416559.1,28,49,25,0,0,0,0,1,0,0,0,0,0,0,0
KAM3416560.1,14,6,0,0,0,0,0,0,0,0,0,0,0,0,0
KAM3416561.1,26,15,33,0,0,0,0,0,0,0,0,0,0,0,0
KAM3416562.1,43,45,78,0,0,0,1,0,0,0,0,2,0,0,0
KAM3416563.1,21,28,45,0,0,0,0,0,0,0,0,0,0,0,0
KAM3416564.1,462,246,459,2,0,0,0,4,2,4,9,6,4,2,10
KAM3416565.1,35433,24745,32924,81,58,78,82,199,107,205,164,229,154,139,165
KAM3416566.1,1562,762,1862,2,0,6,8,18,18,8,18,22,8,6,16
KAM3416567.1,632,771,687,14,8,0,0,4,2,4,1,6,4,4,8
KAM3416568.1,520,358,507,3,0,0,0,0,1,4,3,2,11,4,11
KAM3416569.1,291,270,273,4,0,6,0,1,0,3,6,4,2,4,1
KAM3416570.1,1712,1873,2258,6,2,0,12,4,6,4,0,12,14,10,12
KAM3416571.1,2841,1717,2686,24,0,6,16,14,6,15,14,14,32,33,54
KAM3416572.1,946,1128,828,0,0,6,5,2,0,15,8,8,4,1,5
KAM3416573.1,128181,141931,127063,229,224,240,129,144,150,262,356,262,681,739,1057
KAM3416574.1,877,1339,804,20,2,12,1,15,0,4,8,2,39,29,46
KAM3416575.1,1027,627,979,14,16,24,2,10,9,6,6,14,12,26,19
KAM3416576.1,18,18,19,0,0,0,0,0,2,0,0,0,0,1,0
KAM3416577.1,10066,9706,11632,6,24,30,59,50,84,50,60,97,141,127,150
KAM3416578.1,547,339,639,0,0,0,2,0,2,0,2,3,4,4,3
KAM3416579.1,94,117,75,2,0,0,0,3,1,0,2,0,5,6,3
KAM3416580.1,297,367,392,6,0,0,3,3,2,3,4,5,34,46,19
KAM3416581.1,483,451,385,2,0,0,6,4,4,2,0,2,4,6,6
KAM3416582.1,81,63,78,0,0,0,2,0,1,1,0,0,0,0,0
KAM3416583.1,379,228,453,0,0,0,1,4,0,3,0,0,0,4,2
KAM3416584.1,162,144,261,0,0,0,1,0,1,0,0,0,0,1,2
KAM3416585.1,75,108,216,0,0,0,0,0,2,4,1,2,0,0,0
KAM3416586.1,266,348,517,4,0,6,2,0,0,2,4,0,0,5,0
KAM3416587.1,29,20,10,0,0,0,0,0,1,0,0,0,0,0,0
KAM3416588.1,1350,785,1218,5,0,6,8,12,15,4,9,5,32,40,37
KAM3416589.1,359,293,358,1,0,0,2,0,2,2,0,2,2,2,2
KAM3416590.1,18,18,43,0,0,0,1,0,0,0,0,0,0,0,0
KAM3416591.1,4346,5501,6314,26,12,18,8,4,12,4,13,13,14,20,24
KAM3416592.1,280,221,189,0,0,0,0,0,0,2,0,3,0,0,0
KAM3416593.1,137,100,151,0,0,0,2,0,1,2,0,0,0,2,2
KAM3416594.1,1043,770,1259,2,0,0,2,4,2,2,10,5,1,9,4
KAM3416595.1,6725,4731,5180,16,12,24,22,16,10,10,18,22,14,9,17
KAM3416596.1,11,4,9,0,0,0,0,2,0,0,1,0,0,0,0
KAM3416597.1,150,116,365,0,0,0,0,1,4,0,2,2,2,2,0
KAM3416598.1,26231,17856,61171,0,4,6,0,0,0,1,6,2,6,2,14
KAM3416599.1,12,16,27,0,0,0,0,0,0,0,0,0,26,26,14
KAM3416600.1,1,2,6,0,0,0,0,0,0,0,0,0,0,0,0
KAM3416601.1,88,74,87,0,0,0,1,0,1,0,0,0,0,0,0
KAM3416602.1,1184,1172,1377,2,0,12,2,8,2,0,4,9,36,12,25
KAM3416603.1,11,6,4,0,0,0,0,0,0,0,0,0,0,0,0
KAM3416604.1,73,41,88,0,0,0,0,0,0,0,0,2,0,0,0
KAM3416605.1,5081,4855,4536,8,16,0,8,7,9,7,14,12,18,18,40
KAM3416606.1,924,983,1347,0,4,0,0,4,0,1,6,14,6,6,6
KAM3416607.1,4239,3408,5078,14,18,18,32,22,19,20,34,32,56,61,86
KAM3416608.1,2750,2088,2432,12,12,6,0,2,4,8,10,14,4,7,18
KAM3416609.1,7114,4048,4422,12,12,30,9,4,12,7,5,8,15,18,26
KAM3416610.1,576,469,683,0,0,6,4,9,8,4,6,15,2,2,2
KAM3416611.1,12,0,12,0,0,0,0,0,0,0,0,0,0,0,0
KAM3416612.1,0,2,6,0,0,0,0,0,0,0,2,1,0,0,0
KAM3416613.1,947,1001,841,4,8,0,0,0,10,2,4,8,28,14,22
KAM3416614.1,117,82,103,16,0,0,1,2,4,12,4,4,4,16,20
KAM3416615.1,25524,18358,28041,32,26,66,41,98,87,75,109,141,116,132,161
KAM3416616.1,1197,853,1381,10,0,6,2,2,4,2,2,20,0,0,16
KAM3416617.1,2280,1477,1175,2,0,0,0,0,0,0,2,0,0,5,10
KAM3416618.1,18259,9225,17126,13,4,24,47,71,22,44,49,83,29,44,54
KAM3416619.1,1610,1700,2399,6,8,15,2,4,0,4,20,34,3,1,10
KAM3416620.1,4756,3912,8124,10,0,0,0,0,0,2,2,4,23,10,17
KAM3416621.1,1977,2144,2226,2,0,0,6,6,2,0,10,2,8,12,8
KAM3416622.1,42,50,25,0,0,0,0,0,0,0,0,0,0,0,0
KAM3416623.1,58,41,120,0,0,0,0,6,4,2,0,2,0,0,0
KAM3416624.1,479,384,419,4,0,0,0,2,2,2,2,0,2,4,4
KAM3416625.1,58,42,79,0,0,0,0,0,0,0,0,0,0,0,0
KAM3416626.1,5,0,0,0,0,0,0,0,0,0,0,0,0,0,0
KAM3416627.1,0,0,1,0,0,0,0,0,0,0,0,0,0,0,0
KAM3416628.1,409,316,379,8,4,0,2,9,8,8,2,12,10,7,8
KAM3416629.1,110,101,118,0,0,0,0,0,0,10,2,10,0,4,0
KAM3416630.1,158,117,232,0,4,0,4,10,0,2,6,16,4,2,7
KAM3416631.1,221,244,400,0,0,0,0,3,4,0,0,11,5,0,4
KAM3416632.1,3207,2728,3423,4,20,12,8,25,21,10,20,28,22,21,30
KAM3416633.1,37,23,63,0,0,0,0,0,0,0,2,0,0,0,0
KAM3416634.1,40,51,64,0,0,0,0,0,1,0,0,2,0,0,0
KAM3416635.1,1036,802,1048,2,0,0,9,10,8,8,2,7,18,4,20
KAM3416636.1,32,22,22,0,0,0,0,0,0,0,0,0,0,0,2
KAM3416637.1,3061,2328,2519,8,0,6,0,7,2,15,14,11,15,27,35
KAM3416638.1,1620,1062,2439,4,0,6,0,0,3,4,9,8,6,0,16
KAM3416639.1,200,215,338,0,4,0,0,10,2,0,0,6,4,2,2
KAM3416640.1,491,529,729,7,0,0,4,2,3,2,10,9,8,16,29
KAM3416641.1,74,55,63,0,0,0,0,0,1,0,1,2,1,0,4
KAM3416642.1,95,48,109,2,0,0,2,0,0,0,2,2,2,2,6
KAM3416643.1,58,32,80,0,0,6,0,0,0,2,0,0,0,0,2
KAM3416644.1,210,218,209,0,0,0,6,0,4,1,2,8,2,0,2
KAM3416645.1,38,50,18,0,0,0,0,0,0,0,0,0,2,0,0
KAM3416646.1,452,335,351,1,0,0,1,1,6,4,0,11,0,2,11
KAM3416647.1,557,661,765,0,2,6,4,0,1,6,0,2,5,6,5
KAM3416648.1,4072,2623,2310,7,0,18,4,5,1,8,2,2,11,6,15
KAM3416649.1,705,831,955,4,4,0,2,6,0,2,4,1,15,12,20
KAM3416650.1,393,256,336,3,0,0,5,8,0,3,3,10,11,10,6
KAM3416651.1,645,451,636,0,4,0,0,6,0,0,0,5,5,6,16
KAM3416652.1,514,361,1295,1,0,0,0,2,2,0,0,2,0,11,10
KAM3416653.1,18,4,25,0,0,0,0,0,0,0,0,0,1,0,1
KAM3416654.1,126,72,119,0,0,0,2,2,2,0,2,0,2,0,1
KAM3416655.1,18,13,38,0,0,0,1,0,0,0,0,0,0,0,0
KAM3416656.1,322,163,352,0,0,0,3,4,4,0,0,4,0,0,8
KAM3416657.1,1276,1116,1100,2,14,12,4,4,9,12,13,13,13,15,26
KAM3416658.1,1506,1719,1990,8,4,6,8,4,12,10,6,18,22,24,57
KAM3416659.1,3920,2465,3859,16,4,6,10,8,10,23,8,16,33,39,39
KAM3416660.1,124,76,124,0,0,0,0,2,0,0,0,0,0,0,0
KAM3416661.1,10,6,5,0,0,0,0,0,0,0,0,0,0,0,0
KAM3416662.1,0,2,0,0,0,0,0,0,0,0,0,0,0,0,0
KAM3416663.1,63,86,76,0,0,0,0,0,4,2,0,0,0,0,2
KAM3416664.1,4,0,2,0,0,0,0,0,0,0,0,0,0,0,0
KAM3416665.1,135,111,159,0,0,0,0,2,0,0,0,0,0,0,0
KAM3416666.1,1724,984,3806,4,0,0,20,30,6,24,26,40,50,30,54
KAM3416667.1,1939,1774,2791,8,8,0,10,8,14,14,10,24,14,24,34
KAM3416668.1,1378,1288,900,5,14,21,4,2,2,4,8,6,4,12,9
KAM3416669.1,1391,1579,1844,10,4,21,0,11,12,4,7,11,12,11,17
KAM3416670.1,5518,5730,3769,11,12,0,7,6,5,14,8,13,20,28,45
KAM3416671.1,261,279,482,0,0,6,6,2,6,1,8,8,3,0,4
KAM3416672.1,224,244,90,2,0,0,2,5,1,2,4,1,3,5,2
KAM3416673.1,5597,5130,5376,23,28,27,17,36,30,28,16,26,57,40,75
KAM3416674.1,661,758,863,4,2,0,4,2,6,4,2,11,11,8,16
KAM3416675.1,1233,1375,1289,4,4,18,4,6,6,8,2,4,16,4,6
KAM3416676.1,9,2,4,0,0,0,0,0,0,0,0,0,0,0,0
KAM3416677.1,1616,989,1551,0,0,0,2,4,2,14,14,17,6,3,18
KAM3416678.1,630,328,579,0,4,0,0,6,2,0,14,6,0,2,3
KAM3416679.1,140,162,117,0,0,0,0,0,0,2,0,0,2,2,0
KAM3416680.1,1626,1497,1393,2,4,6,2,8,12,6,0,2,35,32,22
KAM3416681.1,1338,1145,1862,8,12,36,4,0,6,12,10,4,17,16,16
KAM3416682.1,2107,1331,1849,8,8,6,2,4,4,2,3,4,7,2,9
KAM3416683.1,1085,1159,1314,4,0,15,6,4,0,0,10,14,17,14,10
KAM3416684.1,456,369,697,0,0,0,0,8,2,0,6,16,2,18,14
KAM3416685.1,4276,3232,3117,9,4,12,11,10,2,17,18,15,8,7,9
KAM3416686.1,42,19,62,0,0,0,0,0,0,0,0,0,2,0,2
KAM3416687.1,305,325,495,0,4,0,0,3,2,1,2,1,5,8,2
KAM3416688.1,535,550,511,3,8,0,0,0,0,7,6,0,2,3,9
KAM3416689.1,4155,3582,3068,10,16,36,6,16,14,14,15,31,7,14,6
KAM3416690.1,3701,1935,6019,0,0,0,13,30,22,56,77,71,10,12,17
KAM3416691.1,58,57,96,0,0,0,0,0,0,2,0,0,2,0,2
KAM3416692.1,56,59,78,0,0,0,0,0,0,0,0,0,0,0,2
KAM3416693.1,4346,3590,4644,7,24,12,11,10,13,13,20,20,10,28,24
KAM3416694.1,3737,3053,4896,4,4,3,2,15,4,16,14,17,23,14,22
KAM3416695.1,269,216,309,0,4,0,6,8,6,2,3,12,0,6,0
KAM3416696.1,247,183,219,2,4,0,1,2,2,0,1,2,2,4,6
KAM3416697.1,104,79,142,0,0,0,0,0,0,0,0,1,6,2,5
KAM3416698.1,735,739,673,8,0,30,2,3,2,2,6,6,11,13,8
KAM3416699.1,923,978,1269,2,0,6,7,2,0,3,2,0,13,15,18
KAM3416700.1,723,625,638,2,12,0,0,0,0,2,4,10,12,6,2
KAM3416701.1,1560,1936,1602,14,4,12,7,9,4,6,7,10,32,25,21
KAM3416702.1,246,229,264,0,0,24,6,0,2,0,2,0,0,4,0
KAM3416703.1,718,832,802,2,12,0,2,2,2,0,0,2,8,10,8
KAM3416704.1,1728,1012,1574,2,16,0,8,8,14,4,4,4,4,7,10
KAM3416705.1,178,184,306,4,0,0,6,0,2,2,6,0,2,0,2
KAM3416706.1,56,57,92,0,0,0,0,0,2,0,2,2,0,0,0
KAM3416707.1,26358,19233,25102,17,16,12,75,116,97,73,80,86,123,123,156
KAM3416708.1,261,149,431,2,4,0,4,0,4,7,4,4,0,6,9
KAM3416709.1,91,63,134,2,0,0,1,0,2,0,4,3,2,2,2
KAM3416710.1,327,317,296,0,0,6,4,2,2,8,6,8,0,9,2
KAM3416711.1,463,409,501,6,4,12,4,6,5,12,6,9,0,2,2
KAM3416712.1,511,533,641,2,0,3,2,4,3,9,9,3,0,2,4
KAM3416713.1,61,16,61,0,0,0,0,0,2,0,2,4,0,4,2
KAM3416714.1,767,677,986,4,0,24,4,9,14,6,0,9,22,30,28
KAM3416715.1,714,898,1237,28,24,21,18,29,18,9,20,26,18,15,11
KAM3416716.1,40,16,63,0,0,0,2,0,0,0,0,0,0,4,0
KAM3416717.1,1155,916,1138,0,12,0,8,8,10,8,10,14,6,4,6
KAM3416718.1,36,33,81,0,0,0,0,2,0,0,0,2,0,0,2
KAM3416719.1,2619,2926,3536,4,4,0,6,2,4,2,4,10,15,16,9
KAM3416720.1,508,334,460,2,0,0,0,0,0,0,2,0,4,0,5
KAM3416721.1,2529,2222,2775,2,12,6,2,11,6,19,6,19,14,34,31
KAM3416722.1,1799,2198,2272,4,4,9,0,10,0,3,0,8,21,29,23
KAM3416723.1,444,517,521,0,0,0,4,0,6,3,4,3,8,4,2
KAM3416724.1,20,49,65,0,0,0,2,5,2,1,8,1,0,2,0
KAM3416725.1,1,4,22,0,0,0,0,0,0,0,0,0,0,0,0
KAM3416726.1,3442,3336,2327,16,12,6,10,12,4,4,14,24,34,22,15
KAM3416727.1,81,79,74,0,0,0,2,2,0,2,0,1,2,2,2
KAM3416728.1,162,89,263,0,0,0,2,0,0,6,4,2,2,6,4
KAM3416729.1,1803,2294,2039,4,4,0,0,10,4,14,13,6,8,4,8
KAM3416730.1,511,475,646,12,0,12,0,0,9,2,12,12,7,10,8
KAM3416731.1,654,773,706,10,0,15,8,2,0,0,2,3,10,14,20
KAM3416732.1,833,809,1310,6,4,0,5,15,2,29,21,19,27,33,36
KAM3416733.1,5238,4788,4460,6,10,42,26,23,10,13,20,30,23,26,30
KAM3416734.1,1525,1283,1579,3,0,3,1,2,5,2,4,3,4,6,4
KAM3416735.1,645,416,900,3,0,0,45,57,45,40,29,72,54,106,65
KAM3416736.1,638,681,788,4,4,0,8,10,15,3,2,4,29,21,29
KAM3416737.1,501,504,737,4,4,0,12,6,6,10,10,6,8,8,10
KAM3416738.1,236,241,301,1,0,0,0,0,0,1,0,0,1,2,0
KAM3416739.1,921,1008,1005,0,4,0,0,2,4,0,4,6,3,14,1
KAM3416740.1,267,319,511,2,0,0,0,0,0,4,4,6,4,4,7
KAM3416741.1,42,30,25,2,0,0,0,9,3,2,4,2,4,10,2
KAM3416742.1,71,70,81,0,0,0,2,2,0,2,0,0,2,2,2
KAM3416743.1,6803,5530,6272,14,8,24,24,47,20,21,36,29,78,92,107
KAM3416744.1,1699,1559,1994,9,6,6,16,4,4,5,0,4,41,26,42
KAM3416745.1,812,545,565,6,0,6,0,2,0,10,0,2,0,2,0
KAM3416746.1,937,671,1201,2,0,0,18,10,18,9,12,24,16,19,27
KAM3416747.1,486,370,569,5,4,0,2,0,11,2,8,8,2,6,8
KAM3416748.1,785,741,645,2,4,0,10,2,1,6,6,2,13,17,8
KAM3416749.1,557,242,605,0,0,6,4,10,4,3,2,8,10,4,8
KAM3416750.1,13530,13739,16863,55,40,72,34,24,40,53,31,54,99,109,137
KAM3416751.1,467,231,351,0,0,0,2,6,7,2,4,0,2,7,12
KAM3416752.1,682,444,450,0,0,0,5,11,5,2,2,8,14,9,19
KAM3416753.1,16,20,6,0,0,0,0,0,0,0,0,0,0,0,0
KAM3416754.1,507,402,395,4,0,6,2,0,4,2,2,10,16,4,6
KAM3416755.1,425,330,564,0,6,0,0,0,0,0,1,3,4,0,2
KAM3416756.1,3096,2861,2715,8,32,6,8,19,14,15,6,6,20,33,19
KAM3416757.1,150,99,136,2,0,0,1,0,0,0,0,0,2,0,3
KAM3416758.1,1624,1473,1841,3,8,0,10,13,14,20,10,18,9,14,22
KAM3416759.1,463,284,581,4,0,0,6,4,4,8,2,17,10,10,5
KAM3416760.1,1088,1014,1081,4,0,0,6,6,2,4,5,20,8,7,8
KAM3416761.1,4657,5102,4504,12,20,12,10,22,19,16,32,28,41,42,56
KAM3416762.1,294,340,412,1,0,0,4,1,6,0,0,4,2,4,6
KAM3416763.1,199,220,237,2,0,0,4,6,4,4,6,4,2,4,0
KAM3416764.1,4705,5075,4265,12,26,66,8,14,6,6,17,27,18,15,14
KAM3416765.1,951,1323,1361,6,0,6,0,6,4,2,8,2,8,1,6
KAM3416766.1,127,146,210,0,2,0,0,1,2,4,5,2,4,6,4
KAM3416767.1,1696,1843,1951,2,0,0,12,18,10,10,18,14,20,16,12
KAM3416768.1,415,371,567,2,4,0,1,2,0,0,2,3,6,2,4
KAM3416769.1,124,86,177,0,0,0,6,6,1,6,0,9,0,0,6
KAM3416770.1,707,568,988,2,12,6,8,10,18,12,6,10,16,38,40
KAM3416771.1,157,160,199,2,0,0,6,4,0,12,0,2,0,2,2
KAM3416772.1,36,34,75,0,0,0,0,0,0,3,2,2,2,0,2
KAM3416773.1,0,2,0,0,0,0,0,0,0,0,0,0,0,0,0
KAM3416774.1,26,14,69,0,0,0,0,0,0,0,0,0,0,0,0
KAM3416775.1,1742,1836,2106,32,8,12,11,12,17,10,15,17,22,32,31
KAM3416776.1,77,33,70,0,0,0,0,0,0,0,0,0,1,0,7
KAM3416777.1,639,283,572,0,0,0,0,0,0,5,1,3,1,2,0
KAM3416778.1,3623,2211,2088,5,12,12,6,15,10,7,6,15,12,26,16
KAM3416779.1,4,1,3,0,0,0,0,0,0,0,0,0,0,0,0
KAM3416780.1,3747,2667,2065,0,0,0,6,14,5,12,10,6,6,5,10
KAM3416781.1,5556,3380,5408,0,4,18,9,13,8,19,18,20,15,3,12
KAM3416782.1,876,489,1106,0,0,0,0,0,0,4,2,0,0,4,0
KAM3416783.1,378,268,403,0,0,6,6,6,8,8,6,2,0,4,6
KAM3416784.1,192,189,375,0,4,0,0,2,0,0,1,0,0,2,0
KAM3416785.1,1554,1209,1434,0,0,12,2,2,2,10,4,15,2,8,14
KAM3416786.1,886,876,823,0,8,6,2,2,0,2,2,4,4,0,4
KAM3416787.1,5767,4247,5273,16,24,0,26,13,12,16,27,32,20,28,12
KAM3416788.1,294,270,80,0,4,0,4,0,2,0,1,2,0,2,0
KAM3416789.1,2857,2360,3068,0,0,0,2,0,1,24,14,20,6,0,0
KAM3416790.1,940,1109,1128,12,0,0,0,4,0,1,8,9,3,1,8
KAM3416791.1,15726,17935,9148,14,18,12,12,19,2,9,8,16,24,25,28
KAM3416792.1,1396,1045,1440,8,4,0,4,14,10,14,8,8,20,30,22
KAM3416793.1,667,445,989,8,4,0,4,8,4,20,10,12,34,40,29
KAM3416794.1,10,4,6,0,0,0,0,0,0,0,0,0,0,0,2
KAM3416795.1,504,305,558,0,0,0,0,2,0,2,0,2,2,0,0
KAM3416797.1,1896,2075,3010,2,4,6,6,9,8,6,4,9,14,6,26
KAM3416798.1,1043,1212,1383,2,0,0,4,8,13,4,12,16,12,10,14
KAM3416799.1,407,356,518,0,0,0,0,6,0,2,2,10,10,6,10
KAM3416800.1,407,510,540,4,0,0,4,4,2,4,0,8,0,0,14
KAM3416801.1,306,319,426,6,4,6,0,1,4,0,2,0,4,2,11
KAM3416802.1,1579,1805,1435,4,8,0,8,8,6,4,4,6,4,6,12
KAM3416803.1,433,335,466,2,0,6,0,3,0,0,0,3,2,6,14
KAM3416804.1,414,786,420,28,16,36,2,7,0,0,2,8,8,6,4
KAM3416805.1,34,12,40,0,0,0,2,2,0,2,2,2,0,0,0
KAM3416806.1,169,104,170,0,0,0,0,4,0,3,0,4,1,2,0
KAM3416807.1,685,721,854,4,8,18,6,7,8,8,11,21,28,16,33
KAM3416808.1,720,630,760,0,4,6,6,7,8,2,2,10,6,16,16
KAM3416809.1,2994,2435,2814,20,12,12,13,18,6,18,16,16,16,16,14
KAM3416810.1,907,859,2992,23,12,6,0,0,0,0,2,0,0,0,0
KAM3416811.1,264,137,524,0,0,0,0,0,0,0,2,0,2,10,0
KAM3416812.1,2968,3346,3330,9,12,6,1,8,2,12,8,12,33,47,59
KAM3416813.1,467,442,418,0,4,0,2,0,6,4,8,2,0,4,4
KAM3416814.1,740,584,516,2,0,0,2,0,2,4,4,0,6,4,2
KAM3416815.1,61,47,47,0,0,6,0,3,3,0,2,2,0,2,0
KAM3416816.1,178,125,156,0,0,0,3,4,4,2,6,8,2,4,6
KAM3416817.1,104,72,82,0,0,0,0,2,2,0,0,0,0,2,0
KAM3416818.1,32,19,38,0,0,0,0,0,0,0,0,0,0,0,0
KAM3416819.1,9,2,6,0,0,0,0,0,0,0,0,0,0,0,0
KAM3416820.1,125,72,240,0,0,0,0,0,0,0,0,0,4,1,14
KAM3416821.1,6,12,16,0,0,0,0,0,0,0,0,0,0,0,2
KAM3416822.1,1965,1755,2424,0,0,6,4,12,4,26,46,44,4,6,6
KAM3416823.1,105,100,165,0,0,0,1,0,0,0,0,0,0,0,0
KAM3416824.1,1251,1093,1756,0,10,6,10,14,12,16,15,22,28,31,62
KAM3416825.1,2279,1940,2542,10,4,6,18,18,20,6,9,20,28,53,73
KAM3416826.1,249,156,284,0,0,0,3,0,2,0,4,6,0,2,6
KAM3416827.1,224,127,330,0,0,0,3,2,2,4,2,2,0,0,4
KAM3416828.1,15698,18348,18552,99,50,105,42,70,48,59,21,22,106,127,142
KAM3416830.1,994,854,1384,0,0,0,2,6,1,0,0,4,0,0,4
KAM3416831.1,425,292,648,2,0,6,0,2,2,0,0,2,0,0,1
KAM3416832.1,1421,1323,1114,4,4,0,2,8,8,0,2,8,4,14,13
KAM3416833.1,1383,1144,1645,0,4,0,1,4,0,3,2,8,20,83,59
KAM3416834.1,721,801,934,0,0,6,0,0,4,0,3,4,8,8,10
KAM3416835.1,912,1109,754,2,0,0,6,1,0,1,0,4,6,8,2
KAM3416836.1,4932,4649,3714,11,12,18,2,26,0,2,2,10,19,13,30
KAM3416837.1,337,227,244,0,4,0,0,0,0,1,0,0,1,0,5
KAM3416838.1,330,234,262,8,0,0,0,0,0,1,0,3,5,0,0
KAM3416839.1,260,230,190,0,0,0,2,7,4,2,2,6,4,2,2
KAM3416840.1,121,106,41,0,0,0,0,1,0,0,0,0,0,0,0
KAM3416841.1,45316,41421,24689,26,42,18,49,58,46,33,10,31,12,16,15
KAM3416842.1,5296,3627,4602,8,8,6,37,20,34,19,21,12,18,42,57
KAM3416843.1,2363,1308,2540,0,10,0,13,10,16,2,19,13,5,18,32
KAM3416844.1,2148,1252,2221,4,12,0,12,22,12,12,22,24,9,4,13
KAM3416845.1,70,52,124,0,0,0,0,0,0,3,6,2,0,2,1
KAM3416846.1,150,150,420,2,2,0,0,0,0,9,4,2,0,0,0
KAM3416847.1,47,48,33,0,0,0,0,0,2,0,0,0,0,0,0
KAM3416848.1,27,19,34,0,0,0,0,0,0,0,1,1,4,0,0
KAM3416849.1,1995,1719,2826,5,4,6,8,5,10,16,25,26,46,40,44
KAM3416850.1,748,878,823,7,0,6,1,1,6,5,3,15,8,12,5
KAM3416851.1,299,411,279,0,0,0,0,2,2,2,1,4,2,2,6
KAM3416852.1,589,534,710,4,4,12,5,3,2,4,3,4,10,6,3
KAM3416853.1,3727,5358,3384,6,8,0,6,6,14,10,21,10,28,14,15
KAM3416854.1,1205,1119,1254,1,10,0,10,11,20,8,5,15,23,30,31
KAM3416855.1,2575,3432,2095,33,16,24,3,16,3,12,12,17,11,7,24
KAM3416856.1,21564,18540,18031,10,16,39,17,9,16,12,9,23,22,27,38
KAM3416857.1,921,507,1146,0,0,0,6,15,8,24,33,20,8,11,16
KAM3416858.1,211,224,291,0,0,0,2,0,0,4,0,2,4,0,4
KAM3416859.1,645,523,599,4,0,0,0,4,0,2,2,0,8,4,2
KAM3416860.1,14480,11825,12331,38,64,84,0,16,8,10,2,4,35,20,45
KAM3416861.1,9837,6807,6968,6,4,6,22,28,16,24,26,32,90,61,128
KAM3416862.1,2070,1699,1028,2,0,0,4,2,0,1,2,0,0,0,4
KAM3416863.1,2381,1758,1709,4,0,6,2,3,4,8,16,7,8,14,14
KAM3416865.1,6340,5127,6366,34,16,18,4,15,15,21,23,25,43,43,80
KAM3416866.1,797,645,915,0,4,0,2,9,3,7,3,2,4,6,8
KAM3416867.1,2267,1595,1936,2,0,0,6,6,6,14,18,30,16,6,6
KAM3416868.1,1432,978,1492,4,0,0,6,4,2,8,10,16,9,10,10
KAM3416869.1,7815,6237,8147,19,16,0,31,42,69,53,89,114,50,82,62
KAM3416871.1,120,110,529,0,0,0,0,2,0,0,0,0,64,88,105
KAM3416872.1,471,559,429,0,4,0,4,5,0,0,1,0,3,6,11
KAM3416873.1,446,525,700,2,2,6,0,1,4,3,0,3,4,9,2
KAM3416874.1,70,27,163,0,0,0,0,0,0,0,0,0,0,0,0
KAM3416875.1,24,18,78,0,0,0,0,0,2,0,0,2,7,2,6
KAM3416876.1,892,1179,1183,4,2,3,6,7,6,8,6,2,15,12,8
KAM3416877.1,370,196,1018,8,0,0,0,4,2,4,0,0,28,24,32
KAM3416878.1,1880,905,1691,14,0,0,6,9,8,1,2,10,42,48,60
KAM3416879.1,526,499,577,6,12,0,0,10,4,6,4,6,14,17,16
KAM3416880.1,1915,1361,1361,12,8,18,0,10,3,6,0,3,5,4,6
KAM3416881.1,178,179,305,4,0,0,2,0,0,0,0,0,4,0,8
KAM3416882.1,24,13,23,0,0,0,0,0,0,0,0,0,2,0,0
KAM3416883.1,548,333,460,4,0,0,0,4,0,0,6,2,2,4,0
KAM3416884.1,3014,2638,2983,6,14,12,19,20,25,14,14,20,38,47,58
KAM3416885.1,221,216,310,1,4,0,0,2,3,0,8,7,0,3,6
KAM3416886.1,148,106,194,6,8,0,0,4,6,4,3,2,2,2,3
KAM3416887.1,189,134,243,6,0,0,0,0,0,0,1,2,0,0,2
KAM3416888.1,1037,1111,1219,4,8,0,2,0,2,4,0,8,10,14,2
KAM3416889.1,979,432,803,0,0,0,0,2,3,0,2,4,4,16,6
KAM3416890.1,4353,3338,3700,20,20,0,12,17,22,13,15,11,32,30,47
KAM3416891.1,797,597,1112,2,0,12,4,10,13,18,8,10,4,6,9
KAM3416892.1,48,53,32,0,0,0,0,0,0,0,0,0,0,0,2
KAM3416893.1,345,306,543,0,0,0,0,2,5,8,4,9,2,0,2
KAM3416894.1,935,1310,1053,6,0,0,1,8,0,6,10,2,6,8,2
KAM3416895.1,876,771,870,4,8,0,0,4,4,9,6,6,7,4,15
KAM3416896.1,2004,2111,2147,8,4,15,7,9,13,13,11,13,12,10,21
KAM3416897.1,1055,733,1106,4,0,6,6,18,10,11,22,10,8,20,25
KAM3416898.1,276,344,562,4,0,0,2,0,0,1,0,0,2,1,4
KAM3416899.1,2322,2700,3804,12,8,0,8,10,12,19,10,20,4,5,18
KAM3416900.1,3051,3247,5286,9,0,6,6,12,9,10,14,16,28,14,24
KAM3416901.1,472,203,349,4,0,6,0,8,0,0,5,0,0,2,2
KAM3416902.1,781,516,871,4,4,0,2,6,4,0,2,10,6,12,16
KAM3416903.1,547,289,491,4,4,6,0,5,3,0,8,4,5,10,9
KAM3416904.1,223,223,339,4,4,0,8,10,3,9,8,3,10,7,13
KAM3416905.1,5111,3054,5216,16,14,42,27,33,39,30,47,36,57,61,66
KAM3416906.1,1780,1735,2058,2,16,18,6,10,18,10,14,18,18,11,40
KAM3416907.1,2182,2122,2084,2,8,0,8,4,2,10,5,6,12,36,29
KAM3416908.1,115,173,146,2,8,6,0,4,2,0,0,8,1,6,4
KAM3416909.1,104,68,267,0,0,0,2,1,1,0,0,0,2,0,3
KAM3416910.1,774,607,1295,5,0,0,18,21,21,38,18,21,13,10,22
KAM3416911.1,930,549,1369,2,0,6,0,2,2,2,0,4,2,1,7
KAM3416912.1,234,182,182,1,2,0,2,6,0,2,2,4,4,2,7
KAM3416913.1,353,237,628,0,8,0,4,6,12,12,8,8,10,12,8
KAM3416914.1,636,586,2096,0,0,0,1,0,2,2,0,2,4,2,6
KAM3416915.1,515,535,988,2,0,6,0,1,2,5,0,0,14,15,30
KAM3416916.1,14306,10848,9487,17,24,42,20,47,27,45,30,62,47,47,59
KAM3416917.1,38,13,45,0,0,0,0,0,0,0,4,1,0,0,0
KAM3416918.1,330,174,252,0,0,0,4,2,6,2,10,3,34,37,51
KAM3416919.1,814,1098,922,2,10,6,4,4,8,4,6,2,12,8,20
KAM3416920.1,215,216,222,2,4,0,5,3,0,2,2,6,2,7,8
KAM3416921.1,210,195,342,0,6,6,1,0,6,2,1,1,7,5,6
KAM3416922.1,285,246,372,0,2,6,0,0,0,2,2,5,5,2,6
KAM3416923.1,90,73,58,0,0,0,0,2,0,4,6,8,0,2,0
KAM3416924.1,4888,4227,3177,2,8,12,4,6,10,20,8,12,17,15,27
KAM3416925.1,1741,1276,1829,2,0,6,6,12,2,6,7,18,22,23,30
KAM3416926.1,1097,1366,1066,8,0,0,0,8,4,2,10,8,4,10,6
KAM3416927.1,35,18,67,0,0,0,0,0,0,0,0,0,0,0,0
KAM3416928.1,1638,869,1170,2,0,6,5,10,10,14,10,18,8,10,10
KAM3416929.1,223,175,246,0,0,6,0,4,0,2,0,4,1,0,1
KAM3416930.1,229,141,203,0,0,0,0,0,0,2,0,0,0,0,0
KAM3416931.1,1596,2018,1528,4,8,0,0,8,8,4,0,2,12,6,18
KAM3416933.1,2166,1686,1794,0,4,0,4,8,6,20,16,28,2,12,6
KAM3416934.1,4173,4444,3938,3,0,0,15,13,13,58,68,70,20,28,38
KAM3416935.1,6782,6407,4906,22,12,12,9,12,4,10,16,8,24,14,24
KAM3416936.1,9011,9041,7782,20,4,6,10,16,16,8,18,16,26,23,44
KAM3416937.1,526,484,584,0,0,0,4,12,4,8,2,10,6,4,4
KAM3416938.1,253,250,291,0,0,6,2,2,2,8,1,5,9,6,8
KAM3416939.1,34,9,145,0,0,0,0,2,2,0,0,0,2,0,8
KAM3416940.1,409,657,550,2,0,0,2,4,3,0,0,3,0,6,4
KAM3416941.1,870,843,1148,1,0,6,2,8,5,3,8,7,21,21,34
KAM3416942.1,182,244,280,1,0,0,2,4,0,2,1,2,4,8,1
KAM3416943.1,143,288,288,0,0,0,2,0,2,2,4,5,8,6,10
KAM3416944.1,50,67,42,0,2,0,0,0,0,1,0,2,0,0,1
KAM3416945.1,6081,8489,10548,42,52,48,10,18,11,12,12,15,19,37,34
KAM3416946.1,804,721,936,6,4,0,12,12,8,16,4,14,8,8,6
KAM3416947.1,95,68,209,0,0,0,0,0,0,2,0,0,0,0,2
KAM3416948.1,2778,3081,3895,9,8,0,5,4,2,20,24,22,8,8,20
KAM3416949.1,187,249,405,0,0,0,2,0,2,6,0,0,0,0,2
KAM3416950.1,4256,2811,4528,8,4,18,16,22,18,40,28,30,36,40,55
KAM3416951.1,11843,12613,14214,86,62,147,45,63,58,60,37,67,131,145,235
KAM3416953.1,1711,1908,1356,17,16,42,3,3,3,1,3,1,9,11,13
KAM3416954.1,217,176,334,0,4,0,6,2,3,5,2,0,4,8,0
KAM3416955.1,431,373,426,2,0,0,0,0,0,3,0,2,8,2,10
KAM3416956.1,2,1,8,0,0,0,0,0,0,0,0,0,0,0,0
KAM3416957.1,14750,12068,5190,33,30,66,17,30,10,14,14,42,45,28,56
KAM3416958.1,8352,7907,9560,23,16,18,7,5,2,6,6,8,10,10,18
KAM3416959.1,79,86,386,0,0,0,0,0,0,0,0,0,1,0,0
KAM3416960.1,28,8,9,0,0,0,0,0,0,0,0,0,0,6,2
KAM3416961.1,116,47,96,0,0,0,0,2,2,2,6,0,3,0,4
KAM3416962.1,118,116,137,0,0,0,2,2,4,0,5,0,2,0,0
KAM3416963.1,8685,4912,7246,13,22,6,10,8,1,25,41,48,17,10,14
KAM3416964.1,8333,5531,6846,4,4,0,14,20,10,32,40,59,9,15,24
KAM3416966.1,1509,1541,1657,1,0,0,5,0,5,8,4,2,11,16,14
KAM3416967.1,408,317,539,0,0,0,4,0,9,2,0,2,2,8,12
KAM3416968.1,753,754,543,0,12,0,0,3,4,12,8,10,12,11,19
KAM3416969.1,21505,14081,14573,2,0,12,2,2,0,12,10,1,0,6,16
KAM3416970.1,1451,1133,1355,2,4,6,4,6,9,2,6,12,8,4,16
KAM3416971.1,374,199,436,0,0,12,2,4,10,12,0,12,0,2,6
KAM3416972.1,2078,1426,2561,0,0,0,16,10,22,31,22,18,8,11,8
KAM3416973.1,188,156,169,0,0,6,0,2,0,4,4,2,1,2,2
KAM3416974.1,1666,1511,1576,18,8,18,4,10,2,10,6,14,8,12,10
KAM3416975.1,860,734,966,0,0,3,2,5,0,0,6,3,8,12,9
KAM3416976.1,8818,5922,4321,6,12,6,10,6,4,4,16,38,42,23,54
KAM3416977.1,187,98,135,0,0,0,0,0,2,0,2,4,8,0,2
KAM3416978.1,1995,1720,1948,10,8,12,4,0,0,2,2,2,6,9,2
KAM3416979.1,34,37,38,0,0,0,0,2,0,0,2,0,0,6,0
KAM3416980.1,762,634,863,0,4,12,0,14,0,2,0,0,8,14,14
KAM3416981.1,724,541,792,0,0,0,0,0,2,0,0,2,0,0,6
KAM3416982.1,319,347,425,2,0,0,2,4,6,8,7,16,22,29,26
KAM3416983.1,199,200,245,0,0,12,2,6,2,12,4,10,2,8,2
KAM3416984.1,539,620,525,0,0,0,0,4,2,0,3,6,15,3,12
KAM3416985.1,35093,24293,19071,40,20,30,36,54,24,82,52,78,126,94,109
KAM3416986.1,168,157,196,0,0,0,0,4,2,4,1,0,0,1,6
KAM3416987.1,7590,6498,11655,18,20,6,4,24,1,6,18,50,24,6,16
KAM3416988.1,61,18,30,0,0,0,0,2,0,0,2,2,0,1,0
KAM3416990.1,2588,2349,2607,0,0,24,2,0,2,0,2,0,13,16,22
KAM3416991.1,21543,24083,21134,58,10,48,12,16,12,24,37,17,78,73,154
KAM3416993.1,846,789,1162,1,6,6,2,2,2,2,2,5,6,5,15
KAM3416994.1,660,783,719,4,0,0,3,2,2,6,6,8,12,10,7
KAM3416995.1,2,2,2,0,0,0,0,0,0,0,0,0,2,0,0
KAM3416996.1,21,22,16,0,0,0,0,0,0,0,2,0,2,0,0
KAM3416997.1,1881,1273,1594,2,0,0,1,0,2,2,4,5,4,5,2
KAM3416998.1,1617,1744,2198,12,10,0,8,2,2,6,15,11,24,21,23
KAM3416999.1,3489,3540,2077,12,8,6,2,0,0,8,8,8,7,2,12
KAM3417000.1,7127,6688,7636,6,0,12,7,13,14,27,49,28,9,14,18
KAM3417001.1,1380,1310,972,0,8,0,5,3,2,4,3,2,3,2,8
KAM3417002.1,3601,3864,3812,10,28,36,6,15,14,11,13,10,26,20,38
KAM3417003.1,154,155,490,0,0,0,0,0,0,0,0,0,0,0,0
KAM3417004.1,539,467,468,1,4,0,2,1,0,4,2,9,5,6,4
KAM3417005.1,447,399,628,3,4,0,3,4,11,2,4,8,5,6,0
KAM3417006.1,212,167,1293,0,0,0,0,0,2,4,2,0,2,6,2
KAM3417007.1,2188,2817,1861,4,4,0,5,9,13,4,12,16,23,31,32
KAM3417008.1,1350,1295,1765,4,0,0,10,6,4,10,12,12,26,24,16
KAM3417009.1,340,358,358,0,0,6,0,0,6,2,2,0,0,4,2
KAM3417010.1,233,286,339,3,0,0,4,6,5,7,2,12,6,12,7
KAM3417011.1,2946,2515,2227,0,14,6,2,6,4,6,6,4,10,14,8
KAM3417012.1,4354,3757,3304,10,8,12,8,2,12,7,2,12,0,4,2
KAM3417013.1,192,205,375,0,0,0,0,8,4,2,1,9,0,0,0
KAM3417014.1,257,251,318,2,0,0,0,6,6,0,2,8,4,0,3
KAM3417015.1,317,320,458,142,142,126,5,6,8,4,0,3,44,39,62
KAM3417016.1,21,23,35,0,0,0,0,0,0,0,4,0,2,0,0
KAM3417017.1,117,107,128,0,0,0,3,8,2,0,0,0,8,5,10
KAM3417018.1,4651,2334,3918,0,0,0,4,12,18,20,20,41,16,18,20
KAM3417019.1,308,308,488,0,0,0,8,1,2,0,4,8,5,6,8
KAM3417020.1,5502,5115,4832,16,20,24,2,10,4,7,8,9,64,46,51
KAM3417021.1,26,24,59,0,0,0,0,0,0,0,0,0,0,2,0
KAM3417022.1,1908,1048,2099,2,0,0,10,2,6,10,14,13,34,50,38
KAM3417023.1,1305,1355,2088,4,0,24,6,14,4,15,14,12,0,2,7
KAM3417024.1,5362,4903,5229,16,12,6,3,2,2,2,14,4,8,6,2
KAM3417025.1,118,83,146,2,0,0,2,0,0,0,4,0,0,2,2
KAM3417026.1,58,65,34,0,0,0,0,1,2,2,0,0,0,0,2
KAM3417029.1,383,273,448,8,0,6,2,2,4,0,0,0,221,382,397
KAM3417030.1,6,29,10,0,0,0,0,0,0,0,0,0,0,7,3
KAM3417031.1,112,128,236,0,0,0,1,0,0,0,2,1,0,4,6
KAM3417032.1,754,787,767,0,4,0,1,0,2,6,2,1,2,7,5
KAM3417033.1,1744,2033,2078,2,4,0,2,5,2,5,11,10,4,4,9
KAM3417034.1,968,793,818,9,4,0,3,4,4,2,0,6,21,11,28
KAM3417035.1,280,244,281,2,0,0,0,3,1,4,2,2,0,2,0
KAM3417036.1,72,51,85,2,0,0,0,0,2,6,16,14,1,15,5
KAM3417037.1,2879,3570,2561,20,20,18,14,8,10,12,11,10,19,9,27
KAM3417038.1,298,275,492,0,0,0,2,1,1,0,9,6,6,4,10
KAM3417039.1,740,744,651,0,0,0,2,3,2,4,3,6,8,4,8
KAM3417040.1,58,50,181,0,2,0,0,0,0,0,0,5,0,0,2
KAM3417041.1,126,116,222,0,0,0,0,0,0,1,0,1,2,0,2
KAM3417042.1,4855,4554,4203,3,0,0,3,10,4,0,10,5,6,9,6
KAM3417043.1,1135,1160,1075,0,0,0,4,0,8,12,4,4,9,8,10
KAM3417044.1,122,137,177,0,0,6,4,0,6,2,2,6,2,0,6
KAM3417045.1,4733,2632,3359,4,4,0,12,16,17,39,28,38,15,18,24
KAM3417046.1,124,106,135,0,0,0,0,2,0,4,0,8,0,2,0
KAM3417047.1,10500,8899,15708,2,4,30,1,10,8,4,2,10,4,14,16
KAM3417048.1,155,73,216,0,0,0,0,5,0,2,5,6,2,0,2
KAM3417049.1,1593,1033,1805,3,4,0,14,7,9,11,10,12,23,16,27
KAM3417050.1,197,174,271,6,0,0,2,6,1,2,2,2,0,1,2
KAM3417051.1,208,104,217,4,0,0,2,1,0,4,2,2,5,0,2
KAM3417052.1,25,16,9,0,0,0,0,0,0,0,0,0,0,0,0
KAM3417053.1,3751,3912,4440,10,8,12,16,18,8,16,20,20,14,12,18
KAM3417055.1,2673,2848,3313,18,4,0,10,18,9,14,11,10,24,24,20
KAM3417057.1,918,593,736,4,0,0,0,2,0,4,20,4,14,2,2
KAM3417058.1,759,885,1191,6,8,0,0,0,0,2,2,4,2,4,3
KAM3417059.1,8630,9784,6922,10,20,12,4,8,6,4,12,14,47,48,71
KAM3417060.1,20845,18987,23055,50,34,66,75,116,113,79,49,60,280,274,397
KAM3417061.1,224,256,383,0,0,0,3,0,0,0,0,0,0,2,3
KAM3417063.1,793,747,1122,0,0,0,2,2,0,0,3,0,2,4,8
KAM3417064.1,2422,2322,1935,11,4,6,4,4,2,6,10,6,6,4,16
KAM3417066.1,1084,952,840,0,4,0,2,4,6,2,0,8,4,0,14
KAM3417067.1,6365,7430,5002,24,12,18,38,38,48,46,53,33,70,105,122
KAM3417068.1,595,234,416,0,0,0,6,2,4,4,8,8,2,12,16
KAM3417069.1,34,26,60,0,0,0,8,0,0,0,0,2,1,0,0
KAM3417070.1,158,123,248,0,0,0,0,2,2,2,6,2,6,2,5
KAM3417071.1,21,41,21,0,0,0,0,0,1,0,0,2,2,4,0
KAM3417072.1,686,708,849,10,4,6,5,0,4,4,2,8,24,14,14
KAM3417074.1,5284,5276,4096,28,20,30,7,13,8,10,7,20,11,14,12
KAM3417075.1,1089,1339,1429,4,8,0,8,12,10,2,8,7,17,12,20
KAM3417076.1,87,98,87,0,0,0,0,0,1,0,1,2,1,2,1
KAM3417077.1,218,159,251,4,0,0,2,8,6,4,2,16,8,10,6
KAM3417078.1,177,122,278,2,0,0,5,0,0,0,4,3,6,6,1
KAM3417079.1,724,898,916,6,8,6,9,5,2,3,10,5,9,13,7
KAM3417080.1,282,237,488,0,2,0,3,5,1,3,0,4,4,4,7
KAM3417081.1,135,124,235,0,0,0,0,5,0,4,8,6,7,4,4
KAM3417082.1,214,156,334,0,0,0,0,0,0,0,0,0,0,3,0
KAM3417083.1,1102,930,1229,2,0,0,4,2,0,11,2,12,0,2,1
KAM3417084.1,98,68,74,0,0,0,0,0,2,0,2,0,0,0,0
KAM3417085.1,275043,350975,231479,344,304,714,8,24,5,8,9,8,62,41,67
KAM3417086.1,399591,453901,404231,507,570,717,0,21,2,2,0,10,129,89,106
KAM3417087.1,1978,1644,1534,6,4,0,23,52,29,24,29,22,40,50,28
KAM3417088.1,139,67,82,0,0,0,1,1,0,0,0,0,1,0,6
KAM3417089.1,12,36,68,0,0,0,0,0,0,1,0,0,0,1,0
KAM3417090.1,1902,1761,2158,10,4,24,12,16,16,18,12,10,6,47,58
KAM3417091.1,496,520,898,4,4,12,3,0,12,0,2,6,2,10,12
KAM3417092.1,2719,2660,2064,16,16,6,10,6,2,8,12,12,10,16,29
KAM3417093.1,263,89,530,0,0,0,0,0,0,0,0,2,4,4,6
KAM3417094.1,981,1199,1016,3,8,0,5,6,8,0,2,2,21,28,36
KAM3417095.1,596,652,813,3,0,6,5,0,10,2,4,0,6,18,15
KAM3417096.1,35,50,82,2,0,0,0,0,0,0,0,0,0,0,1
KAM3417097.1,2308,2970,3362,4,0,18,0,6,6,2,0,6,5,9,7
KAM3417098.1,255,320,583,3,0,0,0,2,0,1,5,3,7,3,4
KAM3417099.1,113,147,242,1,0,0,2,2,0,2,1,3,2,4,1
KAM3417100.1,144,82,188,2,0,0,4,2,2,3,2,4,1,2,6
KAM3417101.1,549,566,668,6,8,0,4,2,5,4,4,4,10,31,14
KAM3417102.1,178,71,247,0,0,0,0,1,2,2,0,1,6,0,6
KAM3417103.1,9821,5083,8992,0,0,12,4,4,6,23,17,16,11,3,16
KAM3417104.1,371,287,386,2,0,0,2,1,2,8,1,8,4,0,0
KAM3417105.1,1241,1198,1346,10,0,0,6,2,7,18,13,10,6,3,5
KAM3417106.1,969,594,554,8,4,0,0,6,0,0,0,3,2,0,2
KAM3417107.1,31,24,22,0,0,0,0,0,0,0,0,0,0,0,2
KAM3417108.1,2488,1431,1115,0,0,0,4,12,3,6,8,10,5,8,10
KAM3417109.1,126,51,55,0,0,0,3,0,0,0,0,0,0,0,0
KAM3417110.1,81,43,105,0,0,0,4,2,0,4,1,0,0,0,0
KAM3417111.1,252,207,381,0,0,0,0,0,2,2,2,4,2,0,5
KAM3417112.1,560,404,601,0,0,0,3,2,2,7,2,4,10,4,10
KAM3417113.1,665,326,1992,0,0,0,0,0,0,2,0,0,18,12,21
KAM3417114.1,41,18,116,0,0,0,0,0,0,0,0,0,0,0,4
KAM3417115.1,54,52,174,0,0,0,0,0,0,2,0,0,0,2,2
KAM3417116.1,8,1,32,0,0,0,0,0,0,0,0,0,0,0,0
KAM3417117.1,12,4,42,0,0,0,0,0,0,0,0,0,0,0,0
KAM3417118.1,28,22,42,0,0,0,0,0,0,0,0,0,0,0,2
KAM3417119.1,525,323,718,2,0,12,0,2,4,2,0,0,2,0,2
KAM3417120.1,121,90,159,0,0,0,0,4,0,2,0,0,0,4,0
KAM3417121.1,117,65,364,0,0,0,0,0,0,0,2,0,3,2,6
KAM3417122.1,773,415,1264,3,0,6,4,7,2,10,2,12,12,4,8
KAM3417123.1,3804,2803,3029,0,0,0,22,30,26,14,31,58,12,18,28
KAM3417124.1,2601,2581,3384,0,4,6,4,8,6,8,8,5,2,2,8
KAM3417125.1,7478,7525,9747,20,12,0,16,51,20,92,98,149,45,45,50
KAM3417126.1,115,58,153,0,0,0,0,1,0,0,1,2,1,0,0
KAM3417127.1,11,8,10,0,0,0,0,0,0,0,0,0,0,0,0
KAM3417128.1,108,50,176,0,0,0,0,0,2,0,0,1,0,0,0
KAM3417129.1,717,736,1337,4,0,0,12,15,6,12,5,36,110,70,49
KAM3417130.1,599,731,423,6,4,12,0,2,0,0,4,4,1,9,2
KAM3417131.1,86,105,140,1,0,0,2,0,1,0,2,0,6,0,2
KAM3417132.1,1240,999,1931,5,4,18,8,11,12,16,12,10,9,6,12
KAM3417133.1,407,377,296,2,0,6,0,2,4,4,4,4,2,3,8
KAM3417135.1,19,13,35,0,0,0,0,0,0,0,0,0,0,0,0
KAM3417136.1,312,220,147,0,0,0,2,0,0,0,0,0,2,0,2
KAM3417137.1,6,1,4,0,0,0,0,0,0,0,0,0,0,0,0
KAM3417138.1,30,31,59,0,0,0,0,0,0,0,0,0,0,1,0
KAM3417139.1,218,184,411,0,0,0,0,0,0,0,0,0,0,1,0
KAM3417140.1,2519,2537,2360,6,0,0,2,6,0,1,8,0,24,20,20
KAM3417141.1,35,29,85,0,0,0,0,2,0,0,0,0,0,1,0
KAM3417142.1,345,270,664,0,0,0,1,6,4,0,6,6,2,0,2
KAM3417143.1,5120,3397,4954,8,4,0,24,37,27,30,28,36,54,41,68
KAM3417144.1,8750,4869,5779,14,4,0,4,12,10,2,6,8,14,27,24
KAM3417145.1,310,265,338,0,0,6,2,11,3,3,7,6,4,0,13
KAM3417146.1,595,470,1564,1,0,6,0,2,2,10,18,18,27,4,16
KAM3417147.1,153,60,352,0,0,0,0,0,0,0,6,0,4,2,6
KAM3417148.1,172,153,496,0,0,0,0,0,0,2,6,2,2,0,2
KAM3417149.1,314,288,516,0,0,0,4,0,0,2,4,10,8,2,2
KAM3417150.1,5745,5774,5655,12,4,30,28,24,22,12,35,38,38,40,96
KAM3417151.1,1731,1120,1908,1,2,0,4,20,20,8,11,20,15,17,18
KAM3417152.1,175,84,166,1,0,0,0,1,2,0,2,0,0,0,0
KAM3417153.1,66,30,60,0,0,0,0,0,0,0,2,2,0,0,0
KAM3417154.1,904,969,758,16,6,15,12,8,10,4,12,5,57,42,46
KAM3417155.1,21251,26626,26158,79,58,51,31,26,10,40,35,32,68,75,125
KAM3417156.1,3298,4008,5318,4,12,30,0,2,5,4,10,14,15,12,22
KAM3417157.1,4766,4819,5169,11,26,12,5,16,5,3,2,11,32,17,43
KAM3417158.1,144,72,331,0,0,0,0,0,6,0,0,0,6,0,8
KAM3417159.1,65,40,56,0,0,0,0,2,0,2,0,0,0,1,2
KAM3417161.1,1997,1046,1630,2,4,0,2,4,4,6,25,22,5,6,17
KAM3417162.1,3747,3127,3570,10,8,6,14,24,20,24,18,34,112,165,131
KAM3417163.1,695,790,917,0,0,0,0,4,0,4,14,7,12,8,4
KAM3417164.1,542,749,1238,4,0,12,0,4,0,2,2,7,34,29,52
KAM3415208.1,19,24,18,0,0,0,0,0,0,0,0,0,0,0,0
KAM3415209.1,565,476,729,1,0,0,2,0,0,0,0,2,8,4,8
KAM3415210.1,42504,26721,26946,22,24,6,14,27,8,8,16,38,83,100,141
KAM3415211.1,1477,1511,652,14,0,12,2,6,2,8,2,10,24,24,22
KAM3415212.1,296,156,356,0,0,0,4,0,2,4,1,6,6,6,0
KAM3415213.1,204,162,291,0,0,0,2,2,1,10,1,4,7,2,9
KAM3415214.1,2055,2396,2659,8,24,3,13,13,14,8,9,2,38,17,30
KAM3415215.1,2689,2762,2862,14,4,6,6,4,4,5,2,4,24,52,30
KAM3415216.1,7347,6368,5569,32,24,39,6,14,16,24,18,31,24,20,20
KAM3415217.1,1877,1102,1985,4,0,0,3,17,6,6,5,21,19,10,24
KAM3415218.1,103175,65718,83672,58,52,45,130,308,198,192,195,303,362,524,720
KAM3415219.1,585,359,763,2,0,0,2,4,2,6,4,10,8,22,16
KAM3415220.1,1050,668,1430,1,0,0,4,5,2,2,2,0,14,2,10
KAM3415221.1,7319,7272,7109,6,12,0,2,28,8,21,10,16,25,19,45
KAM3415222.1,2651,2571,2000,8,24,18,22,4,14,16,4,12,16,20,20
KAM3415223.1,145,132,182,0,0,6,4,2,3,4,2,4,0,0,0
KAM3415224.1,486,392,448,0,0,0,3,0,3,3,2,4,0,6,10
KAM3415225.1,1281,1363,1550,2,0,12,12,9,7,26,10,8,10,30,40
KAM3415226.1,1202,592,1023,0,0,0,8,16,9,16,8,12,8,14,14
KAM3415227.1,2,0,3,2,0,0,0,0,0,0,0,0,0,0,0
KAM3415228.1,1022,708,982,2,0,0,5,7,4,8,6,4,22,15,30
KAM3415229.1,368,439,509,2,0,12,14,2,3,0,7,8,13,14,10
KAM3415230.1,342,204,473,6,8,0,3,6,6,18,8,22,14,8,18
KAM3415231.1,157,183,197,0,0,0,2,0,0,3,5,7,5,8,7
KAM3415232.1,24413,12845,8913,18,0,6,89,102,115,126,150,157,74,106,108
KAM3415233.1,494,531,701,2,0,0,2,4,2,4,4,0,2,10,4
KAM3415234.1,517,428,510,2,0,12,0,2,2,2,16,6,4,8,8
KAM3415235.1,3951,4501,4034,5,6,3,8,12,10,14,7,15,31,15,50
KAM3415236.1,1746,1832,2114,0,0,0,7,13,2,13,7,20,16,14,36
KAM3415237.1,3791,4969,4094,36,8,30,14,23,18,10,18,26,48,32,45
KAM3415238.1,394,192,333,0,0,0,0,2,0,0,0,2,44,71,90
KAM3415239.1,4556,2892,3560,15,0,6,10,21,12,10,14,20,20,12,38
KAM3415240.1,8201,9796,9025,26,24,21,16,11,9,12,33,35,122,105,157
KAM3415241.1,365,283,534,0,0,3,6,0,2,2,6,1,4,9,9
KAM3415242.1,708,479,695,4,0,0,2,2,9,12,10,14,6,2,6
KAM3415243.1,4287,4525,4136,32,10,45,11,14,23,25,27,44,68,37,63
KAM3415244.1,2742,2912,2401,2,8,3,10,10,8,6,12,7,26,12,23
KAM3415245.1,10130,8911,11897,16,20,12,16,31,32,46,50,32,102,78,133
KAM3415246.1,247,279,332,0,0,0,0,0,1,1,4,0,4,2,6
KAM3415247.1,29,8,34,0,0,0,2,0,2,0,0,0,0,0,0
KAM3415248.1,325,167,424,4,0,0,2,0,1,2,0,0,0,0,0
KAM3415249.1,611,764,1036,0,12,12,0,2,6,3,4,1,7,2,4
KAM3415251.1,174,317,191,2,0,0,0,0,0,5,2,7,6,2,6
KAM3415252.1,471,623,430,16,0,6,9,6,2,4,0,9,6,8,28
KAM3415253.1,340,237,476,0,0,9,0,6,2,4,11,3,2,1,7
KAM3415254.1,152,97,335,0,0,0,2,4,2,6,0,12,4,8,2
KAM3415255.1,75,103,96,1,0,0,0,0,4,0,0,4,4,1,0
KAM3415256.1,153,158,172,2,0,6,5,4,2,0,0,6,0,4,2
KAM3415257.1,589,414,616,6,0,0,4,8,6,6,2,4,4,20,20
KAM3415258.1,9531,10325,6271,14,56,15,6,3,6,12,5,12,42,20,26
KAM3415259.1,534,606,683,4,0,0,2,0,2,6,0,0,4,4,2
KAM3415260.1,483,464,403,0,4,6,2,5,2,2,4,3,4,2,5
KAM3415261.1,562,375,580,0,0,0,2,3,4,0,4,2,4,8,6
KAM3415262.1,165,122,240,0,0,0,0,2,6,0,2,4,2,2,1
KAM3415263.1,2633,2432,3433,2,12,0,15,18,6,28,10,13,13,14,16
KAM3415264.1,1581,1783,1466,8,4,6,2,11,1,9,17,15,10,12,8
KAM3415265.1,1042,723,1037,0,0,0,8,4,8,15,4,8,12,12,6
KAM3415266.1,76,41,86,1,0,0,2,2,0,7,2,0,8,6,5
KAM3415267.1,2581,1982,2154,4,16,24,11,16,24,15,24,34,34,18,40
KAM3415268.1,208,214,207,6,0,0,2,0,2,2,0,0,6,6,6
KAM3415269.1,2707,2132,3631,14,12,18,3,10,0,38,31,46,14,24,27
KAM3415270.1,9,10,5,0,0,0,1,0,0,3,0,2,0,4,1
KAM3415271.1,6310,7542,5153,11,8,42,4,9,8,16,16,24,41,27,37
KAM3415272.1,12247,10638,15073,45,64,84,53,96,92,67,67,70,280,259,385
KAM3415273.1,92,95,189,0,0,0,2,0,0,0,2,0,0,0,0
KAM3415274.1,823,1002,769,3,4,0,9,3,6,9,13,13,16,12,15
KAM3415275.1,10,12,18,0,0,0,0,0,0,0,0,0,0,1,0
KAM3415276.1,4431,4169,3699,18,24,36,10,12,14,8,9,18,42,27,56
KAM3415277.1,5759,5244,5560,9,4,9,9,10,9,15,17,30,61,33,82
KAM3415278.1,411,378,665,4,0,24,2,6,4,9,6,7,6,7,4
KAM3415279.1,861,902,1271,6,0,6,4,7,1,5,11,6,16,10,32
KAM3415280.1,407,307,513,0,4,0,4,6,7,17,2,4,0,10,6
KAM3415281.1,836,785,1114,4,8,24,6,6,11,1,8,6,1,4,11
KAM3415282.1,225,316,139,3,2,0,2,0,2,2,2,0,4,7,6
KAM3415283.1,587,568,845,5,14,0,1,8,8,6,6,10,13,14,14
KAM3415284.1,493,368,543,3,0,0,1,4,2,4,3,0,6,9,10
KAM3415285.1,1436,1383,1600,4,28,18,13,8,12,21,14,16,24,33,43
KAM3415286.1,739,1008,1016,0,0,0,2,0,2,1,0,4,4,9,9
KAM3415287.1,157,141,164,0,0,0,0,0,0,4,0,2,2,2,4
KAM3415289.1,307,215,281,0,0,0,0,2,2,0,2,2,2,4,4
KAM3415290.1,3346,3542,2773,14,0,0,2,2,0,0,0,4,11,3,8
KAM3415291.1,990,761,835,4,0,0,3,14,18,8,4,17,5,15,9
KAM3415292.1,5236,2730,3939,2,0,0,12,22,11,19,19,52,10,31,13
KAM3415293.1,2536,1858,2234,11,18,6,16,28,19,17,23,20,14,13,24
KAM3415294.1,28,26,24,0,0,0,0,0,0,0,0,0,0,0,0
KAM3415295.1,756,722,772,15,18,0,0,12,2,2,4,4,10,10,15
KAM3415296.1,2192,1821,1607,4,0,6,0,0,4,0,0,0,24,13,40
KAM3415297.1,368,213,371,2,0,0,0,0,3,0,0,0,12,8,2
KAM3415298.1,83,111,138,0,0,0,0,3,0,0,0,0,0,1,2
KAM3415299.1,1235,1471,1048,6,4,12,0,10,10,0,2,8,6,8,18
KAM3415300.1,1078,1283,937,4,4,12,5,8,7,6,5,14,15,13,12
KAM3415301.1,166,138,195,0,0,0,0,2,4,4,0,2,0,1,6
KAM3415302.1,114,89,148,0,0,0,2,2,6,2,4,4,2,1,6
KAM3415303.1,1038,1277,1132,12,16,0,4,4,6,12,8,6,6,7,21
KAM3415304.1,177,186,450,2,0,0,8,0,0,3,6,7,2,6,5
KAM3415305.1,1399,994,1741,0,0,0,0,11,5,14,15,12,8,20,23
KAM3415306.1,1987,1506,2250,4,0,0,4,4,6,9,4,12,18,39,46
KAM3415307.1,229,215,1057,0,0,0,4,13,4,7,10,8,2,6,6
KAM3415308.1,9343,5798,17660,6,0,0,9,2,12,71,61,105,30,19,36
KAM3415309.1,475,499,540,0,4,0,6,3,4,2,9,3,6,3,6
KAM3415310.1,444,262,697,0,0,0,0,3,0,0,0,0,6,4,2
KAM3415311.1,318,323,345,0,0,0,6,4,3,6,4,6,6,6,6
KAM3415312.1,120070,90848,98917,384,332,532,389,567,542,450,381,508,1474,1697,2085
KAM3415313.1,369,354,541,0,8,0,3,12,3,0,8,4,11,18,12
KAM3415314.1,747,1095,826,0,0,0,2,8,6,6,10,8,6,10,10
KAM3415315.1,1535,1713,1431,2,8,0,6,2,2,4,8,12,20,20,30
KAM3415316.1,3777,3038,3583,6,32,12,10,17,14,27,35,17,10,13,17
KAM3415317.1,4232,3366,5325,11,0,6,22,29,16,27,29,19,49,69,88
KAM3415318.1,807,727,988,4,0,0,0,4,8,4,4,6,15,5,5
KAM3415319.1,174,128,251,0,0,0,0,1,0,1,2,2,1,1,3
KAM3415320.1,130,73,161,0,0,0,0,2,0,0,0,2,0,0,0
KAM3415321.1,2853,1750,1759,2,4,0,10,8,6,2,6,6,3,15,22
KAM3415322.1,1160,1370,1455,2,0,0,1,7,4,2,4,4,17,16,12
KAM3415323.1,13878,11189,15233,27,28,18,59,67,74,50,58,76,126,171,188
KAM3415324.1,66,40,60,0,0,0,0,0,2,2,0,4,0,0,2
KAM3415325.1,1902,1930,1991,10,6,3,2,12,7,7,11,11,11,11,10
KAM3415326.1,4272,3841,4213,30,12,24,14,21,36,19,24,30,43,44,39
KAM3415327.1,1505,1770,1441,8,8,6,10,2,4,2,12,12,12,2,14
KAM3415328.1,1517,1481,2026,2,4,0,8,8,14,16,12,22,3,4,6
KAM3415329.1,874,736,961,4,12,6,2,6,4,5,2,2,15,22,6
KAM3415330.1,579,557,593,10,4,0,0,6,4,2,4,6,4,4,12
KAM3415331.1,72,40,98,0,0,0,0,0,0,0,0,2,0,0,4
KAM3415332.1,1222,1049,1166,8,4,30,4,3,22,12,8,9,6,20,24
KAM3415333.1,2092,2070,1811,6,0,12,8,4,6,20,14,8,4,16,4
KAM3415334.1,6569,6542,4627,22,20,0,10,6,8,20,12,12,19,10,25
KAM3415335.1,86,70,167,0,0,0,0,0,4,2,0,0,2,2,0
KAM3415336.1,206,170,172,0,0,0,1,0,2,2,0,0,2,0,8
KAM3415337.1,1850,1892,2431,6,0,6,4,8,4,6,9,15,19,12,10
KAM3415338.1,1194,1138,1811,4,0,0,8,4,6,2,4,12,4,13,8
KAM3415339.1,18061,18740,20988,22,30,6,24,19,10,22,19,31,15,26,27
KAM3415340.1,9041,6737,9070,37,40,51,57,88,59,61,62,79,110,122,152
KAM3415341.1,468,382,436,0,4,0,4,2,3,4,4,6,9,0,6
KAM3415342.1,1843,1932,2250,11,8,12,14,10,8,8,4,10,29,50,53
KAM3415343.1,1386,708,1168,4,8,0,10,14,18,42,24,43,35,42,37
KAM3415344.1,885,334,779,2,0,0,2,9,6,8,8,10,4,6,6
KAM3415345.1,1198,1266,1970,6,0,6,10,14,10,6,16,15,6,8,12
KAM3415346.1,1828,2550,1739,8,12,24,0,6,2,6,5,4,14,8,7
KAM3415347.1,498,519,516,4,0,0,10,12,2,14,2,6,0,9,10
KAM3415348.1,293,257,309,0,2,6,2,3,2,2,1,2,4,0,1
KAM3415349.1,1375,1417,1562,8,0,0,5,14,14,16,18,36,12,8,10
KAM3415350.1,784,939,967,4,0,6,10,0,5,8,8,4,11,16,8
KAM3415351.1,92,93,252,4,8,0,1,0,0,0,0,0,4,4,1
KAM3415352.1,1715,1864,1815,16,12,36,2,4,2,10,9,9,47,31,50
KAM3415353.1,1537,1507,1930,16,4,3,10,10,4,20,6,19,26,33,20
KAM3415354.1,1350,1054,1247,2,0,18,7,10,10,0,4,4,34,9,21
KAM3415355.1,888,704,1205,2,0,24,12,16,12,10,8,18,48,28,34
KAM3415356.1,857,798,1162,10,4,0,8,16,4,14,16,10,56,32,33
KAM3415357.1,205,171,189,0,0,0,0,3,0,2,2,0,4,0,2
KAM3415358.1,30,32,18,0,0,0,0,0,2,0,0,0,0,0,0
KAM3415359.1,184,172,204,0,0,0,2,3,4,1,0,2,24,22,3
KAM3415360.1,332,348,445,2,0,0,4,10,0,4,4,4,43,35,42
KAM3415361.1,4768,5251,4559,22,16,18,12,30,22,16,23,22,34,36,72
KAM3415362.1,320,234,351,1,4,0,6,3,6,3,2,5,7,13,7
KAM3415363.1,1348,859,1544,3,4,6,10,9,10,20,36,27,20,27,18
KAM3415364.1,1194,1142,1381,3,0,0,2,17,6,7,17,13,19,13,12
KAM3415365.1,1343,1454,1415,4,4,12,6,6,9,16,13,6,16,12,24
KAM3415366.1,310,233,503,0,0,3,0,8,2,4,5,8,1,1,4
KAM3415369.1,211,170,257,2,0,0,4,6,2,8,0,6,10,1,2
KAM3415370.1,66,82,105,2,2,0,0,0,2,0,0,1,0,2,2
KAM3415371.1,176,140,256,0,0,3,0,0,0,0,0,3,6,2,3
KAM3415372.1,23558,18765,25726,63,52,54,120,161,120,139,80,88,322,385,435
KAM3415373.1,839,852,1338,4,0,6,0,6,2,9,4,14,0,4,4
KAM3415374.1,988,1092,826,14,8,12,4,4,0,12,6,14,16,18,12
KAM3415375.1,213,152,313,3,4,6,11,6,6,2,6,5,0,8,14
KAM3415376.1,98,73,85,3,0,12,3,2,2,1,0,1,4,7,0
KAM3415377.1,975,1071,1277,6,0,18,16,12,16,16,18,8,41,44,38
KAM3415378.1,1944,1299,2256,6,8,0,10,31,12,8,26,28,21,20,25
KAM3415379.1,6751,9807,10602,58,4,39,2,4,6,2,2,4,14,18,22
KAM3415380.1,2771,2772,3134,2,12,12,14,24,16,20,18,23,20,30,35
KAM3415381.1,1663,1349,2242,4,0,6,4,4,11,10,16,17,16,22,35
KAM3415382.1,2585,1895,2926,8,4,12,4,26,16,28,18,27,32,40,26
KAM3415383.1,1280,1796,1087,2,6,0,1,8,6,2,6,3,7,11,6
KAM3415384.1,1345,1432,1691,10,6,33,7,3,8,6,10,12,13,12,15
KAM3415385.1,1562,1404,2154,2,0,6,6,4,0,4,4,2,12,2,8
KAM3415387.1,90,102,63,0,0,0,0,0,0,2,0,0,0,0,0
KAM3415388.1,966,969,895,0,0,0,2,0,8,0,2,6,4,0,2
KAM3415389.1,668,532,713,2,0,12,4,4,2,0,12,7,6,8,0
KAM3415390.1,4143,3099,3502,6,20,0,6,4,3,6,10,22,23,25,16
KAM3415391.1,2569,1732,3013,0,0,0,3,2,4,4,4,8,4,6,12
KAM3415392.1,3502,3637,2875,8,8,42,4,12,8,8,10,22,10,26,18
KAM3415393.1,4683,4553,5793,2,4,0,2,16,2,16,20,11,40,23,31
KAM3415394.1,4033,4868,4510,10,12,24,17,17,17,21,16,27,40,34,41
KAM3415395.1,4052,3548,3961,14,20,12,6,14,12,15,22,16,51,30,78
KAM3415396.1,27196,24990,23146,30,40,45,30,32,44,41,67,88,37,39,75
KAM3415397.1,10754,9196,7867,1,4,15,10,20,16,25,11,26,55,34,56
KAM3415398.1,25017,20234,14966,48,44,24,7,28,14,20,16,28,48,82,107
KAM3415399.1,716,577,822,0,0,0,5,7,4,4,2,6,12,15,7
KAM3415400.1,8387,7011,5665,14,20,18,15,17,9,10,12,12,112,90,105
KAM3415401.1,3444,3019,3344,22,16,6,11,8,10,8,16,19,89,94,118
KAM3415402.1,3348,3283,2953,20,28,24,14,20,28,24,18,34,32,20,32
KAM3415403.1,537,511,699,0,0,0,4,2,2,2,0,8,5,0,4
KAM3415404.1,1470,1496,1407,4,12,6,4,6,2,10,8,5,6,16,18
KAM3415405.1,207,277,308,0,0,0,0,2,2,2,0,2,8,7,6
KAM3415406.1,6219,5279,5202,8,12,6,11,4,4,15,12,12,50,45,64
KAM3415407.1,1733,1345,1696,6,0,0,0,12,12,8,3,4,4,8,7
KAM3415408.1,316,329,296,0,4,0,4,5,4,1,0,4,0,0,0
KAM3415409.1,500,524,659,2,8,0,6,5,2,5,2,4,5,2,3
KAM3415410.1,144,122,94,4,0,0,0,0,0,2,0,6,2,0,0
KAM3415411.1,49,34,81,0,0,0,0,0,0,0,0,4,0,0,0
KAM3415412.1,1624,1611,1644,10,4,0,4,18,8,20,18,25,20,18,31
KAM3415413.1,803,540,870,4,0,12,2,6,7,0,8,6,6,10,14
KAM3415415.1,477,301,475,2,12,0,7,28,10,12,9,15,12,6,13
KAM3415416.1,1650,1387,1629,0,0,6,3,2,4,12,20,9,15,13,35
KAM3415417.1,560,384,644,4,4,6,4,2,0,9,6,2,10,12,20
KAM3415418.1,366,390,402,0,0,0,4,2,4,2,3,7,2,2,7
KAM3415419.1,1032,1109,1022,6,4,12,13,10,14,10,12,8,22,20,20
KAM3415420.1,5365,5550,4664,6,20,30,4,25,14,8,19,33,29,29,59
KAM3415421.1,992,614,817,10,12,0,14,16,8,14,10,20,15,10,14
KAM3415422.1,1064,759,1200,6,10,0,4,6,2,4,4,10,4,8,28
KAM3415423.1,631,669,728,0,0,6,4,8,0,4,0,2,2,2,4
KAM3415425.1,321,173,438,0,0,0,2,4,0,6,4,4,6,4,13
KAM3415426.1,92,53,115,1,0,0,0,2,2,4,0,0,4,0,6
KAM3415427.1,3058,3152,3082,7,12,12,7,16,20,10,15,22,26,33,28
KAM3415428.1,234,164,152,0,0,0,0,8,0,4,2,0,4,6,0
KAM3415429.1,1124,666,731,5,0,0,6,8,6,7,2,8,4,20,12
KAM3415430.1,17,50,53,0,0,0,2,0,0,0,0,0,0,0,1
KAM3415431.1,69,118,140,0,0,0,2,1,0,1,5,0,8,6,2
KAM3415433.1,554,606,601,2,0,3,0,6,0,0,4,7,10,7,6
KAM3415435.1,266,219,317,2,8,3,0,6,2,4,0,4,4,4,10
KAM3415436.1,381,255,589,2,0,0,4,2,0,0,4,4,7,6,10
KAM3415437.1,1991,2188,2341,24,4,6,6,16,13,8,24,6,22,30,31
KAM3415438.1,756,627,887,12,0,12,0,16,10,8,10,10,21,10,18
KAM3415439.1,6,4,21,0,0,0,0,0,0,0,0,0,0,0,0
KAM3415440.1,19026,19135,14885,32,20,60,17,3,14,14,40,27,32,22,47
KAM3415441.1,336,273,419,0,0,0,2,2,0,6,4,4,0,0,1
KAM3415442.1,248,253,205,2,0,0,6,0,7,0,2,6,2,2,2
KAM3415443.1,488,480,590,0,0,0,2,2,2,2,10,14,8,0,4
KAM3415445.1,629,791,602,12,6,12,4,2,2,3,0,4,2,3,12
KAM3415446.1,1508,1799,1750,4,4,9,2,2,10,4,2,4,17,20,32
KAM3415447.1,2309,2490,2513,4,4,24,2,10,2,14,16,12,16,14,29
KAM3415448.1,7645,4722,6060,6,8,12,11,54,14,51,68,111,40,47,91
KAM3415449.1,2901,2859,3452,10,0,0,2,11,10,24,6,18,15,8,15
KAM3415450.1,1067,891,1325,11,0,0,6,4,3,10,0,4,26,22,16
KAM3415451.1,1254,890,1390,0,4,6,8,6,6,10,10,24,24,8,10
KAM3415452.1,1685,1469,2231,8,8,0,10,8,4,14,14,14,20,14,22
KAM3415453.1,1868,2269,1897,2,8,0,3,4,5,8,6,6,7,5,18
KAM3415454.1,1089,944,1006,6,0,12,6,8,8,4,7,6,12,13,4
KAM3415455.1,52,52,68,0,0,0,2,0,0,2,2,0,4,0,2
KAM3415456.1,649,607,687,6,0,6,4,0,4,4,6,8,10,2,4
KAM3415457.1,1886,1357,1996,0,10,6,19,18,15,14,10,8,15,17,28
KAM3415458.1,27,28,24,0,0,0,0,0,0,0,0,0,0,0,0
KAM3415459.1,1330,1389,1405,14,12,6,4,3,6,0,10,11,4,0,2
KAM3415460.1,744,509,692,4,0,0,6,12,4,6,4,12,14,11,15
KAM3415461.1,1702,1492,2383,8,10,18,10,10,14,14,10,14,5,10,8
KAM3415462.1,2927,2543,2670,24,10,15,10,30,20,26,20,24,39,21,31
KAM3415463.1,644,636,561,0,0,0,0,2,0,7,2,2,7,6,14
KAM3415464.1,119,134,155,2,4,6,0,4,0,0,0,6,4,2,2
KAM3415465.1,1263,1131,1832,16,8,18,10,16,8,10,9,11,6,14,33
KAM3415466.1,246,321,318,2,0,6,0,10,4,4,4,8,0,0,9
KAM3415467.1,486,526,412,20,12,0,2,4,4,0,0,6,2,4,8
KAM3415468.1,1846,1704,1951,4,8,18,10,4,8,19,10,16,20,15,17
KAM3415469.1,114,57,147,0,0,0,4,0,0,0,4,6,2,5,0
KAM3415470.1,316,396,461,4,4,6,2,0,4,2,4,8,12,22,24
KAM3415471.1,872,729,805,4,4,0,6,10,2,2,2,6,20,14,12
KAM3415472.1,23219,24651,22860,10,0,30,7,9,6,1,6,7,10,12,16
KAM3415473.1,703,719,683,4,12,6,5,8,1,7,2,14,6,6,12
KAM3415474.1,1843,1480,2155,8,16,6,18,14,34,26,22,16,43,54,67
KAM3415475.1,5319,4553,5408,7,16,9,12,14,11,13,21,10,41,26,48
KAM3415476.1,10521,11114,8714,13,36,0,12,4,15,8,15,11,26,26,62
KAM3415477.1,2656,3152,3420,10,8,18,10,10,0,8,21,10,16,13,22
KAM3415478.1,99,37,56,0,0,0,0,2,0,0,0,0,0,0,2
KAM3415479.1,649,539,512,0,4,6,8,2,6,0,2,3,10,12,8
KAM3415480.1,602,598,734,2,8,24,6,2,6,4,16,13,25,12,18
KAM3415481.1,174,88,209,0,0,0,2,2,2,2,2,0,2,0,5
KAM3415482.1,808,466,694,4,8,0,0,6,6,8,4,8,6,7,13
KAM3415483.1,41135,32128,61561,40,28,36,49,102,48,105,173,161,146,149,208
KAM3415484.1,9730,8626,8354,26,32,15,8,13,14,10,0,26,16,20,36
KAM3415485.1,10352,9669,9697,18,18,18,4,0,11,8,8,8,41,36,58
KAM3415486.1,242,140,332,0,8,0,0,6,0,4,2,10,11,10,16
KAM3415487.1,11713,6581,9212,0,0,0,20,40,24,32,40,49,17,34,25
KAM3415488.1,196,67,235,0,0,0,3,0,0,0,0,0,2,0,6
KAM3415489.1,87,47,118,0,0,0,0,0,4,0,2,4,3,0,4
KAM3415490.1,1596,1969,1605,18,12,0,2,6,2,0,4,4,46,37,48
KAM3415491.1,182,285,293,0,0,0,0,2,7,10,0,2,6,10,9
KAM3415492.1,2407,2474,2312,20,4,24,7,3,11,12,8,22,22,33,46
KAM3415493.1,762,917,932,2,4,6,6,2,4,4,8,2,12,8,20
KAM3415494.1,2364,2766,2388,18,4,48,4,8,14,6,2,7,24,27,20
KAM3415495.1,798,941,914,4,0,0,8,4,10,2,2,4,4,0,4
KAM3415496.1,326,326,403,0,4,0,4,0,3,10,0,8,3,2,2
KAM3415497.1,775,897,789,2,0,0,2,6,0,5,6,8,8,1,19
KAM3415498.1,3536,2466,3937,0,4,18,25,10,8,13,18,24,27,41,60
KAM3415499.1,175,232,296,0,0,0,0,4,0,0,0,6,0,0,1
KAM3415500.1,609,605,712,0,4,0,6,6,2,2,4,4,2,14,14
KAM3415501.1,6425,5613,6356,35,18,3,13,10,9,22,24,21,30,36,37
KAM3415502.1,777,774,568,0,0,3,3,4,3,3,7,5,5,2,6
KAM3415503.1,96,96,100,2,0,0,0,2,0,0,0,0,2,4,2
KAM3415504.1,259,256,430,2,4,0,0,2,2,0,2,6,0,5,13
KAM3415505.1,2552,2585,2744,8,10,12,19,10,19,13,6,10,49,46,50
KAM3415506.1,3109,3858,3164,10,24,18,12,15,16,10,16,23,43,34,71
KAM3415507.1,3942,3762,4678,10,0,12,8,16,33,16,20,17,23,22,35
KAM3415508.1,3959,3885,4053,10,8,0,2,7,12,1,12,5,14,6,13
KAM3415509.1,311,371,416,0,0,0,0,0,2,0,0,4,8,6,8
KAM3415510.1,1702,2208,1905,13,10,6,6,9,9,13,16,20,15,18,26
KAM3415511.1,413,302,341,0,0,12,6,0,2,6,0,9,4,2,6
KAM3415512.1,1465,1784,1275,0,8,18,2,6,4,5,6,3,14,4,16
KAM3415513.1,444,445,416,7,12,0,0,2,4,0,2,9,12,3,8
KAM3415514.1,524,532,888,8,12,0,0,0,4,4,0,3,2,1,10
KAM3415515.1,17227,15674,16896,27,60,60,31,63,38,34,70,86,95,65,116
KAM3415516.1,20037,12876,20326,6,0,6,4,12,21,28,36,41,26,16,26
KAM3415517.1,767,745,929,6,0,0,0,4,2,2,0,10,16,6,9
KAM3415518.1,3607,2841,4090,10,8,6,27,15,10,16,32,28,35,29,35
KAM3415519.1,1267,1082,1322,2,0,0,22,19,11,6,14,16,29,16,30
KAM3415520.1,95,144,250,0,0,0,0,0,0,0,0,0,5,2,12
KAM3415521.1,12012,11076,10910,64,26,42,27,16,10,12,24,38,113,60,99
KAM3415522.1,699,597,951,2,0,0,0,6,0,0,2,2,38,44,65
KAM3415523.1,1478,1656,1722,6,0,0,6,6,0,16,2,8,12,2,10
KAM3415524.1,2974,3240,2443,13,12,0,8,23,12,2,10,10,19,14,38
KAM3415525.1,2644,2979,2254,2,12,12,4,6,12,6,8,2,59,39,66
KAM3415526.1,912,1092,1153,4,0,0,4,8,12,2,0,0,19,26,27
KAM3415527.1,545,331,613,4,0,0,2,8,2,6,2,2,65,85,106
KAM3415528.1,917,491,964,4,0,6,2,4,2,2,4,0,44,74,79
KAM3415529.1,8244,7251,7383,8,32,30,4,12,10,2,4,6,8,13,25
KAM3415530.1,5630,5713,4682,14,0,0,7,8,6,4,6,6,10,10,11
KAM3415531.1,5126,5669,6313,19,4,24,15,6,6,16,38,27,28,21,44
KAM3415532.1,79,94,83,0,0,0,0,2,0,0,2,0,2,0,0
KAM3415533.1,14273,15701,15107,22,20,12,2,4,4,0,13,16,14,4,14
KAM3415534.1,575,721,510,2,0,0,2,4,6,2,3,1,4,6,6
KAM3415535.1,1045,839,1119,2,4,6,8,6,2,14,12,12,2,8,2
KAM3415536.1,1824,1616,1243,14,16,18,6,4,2,4,6,4,0,0,2
KAM3415537.1,1718,1453,2069,15,4,12,8,12,10,11,14,17,25,25,47
KAM3415538.1,59,68,176,0,0,0,0,0,0,0,2,0,0,0,0
KAM3415539.1,1339,1291,1237,0,0,0,2,6,6,8,11,4,4,2,4
KAM3415540.1,6605,6259,7830,12,0,12,1,2,2,6,2,8,17,10,38
KAM3415541.1,9865,11562,11807,14,18,6,30,23,10,6,2,23,15,37,32
KAM3415542.1,1782,1256,1896,0,0,0,8,14,12,15,16,20,20,18,4
KAM3415543.1,332,199,216,0,0,0,0,8,0,2,12,12,4,8,6
KAM3415544.1,1153,969,1238,4,8,6,22,14,20,18,18,10,9,27,22
KAM3415545.1,502,341,605,0,0,0,3,2,9,11,7,5,2,5,4
KAM3415546.1,1078,1269,908,12,4,12,0,8,4,8,0,6,10,10,14
KAM3415547.1,1042,1025,1472,0,0,0,6,16,2,8,4,10,1,10,9
KAM3415548.1,568,622,777,1,0,0,4,2,4,2,6,10,0,4,3
KAM3415549.1,1103,913,1264,6,4,24,24,20,18,23,26,32,20,29,31
KAM3415550.1,414,317,652,4,16,6,1,6,6,19,3,1,2,18,4
KAM3415551.1,216,225,97,2,0,0,0,15,0,2,5,9,2,0,2
KAM3415552.1,1989,1559,1649,2,12,0,14,8,16,4,7,6,2,4,14
KAM3415553.1,594,406,551,6,6,12,4,6,2,2,4,6,0,9,4
KAM3415554.1,2418,2090,2618,14,4,0,10,10,14,15,18,4,19,26,25
KAM3415555.1,66,65,156,0,0,0,0,0,0,0,0,0,0,1,0
KAM3415556.1,203,238,288,0,0,0,1,2,2,0,2,8,2,0,4
KAM3415557.1,441,569,1029,8,4,0,10,6,0,8,0,1,16,11,14
KAM3415558.1,789,404,1372,2,0,0,3,2,0,17,6,0,0,4,2
KAM3415559.1,109,145,138,6,4,0,0,2,2,6,0,0,1,4,0
KAM3415560.1,408,383,555,0,0,3,9,3,5,9,10,1,6,17,31
KAM3415561.1,264,257,351,0,0,0,2,1,0,2,4,2,2,1,4
KAM3415562.1,13679,11118,12359,15,0,21,14,12,10,11,16,16,36,28,53
KAM3415563.1,79,88,158,2,0,0,0,0,0,2,0,4,4,2,1
KAM3415564.1,1119,1106,1498,6,16,12,8,12,10,22,13,11,15,17,19
KAM3415565.1,5768,5706,8439,9,4,6,8,22,21,19,33,21,13,14,4
KAM3415566.1,84609,76574,86261,44,40,42,6,12,8,28,32,33,24,30,78
KAM3415567.1,39733,45014,57443,33,28,45,1,31,9,24,17,19,8,16,60
KAM3415568.1,8603,7139,11801,54,60,30,58,94,83,80,66,86,213,170,177
KAM3415569.1,1177,1061,1151,2,0,36,2,6,0,6,12,26,4,4,24
KAM3415570.1,2598,3369,2829,8,12,0,14,3,20,7,6,14,11,40,31
KAM3415571.1,2516,2823,3031,12,12,18,10,11,16,16,6,14,14,10,18
KAM3415572.1,1015,959,1557,4,0,0,2,3,2,0,1,4,0,1,4
KAM3415573.1,593,526,555,0,0,6,0,0,4,0,0,4,0,0,2
KAM3415574.1,70081,77266,58493,100,82,180,21,52,34,63,78,78,113,87,118
KAM3415575.1,1563,1707,1399,6,16,24,8,6,6,4,10,3,20,12,11
KAM3415576.1,11274,8426,4925,6,0,24,4,14,14,8,10,22,24,18,76
KAM3415577.1,3472,3143,1909,11,22,30,0,10,0,6,9,18,11,6,17
KAM3415578.1,2630,2987,2771,28,12,6,16,11,14,8,9,14,40,36,52
KAM3415579.1,245,283,359,0,0,0,0,4,0,2,0,0,12,8,9
KAM3415580.1,111,77,150,0,0,6,0,0,0,6,0,0,0,2,4
KAM3415581.1,156,134,142,4,4,0,0,0,0,0,2,4,12,2,2
KAM3415582.1,2380,3336,2990,6,12,6,7,20,14,8,25,12,40,46,34
KAM3415583.1,0,0,4,0,0,0,0,0,0,0,0,0,0,0,0
KAM3415584.1,10963,9111,13147,33,90,36,93,129,119,44,51,68,238,226,266
KAM3415585.1,303,266,239,4,0,0,2,2,8,0,2,7,2,2,3
KAM3415586.1,353,425,342,0,0,0,2,0,0,11,4,5,4,0,4
KAM3415587.1,898,1263,989,0,0,18,4,8,2,2,1,2,6,12,4
KAM3415588.1,1154,1492,1351,2,0,0,2,5,2,6,10,4,4,8,3
KAM3415589.1,528,483,543,0,2,0,4,6,0,2,3,2,2,10,13
KAM3415590.1,1720,1056,1473,2,0,0,8,6,4,10,8,10,8,6,22
KAM3415591.1,7147,6439,7609,12,42,27,56,73,71,55,60,61,114,107,156
KAM3415592.1,6,6,18,0,0,0,0,0,0,0,0,0,0,0,2
KAM3415593.1,2033,1959,2098,0,12,12,12,10,13,16,6,22,20,26,33
KAM3415594.1,982,1029,1221,7,4,12,12,9,6,2,4,13,17,12,7
KAM3415595.1,3210,2963,2408,10,16,6,0,0,0,4,0,0,19,13,29
KAM3415596.1,2638,2221,2417,9,4,18,6,12,4,16,18,16,8,12,9
KAM3415597.1,66,73,94,0,0,0,0,0,0,0,0,0,0,0,2
KAM3415598.1,2027,2139,1415,21,16,18,8,14,1,8,8,4,22,24,22
KAM3415599.1,766,833,798,6,8,0,8,4,18,4,12,12,8,12,18
KAM3415600.1,7222,5882,8727,34,16,42,42,63,56,32,36,43,182,192,192
KAM3415601.1,5525,6148,4057,37,24,18,8,16,8,8,8,20,33,37,47
KAM3415602.1,304,176,369,0,0,0,0,0,2,0,2,8,0,0,4
KAM3415603.1,200,100,140,0,0,0,0,2,0,0,8,6,2,5,2
KAM3415604.1,150,117,169,0,0,0,2,4,2,2,3,4,0,0,0
KAM3415605.1,3320,2696,3174,7,0,30,18,15,26,10,20,28,53,51,64
KAM3415606.1,837,683,915,0,10,6,2,8,0,4,2,2,7,12,12
KAM3415607.1,166,143,260,0,0,0,2,2,0,6,4,9,2,1,4
KAM3415608.1,835,480,757,0,4,18,2,2,10,8,13,12,0,0,0
KAM3415609.1,835,653,844,4,12,18,4,6,2,20,20,36,2,6,12
KAM3415610.1,261,245,250,0,0,12,6,8,2,12,14,14,4,2,7
KAM3415611.1,654,512,543,4,0,0,2,1,0,2,2,4,9,13,10
KAM3415612.1,2385,2075,2278,0,4,12,16,38,18,48,66,82,18,24,26
KAM3415613.1,312,370,471,0,0,0,0,0,0,2,0,4,14,5,8
KAM3415614.1,351,318,1735,2,4,12,0,2,2,3,0,0,0,4,0
KAM3415615.1,3415,3746,3825,14,12,0,10,8,6,14,6,11,16,47,36
KAM3415616.1,59,34,40,0,0,0,0,0,0,2,0,0,0,0,0
KAM3415617.1,228,150,346,6,4,6,2,1,2,4,6,8,2,0,5
KAM3415618.1,985,861,2196,2,0,0,5,2,2,0,2,16,2,23,12
KAM3415619.1,1575,1573,1754,4,4,0,7,0,7,3,14,10,6,10,19
KAM3415620.1,3128,3068,5011,6,0,0,4,7,8,4,4,9,9,3,14
KAM3415621.1,79393,54586,85479,28,22,30,14,4,5,11,11,1,87,71,138
KAM3415622.1,813,540,663,4,0,24,2,5,2,2,4,2,8,5,9
KAM3415623.1,8170,6224,8319,18,20,30,21,31,40,20,26,34,111,92,118
KAM3415624.1,1072,1153,986,14,8,54,6,14,10,6,2,26,12,12,18
KAM3415625.1,701,547,537,0,0,24,0,2,0,0,0,3,4,6,12
KAM3415626.1,2951,3202,3457,8,4,30,6,6,10,8,6,8,35,42,41
KAM3415627.1,1135,1027,1078,4,12,6,4,6,4,2,0,4,10,22,14
KAM3415628.1,5788,4286,3970,38,44,30,4,4,8,8,10,23,8,6,22
KAM3415629.1,314,275,412,0,0,0,1,4,8,5,2,5,1,0,4
KAM3415630.1,2107,1935,2063,9,8,30,12,10,18,9,12,12,21,44,33
KAM3415631.1,202,130,211,4,0,6,0,4,0,0,2,4,2,0,5
KAM3415632.1,781,666,1155,6,0,3,16,14,9,12,25,16,28,28,34
KAM3415633.1,2977,2858,3409,0,0,6,2,10,2,12,3,12,5,5,7
KAM3415634.1,1726,1453,2190,12,20,42,5,22,16,25,22,30,24,35,39
KAM3415635.1,1341,1157,2636,0,8,0,4,12,4,9,16,18,4,10,6
KAM3415636.1,2810,1752,3670,8,2,0,6,8,12,7,6,12,16,8,14
KAM3415637.1,1135,1452,1312,12,0,6,3,11,2,2,10,22,9,14,13
KAM3415638.1,98,111,248,0,0,0,0,0,0,0,0,0,0,0,2
KAM3415639.1,783,494,1024,6,4,6,6,5,2,4,16,12,27,16,25
KAM3415640.1,1081,695,1138,0,0,0,10,6,4,12,10,6,25,26,12
KAM3415641.1,372,259,419,4,0,6,4,2,6,8,8,2,14,10,8
KAM3415642.1,2,2,2,0,0,0,0,0,0,0,0,0,0,0,0
KAM3415644.1,36,40,86,0,0,0,2,1,0,1,0,0,0,0,0
KAM3415645.1,10,4,6,0,0,0,0,0,0,0,4,0,0,2,2
KAM3415646.1,154,68,172,0,0,0,2,0,2,0,4,2,2,8,4
KAM3415648.1,248,215,461,0,4,0,0,0,0,6,2,14,1,10,8
KAM3415649.1,1022,942,1583,4,8,0,0,0,4,4,4,4,4,8,5
KAM3415650.1,595,688,741,2,4,6,4,1,1,4,4,1,6,10,7
KAM3415651.1,3567,3472,3507,8,16,12,10,8,8,3,9,14,20,20,13
KAM3415652.1,936,614,847,6,0,30,5,13,12,4,0,6,4,8,14
KAM3415653.1,6358,5784,8445,33,30,60,56,82,68,49,54,40,186,160,199
KAM3415654.1,92,46,118,0,0,0,0,2,0,0,0,0,0,0,0
KAM3415655.1,43,22,37,0,0,0,0,0,0,0,0,1,0,0,1
KAM3415656.1,448,367,398,0,12,6,5,4,0,3,4,0,0,0,2
KAM3415657.1,406,329,410,0,2,0,5,2,0,8,0,5,4,2,6
KAM3415658.1,60,54,146,0,0,0,0,0,0,0,0,3,5,1,2
KAM3415659.1,3135,1587,2379,0,0,0,4,12,16,28,17,21,8,20,38
KAM3415660.1,109,100,35,2,0,0,2,0,0,0,0,0,4,0,2
KAM3415661.1,348,396,320,0,0,6,4,2,4,2,0,0,6,2,4
KAM3415662.1,200,98,152,2,0,0,0,4,0,0,4,4,2,4,0
KAM3415663.1,3340,2589,2545,14,4,33,7,13,7,15,7,6,19,24,48
KAM3415664.1,1345,808,1180,8,4,12,22,22,6,8,8,6,10,28,16
KAM3415665.1,354,415,431,0,0,0,4,0,2,2,0,2,4,10,6
KAM3415666.1,17,21,38,0,0,0,0,0,0,0,0,0,0,3,0
KAM3415667.1,13,24,53,0,0,0,0,0,0,1,4,6,0,0,0
KAM3415668.1,1042,850,1106,0,0,0,2,7,2,5,5,6,11,12,22
KAM3415669.1,16859,11531,10489,32,8,12,19,69,26,48,43,65,157,194,227
KAM3415670.1,129,135,103,2,0,0,0,0,0,0,0,0,0,4,2
KAM3415671.1,126,97,136,0,0,24,0,0,2,2,0,0,0,0,2
KAM3415672.1,66517,60146,72274,75,120,120,60,145,105,177,250,248,102,104,154
KAM3415673.1,149,129,340,0,4,0,0,0,0,0,2,0,0,0,4
KAM3415675.1,105,113,116,0,0,0,0,0,0,0,0,0,1,0,2
KAM3415676.1,4975,6022,5347,22,16,12,10,22,12,16,16,16,50,63,60
KAM3415677.1,3460,2449,4030,0,0,30,11,9,6,8,15,14,44,55,32
KAM3415678.1,6113,5171,8405,6,4,6,0,15,2,6,14,10,10,8,18
KAM3415679.1,195,144,284,0,0,12,0,4,4,4,8,5,2,4,10
KAM3415680.1,1187,1182,1566,12,4,18,8,4,20,14,16,22,16,28,44
KAM3415681.1,549,382,2144,6,0,0,2,9,11,6,2,4,22,2,33
KAM3415682.1,20291,13972,5107,30,12,24,2,10,2,20,16,18,74,59,126
KAM3415683.1,864,969,1093,2,4,0,2,7,6,8,10,4,8,0,5
KAM3415684.1,2713,2613,2616,10,4,9,2,7,2,12,10,10,14,16,16
KAM3415685.1,597,511,784,2,0,0,0,6,9,4,9,3,4,4,12
KAM3415686.1,15020,9677,18170,2,8,0,2,3,4,5,7,1,2,7,2
KAM3415687.1,42875,30043,35895,15,12,33,7,17,8,12,27,33,27,20,48
KAM3415688.1,4171,2748,1950,2,4,3,5,3,1,5,4,3,3,0,5
KAM3415689.1,131863,112025,74934,99,116,135,11,18,40,23,28,33,74,73,140
KAM3415690.1,86,112,209,0,0,0,0,4,2,0,2,0,12,8,6
KAM3415691.1,260,241,250,0,0,0,6,2,6,0,4,4,2,2,4
KAM3415692.1,547,410,411,4,16,0,0,4,6,0,4,4,4,6,4
KAM3415695.1,2025,1557,2311,8,24,18,20,9,15,16,10,18,30,41,62
KAM3415696.1,551,605,468,2,4,0,4,6,6,8,14,7,2,2,0
KAM3415698.1,2485,2304,2791,8,4,12,12,17,14,20,15,16,46,29,33
KAM3415699.1,11870,9405,13094,38,32,30,56,86,69,57,28,59,184,205,251
KAM3415700.1,28810,26286,13469,59,24,24,46,40,22,44,30,34,425,339,323
KAM3415701.1,258,257,434,2,0,0,0,4,5,0,2,4,3,7,2
KAM3415702.1,76,99,138,0,0,0,0,2,0,0,0,0,2,0,0
KAM3415703.1,1146,828,1142,7,0,0,2,9,2,2,13,16,4,6,2
KAM3415705.1,584,479,551,1,4,0,9,6,3,6,3,2,8,5,5
KAM3415706.1,1331,965,1088,2,4,6,0,4,4,0,2,6,14,8,14
KAM3415707.1,27669,14911,22512,0,0,0,1,14,2,8,8,14,4,33,56
KAM3415708.1,3289,3261,2738,10,8,6,9,22,17,20,23,20,35,32,50
KAM3415709.1,298,164,317,8,0,6,0,4,0,2,6,2,6,6,19
KAM3415710.1,219,180,727,0,0,0,0,0,0,0,0,0,11,2,15
KAM3415711.1,94,67,79,0,0,0,0,0,0,0,0,0,0,0,0
KAM3415712.1,12,21,38,0,0,0,0,0,0,0,0,1,2,2,0
KAM3415713.1,331,228,681,6,4,6,8,2,2,16,10,18,11,3,12
KAM3415714.1,95,97,153,0,0,0,4,2,0,2,1,4,0,2,1
KAM3415715.1,54,67,76,0,0,6,0,0,2,1,0,0,2,2,1
KAM3415716.1,3833,3373,3940,6,4,12,10,15,2,4,8,4,12,13,19
KAM3415717.1,945,903,797,4,2,0,5,2,5,11,4,8,4,4,16
KAM3415718.1,290,239,262,0,0,0,0,4,0,12,9,0,0,0,0
KAM3415719.1,3925,4270,2359,12,20,45,6,25,12,27,32,37,20,25,37
KAM3415720.1,157,116,67,0,0,0,3,0,0,2,0,0,2,0,0
KAM3415721.1,4820,5824,4217,39,12,12,11,13,27,12,28,20,26,16,16
KAM3415722.1,6,11,12,1,0,0,0,0,0,0,0,0,0,0,0
KAM3415723.1,50,20,151,0,0,0,0,0,0,0,2,0,2,0,10
KAM3415724.1,5504,4771,4202,17,0,24,6,10,0,8,18,12,6,15,24
KAM3415725.1,8989,7544,10565,43,38,36,48,75,84,56,55,70,222,206,292
KAM3415726.1,1056,815,1204,2,0,0,6,6,8,12,2,5,12,10,22
KAM3415727.1,6923,4624,5181,18,4,6,0,5,0,6,8,2,2,14,8
KAM3415728.1,6813,5669,6228,3,0,6,4,5,4,10,2,2,3,14,20
KAM3415729.1,535,309,434,0,0,0,0,2,2,2,6,4,0,4,0
KAM3415730.1,4934,3620,5459,13,6,18,25,47,47,23,29,42,97,72,75
KAM3415732.1,411,405,592,0,0,0,8,0,3,11,6,0,4,8,10
KAM3415733.1,948,609,822,2,0,12,0,2,0,0,6,4,2,5,2
KAM3415734.1,125,18,93,0,0,0,0,0,0,2,0,0,0,0,0
KAM3415735.1,51,4,24,0,0,0,0,0,0,0,0,0,0,0,0
KAM3415736.1,52,60,64,0,0,0,0,0,0,2,1,2,0,0,0
KAM3415737.1,10158,8472,7124,2,4,0,0,7,0,5,11,13,4,14,18
KAM3415739.1,62,77,115,0,0,0,0,0,2,2,0,0,0,0,2
KAM3415740.1,2344,2011,2617,25,2,21,17,8,18,4,8,3,19,27,22
KAM3415741.1,1350,1136,1267,4,10,0,0,13,4,16,14,18,4,6,17
KAM3415742.1,38,24,28,0,0,0,0,0,0,0,0,0,0,0,0
KAM3415743.1,1799,1801,1640,4,0,0,2,4,2,0,6,12,4,4,5
KAM3415744.1,553,408,495,0,0,0,2,17,7,10,9,23,1,3,4
KAM3415745.1,868,688,1016,0,4,0,9,3,2,8,18,18,3,0,0
KAM3415747.1,110066,103473,110714,302,298,468,129,216,191,183,170,227,638,603,665
KAM3415748.1,487,307,574,0,4,0,4,2,2,5,4,2,6,6,14
KAM3415749.1,35,21,27,0,0,0,0,0,0,2,0,0,0,0,0
KAM3415750.1,762,528,833,0,0,0,4,20,7,4,23,12,8,16,25
KAM3415751.1,333,210,203,0,0,0,0,7,2,4,4,6,0,4,0
KAM3415752.1,522,315,721,2,0,0,1,0,4,1,2,2,9,7,13
KAM3415753.1,101,88,133,4,0,6,2,3,5,0,4,6,4,3,0
KAM3415754.1,315,204,333,2,0,6,3,2,0,4,0,8,0,2,2
KAM3415755.1,2747,1699,2927,0,0,0,8,2,0,1,2,5,0,2,0
KAM3415756.1,412,372,405,2,4,0,5,10,7,7,3,12,10,2,5
KAM3415757.1,375,337,391,0,4,0,0,0,4,2,6,2,0,0,0
KAM3415758.1,1489,1563,1496,2,8,0,2,6,0,11,12,8,8,2,12
KAM3415759.1,965,988,800,0,4,0,5,4,4,14,8,10,10,13,18
KAM3415760.1,511,598,989,0,0,0,2,4,0,2,4,4,0,9,0
KAM3415761.1,1939,1760,2044,2,0,0,9,2,0,3,9,9,8,6,10
KAM3415762.1,241,169,372,0,0,0,0,0,0,0,2,0,1,1,3
KAM3415763.1,4164,3104,3421,24,28,12,15,24,27,26,22,22,25,22,42
KAM3415764.1,965,879,983,7,0,0,2,4,6,10,5,8,6,7,12
KAM3415765.1,305,220,282,2,0,0,0,0,2,0,1,2,1,4,6
KAM3415766.1,862,553,862,5,8,0,9,9,13,8,4,8,36,33,29
KAM3415767.1,3665,1740,6729,2,0,0,8,22,11,15,11,25,18,20,23
KAM3415768.1,670,392,1770,0,0,0,1,0,6,4,2,10,0,5,12
KAM3415769.1,58,20,80,0,0,0,0,2,2,0,1,2,0,0,0
KAM3415770.1,9,6,8,0,0,0,0,0,0,0,0,0,1,0,0
KAM3415771.1,23,25,51,0,0,0,0,0,0,1,0,0,0,0,0
KAM3415772.1,6,0,0,0,0,0,2,0,0,0,0,0,0,0,0
KAM3415773.1,126,124,209,0,0,0,0,0,0,0,3,0,5,0,0
KAM3415774.1,366,487,395,2,0,0,2,3,0,0,0,0,7,2,2
KAM3415775.1,178,102,172,2,0,0,2,4,0,2,0,0,4,0,0
KAM3415776.1,8,18,14,2,0,0,0,0,0,0,0,2,0,0,0
KAM3415777.1,14,4,18,0,0,0,0,0,0,0,2,0,0,0,0
KAM3415778.1,63,24,60,0,0,0,2,0,0,1,0,0,0,0,0
KAM3415779.1,430,346,382,4,8,3,2,6,4,2,2,6,6,2,2
KAM3415780.1,745,991,1343,2,12,6,6,2,0,18,30,32,4,2,7
KAM3415782.1,165,146,155,2,0,0,0,5,0,2,0,0,6,6,10
KAM3415783.1,3186,3095,3260,4,0,0,21,10,23,40,66,50,18,8,21
KAM3415784.1,797,676,812,2,0,12,2,10,4,0,4,0,12,2,8
KAM3415785.1,3318,2087,2986,2,4,0,10,28,12,6,6,12,34,47,33
KAM3415786.1,403,175,353,0,0,0,0,0,0,2,0,2,0,1,0
KAM3415787.1,4759,4009,3510,12,8,6,31,29,18,22,19,27,73,53,83
KAM3415788.1,3468,3729,3429,14,12,12,8,7,8,6,12,11,16,8,19
KAM3415789.1,10670,9471,9312,13,8,48,14,5,8,6,25,24,27,24,49
KAM3415790.1,63823,44241,52318,16,14,6,7,3,17,14,26,37,52,51,99
KAM3415791.1,808,894,878,10,4,12,4,7,6,4,4,10,12,0,10
KAM3415792.1,7267,5188,7551,15,28,6,25,31,33,28,19,28,38,28,53
KAM3415793.1,1764,1490,1301,7,0,0,14,10,4,10,3,12,13,16,22
KAM3415794.1,5135,6028,4398,16,14,18,2,7,11,2,9,4,22,20,21
KAM3415795.1,2401,2329,2180,6,0,6,0,0,0,3,10,2,2,4,10
KAM3415796.1,170,182,356,0,4,0,2,0,0,0,0,3,1,3,2
KAM3415797.1,4534,3885,4820,14,12,6,11,31,10,28,12,19,34,30,38
KAM3415798.1,14,5,23,0,0,3,4,0,0,0,0,0,0,0,0
KAM3415799.1,168,122,203,0,0,0,0,0,0,0,2,0,0,0,8
KAM3415800.1,32,5,46,0,0,0,0,0,0,1,0,2,0,2,0
KAM3415801.1,6464,6302,9757,15,8,18,5,17,7,15,29,30,20,38,44
KAM3415802.1,45,44,52,0,0,0,0,0,0,0,0,0,0,0,2
KAM3415803.1,6215,6186,8156,0,0,6,4,8,4,4,5,14,15,6,32
KAM3415804.1,2457,2769,1957,4,12,0,6,6,6,10,9,6,17,10,33
KAM3415805.1,5232,4919,5654,0,4,0,8,4,4,15,6,11,50,53,62
KAM3415806.1,702,399,633,0,4,0,6,2,6,2,8,4,12,12,25
KAM3415807.1,160,165,160,2,0,0,2,3,0,5,0,2,1,3,4
KAM3415808.1,260,199,252,4,0,0,2,8,4,3,4,4,1,0,16
KAM3415809.1,904,503,1141,0,0,0,4,2,6,14,10,14,2,2,12
KAM3415810.1,46,47,33,0,2,0,0,0,0,0,0,0,0,0,3
KAM3415811.1,4534,5415,4474,17,8,24,7,5,4,4,2,2,16,40,39
KAM3415812.1,1348,1431,1312,8,4,18,7,2,2,6,8,4,13,6,15
KAM3415813.1,499,382,556,0,0,0,4,4,5,0,0,6,6,1,6
KAM3415814.1,1719,1642,1685,2,0,6,2,10,12,14,22,32,6,15,12
KAM3415816.1,1955,2451,2443,2,4,18,4,1,4,2,6,9,23,25,26
KAM3415818.1,343,179,341,0,0,0,0,0,2,4,6,4,0,0,2
KAM3415819.1,594,529,601,8,4,0,7,8,0,8,4,6,12,10,12
KAM3415820.1,7,10,14,0,0,0,0,0,0,0,0,0,2,0,6
KAM3415821.1,627,645,566,2,0,0,6,2,6,0,4,2,12,7,5
KAM3415822.1,443,297,398,4,0,0,4,6,4,6,6,4,5,6,4
KAM3415823.1,535,340,485,0,12,0,0,6,6,0,3,0,1,6,4
KAM3415824.1,1291,1252,1021,8,4,3,4,4,0,1,8,4,10,4,10
KAM3415825.1,246,218,234,2,0,6,0,2,2,0,0,2,2,2,0
KAM3415826.1,1468,915,1297,0,4,0,7,4,0,8,6,0,12,6,6
KAM3415827.1,2690,2351,2602,12,16,0,32,18,30,24,22,30,25,35,40
KAM3415828.1,5384,5009,4662,22,0,30,8,9,10,4,11,18,23,32,28
KAM3415829.1,529,391,536,4,8,0,4,0,2,0,2,2,2,4,6
KAM3415830.1,458,501,657,2,8,6,2,11,8,4,10,6,8,11,0
KAM3415831.1,502,368,355,0,12,6,0,8,2,10,4,8,10,9,8
KAM3415832.1,219,134,225,0,0,0,2,2,2,0,2,2,0,0,0
KAM3415833.1,641,685,639,2,0,0,0,0,0,2,0,4,2,0,6
KAM3415835.1,433,242,453,0,4,0,4,8,8,6,7,14,0,6,12
KAM3415836.1,2225,1478,1870,5,16,12,14,16,23,34,13,10,18,24,33
KAM3415837.1,1171,809,1017,2,4,12,4,6,0,0,4,16,2,6,16
KAM3415838.1,707,716,979,0,0,0,4,6,4,1,5,4,8,8,2
KAM3415839.1,17366,9515,13685,2,0,0,34,53,51,62,59,66,69,90,110
KAM3415840.1,598,587,664,0,8,18,0,13,8,2,4,12,8,6,6
KAM3415841.1,1645,1845,2564,3,4,15,26,9,12,16,8,20,18,27,18
KAM3415842.1,55,81,77,0,0,0,2,0,0,1,0,0,2,1,0
KAM3415843.1,48,44,139,0,0,0,0,0,0,0,0,0,0,0,0
KAM3415844.1,232,164,242,0,0,6,0,0,0,0,2,2,0,0,0
KAM3415845.1,37470,32324,39325,30,22,18,10,17,15,20,17,49,31,24,74
KAM3415848.1,982,915,2052,1,0,0,0,2,1,0,2,0,0,2,5
KAM3415849.1,726,630,684,0,0,0,0,0,0,2,0,1,0,1,0
KAM3415850.1,1050,516,1026,2,8,0,8,2,2,0,4,2,2,6,12
KAM3415851.1,373,523,199,12,8,0,8,0,2,0,0,1,13,1,6
KAM3415852.1,197,147,323,2,0,0,2,6,2,0,1,0,0,0,2
KAM3415853.1,234,211,206,0,4,0,2,6,0,2,0,2,0,4,0
KAM3415854.1,1179,1337,1128,8,12,18,6,13,6,14,12,25,17,25,12
KAM3415855.1,944,1439,1175,2,0,12,2,6,2,2,8,7,3,12,13
KAM3415857.1,621,675,506,4,0,0,0,2,2,0,2,8,8,6,4
KAM3415858.1,11908,10422,14163,79,42,48,70,114,104,80,77,74,239,256,343
KAM3415859.1,40,61,88,0,0,0,4,12,0,4,6,2,4,2,2
KAM3415860.1,50,47,110,0,0,0,0,14,3,6,6,8,2,8,0
KAM3415861.1,109,91,183,2,0,0,0,2,2,8,0,10,4,2,8
KAM3415862.1,161,162,295,8,4,0,2,14,0,2,0,6,6,13,10
KAM3415863.1,742,447,1155,6,4,0,6,4,0,2,2,6,52,94,110
KAM3415864.1,1258,1122,1441,2,0,0,20,10,18,9,10,16,17,12,24
KAM3415865.1,1736,1355,1793,8,8,12,6,8,4,6,2,0,6,4,18
KAM3415866.1,574,740,714,4,8,0,7,6,6,6,0,10,6,12,10
KAM3415867.1,336,285,371,0,0,0,0,10,2,2,0,4,2,7,3
KAM3415868.1,156,124,289,0,0,0,0,6,0,9,8,24,0,1,2
KAM3415870.1,1646,1720,1846,12,4,12,4,10,6,6,14,10,20,16,22
KAM3415871.1,456,341,533,4,0,0,10,8,8,14,7,6,2,2,8
KAM3415872.1,979,796,732,0,0,0,7,22,24,18,50,35,52,68,77
KAM3415873.1,721,640,920,8,0,0,2,4,2,6,6,4,16,20,16
KAM3415874.1,772,768,1155,4,4,12,2,10,8,12,4,20,6,19,17
KAM3415875.1,476,460,595,6,12,0,0,4,0,0,0,14,5,6,14
KAM3415876.1,22386,15232,13986,11,4,6,14,22,9,20,6,24,55,58,47
KAM3415877.1,50690,31941,29377,12,8,24,8,18,10,22,24,31,32,32,64
KAM3415878.1,171,129,262,1,0,0,0,8,2,1,0,4,2,0,0
KAM3415879.1,302,191,335,2,0,0,2,6,0,2,4,4,0,2,8
KAM3415880.1,5990,2897,8238,2,0,0,2,6,2,6,14,14,4,5,0
KAM3415881.1,4687,3290,5049,2,4,6,2,16,14,22,25,50,16,19,12
KAM3415882.1,2135,1634,2521,2,4,3,2,10,1,2,10,8,0,2,6
KAM3415883.1,82537,92557,74512,78,96,105,73,128,72,101,134,152,137,85,219
KAM3415884.1,2436,2368,3016,4,24,0,14,4,12,15,16,8,43,26,54
KAM3415885.1,471,491,420,4,0,12,8,0,3,0,6,5,7,2,6
KAM3415886.1,99,101,93,0,0,6,0,0,1,4,0,1,1,0,2
KAM3415887.1,168,157,302,0,0,0,2,0,0,0,4,0,0,2,0
KAM3415888.1,636,386,993,5,0,0,0,3,2,4,10,4,16,0,2
KAM3415890.1,2962,2058,2515,2,0,9,6,7,8,18,14,16,11,22,24
KAM3415891.1,1900,1439,1409,6,24,15,17,6,20,16,12,19,87,150,175
KAM3415892.1,12,10,63,0,0,0,0,0,0,0,0,0,0,0,0
KAM3415893.1,499,340,525,4,12,6,4,8,7,6,5,19,20,15,12
KAM3415894.1,251,157,423,0,0,0,2,3,2,0,0,1,1,0,0
KAM3415895.1,430,259,437,0,0,0,2,0,0,2,0,1,2,0,0
KAM3415896.1,245853,220221,214415,997,932,1119,484,750,717,611,489,584,1237,1066,1293
KAM3415900.1,17,17,8,0,0,0,0,0,0,1,0,0,0,0,0
KAM3415901.1,14,6,8,0,0,0,0,0,1,0,1,0,0,3,0
KAM3415902.1,1834,2158,2620,8,4,18,0,6,10,8,16,15,14,14,26
KAM3415904.1,2263,1923,2236,9,12,24,14,13,19,7,10,14,37,32,46
KAM3415905.1,3096,2097,2671,14,4,18,18,22,4,10,13,20,27,16,43
KAM3415908.1,9349,10771,8229,63,38,63,10,12,20,19,6,26,18,20,52
KAM3415909.1,1244,1084,1106,8,8,0,11,12,14,0,12,28,15,24,23
KAM3415910.1,2611,1193,9065,0,0,0,2,2,0,2,0,1,0,2,0
KAM3415911.1,98,32,80,0,0,0,0,0,0,0,0,1,2,0,0
KAM3415912.1,1848,745,3694,0,0,3,0,4,10,0,4,3,2,0,2
KAM3415913.1,36,40,59,0,0,0,0,0,0,0,0,0,0,3,1
KAM3415914.1,267,325,462,0,8,12,4,1,3,7,2,4,6,7,4
KAM3415915.1,446,417,503,2,0,3,0,4,4,3,3,2,6,8,4
KAM3415916.1,1683,1488,1886,17,12,60,4,8,10,9,10,10,10,4,43
KAM3415917.1,595,431,520,6,0,6,2,0,2,17,10,12,0,0,0
KAM3415920.1,11666,7927,7941,13,26,24,19,32,39,35,43,31,55,64,148
KAM3415921.1,69,57,78,6,0,6,0,0,0,0,0,0,1,1,4
KAM3415923.1,779,479,518,4,4,6,0,2,2,8,2,4,2,4,0
KAM3415924.1,2005,1300,3083,2,0,0,0,0,0,40,20,77,0,2,2
KAM3415925.1,278,255,288,0,0,0,0,0,2,0,0,2,3,2,2
KAM3415927.1,2382,2536,1733,1,0,15,2,2,2,2,10,12,8,8,0
KAM3415928.1,8872,7920,9149,27,4,12,54,87,90,72,64,50,138,204,217
KAM3415929.1,1545,1358,1634,8,8,6,18,23,12,21,16,32,12,4,14
KAM3415930.1,3582,3731,3554,10,4,12,8,19,16,18,24,29,29,30,46
KAM3415931.1,5261,5059,4540,8,4,12,4,21,12,28,28,39,12,14,20
KAM3415932.1,1037,1180,1485,2,4,6,4,12,8,6,4,16,16,10,26
KAM3415933.1,176,124,167,0,0,6,0,2,0,0,2,0,0,0,0
KAM3415934.1,22,9,37,0,0,0,0,0,0,0,0,0,0,0,0
KAM3415935.1,15470,12843,9256,10,26,18,5,7,0,0,8,4,8,2,11
KAM3415936.1,18,26,37,0,0,0,0,0,0,0,0,2,0,4,0
KAM3415937.1,22,13,45,0,0,0,0,0,0,0,1,0,0,0,0
KAM3415938.1,77,78,77,0,0,0,0,0,2,0,0,0,2,6,2
KAM3415939.1,963,284,1305,0,0,0,6,6,8,18,10,12,6,10,22
KAM3415940.1,2,0,2,0,0,0,0,0,0,0,0,0,0,0,0
KAM3415941.1,52,99,162,0,4,6,0,0,0,0,2,2,2,1,1
KAM3415942.1,1363,1472,1221,3,10,0,4,11,14,3,9,6,12,20,23
KAM3415943.1,1553,1136,1943,0,0,0,8,14,8,35,23,39,10,12,16
KAM3415944.1,4544,3373,5056,0,0,12,5,9,2,24,22,26,7,16,15
KAM3415945.1,822,808,1315,0,8,0,1,4,3,3,1,3,5,1,10
KAM3415946.1,6582,7121,6347,14,0,3,16,20,7,27,25,25,31,52,29
KAM3415947.1,6154,6961,5256,9,8,0,2,13,10,11,14,26,29,15,23
KAM3415948.1,1213,1039,1282,0,0,0,0,3,13,6,14,14,6,0,4
KAM3415949.1,1047,1070,846,0,0,0,0,0,0,2,0,3,3,2,0
KAM3415950.1,6478,5485,7869,10,16,45,3,2,5,8,9,13,21,16,18
KAM3415951.1,983,1007,893,2,0,0,6,0,2,2,0,4,0,8,10
KAM3415953.1,1159,1213,1000,8,2,6,11,6,8,10,12,12,2,10,10
KAM3415954.1,1729,1032,1740,4,0,0,2,12,8,4,13,6,6,14,8
KAM3415955.1,418,334,511,0,0,0,2,2,0,2,4,6,6,4,9
KAM3415956.1,5050,3684,3793,2,8,6,8,2,4,4,3,5,22,12,18
KAM3415957.1,1817,2095,2106,6,8,6,5,0,2,2,4,0,2,9,4
KAM3415958.1,1345,1277,1700,1,4,0,0,4,18,2,10,2,2,6,1
KAM3415959.1,546,604,801,4,0,0,0,12,0,4,0,8,4,6,7
KAM3415960.1,564,601,654,4,0,0,2,5,2,0,6,1,2,7,6
KAM3415961.1,4552,4251,8811,14,12,6,2,2,3,2,0,0,6,2,6
KAM3415962.1,43,30,96,0,0,0,5,2,3,2,4,7,4,4,2
KAM3415963.1,40,35,97,0,0,0,0,3,0,7,0,6,0,2,2
KAM3415964.1,1966,1559,1590,0,8,6,2,10,4,10,4,1,19,16,44
KAM3415965.1,496,201,306,0,0,0,0,0,0,0,10,10,0,2,0
KAM3415966.1,124,70,128,0,0,0,0,16,6,28,52,45,2,2,6
KAM3415967.1,306,317,251,2,4,0,2,0,2,4,0,0,0,0,2
KAM3415968.1,16,24,14,0,0,6,0,0,0,0,2,0,0,0,0
KAM3415969.1,14110,9858,10347,4,6,12,10,21,14,65,138,161,31,20,26
KAM3415970.1,2349,2689,2398,24,0,12,2,4,6,6,8,13,20,14,8
KAM3415972.1,10486,11157,14706,17,20,18,13,25,30,28,39,22,67,96,119
KAM3415973.1,1325,664,1187,0,0,0,2,6,0,14,2,12,0,2,6
KAM3415974.1,9483,7051,10100,56,70,75,61,53,65,53,48,61,39,68,91
KAM3415975.1,3666,1896,2947,6,8,0,41,36,39,22,7,29,9,15,23
KAM3415976.1,12025,6989,12652,0,4,0,35,76,50,63,44,61,22,25,48
KAM3415977.1,4539,2704,3044,0,4,0,6,2,10,9,8,27,4,8,12
KAM3415978.1,24404,13143,15346,2,0,0,57,123,90,125,62,136,28,26,101
KAM3415979.1,1190,560,1059,1,8,0,14,35,26,11,8,16,7,13,24
KAM3415980.1,170,80,118,0,0,6,0,2,0,0,5,2,0,4,3
KAM3415981.1,6,10,0,0,0,0,0,0,0,0,0,0,0,0,0
KAM3415982.1,250,201,273,0,2,0,6,8,6,4,0,0,2,4,2
KAM3415983.1,131,152,253,12,4,18,4,12,12,2,10,0,18,14,10
KAM3415984.1,245,191,182,2,0,0,2,4,0,2,0,12,6,0,5
KAM3415985.1,1345,1392,1545,8,12,0,4,4,8,6,4,10,8,10,10
KAM3415986.1,124,88,239,0,0,6,2,0,2,0,0,0,2,0,2
KAM3415987.1,479,537,620,2,0,0,2,1,4,4,1,6,12,15,10
KAM3415989.1,199,162,219,0,0,0,0,2,2,2,0,2,2,3,5
KAM3415990.1,5963,6553,6900,2,12,6,4,4,2,4,6,4,8,7,10
KAM3415991.1,25114,23997,20878,28,8,30,8,16,4,12,14,22,34,35,42
KAM3415992.1,1840,1889,2341,4,0,6,2,10,8,0,6,4,4,10,11
KAM3415993.1,33,16,67,0,0,0,1,1,1,2,3,2,0,1,1
KAM3415994.1,27,29,37,0,0,0,5,1,0,1,8,2,0,2,4
KAM3415995.1,145,191,196,0,0,0,0,0,0,1,2,0,0,0,0
KAM3415996.1,2034,691,1792,0,4,0,14,70,28,110,83,102,69,132,108
KAM3415997.1,281,253,360,4,8,12,0,3,2,3,2,11,18,11,11
KAM3415998.1,1852,1643,1786,8,24,36,6,18,19,6,20,17,27,6,22
KAM3415999.1,74,81,104,0,0,0,0,2,0,2,0,0,2,2,8
KAM3416000.1,116,138,111,2,0,0,2,4,0,0,2,0,8,8,11
KAM3416001.1,105,104,101,0,4,0,2,2,0,4,4,6,2,2,1
KAM3416002.1,162,116,171,0,0,0,0,2,1,1,0,0,4,2,2
KAM3416003.1,4911,4880,4723,6,0,0,14,16,3,26,11,9,14,16,30
KAM3416004.1,53,20,52,0,0,0,2,2,0,2,2,0,0,0,0
KAM3416006.1,95,133,79,0,0,0,0,0,2,0,0,0,6,1,0
KAM3416007.1,261,257,364,4,8,0,2,1,2,0,1,4,2,5,1
KAM3416008.1,943,930,1244,0,0,0,9,10,2,2,11,13,17,15,15
KAM3416009.1,490,524,1258,0,0,0,11,7,5,0,2,6,17,14,12
KAM3416010.1,3371,3604,2261,2,4,24,4,3,2,7,4,2,10,4,7
KAM3416011.1,4850,4037,4536,22,16,36,26,17,16,19,19,38,22,26,34
KAM3416012.1,880,653,823,0,0,6,6,10,11,6,15,4,10,4,9
KAM3416013.1,1077,1028,719,10,4,24,4,11,0,2,2,6,2,10,6
KAM3416014.1,2383,1474,1617,8,0,0,6,12,4,4,4,8,10,5,6
KAM3416015.1,18373,9895,21831,8,4,12,66,118,83,100,92,139,25,110,73
KAM3416016.1,170,102,173,0,0,0,0,0,2,0,1,2,0,0,0
KAM3416017.1,46,29,60,0,0,0,0,0,0,1,0,0,0,0,0
KAM3416018.1,65,19,69,0,0,0,0,0,0,0,0,0,0,0,0
KAM3416019.1,5,4,0,0,0,0,0,0,0,0,0,0,0,0,0
KAM3416020.1,28,22,28,0,0,0,0,0,0,0,2,2,0,1,0
KAM3416021.1,28,21,38,4,0,0,0,0,0,4,2,0,0,1,0
KAM3416022.1,44,41,39,0,0,0,2,0,1,0,2,0,0,0,0
KAM3416023.1,65,29,134,0,0,0,0,0,3,0,0,0,0,0,2
KAM3416024.1,187,95,209,2,0,0,0,2,2,10,4,10,0,0,0
KAM3416025.1,114,78,106,0,0,0,0,0,0,4,12,6,0,0,0
KAM3416026.1,3205,2509,2886,4,12,12,2,0,0,0,4,0,7,4,4
KAM3416027.1,1984,1800,1848,8,0,0,4,0,8,2,12,12,12,22,8
KAM3416028.1,2567,1968,1946,2,4,0,0,8,2,3,6,4,22,13,21
KAM3416030.1,892,677,676,4,2,0,0,0,0,0,0,0,2,4,0
KAM3416031.1,988,762,822,4,4,0,0,0,0,2,0,0,10,16,4
KAM3416032.1,29,17,31,0,0,0,0,0,0,0,0,0,0,0,1
KAM3416033.1,8,1,16,0,0,0,0,0,0,0,0,0,0,0,1
KAM3416034.1,1387,1166,2087,4,0,0,7,2,2,2,2,0,0,4,5
KAM3416035.1,11729,9739,7445,6,0,0,2,0,2,2,8,8,9,8,21
KAM3416036.1,12467,10141,11368,14,6,30,8,15,8,16,16,18,30,36,43
KAM3416037.1,19804,17493,13874,15,32,18,10,15,10,11,0,11,30,41,71
KAM3416038.1,602,433,818,2,0,0,0,0,4,0,2,2,2,2,4
KAM3416039.1,6523,5816,5950,22,22,9,9,31,36,19,12,24,56,86,98
KAM3416040.1,40,45,67,0,0,0,0,3,0,0,0,1,0,4,1
KAM3416041.1,459,313,986,0,8,0,10,9,10,10,10,12,38,12,27
KAM3416042.1,438,223,378,2,0,0,4,6,6,2,0,2,2,2,0
KAM3416043.1,283,264,359,0,0,0,2,0,0,6,2,3,2,0,0
KAM3416044.1,1210,1258,1478,20,8,6,0,2,7,10,2,8,7,14,22
KAM3416045.1,7,6,15,0,0,0,0,0,0,0,0,0,0,0,0
KAM3416046.1,44,16,36,0,0,0,0,0,0,0,0,0,0,0,0
KAM3416047.1,18611,12897,13589,4,14,3,7,14,7,5,11,14,4,11,15
KAM3416048.1,233,199,205,0,0,3,2,4,0,0,0,0,2,0,0
KAM3416049.1,488,428,501,4,4,3,6,4,0,10,13,17,25,21,40
KAM3416050.1,8995,8966,5440,10,8,6,3,6,3,16,7,11,28,10,10
KAM3416052.1,20,12,83,0,0,0,0,0,0,0,0,0,0,0,1
KAM3416053.1,37,39,124,2,0,0,0,2,0,0,0,0,0,0,0
KAM3416054.1,42984,37109,35015,47,12,54,53,71,43,80,93,128,77,129,134
KAM3416055.1,2884,2070,3083,2,8,18,27,34,17,49,46,61,19,21,19
KAM3416056.1,12724,7166,10088,2,4,0,12,35,28,89,56,91,25,22,52
KAM3416057.1,198,135,153,2,8,0,0,0,4,2,2,2,4,4,4
KAM3416058.1,3869,2983,3705,10,0,24,26,23,18,14,10,24,125,154,194
KAM3416059.1,5919,5304,4478,4,4,0,29,47,25,16,20,31,128,209,234
KAM3416060.1,3927,3308,3757,3,8,6,2,2,2,4,0,6,1,2,5
KAM3416061.1,414,252,469,4,0,0,3,9,3,3,2,2,5,2,8
KAM3416062.1,139,81,163,0,0,0,1,0,2,2,0,2,0,0,0
KAM3416063.1,6785,4490,9708,0,4,27,19,18,10,11,10,14,24,32,40
KAM3416064.1,27364,21915,28319,19,38,6,16,31,7,28,26,46,39,33,59
KAM3416065.1,509,540,781,0,2,0,2,0,0,0,2,0,0,0,1
KAM3416066.1,962,1217,1034,6,0,6,0,2,6,4,6,6,4,6,4
KAM3416067.1,1711,1928,1720,8,24,12,3,14,8,10,5,9,14,24,25
KAM3416068.1,968,841,703,6,4,0,0,0,4,2,0,2,4,0,4
KAM3416069.1,292,294,368,4,0,6,0,2,2,0,6,4,2,2,4
KAM3416070.1,93,104,120,2,0,0,0,0,0,0,0,0,0,2,2
KAM3416071.1,14,4,20,0,0,0,2,0,0,0,0,0,0,0,2
KAM3416072.1,158,267,553,4,0,0,0,2,2,0,2,2,6,14,8
KAM3416076.1,4749,5584,4418,12,14,0,16,16,8,16,6,10,4,15,14
KAM3416077.1,577,561,990,4,0,24,2,7,4,10,14,9,25,12,8
KAM3416078.1,857,872,950,2,12,0,13,16,12,15,24,25,21,26,15
KAM3416079.1,1970,2110,2101,8,0,0,2,6,10,4,8,6,6,8,5
KAM3416080.1,344,200,321,0,0,0,2,10,2,6,6,7,0,2,0
KAM3416081.1,441,423,839,4,4,0,6,6,2,15,14,12,10,21,18
KAM3416082.1,21,51,56,0,0,0,0,0,1,0,0,0,0,0,0
KAM3416083.1,834,823,722,2,0,0,2,8,1,2,4,2,14,6,18
KAM3416085.1,150,190,180,2,0,0,1,2,0,0,0,0,0,1,1
KAM3416086.1,365,272,460,2,0,0,0,1,5,4,3,2,2,3,2
KAM3416087.1,725,628,815,3,0,0,0,5,3,4,2,6,37,62,41
KAM3416088.1,4,1,8,0,0,0,0,0,0,0,0,0,0,0,0
KAM3416089.1,383,310,418,0,0,0,2,10,2,3,2,0,2,8,2
KAM3416090.1,462,445,524,0,6,0,4,0,2,6,0,2,0,4,6
KAM3416091.1,92,85,141,0,0,0,0,0,0,0,4,0,0,4,4
KAM3416092.1,2652,1572,2965,0,4,0,6,9,4,10,32,8,6,4,22
KAM3416093.1,245,149,297,0,0,0,0,4,3,8,2,15,0,0,0
KAM3416094.1,26,19,46,0,0,0,0,0,0,0,0,0,0,0,0
KAM3416095.1,208,176,315,0,0,0,0,0,0,0,0,2,4,0,0
KAM3416096.1,85,55,116,0,0,0,14,12,6,0,4,2,12,8,6
KAM3416097.1,1739,1491,1156,8,16,6,2,4,2,6,2,6,2,6,4
KAM3416098.1,4391,4940,3030,8,8,36,9,10,10,18,9,21,13,22,46
KAM3416099.1,135,192,138,0,0,0,0,0,0,0,2,1,0,0,0
KAM3416100.1,109,149,132,0,0,0,0,0,0,0,0,0,0,0,0
KAM3416101.1,251,269,256,0,0,0,0,0,0,2,2,4,4,4,2
KAM3416102.1,1191,1074,1126,0,0,12,6,8,10,0,8,6,6,2,2
KAM3416103.1,68,74,74,4,0,0,0,0,0,0,0,1,0,0,0
KAM3416104.1,527,431,750,0,0,0,0,1,0,0,1,4,6,0,8
KAM3416105.1,24,13,28,0,0,0,0,0,0,0,0,1,0,0,0
KAM3416106.1,296,302,400,6,8,6,2,0,0,1,0,0,2,0,1
KAM3416107.1,52464,56993,48108,48,38,30,20,28,9,23,21,17,62,52,96
KAM3416108.1,273,278,316,0,0,0,0,1,0,2,0,0,0,0,5
KAM3416109.1,710,1029,1143,2,0,6,4,0,2,0,6,0,2,0,1
KAM3416110.1,632,928,334,2,4,3,0,2,0,2,0,4,4,2,4
KAM3416111.1,433,373,539,6,4,0,4,4,8,8,2,1,9,17,21
KAM3416112.1,106,84,114,0,0,0,0,0,0,0,0,0,0,0,0
KAM3416113.1,14,2,6,0,0,0,0,0,0,0,2,0,0,0,0
KAM3416114.1,2433,3209,1540,4,0,0,4,10,6,8,6,12,6,4,4
KAM3416115.1,0,4,1,0,0,0,0,0,0,0,0,0,0,0,0
KAM3416116.1,17,20,30,0,0,0,0,0,0,0,0,0,0,0,0
KAM3414433.1,1759,1669,3042,28,8,0,0,0,0,2,8,4,0,0,4
KAM3414434.1,1200,1554,1581,5,12,12,2,4,0,0,2,8,2,0,6
KAM3414435.1,109,93,156,0,4,0,2,0,1,0,0,0,0,0,0
KAM3414436.1,138,122,316,0,0,0,0,2,0,0,0,0,2,0,2
KAM3414437.1,50,39,61,0,0,0,0,0,0,2,0,0,0,0,2
KAM3414438.1,40,32,101,0,0,0,0,0,0,0,0,0,0,0,0
KAM3414439.1,728,706,1054,2,0,0,0,2,2,2,8,8,4,2,4
KAM3414440.1,8,6,14,0,0,0,0,0,0,0,0,0,0,0,0
KAM3414441.1,4,6,40,0,0,0,0,0,0,0,0,0,0,0,2
KAM3414442.1,34,28,31,0,0,0,0,0,0,0,0,2,0,0,0
KAM3414443.1,16,9,58,0,0,0,0,0,0,0,0,0,0,0,0
KAM3414444.1,9,2,9,0,0,0,0,0,0,0,0,0,0,0,0
KAM3414445.1,56,8,58,0,0,0,0,0,0,1,0,0,0,0,0
KAM3414446.1,38,16,26,0,0,0,0,0,0,0,0,0,0,0,0
KAM3414447.1,81,89,230,0,0,0,0,0,0,0,5,0,0,0,0
KAM3414448.1,294,201,545,0,0,0,0,0,0,0,0,0,0,0,2
KAM3414449.1,44,28,86,0,0,0,0,0,0,0,0,0,0,0,0
KAM3414450.1,2,2,14,0,0,0,0,0,0,0,0,0,0,0,0
KAM3414451.1,54,65,212,0,0,0,0,0,0,0,0,0,0,0,0
KAM3414452.1,1538,1599,2548,0,0,12,2,0,0,0,0,4,0,4,0
KAM3414453.1,27,20,47,0,0,0,0,0,0,0,0,0,0,0,0
KAM3414454.1,49,56,113,2,0,0,0,0,0,0,0,0,0,0,0
KAM3414455.1,2,2,10,0,0,0,0,0,0,0,0,0,0,0,0
KAM3414456.1,8042,5817,7641,20,4,0,10,10,16,17,6,22,10,14,22
KAM3414457.1,24096,23460,19267,14,24,36,7,26,17,15,14,28,48,22,44
KAM3414458.1,116,119,167,0,0,0,0,2,4,4,2,0,0,2,0
KAM3414459.1,81452,83914,57441,29,12,36,23,26,24,26,44,36,301,293,416
KAM3414460.1,6007,5465,5833,12,4,3,3,4,10,18,10,18,16,13,25
KAM3414461.1,394,304,247,2,0,0,1,2,4,2,0,0,0,2,2
KAM3414462.1,5625,5489,6907,24,8,18,3,10,6,9,8,20,4,6,22
KAM3414463.1,21622,21371,23562,25,36,36,22,14,16,23,10,20,32,16,52
KAM3414464.1,7856,9323,7591,24,18,30,14,3,16,8,15,19,31,16,66
KAM3414465.1,1536,1267,1241,2,0,0,2,6,6,6,0,6,6,6,16
KAM3414466.1,697,512,967,3,0,6,13,12,25,29,31,40,29,29,65
KAM3414468.1,1837,1947,2214,9,8,36,3,5,4,12,20,12,27,43,32
KAM3414469.1,279,220,368,0,4,0,7,0,3,0,14,0,0,2,6
KAM3414471.1,525,273,431,0,4,6,0,2,4,0,2,2,2,4,10
KAM3414472.1,962,456,490,4,0,6,0,2,4,2,4,6,8,8,8
KAM3414473.1,402,251,423,0,8,6,0,0,1,0,0,4,0,6,2
KAM3414474.1,1212,1162,1344,0,0,6,0,8,2,0,4,10,10,12,6
KAM3414475.1,26,21,33,0,0,0,1,0,0,0,0,2,0,0,0
KAM3414476.1,7579,5397,7805,16,28,6,34,58,51,24,48,67,84,86,104
KAM3414478.1,900,854,942,0,8,12,6,8,0,2,4,5,8,25,20
KAM3414479.1,79,95,119,4,0,0,0,0,0,0,0,2,2,2,2
KAM3414480.1,706,282,809,0,0,6,0,0,0,6,2,4,2,0,0
KAM3414482.1,221,181,242,2,0,0,0,0,0,2,2,2,0,0,4
KAM3414483.1,9,16,7,0,0,0,0,0,0,0,0,0,8,0,0
KAM3414484.1,4033,3818,3860,5,20,3,12,8,6,14,9,24,65,45,40
KAM3414485.1,399,408,498,0,0,0,2,0,0,3,2,2,8,0,4
KAM3414486.1,2038,1985,2207,10,0,18,6,10,10,15,28,9,46,30,67
KAM3414487.1,430,505,621,4,0,0,0,2,4,0,1,2,0,3,3
KAM3414488.1,1343,973,1307,4,4,0,8,8,1,6,9,17,12,16,20
KAM3414489.1,3004,2129,3437,10,16,0,6,2,2,8,5,14,13,4,12
KAM3414490.1,2094,1602,1960,6,6,6,15,11,4,8,16,11,18,30,46
KAM3414491.1,68,70,69,0,0,0,0,2,0,0,0,2,1,0,0
KAM3414492.1,1060,846,496,0,6,6,0,0,0,0,0,2,0,0,2
KAM3414493.1,10468,14203,11719,0,0,0,0,0,0,0,0,0,0,0,0
KAM3414494.1,367,359,526,0,0,0,0,0,4,0,2,8,0,0,2
KAM3414495.1,4014,2327,3727,0,4,6,23,54,33,101,107,112,31,22,35
KAM3414496.1,4516,4252,4473,36,0,18,22,17,16,12,17,20,72,55,58
KAM3414497.1,32,47,67,2,0,0,0,0,0,0,0,0,0,0,0
KAM3414499.1,21,29,25,2,0,0,2,0,0,0,0,0,0,0,0
KAM3414500.1,290,280,308,2,4,0,0,0,4,0,4,2,8,6,4
KAM3414501.1,1429,1257,1594,2,0,6,23,8,10,0,12,11,42,52,51
KAM3414502.1,124,95,125,0,0,0,0,0,0,0,2,0,1,2,5
KAM3414503.1,1196,1082,1275,18,0,0,6,12,7,0,6,4,3,10,5
KAM3414504.1,215,213,174,0,0,21,0,7,0,0,4,1,1,5,0
KAM3414505.1,467,712,655,0,4,0,0,6,0,2,0,2,0,2,0
KAM3414506.1,2167,3322,3013,16,22,6,4,6,0,4,15,16,2,0,4
KAM3414507.1,649,938,542,4,12,6,0,2,0,0,2,4,0,0,1
KAM3414508.1,35,15,53,0,0,0,2,4,0,0,2,4,2,3,0
KAM3414509.1,41,36,58,0,0,0,0,0,0,2,2,3,0,0,2
KAM3414510.1,8,12,34,0,0,0,0,0,0,0,4,0,0,0,0
KAM3414511.1,1019,1109,697,1,0,3,3,0,0,10,5,9,0,16,4
KAM3414512.1,1157,1250,870,5,4,18,0,0,0,0,2,2,20,6,13
KAM3414513.1,98,80,86,0,0,0,1,0,0,2,0,2,0,0,4
KAM3414514.1,1,0,0,0,0,0,0,0,0,0,0,0,0,0,0
KAM3414515.1,36,12,30,0,0,0,0,0,0,8,4,6,1,0,0
KAM3414516.1,9,6,10,0,0,0,0,0,0,0,0,0,0,0,0
KAM3414517.1,2387,2021,1727,18,12,18,4,14,4,6,12,0,13,14,16
KAM3414518.1,241,161,503,0,0,0,8,0,4,1,0,0,4,8,8
KAM3414519.1,127,106,292,0,0,0,4,0,4,0,0,2,0,0,0
KAM3414520.1,182,131,158,0,0,0,0,4,2,1,0,5,4,2,2
KAM3414521.1,6572,4585,6103,14,36,24,13,31,32,14,27,28,103,104,107
KAM3414522.1,2763,1819,2427,2,8,6,12,29,7,12,34,79,4,4,12
KAM3414523.1,92,98,166,0,0,0,6,0,0,4,4,0,0,0,0
KAM3414524.1,1799,1288,1515,0,4,0,22,20,24,16,24,39,38,41,81
KAM3414525.1,515,325,419,1,0,0,0,0,0,0,4,0,2,4,9
KAM3414526.1,84,139,152,0,0,18,2,4,0,2,1,0,0,8,8
KAM3414527.1,479,641,681,10,0,0,0,0,3,0,1,4,2,9,16
KAM3414528.1,3688,3905,4049,6,0,12,14,7,14,14,18,19,23,26,35
KAM3414529.1,13099,12514,9777,24,40,57,20,14,7,12,8,20,37,53,54
KAM3414530.1,1729,1169,1395,4,0,0,10,18,8,6,13,20,12,6,14
KAM3414531.1,951,808,819,4,0,0,4,3,0,6,9,6,7,10,9
KAM3414532.1,9660,8253,8514,10,12,15,5,8,0,6,15,8,14,15,27
KAM3414533.1,685,660,655,0,0,12,7,4,0,2,4,4,13,17,23
KAM3414534.1,1025,700,992,0,4,6,10,10,6,2,5,3,12,14,29
KAM3414535.1,1100,739,1263,2,4,0,8,16,6,8,4,12,14,32,27
KAM3414536.1,14683,14921,10738,23,30,27,12,17,14,14,9,21,26,36,44
KAM3414537.1,3951,5072,4208,24,24,36,4,2,6,22,10,16,29,46,42
KAM3414538.1,172,231,218,4,0,6,2,4,4,2,4,2,3,10,9
KAM3414539.1,1604,848,655,2,0,12,0,2,0,2,2,4,8,8,13
KAM3414540.1,1,5,5,0,0,0,0,0,0,0,0,0,0,0,0
KAM3414541.1,3530,3676,2618,10,12,36,6,10,6,6,2,10,6,17,23
KAM3414542.1,818,643,1034,3,4,0,5,6,8,0,8,8,6,7,16
KAM3414543.1,292,142,291,0,0,0,4,5,5,12,12,5,8,6,8
KAM3414544.1,12,2,11,0,0,0,3,0,0,0,0,0,0,0,0
KAM3414545.1,0,2,2,0,0,0,0,0,0,0,0,0,0,0,0
KAM3414546.1,251,147,219,0,0,0,0,0,0,0,0,2,8,4,9
KAM3414547.1,54,35,44,0,0,0,1,0,2,0,2,2,2,0,2
KAM3414548.1,3541,2480,2918,38,40,18,14,26,32,21,22,40,26,24,41
KAM3414549.1,58,64,90,0,4,0,0,0,0,0,2,0,0,1,1
KAM3414550.1,105,65,27,0,0,0,0,0,0,0,0,1,0,2,0
KAM3414551.1,794,678,877,4,4,0,6,8,9,8,4,10,6,6,6
KAM3414552.1,4231,2919,3834,2,12,24,6,14,20,34,29,30,19,32,40
KAM3414553.1,670,415,629,2,0,0,4,0,2,4,8,5,14,26,10
KAM3414554.1,140,96,139,2,0,0,0,0,4,2,0,0,2,6,6
KAM3414555.1,443,376,564,2,0,0,3,5,3,0,5,7,2,6,4
KAM3414556.1,2016,1296,1221,0,2,0,3,0,0,4,5,0,0,2,3
KAM3414557.1,2348,1835,2031,10,4,6,0,4,6,2,0,4,8,14,18
KAM3414558.1,506,457,555,0,0,0,0,0,2,0,2,2,8,4,2
KAM3414559.1,61,97,56,0,0,0,0,4,2,0,0,0,1,2,0
KAM3414560.1,1831,2334,1266,8,24,36,6,2,4,9,10,15,15,6,14
KAM3414561.1,77,52,113,0,0,6,2,5,2,0,0,6,4,3,2
KAM3414562.1,12770,10747,16781,2,0,0,0,8,8,2,6,13,8,12,57
KAM3414563.1,108,66,107,0,0,6,4,4,4,0,0,0,3,0,1
KAM3414564.1,30,17,36,0,0,0,0,1,0,0,0,0,5,4,1
KAM3414565.1,44,22,70,0,0,0,1,0,0,0,0,0,2,0,2
KAM3414566.1,7455,7641,8361,8,12,18,8,8,8,6,16,3,2,12,12
KAM3414567.1,14562,15257,12118,28,34,30,3,11,6,14,10,10,12,10,16
KAM3414568.1,7025,7085,9430,7,0,0,8,7,4,11,5,6,3,7,8
KAM3414569.1,245,217,340,0,4,0,0,2,2,2,0,4,0,0,0
KAM3414570.1,512,422,551,0,0,0,0,4,2,2,2,10,4,18,2
KAM3414571.1,202,209,337,0,0,0,0,0,0,4,0,4,0,0,0
KAM3414572.1,1233,1132,2110,4,8,6,6,12,10,6,8,12,0,8,4
KAM3414573.1,2524,2309,2815,20,18,24,4,6,5,8,14,11,10,12,12
KAM3414574.1,1362,1079,1261,5,8,9,4,3,14,5,7,7,2,7,14
KAM3414575.1,126,91,58,0,0,0,1,1,0,2,4,1,0,0,2
KAM3414576.1,7,4,0,0,0,0,0,0,0,0,0,0,0,0,0
KAM3414577.1,23,23,20,0,0,0,0,0,0,0,0,0,0,0,0
KAM3414578.1,83,42,107,0,0,6,0,0,0,2,0,0,0,2,0
KAM3414579.1,121,107,146,0,0,0,0,2,2,2,0,0,0,0,0
KAM3414580.1,507,305,630,2,4,6,3,0,1,0,0,0,14,38,68
KAM3414581.1,334,301,373,0,0,0,0,0,0,0,2,0,2,0,2
KAM3414582.1,7162,9334,7286,4,12,3,0,3,0,0,4,9,0,2,0
KAM3414583.1,1422,1980,2748,5,8,0,7,14,14,9,14,35,10,28,18
KAM3414584.1,717,610,708,2,0,0,10,10,11,6,8,7,12,10,8
KAM3414585.1,1248,1186,1276,12,4,0,9,10,8,13,18,10,16,16,24
KAM3414586.1,1390,1110,1162,0,8,12,0,6,9,0,2,10,4,14,14
KAM3414587.1,4590,4639,4191,36,32,54,12,16,14,18,8,6,36,48,80
KAM3414588.1,201,127,163,2,0,6,0,0,4,2,0,2,2,5,12
KAM3414589.1,485,361,1157,0,0,0,0,2,5,4,2,5,12,11,5
KAM3414590.1,2,0,2,0,0,0,0,0,0,0,0,0,0,0,0
KAM3414591.1,2102,1889,1662,0,0,0,2,3,0,0,0,2,8,8,1
KAM3414592.1,4913,5118,3827,13,8,9,4,16,11,12,29,11,39,51,58
KAM3414593.1,3,1,4,0,0,0,0,0,0,0,0,0,0,0,0
KAM3414594.1,2597,2017,2249,7,10,9,5,13,13,18,19,26,40,22,35
KAM3414595.1,14,35,59,0,0,0,2,0,0,0,2,2,2,0,2
KAM3414596.1,5215,5879,4970,22,16,24,2,4,2,3,12,2,19,11,21
KAM3414597.1,5,2,5,0,0,0,0,0,0,0,0,0,0,0,0
KAM3414598.1,595,584,522,2,12,0,2,0,2,0,2,2,7,6,4
KAM3414599.1,2,0,6,0,0,0,0,0,0,0,0,0,0,0,0
KAM3414600.1,581,443,314,4,0,6,2,6,2,0,0,0,10,2,10
KAM3414601.1,1642,1140,745,26,20,15,4,15,6,0,2,0,8,24,14
KAM3414602.1,1129,1427,1248,2,12,18,0,6,0,0,0,0,4,8,8
KAM3414603.1,1033,778,881,4,10,0,2,1,0,2,0,4,6,2,3
KAM3414604.1,3081,2760,2834,11,0,18,1,13,0,0,6,2,12,11,26
KAM3414605.1,2282,1972,2245,8,4,0,0,6,2,2,0,10,3,0,8
KAM3414606.1,1128,737,666,8,0,6,0,3,0,2,2,0,2,2,10
KAM3414607.1,583,456,497,6,0,6,4,2,4,0,0,0,2,2,4
KAM3414608.1,0,0,0,0,0,0,0,0,0,0,0,0,0,0,0
KAM3414609.1,10,10,10,0,0,0,0,0,0,0,0,0,0,0,0
KAM3414610.1,6,0,2,0,0,0,0,0,0,0,0,0,0,0,0
KAM3414611.1,78,45,81,0,8,0,0,0,0,0,0,0,2,0,0
KAM3414612.1,30,36,57,0,0,0,0,0,0,2,2,0,0,0,0
KAM3414613.1,1922,1383,1255,8,4,0,0,0,0,0,0,0,6,4,12
KAM3414614.1,132,93,157,2,0,0,0,0,0,0,0,2,0,0,0
KAM3414615.1,329,239,231,2,0,6,0,2,0,0,0,0,0,0,10
KAM3414616.1,0,0,8,0,0,0,0,2,0,0,0,0,0,0,0
KAM3414617.1,6,18,2,0,0,0,0,0,0,0,0,0,0,0,0
KAM3414618.1,962,779,1469,1,0,3,6,0,1,10,4,12,18,8,24
KAM3414619.1,366,235,558,3,0,12,6,10,2,8,36,38,36,20,14
KAM3414620.1,494,196,956,0,0,0,1,2,0,10,1,6,0,4,2
KAM3414621.1,156,113,183,2,0,0,0,0,0,2,3,1,5,2,2
KAM3414622.1,376,319,338,0,0,6,0,4,1,2,7,11,2,0,0
KAM3414623.1,91,76,124,0,0,0,0,2,0,4,0,3,0,1,2
KAM3414624.1,0,6,4,0,0,0,0,0,0,0,0,0,0,0,0
KAM3414625.1,4,6,4,0,0,0,0,0,0,0,0,0,0,0,0
KAM3414626.1,4,0,4,0,0,0,0,0,0,0,0,0,0,0,0
KAM3414627.1,66,57,93,0,0,0,0,0,0,0,0,0,0,0,0
KAM3414628.1,21,7,39,0,0,0,0,0,0,0,0,1,0,0,0
KAM3414629.1,5317,6248,6909,4,4,0,0,4,2,0,8,6,7,8,18
KAM3414630.1,176,221,190,0,0,0,3,0,0,0,0,0,0,2,4
KAM3414631.1,4694,6239,10478,5,4,12,4,5,5,4,2,3,6,12,13
KAM3414632.1,4518,4218,4682,6,0,3,0,2,4,8,19,11,14,4,10
KAM3414633.1,930,856,2036,2,0,6,0,6,2,2,4,9,2,6,16
KAM3414634.1,409,354,475,0,0,0,0,0,0,0,1,0,1,2,0
KAM3414635.1,31,59,58,2,0,0,0,0,0,0,0,0,0,2,1
KAM3414636.1,3635,3777,3351,4,0,30,26,28,30,15,15,23,39,43,46
KAM3414637.1,1575,773,1056,2,0,0,4,2,8,5,8,8,2,8,6
KAM3414638.1,5122,6604,4093,20,12,21,2,6,4,0,9,8,0,4,4
KAM3414639.1,81,64,137,2,0,0,0,0,0,4,0,2,2,2,5
KAM3414640.1,385,247,496,0,4,0,0,3,2,7,1,6,8,10,6
KAM3414641.1,51,47,86,0,2,0,0,0,0,0,0,0,2,0,0
KAM3414642.1,37,36,32,0,0,0,0,0,0,0,0,0,0,0,0
KAM3414643.1,80,45,85,0,0,0,0,0,0,0,0,0,0,0,0
KAM3414644.1,37,24,88,0,0,0,0,0,0,0,0,0,0,0,0
KAM3414645.1,814,786,813,0,0,3,2,2,4,3,4,4,6,4,11
KAM3414646.1,836,704,705,0,4,12,6,10,4,4,8,8,1,12,8
KAM3414647.1,1124,1024,971,10,4,6,6,8,3,7,1,10,13,22,24
KAM3414648.1,37,37,86,0,0,0,0,1,1,0,1,2,0,0,0
KAM3414649.1,24,45,82,0,0,0,0,3,0,0,0,0,2,0,0
KAM3414650.1,6,6,6,0,0,0,0,0,0,0,0,0,0,0,0
KAM3414651.1,12,3,8,0,0,0,0,0,0,0,0,2,0,0,0
KAM3414652.1,945,674,764,0,0,0,0,6,2,8,9,6,12,4,8
KAM3414653.1,56,36,72,0,0,0,0,0,0,0,0,0,0,0,1
KAM3414654.1,333,303,281,2,0,0,0,0,0,2,0,2,0,4,1
KAM3414655.1,113,131,74,0,0,0,2,2,0,0,2,2,0,0,0
KAM3414656.1,4421,3474,3327,4,0,0,0,4,0,2,0,2,2,2,2
KAM3414657.1,237623,225992,193230,98,12,45,20,24,3,41,48,71,91,64,229
KAM3414658.1,501,346,639,0,0,0,2,5,6,2,1,8,6,16,8
KAM3414659.1,2244,1813,2441,12,10,9,3,15,6,5,0,13,18,14,33
KAM3414660.1,64,48,96,0,0,0,0,1,0,0,0,1,4,0,2
KAM3414661.1,68,50,127,0,0,0,0,0,0,0,0,0,0,0,3
KAM3414663.1,361,508,478,0,0,0,0,0,4,2,2,2,2,5,2
KAM3414664.1,2820,2332,2038,2,10,0,1,3,8,4,7,8,4,3,5
KAM3414665.1,288,165,312,0,4,0,2,4,0,0,2,3,0,0,2
KAM3414666.1,2545,1777,2234,4,12,12,14,23,18,16,14,20,10,18,20
KAM3414667.1,250,235,270,0,0,0,0,6,4,0,4,5,2,4,6
KAM3414668.1,408,397,753,2,0,0,4,7,21,6,8,10,4,7,7
KAM3414669.1,1989,2361,2384,8,0,6,8,18,20,4,8,4,44,42,36
KAM3414670.1,2897,2328,2556,13,8,6,10,10,18,10,6,26,32,24,24
KAM3414671.1,1449,1491,1063,14,8,6,4,0,2,2,8,6,5,18,13
KAM3414672.1,28263,21680,18319,55,26,60,34,60,51,106,96,109,54,78,95
KAM3414673.1,14,6,9,0,0,0,0,0,0,0,0,0,0,0,0
KAM3414674.1,692,843,672,4,4,0,0,0,1,2,2,0,0,3,8
KAM3414675.1,106,143,204,2,0,0,0,2,0,0,0,1,0,2,0
KAM3414676.1,1330,1377,1288,8,4,12,2,0,8,4,4,14,11,4,28
KAM3414677.1,852,701,3627,0,0,0,0,0,0,2,0,6,53,30,56
KAM3414678.1,21,47,36,0,0,0,0,0,0,2,0,0,2,2,0
KAM3414679.1,3784,4682,4388,6,8,0,0,6,7,2,4,8,4,22,9
KAM3414680.1,856,648,2142,8,12,0,0,2,0,3,4,0,2,4,6
KAM3414681.1,416,318,440,1,10,0,2,3,5,5,3,2,3,3,9
KAM3414682.1,12,18,11,1,0,0,2,0,0,0,0,0,2,0,0
KAM3414683.1,20,7,20,0,0,0,0,0,0,0,0,0,0,0,0
KAM3414684.1,2466,2670,2982,6,12,0,14,9,3,6,7,7,44,51,64
KAM3414685.1,490,733,294,2,0,0,2,3,0,0,3,3,3,17,9
KAM3414686.1,501,443,211,0,0,0,2,0,0,2,0,0,2,8,7
KAM3414687.1,9842,8090,6988,5,4,21,3,8,8,4,8,17,46,42,84
KAM3414688.1,2733,2481,2297,16,40,12,8,0,7,0,8,4,22,12,32
KAM3414689.1,1,0,2,0,0,0,0,0,0,0,0,0,0,0,0
KAM3414690.1,3,1,1,0,0,0,0,0,0,0,0,0,0,0,0
KAM3414691.1,2637,2039,2993,3,0,6,3,4,0,2,7,15,7,6,9
KAM3414692.1,54,52,111,2,0,0,0,2,0,0,0,3,2,1,0
KAM3414693.1,0,7,4,0,0,0,0,0,0,0,0,0,0,0,0
KAM3414694.1,0,4,0,0,0,0,0,0,0,0,1,0,0,0,0
KAM3414695.1,876,720,1217,11,16,0,6,2,0,0,2,9,19,13,21
KAM3414696.1,10531,10397,7280,7,16,18,0,5,2,0,3,6,9,8,16
KAM3414697.1,452,318,520,0,0,0,3,0,0,0,0,0,0,0,0
KAM3414698.1,974,678,722,0,0,0,4,6,6,10,10,4,16,4,8
KAM3414699.1,268,179,496,0,0,0,0,2,0,4,5,6,4,0,1
KAM3414700.1,2278,2077,2085,2,8,6,6,0,8,17,14,15,18,8,18
KAM3414701.1,354,381,393,0,0,0,0,0,0,3,4,4,0,6,2
KAM3414702.1,275,189,313,4,0,6,4,5,2,8,5,5,8,10,3
KAM3414703.1,49,44,50,0,0,0,0,0,0,0,2,1,0,0,0
KAM3414704.1,225,176,182,0,0,12,0,0,0,4,0,5,4,2,4
KAM3414705.1,28637,23314,23175,146,106,120,127,117,123,79,67,108,395,440,467
KAM3414706.1,13339,11706,8517,24,16,36,27,46,32,33,34,31,125,101,107
KAM3414707.1,60,23,74,0,0,0,0,0,0,0,0,0,0,0,2
KAM3414708.1,248,194,194,2,4,0,0,2,0,0,0,3,4,1,3
KAM3414709.1,1009,994,1679,11,0,12,2,0,17,4,8,6,10,12,7
KAM3414711.1,787,367,872,0,0,6,0,2,2,4,4,4,3,5,3
KAM3414712.1,1542,1744,1462,7,8,0,7,12,8,2,6,18,4,2,5
KAM3414713.1,144,120,242,0,0,0,0,0,2,2,0,6,2,2,0
KAM3414714.1,2677,1382,3689,48,76,90,4,12,4,6,11,8,12,9,26
KAM3414715.1,222,200,216,0,0,3,1,0,1,2,0,6,4,2,9
KAM3414716.1,14,4,5,0,0,3,0,0,0,0,0,0,0,0,0
KAM3414717.1,342,207,437,0,0,0,0,0,0,0,2,0,0,0,0
KAM3414718.1,842,471,860,2,0,0,6,0,2,5,8,6,6,3,0
KAM3414719.1,3942,2510,2573,0,0,0,0,4,6,2,6,12,4,2,9
KAM3414720.1,120,93,213,0,0,0,0,2,2,0,0,0,2,2,0
KAM3414721.1,1868,1547,2096,8,0,18,11,15,10,20,14,11,25,13,32
KAM3414722.1,38,16,13,0,0,0,0,0,0,0,0,0,0,0,0
KAM3414723.1,701,351,689,0,0,0,9,25,7,24,10,60,6,6,6
KAM3414724.1,30,3,29,0,0,0,0,0,0,0,0,0,0,0,0
KAM3414725.1,116,78,107,8,0,0,0,2,2,0,4,2,0,2,8
KAM3414727.1,103,50,65,0,2,0,2,2,5,2,0,2,0,0,2
KAM3414728.1,1938,1104,1731,6,0,0,12,10,10,10,8,24,8,24,34
KAM3414729.1,604,323,631,2,0,12,4,0,2,8,7,0,7,14,8
KAM3414730.1,315,200,405,1,0,0,1,0,0,1,2,1,3,0,1
KAM3414731.1,2464,1967,2089,2,0,12,11,10,4,2,2,2,9,17,14
KAM3414732.1,2217,2605,1639,6,8,6,6,6,14,2,2,8,1,6,14
KAM3414733.1,1684,1361,717,2,0,0,2,12,2,0,0,7,0,0,2
KAM3414734.1,2022,1632,1930,0,4,0,0,2,0,2,0,6,2,5,0
KAM3414735.1,2436,1928,2631,6,20,0,10,12,14,8,9,11,36,45,46
KAM3414736.1,104,163,101,1,4,0,0,2,0,0,0,0,2,0,10
KAM3414737.1,524,532,367,0,0,6,2,0,4,1,6,2,0,0,0
KAM3414739.1,164,217,218,0,0,0,2,9,1,1,2,2,0,5,2
KAM3414740.1,1200,1258,1019,8,16,0,8,8,6,6,6,14,10,18,24
KAM3414741.1,3142,3025,2452,8,16,12,10,6,10,8,12,4,32,15,18
KAM3414742.1,3063,3776,3268,4,20,18,9,6,2,3,11,12,19,19,28
KAM3414744.1,66,64,110,0,0,0,0,0,0,0,0,0,0,0,0
KAM3414745.1,70,63,96,2,0,6,0,0,0,0,0,2,0,0,0
KAM3414747.1,773,766,795,0,4,9,2,2,2,10,10,8,6,0,3
KAM3414748.1,7332,4947,4378,28,12,9,0,16,3,16,19,43,30,34,34
KAM3414749.1,31,4,55,0,0,0,2,0,0,6,2,4,2,2,6
KAM3414750.1,10,8,9,0,0,0,0,0,2,0,0,0,0,0,0
KAM3414751.1,3006,1558,2561,22,24,42,2,0,0,16,21,26,4,2,12
KAM3414752.1,2403,1065,5249,6,12,18,0,2,2,14,6,16,0,0,2
KAM3414753.1,1012,792,1382,2,0,0,6,4,6,16,16,12,5,4,4
KAM3414754.1,792,686,613,2,0,0,0,4,4,10,4,0,10,2,0
KAM3414755.1,967,482,1374,0,8,0,2,1,0,8,9,9,2,6,12
KAM3414756.1,44,20,53,0,0,0,1,2,2,6,0,0,2,0,0
KAM3414759.1,1210,1276,1705,4,16,18,6,7,7,4,0,8,14,22,7
KAM3414760.1,219,216,241,0,0,0,0,2,0,2,0,6,4,2,4
KAM3414761.1,11,6,7,0,0,0,0,0,0,0,2,0,0,0,0
KAM3414762.1,89,97,112,2,0,0,0,0,0,4,2,4,3,0,0
KAM3414763.1,18,30,34,4,0,0,0,0,0,0,0,0,0,0,2
KAM3414764.1,83,98,198,2,0,0,2,5,1,0,0,0,0,0,0
KAM3414765.1,157,104,134,0,4,0,8,0,0,0,0,4,6,0,4
KAM3414766.1,1636,1629,1801,4,4,6,0,0,8,10,2,4,10,10,8
KAM3414767.1,822,890,747,12,4,6,2,0,4,0,0,2,22,6,21
KAM3414768.1,1692,1196,1960,13,10,48,13,25,32,28,25,23,40,20,41
KAM3414769.1,1549,1148,1932,6,20,24,6,16,6,14,10,20,11,14,7
KAM3414770.1,3627,3502,3500,8,12,30,5,12,14,27,11,12,14,21,32
KAM3414771.1,25,13,14,2,0,0,0,0,0,0,0,0,1,0,0
KAM3414772.1,19,17,43,0,0,0,0,0,0,0,0,2,0,0,0
KAM3414773.1,16,15,46,4,4,0,0,0,2,0,0,0,0,0,0
KAM3414774.1,56,50,20,0,0,0,0,0,0,0,0,2,2,2,0
KAM3414775.1,30,12,34,0,0,0,0,0,0,0,0,0,0,0,0
KAM3414776.1,14,4,4,0,0,0,0,2,0,0,0,0,0,1,0
KAM3414777.1,28,20,70,0,0,0,0,0,0,0,0,2,0,0,2
KAM3414778.1,256,166,92,0,0,0,0,0,0,0,0,0,0,0,2
KAM3414779.1,132,96,117,0,0,0,0,1,0,2,4,4,4,3,0
KAM3414780.1,74,56,30,0,0,0,0,0,0,0,0,0,0,0,3
KAM3414781.1,291,288,339,0,0,0,4,0,2,2,0,2,2,0,0
KAM3414782.1,16,32,16,0,0,0,0,0,0,0,0,0,0,0,0
KAM3414783.1,4,20,8,0,0,0,0,0,0,0,0,0,0,0,0
KAM3414784.1,18,30,24,0,0,0,0,2,0,0,0,0,0,0,0
KAM3414785.1,70,30,89,0,0,0,4,0,0,0,4,2,4,0,2
KAM3414786.1,39,52,44,0,0,0,0,0,2,2,0,0,1,0,0
KAM3414787.1,5171,3878,3823,8,20,24,8,11,20,17,18,23,47,49,45
KAM3414788.1,594,1053,865,2,4,3,2,1,2,2,3,2,0,0,3
KAM3414789.1,1558,2879,1268,13,0,6,2,2,2,4,2,4,10,16,17
KAM3414791.1,895,1601,1318,8,16,0,1,0,2,6,6,4,5,6,11
KAM3414793.1,30,34,35,0,0,0,2,0,0,2,0,0,0,0,0
KAM3414794.1,275,233,248,2,0,0,2,0,0,4,2,2,2,2,0
KAM3414795.1,10,4,19,0,0,0,0,0,1,0,0,0,0,0,0
KAM3414796.1,714,945,822,6,0,0,6,2,0,2,0,6,2,2,6
KAM3414797.1,17652,14706,9388,19,0,9,6,14,8,6,6,4,37,35,45
KAM3414798.1,5532,4888,5364,4,0,0,0,4,2,7,14,10,12,10,14
KAM3414799.1,306,315,438,2,0,3,0,0,2,0,0,0,0,3,7
KAM3414800.1,932,648,904,4,4,6,0,4,0,0,0,4,3,2,12
KAM3414801.1,228,253,403,0,0,0,2,2,0,1,4,6,1,0,2
KAM3414802.1,561,439,953,2,0,6,0,2,4,3,3,5,2,2,2
KAM3414803.1,1539,1135,1547,0,4,0,6,4,6,6,15,23,7,18,13
KAM3414804.1,4603,4620,4446,13,10,30,2,11,2,5,3,13,26,20,31
KAM3414805.1,3928,3050,5611,2,6,18,6,7,6,15,2,3,8,15,8
KAM3414806.1,523,388,312,4,0,0,2,4,0,2,0,10,2,3,6
KAM3414807.1,1117,636,993,2,0,0,0,2,1,2,2,4,5,12,16
KAM3414809.1,310,343,584,0,0,3,1,0,0,1,1,0,8,8,9
KAM3414810.1,152,97,148,0,0,0,0,1,3,1,0,4,2,0,1
KAM3414811.1,15,17,37,0,0,0,0,0,0,0,0,0,0,0,0
KAM3414812.1,223,185,354,4,0,0,3,5,1,4,1,1,0,0,1
KAM3414813.1,673,642,811,2,0,0,6,6,3,1,2,5,6,4,4
KAM3414815.1,544,484,447,1,0,0,0,3,0,1,2,1,0,4,4
KAM3414816.1,3056,2534,3318,12,0,0,6,0,2,2,3,11,12,10,14
KAM3414817.1,4862,3895,4716,19,6,9,9,16,19,13,17,17,16,44,44
KAM3414818.1,1701,1325,1887,8,8,12,26,18,2,6,4,9,45,59,73
KAM3414819.1,122,101,105,0,0,0,0,0,0,2,2,0,2,0,2
KAM3414822.1,63,29,26,0,0,0,2,0,0,0,0,0,0,0,0
KAM3414823.1,66,54,88,2,0,0,0,0,4,2,0,2,0,0,0
KAM3414824.1,1572,1753,1820,0,0,0,2,2,0,4,11,1,4,6,4
KAM3414825.1,13974,13578,8209,16,0,18,9,4,2,10,7,28,126,105,143
KAM3414826.1,4502,4391,3892,19,16,30,10,22,8,20,11,29,20,27,41
KAM3414827.1,118,111,32,0,0,0,0,2,0,2,0,3,0,0,0
KAM3414828.1,835,694,816,6,4,0,8,4,8,0,2,4,2,4,2
KAM3414829.1,2,2,0,0,0,0,0,0,0,0,0,0,0,0,0
KAM3414831.1,670,652,681,4,4,0,2,4,2,5,0,2,5,10,10
KAM3414832.1,1456,1548,1609,4,12,6,2,8,14,6,8,8,22,25,10
KAM3414833.1,852,580,976,2,8,12,2,9,3,1,4,7,26,17,11
KAM3414834.1,102,75,208,0,0,0,0,1,0,0,1,1,2,0,1
KAM3414835.1,2028,2265,2220,8,0,24,3,9,4,10,12,26,6,13,10
KAM3414836.1,54,98,68,0,0,0,0,0,0,0,0,0,0,0,0
KAM3414837.1,385,540,577,0,0,6,0,0,2,1,10,6,142,58,81
KAM3414838.1,61,50,53,0,4,0,1,0,0,6,2,0,1,0,0
KAM3414839.1,78,46,139,0,0,0,2,1,0,4,1,4,3,3,0
KAM3414840.1,35,34,89,0,4,0,0,0,0,0,0,0,0,0,0
KAM3414841.1,72,91,108,0,0,0,0,0,2,6,8,0,9,0,0
KAM3414842.1,36,18,28,0,0,0,0,0,0,2,14,12,0,4,0
KAM3414843.1,0,5,0,0,0,0,0,0,0,0,0,0,0,0,0
KAM3414844.1,178,123,165,0,0,0,4,4,2,10,0,0,0,0,2
KAM3414846.1,58,19,171,0,4,0,0,0,0,0,0,0,102,34,76
KAM3414847.1,78,62,506,0,0,0,0,0,0,0,0,0,202,75,191
KAM3414848.1,3929,2654,2833,0,4,0,4,2,10,0,10,6,23,38,59
KAM3414849.1,798,805,947,6,4,0,0,14,4,9,4,6,16,12,16
KAM3414850.1,540,431,554,8,0,0,5,4,5,5,0,6,5,6,10
KAM3414851.1,9,12,24,0,0,0,0,0,0,0,0,2,0,0,0
KAM3414852.1,2637,2765,2263,46,20,60,2,13,4,12,6,17,92,84,121
KAM3414853.1,3397,2923,3837,1,4,3,4,9,4,13,6,3,0,3,2
KAM3414854.1,741,853,671,8,0,6,2,2,0,0,6,2,2,10,18
KAM3414855.1,17611,17680,23174,115,104,138,21,48,33,60,111,124,32,34,44
KAM3414856.1,2347,2310,2588,14,12,12,12,10,12,12,12,22,44,24,24
KAM3414857.1,98,129,159,0,0,0,0,0,0,2,0,1,2,2,0
KAM3414858.1,9094,9981,11113,10,8,9,14,4,12,20,27,24,52,56,101
KAM3414859.1,3073,3000,4290,16,16,33,20,44,32,29,26,33,59,62,51
KAM3414860.1,250,131,248,0,0,0,0,4,2,2,0,10,3,2,6
KAM3414861.1,2106,2600,1950,20,16,42,2,9,9,8,12,15,9,10,14
KAM3414862.1,83,34,71,0,0,0,0,0,0,0,1,4,0,0,0
KAM3414863.1,26,8,55,0,0,0,4,2,0,2,4,2,4,2,0
KAM3414864.1,241,75,122,0,0,0,0,0,2,0,2,0,0,0,0
KAM3414865.1,2119,1454,2271,4,4,0,14,27,35,29,26,44,4,15,14
KAM3414866.1,839,651,1240,6,8,0,2,8,4,0,2,7,12,6,7
KAM3414867.1,306,182,353,0,2,0,2,1,2,4,4,3,4,1,2
KAM3414868.1,467,348,385,1,0,0,4,2,2,3,10,2,2,0,0
KAM3414869.1,723,855,966,2,0,0,4,8,10,2,8,10,3,4,4
KAM3414870.1,621,423,1027,2,0,0,2,2,0,14,18,18,8,8,6
KAM3414871.1,444,403,545,0,4,0,0,6,0,2,0,0,6,4,8
KAM3414872.1,1372,1018,1604,8,8,12,9,21,20,4,7,9,25,26,38
KAM3414873.1,972,886,1285,6,4,6,2,3,4,2,3,6,10,20,13
KAM3414874.1,1088,1221,1356,2,0,0,2,4,6,0,8,6,16,7,12
KAM3414875.1,425,459,478,0,4,0,1,7,0,2,0,3,5,0,3
KAM3414876.1,220,211,236,0,2,0,2,4,0,0,0,2,4,2,0
KAM3414877.1,254,211,380,0,0,0,0,1,2,0,6,4,0,2,2
KAM3414878.1,242,136,210,0,0,0,1,5,1,2,6,7,5,1,2
KAM3414879.1,40118,26072,27570,16,12,12,40,48,45,68,106,150,50,39,63
KAM3414880.1,1175,961,1691,4,4,18,3,11,4,25,24,16,16,10,20
KAM3414881.1,436,234,671,0,0,0,5,4,0,6,6,14,3,2,1
KAM3414882.1,500,205,685,3,0,0,1,1,2,2,2,13,3,1,4
KAM3414883.1,1132,824,1254,4,4,18,1,10,6,22,6,8,20,24,20
KAM3414884.1,10400,8045,12383,28,16,48,51,67,53,37,27,50,167,178,227
KAM3414885.1,62,43,66,0,0,0,0,0,0,0,0,0,2,0,0
KAM3414886.1,6272,4689,6405,20,10,12,23,40,26,30,18,28,69,64,89
KAM3414887.1,9406,8060,6614,43,28,36,20,42,36,34,28,38,26,46,30
KAM3414888.1,1375,691,1423,0,0,0,6,8,8,19,32,34,4,6,6
KAM3414889.1,1191,923,1350,2,2,6,4,7,2,5,3,8,5,12,13
KAM3414890.1,11961,9731,11141,12,12,12,30,30,14,21,23,20,70,50,86
KAM3414891.1,722,586,845,2,0,0,0,4,1,0,2,6,5,6,5
KAM3414892.1,151,55,144,0,0,0,0,8,1,3,2,2,2,2,0
KAM3414893.1,744,714,907,4,12,6,11,2,4,5,0,4,15,11,13
KAM3414894.1,7152,5695,8213,17,32,33,43,76,98,67,47,74,184,220,242
KAM3414895.1,1088,1077,1266,9,6,6,9,23,7,5,9,7,31,50,39
KAM3414896.1,1142,695,556,0,0,6,0,3,0,0,1,6,0,4,12
KAM3414897.1,306,123,282,2,0,0,2,4,0,2,6,0,4,4,8
KAM3414898.1,41,13,58,0,0,0,0,0,0,2,2,0,0,0,0
KAM3414900.1,4990,3546,4580,12,24,9,19,20,20,18,11,40,42,69,59
KAM3414901.1,6,4,9,0,0,0,0,0,0,0,0,0,0,0,0
KAM3414902.1,6,4,4,0,0,0,0,0,0,0,0,0,0,0,0
KAM3414903.1,975,933,949,1,0,6,4,7,8,4,4,2,4,2,14
KAM3414904.1,1519,846,1874,2,0,0,6,6,8,6,0,2,24,22,18
KAM3414905.1,111,134,67,4,0,3,0,2,4,0,3,1,0,4,6
KAM3414906.1,182,232,262,6,0,0,4,3,10,0,0,2,7,3,10
KAM3414907.1,1777,1551,2330,11,12,0,10,18,6,20,14,15,33,35,33
KAM3414908.1,324,301,372,2,0,0,2,7,2,14,3,4,15,3,19
KAM3414909.1,23,50,55,0,0,0,2,4,2,0,0,0,0,0,1
KAM3414910.1,627,327,567,4,0,0,2,8,2,2,5,3,0,10,13
KAM3414911.1,122,93,91,0,4,12,0,1,4,4,4,4,4,2,4
KAM3414912.1,345,238,444,2,0,0,0,2,2,0,0,0,2,0,2
KAM3414913.1,425,354,312,0,0,0,0,0,0,1,0,0,0,0,2
KAM3414915.1,18018,11521,14208,20,0,6,6,3,2,8,7,8,48,60,63
KAM3414916.1,2619,1926,1956,0,4,0,4,1,10,4,10,12,6,2,11
KAM3414917.1,1278,1574,1163,11,2,6,2,8,0,4,5,6,6,10,15
KAM3414918.1,2284,2246,2052,8,0,6,0,6,0,7,2,4,4,4,7
KAM3414919.1,2729,1930,1676,2,20,12,6,2,4,10,26,22,18,24,24
KAM3414920.1,64,42,60,0,0,0,0,0,0,1,0,0,0,2,1
KAM3414921.1,93,82,81,0,0,0,0,0,0,0,0,0,0,4,4
KAM3414922.1,478,352,367,0,0,0,0,0,2,0,2,5,8,2,6
KAM3414923.1,9204,7791,9333,27,36,30,44,56,44,21,44,52,94,107,108
KAM3414924.1,610,255,509,4,0,0,5,15,6,4,19,13,10,25,19
KAM3414925.1,3850,4145,3168,4,20,0,6,17,12,6,21,11,10,12,23
KAM3414926.1,6387,9538,7607,24,24,42,17,10,16,23,30,14,64,59,153
KAM3414927.1,522,438,658,2,0,0,4,4,2,10,4,4,14,6,12
KAM3414928.1,396,508,342,2,0,0,2,0,4,0,0,4,6,6,4
KAM3414929.1,999,1138,931,10,0,12,6,9,7,11,5,33,8,6,27
KAM3414930.1,39,32,40,0,0,0,1,3,0,0,2,0,0,0,0
KAM3414932.1,11567,10656,12952,16,12,24,30,72,40,55,144,127,55,30,53
KAM3414933.1,22705,23907,16877,48,86,30,16,16,22,10,20,10,89,40,111
KAM3414934.1,75,115,83,0,0,0,0,3,0,0,0,0,0,1,0
KAM3414935.1,182,120,297,0,0,0,0,0,0,2,1,0,6,2,3
KAM3414936.1,1088,801,607,0,0,0,0,2,0,2,2,2,4,2,6
KAM3414937.1,354,305,321,1,0,0,0,0,0,0,0,0,2,9,5
KAM3414938.1,561,495,528,6,0,0,11,4,4,2,2,2,15,8,12
KAM3414939.1,46,28,87,0,0,0,0,0,0,0,0,0,1,0,0
KAM3414940.1,416,549,896,0,0,0,0,4,0,0,0,3,2,9,7
KAM3414941.1,1123,1203,1035,9,4,0,2,2,14,10,11,7,8,18,16
KAM3414942.1,13288,13064,11301,18,30,30,7,34,12,28,26,34,16,12,31
KAM3414943.1,3618,3665,5944,11,8,9,2,3,2,11,9,5,9,4,2
KAM3414944.1,624,580,791,6,4,0,5,13,4,7,5,13,22,18,20
KAM3414945.1,262,332,205,0,0,0,0,0,2,0,1,2,4,4,3
KAM3414946.1,171,246,212,2,0,0,2,0,4,2,6,4,1,4,6
KAM3414947.1,328,313,451,0,0,0,0,2,0,2,2,6,2,4,2
KAM3414948.1,3492,2985,2425,10,4,12,8,10,10,9,8,20,10,15,12
KAM3414949.1,1374,1437,1581,2,0,6,8,20,7,8,8,8,6,4,8
KAM3414950.1,10540,9520,10633,25,12,24,26,22,31,59,83,74,52,64,66
KAM3414951.1,4461,3657,5073,0,0,6,0,0,0,4,10,12,0,2,2
KAM3414954.1,80,53,171,0,0,0,2,7,0,3,4,0,8,0,5
KAM3414955.1,3607,3235,3934,18,12,24,18,38,35,14,16,30,37,45,61
KAM3414956.1,6077,6292,7764,28,28,42,27,31,34,28,44,42,44,48,65
KAM3414957.1,47,31,38,0,0,0,0,0,0,0,0,0,0,2,1
KAM3414958.1,21,19,9,0,0,0,0,0,0,0,0,0,0,0,0
KAM3414959.1,45,65,121,4,0,0,0,0,0,0,2,0,6,2,2
KAM3414960.1,15,19,63,0,0,0,0,0,0,0,0,0,0,0,0
KAM3414961.1,190,154,135,2,4,6,0,0,10,2,0,1,2,4,14
KAM3414962.1,886,623,970,0,0,6,10,16,12,8,8,8,15,28,30
KAM3414963.1,32,19,54,0,0,0,0,0,0,0,0,0,0,0,0
KAM3414964.1,60,42,93,0,0,0,0,1,0,1,0,0,0,0,0
KAM3414965.1,15896,10771,15360,2,0,12,26,57,57,26,30,26,30,35,63
KAM3414966.1,523,362,529,0,4,0,0,11,2,3,4,2,2,10,8
KAM3414967.1,3084,2484,3155,21,4,0,17,14,36,13,8,23,53,62,60
KAM3414968.1,15773,15073,10769,70,34,90,17,21,9,29,12,10,53,87,143
KAM3414969.1,168,107,179,2,0,0,0,0,4,1,2,0,0,1,2
KAM3414970.1,719,822,729,4,0,12,6,2,4,5,4,0,8,6,10
KAM3414972.1,309,419,519,0,0,0,2,0,0,6,15,24,4,2,0
KAM3414973.1,2159,1612,2036,14,20,0,6,10,6,12,12,14,22,25,30
KAM3414974.1,548,511,555,2,0,24,3,2,7,1,2,5,14,5,20
KAM3414975.1,141,133,235,0,0,0,3,0,5,5,0,1,2,1,2
KAM3414976.1,15,10,11,0,0,0,3,0,0,4,1,0,4,0,0
KAM3414977.1,18097,12008,14749,9,6,12,78,128,142,71,133,106,308,495,444
KAM3414978.1,1232,799,1070,0,0,0,6,6,4,6,6,8,26,6,24
KAM3414979.1,4632,3848,3854,10,12,36,31,18,10,27,22,27,27,40,47
KAM3414980.1,858,381,558,0,0,0,0,4,0,4,0,2,0,4,4
KAM3414981.1,178,151,220,0,0,0,0,0,0,0,4,4,2,0,3
KAM3414982.1,2782,2852,1741,10,16,6,6,3,1,12,0,17,12,14,16
KAM3414983.1,596,518,507,8,0,0,6,2,5,2,7,6,5,6,8
KAM3414984.1,535,330,481,0,0,0,5,0,7,4,8,2,2,2,0
KAM3414985.1,61,96,129,0,0,0,0,0,0,0,0,2,2,6,0
KAM3414986.1,5002,4084,4398,22,18,24,20,19,23,13,18,23,45,57,112
KAM3414987.1,3263,2254,2898,8,16,0,11,18,18,8,14,12,22,14,56
KAM3414988.1,2487,1764,2112,4,6,12,4,6,6,15,2,14,9,6,28
KAM3414989.1,1738,1503,1849,8,8,0,8,12,4,4,8,10,13,8,10
KAM3414990.1,370,433,458,0,0,0,0,0,0,3,4,2,2,0,1
KAM3414991.1,40181,30272,26499,16,12,18,58,103,105,128,115,180,145,136,142
KAM3414992.1,1366,1551,1490,2,4,6,2,8,6,3,12,8,0,3,0
KAM3414993.1,398,329,380,0,0,0,2,2,0,4,2,0,0,0,2
KAM3414994.1,2417,1879,2059,12,0,6,18,14,2,6,6,8,34,10,31
KAM3414995.1,30373,26238,21995,64,12,87,31,52,54,50,53,45,70,89,155
KAM3414996.1,42,40,16,0,0,0,0,0,0,0,0,0,0,1,0
KAM3414997.1,1042,1042,2224,4,0,12,2,0,0,5,4,0,0,0,2
KAM3414998.1,25375,22646,26850,8,20,18,2,4,0,8,0,10,6,8,16
KAM3414999.1,1377,1172,3176,6,4,12,0,0,0,6,4,3,38,14,45
KAM3415000.1,69,45,83,0,4,0,0,0,0,0,2,0,0,0,0
KAM3415001.1,556,529,898,4,2,0,0,4,2,0,0,2,4,5,2
KAM3415002.1,8897,5922,5889,4,10,12,0,8,0,10,10,12,8,18,26
KAM3415003.1,3327,1756,2787,2,8,0,7,24,19,32,34,23,76,83,81
KAM3415004.1,7983,7636,7244,14,12,36,4,16,8,6,18,22,16,7,4
KAM3415005.1,12524,13977,12932,12,20,6,40,12,35,11,11,8,64,71,81
KAM3415006.1,8057,7637,5953,20,4,6,4,10,6,12,14,8,16,18,27
KAM3415007.1,459,481,576,2,4,0,0,2,2,4,1,3,0,6,10
KAM3415008.1,9014,7458,9436,61,58,72,37,62,38,66,74,74,147,159,94
KAM3415009.1,115,118,123,0,0,0,2,0,0,0,0,0,0,2,2
KAM3415010.1,173,203,415,7,8,0,0,4,2,2,1,7,6,7,9
KAM3415011.1,8675,6138,9235,32,20,36,30,42,35,54,52,46,82,110,116
KAM3415012.1,2734,2326,3045,10,4,12,14,16,32,20,10,14,31,23,37
KAM3415013.1,357,329,535,2,0,0,2,2,2,2,0,4,2,2,3
KAM3415014.1,1662,1149,3643,2,0,6,4,8,4,10,8,9,14,10,10
KAM3415015.1,462,568,517,0,0,0,0,8,2,2,8,2,10,26,20
KAM3415016.1,549,582,695,4,4,12,4,2,2,2,4,2,12,8,18
KAM3415017.1,1050,1259,1481,8,0,12,6,11,22,12,4,12,16,24,23
KAM3415018.1,275,295,367,2,0,6,3,0,0,4,0,6,0,0,10
KAM3415019.2,7121,5897,20824,8,6,0,5,10,2,9,26,11,312,75,156
KAM3415020.1,812,589,660,0,0,12,6,13,4,5,10,9,8,4,22
KAM3415021.1,3873,1881,3774,2,0,0,2,2,2,4,12,5,4,22,6
KAM3415022.1,832,843,1147,2,4,0,2,4,2,0,0,10,5,6,10
KAM3415023.1,339,215,493,0,0,0,0,0,2,4,8,2,10,0,5
KAM3415024.1,731,671,645,4,4,6,0,12,6,0,0,4,9,4,2
KAM3415025.1,533,521,690,12,0,0,2,4,0,2,6,2,4,7,4
KAM3415026.1,832,539,1375,5,0,3,10,7,6,13,9,10,8,18,12
KAM3415027.1,5777,5236,4637,31,44,30,27,33,10,15,11,12,74,75,74
KAM3415028.1,14452,15279,10083,6,16,18,4,2,6,10,4,20,13,14,27
KAM3415030.1,8498,7843,8366,9,4,6,5,8,2,12,20,25,14,22,41
KAM3415032.1,215,133,233,0,4,0,0,1,0,2,0,0,0,0,3
KAM3415033.1,3344,2674,4103,12,16,18,23,14,26,37,37,38,75,45,98
KAM3415034.1,808,796,944,2,8,0,6,5,2,6,14,14,6,2,6
KAM3415035.1,937,856,1356,0,0,0,0,0,0,0,2,0,7,0,2
KAM3415036.1,171,230,108,0,0,0,0,0,0,0,0,0,0,0,0
KAM3415037.1,4320,4102,3075,6,16,24,10,8,6,12,13,20,14,16,13
KAM3415038.1,1806,1657,2239,2,4,12,8,20,16,24,10,14,23,34,39
KAM3415039.1,412,335,456,0,0,0,2,8,8,0,4,2,15,6,24
KAM3415040.1,459,424,590,0,4,3,5,3,1,0,10,4,0,2,1
KAM3415041.1,1184,1018,1113,0,0,0,8,4,5,4,5,0,2,1,5
KAM3415042.1,864,1055,838,4,4,6,6,4,3,1,4,6,10,6,11
KAM3415043.1,1359,1260,1370,4,8,6,2,4,3,10,12,10,3,4,5
KAM3415044.1,14219,14237,20079,26,32,36,36,41,34,48,34,42,127,98,100
KAM3415045.1,439,512,924,0,0,0,0,4,8,0,6,4,6,3,4
KAM3415046.1,377,349,406,0,4,0,8,2,2,2,4,2,2,12,5
KAM3415047.1,4547,3046,4383,20,0,24,14,11,36,20,18,20,34,34,75
KAM3415048.1,818,973,858,2,0,0,4,4,0,12,0,7,8,18,6
KAM3415049.1,1829,2353,2271,2,12,12,8,0,2,0,6,4,23,34,21
KAM3415050.1,29,16,45,0,0,0,0,0,0,0,1,0,0,0,0
KAM3415051.1,50,25,83,0,0,0,0,0,7,3,0,2,0,1,0
KAM3415052.1,43,52,65,0,0,0,0,0,1,1,0,4,0,3,0
KAM3415053.1,63,87,96,0,0,0,0,0,0,0,2,0,2,0,2
KAM3415054.1,1873,1594,2024,6,8,6,8,6,8,16,6,6,10,5,4
KAM3415055.1,19974,15331,15448,12,22,30,6,12,5,9,4,11,65,29,46
KAM3415056.1,26,37,40,0,0,0,0,0,0,4,0,0,1,0,0
KAM3415057.1,3609,3628,2562,20,16,18,4,10,12,10,8,22,39,35,33
KAM3415058.1,100,91,118,2,0,6,4,2,2,1,0,1,0,2,4
KAM3415059.1,1887,1420,1961,2,4,0,16,16,16,24,2,18,13,40,15
KAM3415060.1,275,223,410,4,4,12,2,2,0,0,0,7,2,4,6
KAM3415061.1,946,797,668,0,0,0,0,2,0,4,2,5,7,6,4
KAM3415062.1,5352,5592,4763,32,16,42,10,16,12,8,17,27,41,35,39
KAM3415063.1,13682,14281,13622,14,32,30,16,32,32,60,84,101,53,37,50
KAM3415064.1,4856,4194,4845,10,8,15,30,48,20,47,94,60,40,20,34
KAM3415065.1,76,82,82,0,0,0,0,0,0,0,2,0,0,2,2
KAM3415066.1,528,613,583,0,0,0,0,0,0,0,0,0,0,0,2
KAM3415067.1,445,493,516,2,0,0,0,0,5,4,3,4,4,9,10
KAM3415068.1,629,443,792,8,0,0,4,3,4,5,12,4,12,9,13
KAM3415069.1,5000,4242,3885,6,16,12,3,12,16,7,17,11,19,16,23
KAM3415070.1,2425,2647,2540,8,0,12,2,2,0,4,4,12,19,18,20
KAM3415071.1,300,369,486,0,0,0,8,4,15,3,8,0,5,10,10
KAM3415072.1,11866,9453,13559,32,28,72,92,104,96,65,54,49,297,247,338
KAM3415073.1,1341,1482,1461,12,8,6,7,14,7,29,4,5,26,16,26
KAM3415074.1,15824,16843,22237,43,28,33,27,43,23,60,78,52,92,62,130
KAM3415075.1,703,710,1352,0,0,0,4,8,4,2,10,5,6,7,11
KAM3415076.1,2467,2046,2789,6,0,12,10,23,25,22,6,20,31,51,36
KAM3415077.1,2023,2033,1566,4,16,0,0,8,2,2,8,3,19,8,28
KAM3415078.1,337,331,470,3,0,18,0,0,0,0,0,2,4,5,6
KAM3415079.1,11015,10347,10140,33,22,60,17,28,31,17,23,13,60,63,141
KAM3415080.1,9232,10422,11815,10,20,12,0,4,4,12,8,6,4,4,8
KAM3415081.1,1041,1489,994,10,4,6,4,3,9,8,2,10,5,6,12
KAM3415082.1,597,594,529,0,0,0,8,0,2,0,0,0,10,4,15
KAM3415083.1,1894,2302,2019,8,12,6,2,2,5,20,14,14,18,10,23
KAM3415084.1,2511,2216,2894,6,4,3,8,8,11,8,6,16,31,55,77
KAM3415086.1,178,98,147,0,0,0,2,4,4,4,0,0,0,2,9
KAM3415088.1,60,34,51,0,0,0,0,0,0,1,0,0,0,0,0
KAM3415089.1,571,620,1280,1,0,0,0,0,0,0,5,1,0,0,1
KAM3415090.1,1984,2013,2069,4,8,0,6,0,0,5,0,4,4,4,5
KAM3415091.1,9999,8727,9400,12,10,27,18,19,10,16,26,35,51,45,44
KAM3415092.1,2810,2780,1895,0,0,0,0,2,0,0,0,2,2,4,8
KAM3415093.1,2485,2401,3337,1,16,0,0,7,0,10,2,7,4,0,2
KAM3415095.1,3227,2498,7179,7,12,12,0,0,6,6,3,6,0,0,7
KAM3415096.1,103,125,116,1,0,0,1,2,0,0,0,0,2,0,0
KAM3415097.1,2459,2014,2338,10,4,0,18,8,10,13,16,9,32,33,32
KAM3415098.1,1217,1332,832,2,0,6,2,0,1,5,2,2,4,2,3
KAM3415099.1,129410,116622,104792,72,82,96,65,101,58,214,337,348,115,131,200
KAM3415100.1,17949,14078,22026,10,6,18,4,1,1,12,11,9,4,12,2
KAM3415104.1,45,32,42,0,0,0,0,1,0,0,0,0,0,0,0
KAM3415105.1,5810,5254,4919,8,22,3,8,17,5,11,2,8,10,21,19
KAM3415106.1,144,156,343,0,0,0,0,0,0,3,0,0,3,5,3
KAM3415107.1,0,1,2,0,0,0,0,0,0,0,0,0,0,0,0
KAM3415108.1,21,28,25,0,0,0,0,0,0,0,0,0,0,0,0
KAM3415109.1,1545,1815,2460,0,0,0,2,3,0,4,5,8,12,6,17
KAM3415110.1,1277,1646,1149,0,4,6,0,2,0,4,7,6,0,8,2
KAM3415111.1,467,512,555,2,4,0,6,4,0,8,2,6,8,2,11
KAM3415112.1,1463,1124,3027,0,8,0,4,14,4,14,15,31,10,8,14
KAM3415113.1,784,484,929,1,0,0,2,2,2,4,4,2,1,2,0
KAM3415115.1,154,106,244,0,0,0,2,0,6,2,2,2,2,0,1
KAM3415117.1,1600,1410,1598,5,0,0,3,5,12,9,8,11,12,16,22
KAM3415118.1,3139,3931,1766,0,4,0,2,2,0,4,8,2,9,2,9
KAM3415120.1,229,308,204,0,0,6,0,2,0,0,1,2,0,9,1
KAM3415121.1,1060,1139,1325,6,12,0,0,2,0,0,4,6,6,6,8
KAM3415122.1,612,753,1103,0,0,0,0,1,3,2,0,2,2,8,22
KAM3415123.1,1821,1808,2391,0,6,0,4,0,0,2,0,3,2,1,14
KAM3415124.1,984,1063,888,11,2,6,8,2,4,7,12,5,11,11,15
KAM3415125.1,51,51,76,1,0,0,0,0,0,0,1,0,0,0,0
KAM3415127.1,776,708,707,0,4,0,2,1,2,2,0,4,4,4,11
KAM3415128.1,338,432,299,0,0,0,0,0,0,0,1,1,0,1,0
KAM3415129.1,1307,1294,1069,0,4,0,0,4,4,6,6,10,2,6,3
KAM3415130.1,179,138,200,0,0,0,0,2,0,1,0,0,0,0,0
KAM3415131.1,1029,1047,763,0,0,0,0,0,0,0,0,0,1,0,6
KAM3415132.1,765,529,914,2,0,0,4,0,2,9,15,16,7,6,4
KAM3415133.1,2,0,8,0,0,0,0,0,0,0,0,0,0,0,0
KAM3415134.1,138,274,210,0,0,9,0,6,2,0,1,0,4,2,1
KAM3415135.1,12,2,4,0,0,0,0,0,0,0,0,0,0,0,0
KAM3415136.1,0,0,0,0,0,0,0,0,0,0,0,0,0,0,0
KAM3415137.1,0,0,0,0,0,0,0,0,0,0,0,0,0,0,0
KAM3415138.1,75,139,147,0,0,0,0,0,0,0,0,0,0,0,0
KAM3415139.1,2060,1931,2780,8,0,0,32,30,18,17,9,16,4,4,15
KAM3415140.1,15,1,15,0,0,0,0,0,0,0,0,0,0,0,0
KAM3415141.1,18,13,16,0,0,0,0,0,0,0,0,0,0,0,0
KAM3415142.1,25,9,16,0,0,0,0,0,0,4,0,2,0,2,0
KAM3415143.1,86,77,366,0,4,0,0,2,2,5,2,2,0,0,4
KAM3415144.1,26,9,70,0,0,0,0,0,0,1,0,0,26,4,2
KAM3415145.1,153,178,776,0,0,0,0,0,0,0,0,4,80,14,20
KAM3415146.1,30,14,92,0,0,0,0,0,0,0,0,0,16,4,16
KAM3415147.1,11,8,19,0,0,0,0,0,0,0,0,0,2,0,6
KAM3415148.1,4,6,56,0,0,0,0,0,0,0,0,0,10,0,13
KAM3415149.1,10,6,60,0,0,0,0,0,0,0,0,0,16,10,10
KAM3415150.1,29,26,70,0,4,0,0,0,0,0,0,0,8,0,0
KAM3415152.1,2181,2587,2354,4,0,0,2,2,6,6,8,10,10,15,10
KAM3415153.1,2085,2042,2517,6,8,12,0,6,4,0,12,6,10,6,9
KAM3415154.1,425,380,1155,4,2,0,2,2,0,2,2,0,111,38,61
KAM3415155.1,7082,5527,10082,3,8,0,6,18,12,12,20,18,10,12,20
KAM3415156.1,56124,48613,48015,151,112,183,112,145,101,246,274,373,257,264,547
KAM3415157.1,851,788,1304,2,2,0,2,0,4,6,12,4,6,10,10
KAM3415159.1,4,6,8,0,0,0,0,0,0,0,0,0,0,0,0
KAM3415160.1,565,310,694,0,0,0,2,0,2,1,2,2,2,6,5
KAM3415161.1,1059,1147,1657,10,32,30,2,4,12,4,9,18,20,19,35
KAM3415162.1,565,541,740,12,0,0,2,4,2,16,14,11,16,15,17
KAM3415164.1,33,15,56,0,0,0,0,0,0,2,0,0,0,0,2
KAM3415165.1,129,104,102,0,0,0,0,3,4,0,4,2,0,0,2
KAM3415166.1,30,30,50,0,0,0,0,0,0,0,0,0,0,0,0
KAM3415167.1,34,40,51,2,0,0,0,2,0,0,2,4,0,0,0
KAM3415168.1,748,325,976,0,0,0,2,10,8,53,64,52,4,4,12
KAM3415169.1,14,22,42,0,0,0,0,2,0,2,0,0,0,0,0
KAM3415170.1,6,8,3,0,0,0,0,0,0,0,0,0,0,0,0
KAM3415171.1,575,404,448,1,4,0,2,2,4,2,0,1,2,6,2
KAM3415172.1,884,640,2576,0,0,0,6,0,1,18,7,14,12,18,6
KAM3415173.1,7,2,4,0,0,0,0,0,0,0,0,0,2,2,2
KAM3415174.1,15271,13887,10503,79,48,90,5,12,8,12,24,17,594,599,1091
KAM3415177.1,3941,3804,2799,10,12,15,0,2,0,4,4,0,56,75,87
KAM3415178.1,1051,837,923,0,0,0,0,0,0,2,2,2,0,0,2
KAM3415179.1,16,12,8,0,0,0,0,0,0,0,0,0,0,2,2
KAM3415180.1,0,0,2,0,0,0,0,0,0,0,0,0,0,0,0
KAM3415181.1,2,0,3,0,0,0,0,0,0,0,0,0,0,0,0
KAM3415182.1,440,456,672,2,4,0,0,0,4,0,1,4,1,1,6
KAM3415183.1,156,130,316,0,0,0,0,0,0,0,0,3,0,1,0
KAM3415184.1,0,0,0,0,0,0,0,0,0,0,0,0,0,0,0
KAM3415185.1,2,0,0,0,0,0,0,0,0,0,0,0,0,0,0
KAM3415186.1,0,4,8,0,0,0,0,0,0,0,0,0,0,0,0
KAM3415187.1,2026,886,1473,0,0,0,0,2,0,0,2,4,0,4,6
KAM3415188.1,1,0,5,0,0,0,0,0,0,0,0,0,0,0,0
KAM3415189.1,4,0,2,0,0,0,0,0,0,0,0,0,0,0,0
KAM3415190.1,0,0,1,0,0,0,0,0,0,0,0,0,0,0,0
KAM3415191.1,0,0,0,0,0,0,0,0,0,0,0,0,0,0,0
KAM3415192.1,177,159,266,0,0,3,0,0,3,0,1,2,0,0,0
KAM3415193.1,4,12,9,0,0,0,0,0,0,0,0,0,0,0,0
KAM3415194.1,4,0,0,0,0,0,0,0,0,0,0,0,0,0,0
KAM3415195.1,1,2,4,0,0,0,0,0,0,0,0,0,0,0,0
KAM3415196.1,638,505,1037,2,8,0,0,2,0,5,0,5,10,0,0
KAM3415197.1,424,217,597,0,0,0,6,6,0,1,4,2,0,2,0
KAM3415198.1,445,329,489,0,0,0,4,0,6,4,2,4,2,6,0
KAM3415199.1,400,345,280,0,0,6,0,0,0,1,0,0,6,0,12
KAM3415200.1,705,850,1263,2,0,0,0,0,8,2,5,2,0,2,8
KAM3415201.1,4948,2941,3952,4,4,6,8,26,16,50,39,26,12,14,14
KAM3415202.1,55,65,40,2,0,0,0,5,0,0,0,0,0,0,0
KAM3415203.1,20963,10055,12591,0,0,0,1,11,4,23,24,40,0,5,6
KAM3415204.1,137,84,144,0,0,0,0,0,0,0,0,6,0,0,0
KAM3415205.1,9,13,11,0,0,0,0,0,0,0,0,0,0,0,0
KAM3415206.1,3,6,14,0,0,0,0,0,1,0,0,0,0,0,0
KAM3415207.1,0,0,2,0,0,0,0,0,0,0,0,0,0,0,0
KAM3413634.1,593,331,1338,0,4,0,0,0,2,0,2,4,20,14,30
KAM3413635.1,159,84,239,0,8,0,0,0,2,0,6,6,8,0,2
KAM3413636.1,1970,2046,1994,9,0,6,10,6,4,6,11,6,22,34,34
KAM3413637.1,1985,2679,1790,4,0,0,2,6,8,8,2,5,24,17,16
KAM3413638.1,1055,1102,850,0,12,6,2,4,8,8,12,18,2,0,6
KAM3413639.1,24331,24474,31548,14,36,12,14,42,38,114,143,112,87,147,135
KAM3413641.1,11471,12831,18373,16,4,0,8,12,6,4,10,22,20,12,12
KAM3413642.1,249,315,781,0,4,0,0,0,0,0,0,2,0,4,0
KAM3413643.1,95,148,237,0,0,6,0,2,1,0,4,0,0,0,0
KAM3413644.1,68,54,130,0,0,0,1,0,0,0,0,0,0,0,2
KAM3413645.1,1922,1440,2675,2,4,0,0,9,0,8,26,24,20,20,20
KAM3413646.1,3099,3103,3439,12,16,18,6,16,21,20,6,17,14,24,26
KAM3413647.1,20,5,46,0,0,0,0,0,0,0,0,0,0,0,0
KAM3413648.1,28,18,27,0,0,0,0,0,0,0,4,0,0,0,0
KAM3413649.1,85,45,64,0,0,0,0,2,0,0,0,0,0,3,0
KAM3413650.1,39,20,71,0,0,0,0,0,0,0,0,2,2,1,0
KAM3413651.1,187,98,328,0,0,0,2,1,0,8,2,2,4,2,2
KAM3413652.1,183,153,153,0,0,0,0,2,0,1,0,4,4,4,4
KAM3413653.1,455,316,394,0,2,3,0,0,1,1,0,0,1,0,1
KAM3413654.1,500,371,473,0,2,3,0,0,0,2,0,4,5,4,5
KAM3413655.1,582,283,748,0,4,6,0,0,0,0,0,4,0,0,3
KAM3413656.1,3818,4780,3055,12,16,6,6,8,5,12,18,16,6,10,20
KAM3413657.1,4651,4299,3813,16,20,6,10,22,4,12,6,10,8,18,28
KAM3413658.1,1224,1923,2138,0,0,12,2,4,0,0,0,3,4,3,12
KAM3413659.1,780,629,879,4,0,6,10,10,8,8,15,15,11,4,8
KAM3413660.1,121,92,364,0,4,0,2,0,0,2,0,6,2,4,14
KAM3413661.1,3698,2602,2988,10,16,24,18,18,14,20,16,22,22,38,25
KAM3413662.1,19,26,25,0,0,0,0,0,0,0,0,0,0,0,0
KAM3413663.1,1299,1586,1422,2,0,6,0,2,8,16,6,8,0,2,9
KAM3413664.1,696,1009,814,3,4,0,2,0,2,0,2,2,6,4,8
KAM3413665.1,196,184,200,0,0,0,2,2,2,1,2,0,6,2,1
KAM3413666.1,153,152,216,4,0,3,0,3,0,2,2,6,3,4,0
KAM3413667.1,12,18,34,0,0,0,0,0,0,0,0,0,0,0,0
KAM3413668.1,884,857,790,0,4,6,2,4,0,2,3,4,2,2,6
KAM3413669.1,201,143,397,0,0,0,2,0,0,0,3,0,0,2,0
KAM3413670.1,7467,9353,12287,14,8,18,2,0,0,0,0,0,8,8,5
KAM3413671.1,370,348,673,0,0,0,6,6,3,0,4,0,0,4,2
KAM3413672.1,155,160,146,2,0,0,0,2,0,2,6,0,4,2,3
KAM3413673.1,1617,1290,2813,4,0,0,2,0,1,0,10,4,0,0,0
KAM3413674.1,112,94,123,0,0,0,0,0,0,2,4,0,0,0,0
KAM3413675.1,26,18,44,0,0,0,0,0,0,0,4,2,2,0,0
KAM3413676.1,1810,1082,1032,2,0,0,0,4,6,0,4,0,4,2,4
KAM3413677.1,38,35,16,0,0,0,2,0,0,4,0,0,0,0,2
KAM3413678.1,15,37,34,0,0,0,0,0,0,2,0,0,0,0,2
KAM3413679.1,64,60,89,0,0,0,3,0,1,1,0,0,0,2,2
KAM3413680.1,150,108,286,0,0,0,0,0,0,0,0,0,0,2,0
KAM3413681.1,525,665,801,0,0,6,2,8,4,4,13,6,4,7,6
KAM3413682.1,2366,2384,2357,9,8,15,10,7,14,4,5,16,37,49,39
KAM3413683.1,1735,1717,1904,12,16,6,2,8,12,6,4,8,26,18,24
KAM3413684.1,1944,1706,1934,10,16,18,10,15,24,10,28,28,49,64,70
KAM3413685.1,11584,10707,10546,18,12,0,23,26,27,26,16,24,156,212,206
KAM3413686.1,250,251,200,2,4,6,0,2,6,2,0,0,2,0,4
KAM3413687.1,130,76,44,0,0,0,0,0,0,4,2,1,0,2,0
KAM3413688.1,22,10,12,0,0,0,0,0,0,0,0,0,0,0,0
KAM3413689.1,0,1,0,0,0,0,0,0,0,0,0,0,0,0,0
KAM3413690.1,230,191,350,2,4,0,0,0,4,2,2,0,6,0,2
KAM3413691.1,2389,1648,2377,0,0,24,6,28,6,6,5,14,22,8,26
KAM3413692.1,415,442,451,6,0,6,2,0,4,6,4,2,4,0,1
KAM3413693.1,187,151,206,0,0,0,5,4,0,2,4,2,4,12,9
KAM3413694.1,97,63,144,0,0,0,3,0,2,1,0,0,4,5,3
KAM3413695.1,2216,2168,2268,4,4,18,4,2,2,10,8,8,6,16,20
KAM3413696.1,5864,6252,7052,6,4,6,10,6,10,16,12,17,30,38,39
KAM3413697.1,192,165,314,0,0,0,0,0,0,0,0,0,2,2,1
KAM3413698.1,224,229,446,0,0,0,0,0,0,0,0,0,0,0,0
KAM3413699.1,69,58,74,0,0,0,0,0,0,0,0,0,0,0,0
KAM3413700.1,40,27,60,0,0,0,0,0,0,0,0,0,0,0,0
KAM3413701.1,53,53,70,0,0,0,0,0,0,0,0,0,0,0,0
KAM3413702.1,307,337,363,0,0,0,4,0,0,2,0,0,2,2,0
KAM3413703.1,16538,15879,17381,36,48,42,36,57,12,24,34,43,96,80,96
KAM3413704.1,3249,2885,2713,2,0,0,0,8,6,10,13,18,25,16,39
KAM3413705.1,143,79,65,4,0,0,0,0,2,0,3,2,0,2,3
KAM3413706.1,808,513,1074,2,0,0,4,5,6,10,2,1,2,0,5
KAM3413708.1,663,392,625,8,4,6,0,1,2,0,8,2,2,6,4
KAM3413709.1,408,408,566,0,0,0,0,6,4,10,8,6,4,4,5
KAM3413711.1,448,480,548,2,0,12,0,4,2,4,8,2,2,2,0
KAM3413712.1,441,532,608,0,0,0,4,7,4,0,0,0,28,15,22
KAM3413713.1,1326,1732,2805,4,4,0,2,8,0,0,6,10,26,16,12
KAM3413714.1,3070,3355,2802,36,16,18,8,16,10,16,12,22,16,20,16
KAM3413715.1,707,814,567,4,4,0,4,1,1,6,2,1,4,6,4
KAM3413716.1,77,56,66,0,0,0,0,0,0,0,0,0,2,0,0
KAM3413718.1,80,99,95,0,0,0,0,2,0,2,2,3,0,0,6
KAM3413719.1,51,29,80,0,0,0,0,2,0,0,2,0,0,0,0
KAM3413721.1,1004,798,812,8,8,12,0,6,0,7,10,10,10,6,10
KAM3413723.1,246,229,298,0,0,0,0,8,2,2,2,5,4,0,4
KAM3413724.1,1302,854,1019,4,16,6,8,40,16,63,76,111,25,32,66
KAM3413725.1,753,790,1195,4,4,0,0,6,3,12,12,12,0,0,8
KAM3413726.1,865,455,400,0,0,6,1,2,0,5,10,4,3,2,5
KAM3413727.1,19876,22625,10813,2,0,0,10,16,12,20,21,10,43,42,92
KAM3413728.1,1873,1613,1341,0,0,0,2,0,2,0,3,0,2,11,4
KAM3413729.1,1821,1016,594,6,0,0,0,4,1,0,0,2,8,8,4
KAM3413730.1,275,224,200,0,0,0,0,4,0,0,0,2,4,2,2
KAM3413731.1,6222,4215,4119,18,16,24,6,13,5,15,21,22,44,40,50
KAM3413732.1,719,526,668,0,0,0,6,11,10,14,10,19,14,25,24
KAM3413733.1,261,189,252,0,0,0,0,2,4,5,0,2,2,6,0
KAM3413734.1,2545,2649,2196,8,0,6,0,8,10,7,8,10,7,19,15
KAM3413735.1,0,0,0,0,0,0,0,0,0,0,0,0,0,2,0
KAM3413736.1,283,360,438,2,0,0,4,4,0,0,4,0,4,6,4
KAM3413737.1,347,386,354,0,0,6,3,4,2,2,4,11,2,0,2
KAM3413738.1,796,938,734,2,0,0,8,0,10,4,2,0,6,5,4
KAM3413739.1,66,12,101,0,0,0,0,2,0,0,0,0,52,14,33
KAM3413740.1,25,25,42,0,0,0,0,0,1,0,2,2,0,0,0
KAM3413741.1,6,6,9,0,0,0,0,0,0,2,0,1,0,0,0
KAM3413742.1,15,11,38,0,4,12,0,0,0,0,0,0,0,0,3
KAM3413743.1,449,243,479,4,0,0,0,0,1,1,0,1,3,2,5
KAM3413744.1,928,740,746,10,0,0,6,8,2,6,7,20,14,18,18
KAM3413745.1,957,907,889,0,4,6,10,8,12,14,2,12,6,17,8
KAM3413747.1,124,89,163,0,0,0,2,0,2,10,0,0,2,4,4
KAM3413748.1,1907,1280,1650,0,0,6,0,1,4,2,2,10,0,4,4
KAM3413749.1,876,1102,964,2,0,18,2,1,4,4,5,3,11,7,11
KAM3413750.1,0,4,6,0,0,0,0,0,0,0,0,0,0,0,0
KAM3413751.1,1,8,0,0,0,0,0,0,0,0,0,0,0,0,0
KAM3413752.1,1569,1450,1478,18,8,0,2,8,6,7,4,6,13,18,31
KAM3413753.1,196,236,146,0,0,0,0,2,7,7,0,3,0,3,0
KAM3413755.1,366,282,552,0,0,0,0,4,2,3,2,9,2,7,0
KAM3413756.1,768,856,862,8,8,0,0,0,5,2,4,0,12,6,26
KAM3413757.1,1611,1666,1240,3,4,0,12,13,7,3,0,18,26,28,28
KAM3413759.1,12960,13023,12302,49,32,57,96,50,77,27,21,53,90,102,86
KAM3413761.1,1627,1467,1351,5,8,18,10,13,6,2,14,8,12,15,26
KAM3413762.1,13704,8319,11986,18,8,18,28,36,26,34,28,27,270,366,367
KAM3413763.1,888,900,1039,8,8,0,4,10,8,2,2,1,8,17,26
KAM3413764.1,321,181,293,0,0,0,0,0,0,2,0,0,0,1,2
KAM3413765.1,238,273,224,0,4,0,0,0,2,0,0,0,3,0,6
KAM3413766.1,47,104,86,0,0,0,0,0,0,0,0,0,0,0,0
KAM3413767.1,18,29,43,0,0,0,0,0,0,0,0,0,0,0,0
KAM3413768.1,4,8,43,0,0,0,0,0,0,0,0,0,2,0,0
KAM3413769.1,110,53,106,0,0,0,0,0,1,0,2,4,0,0,0
KAM3413770.1,186,243,385,0,0,0,2,0,0,5,6,8,0,0,1
KAM3413771.1,2664,2696,2892,8,8,9,35,10,13,20,14,20,22,16,29
KAM3413772.1,1383,1440,1765,2,4,6,0,6,4,7,5,18,3,5,18
KAM3413773.1,53,73,125,0,0,0,0,0,0,0,3,0,0,1,0
KAM3413774.1,72,37,138,0,0,0,0,0,4,0,6,6,0,1,2
KAM3413775.1,775,568,895,0,0,0,0,0,4,0,6,5,0,0,0
KAM3413776.1,37,28,31,0,0,0,0,0,0,0,0,1,0,0,0
KAM3413777.1,56,30,25,0,0,0,0,3,0,0,0,0,0,1,0
KAM3413778.1,441,201,311,0,4,0,0,3,6,2,0,6,2,0,5
KAM3413779.1,625,369,417,0,0,0,0,2,1,0,2,4,8,6,2
KAM3413780.1,0,6,0,0,0,0,0,0,0,0,0,0,0,0,0
KAM3413781.1,5597,4556,4572,62,32,36,32,32,47,26,38,48,66,89,92
KAM3413782.1,1246,836,1205,5,20,12,4,8,6,10,16,8,12,17,29
KAM3413783.1,1530,929,1171,0,0,0,4,5,7,8,3,11,0,4,4
KAM3413784.1,13,18,21,0,0,0,0,0,0,0,0,0,0,0,0
KAM3413785.1,16519,13735,16209,10,0,0,55,64,114,148,206,217,55,79,90
KAM3413786.1,33,30,75,0,0,0,1,0,0,5,4,6,3,6,3
KAM3413787.1,380,284,322,2,0,0,0,1,2,4,4,2,4,0,4
KAM3413788.1,194,207,172,2,0,0,4,0,0,0,0,2,0,0,0
KAM3413789.1,116,158,172,0,0,0,1,0,9,4,0,3,2,2,3
KAM3413790.1,3883,4161,2940,7,8,6,2,4,1,2,2,0,16,10,17
KAM3413791.1,176,50,196,0,0,0,0,0,0,2,0,1,0,0,0
KAM3413792.1,4574,3040,2838,12,16,0,6,14,6,6,20,34,4,3,12
KAM3413793.1,1782,2153,1635,2,0,3,2,4,2,4,1,13,8,4,19
KAM3413794.1,183,150,159,0,0,0,2,0,0,2,0,0,0,0,0
KAM3413795.1,44255,39090,32058,14,36,12,2,8,8,12,8,8,39,20,45
KAM3413796.1,8970,5839,8523,1,0,0,6,5,0,5,1,0,1,4,20
KAM3413797.1,2157,2309,1603,6,12,12,8,6,6,8,15,22,4,2,15
KAM3413798.1,4492,3883,2420,0,0,0,0,13,3,47,76,99,8,6,2
KAM3413799.1,989,1070,1037,3,4,6,3,9,2,20,16,18,0,13,2
KAM3413800.1,640,718,542,3,6,12,0,6,3,4,2,6,0,1,8
KAM3413801.1,4378,3642,4723,3,4,6,13,21,14,15,22,7,13,44,45
KAM3413802.1,2118,2503,2111,8,14,6,4,2,7,4,6,6,11,12,8
KAM3413804.1,7838,6636,5315,20,0,12,18,22,7,16,19,16,35,36,59
KAM3413805.1,2343,2037,1089,8,4,0,2,4,4,0,2,9,0,2,15
KAM3413806.1,1238,1001,1588,0,0,0,7,5,6,5,8,14,0,3,8
KAM3413807.1,451,543,382,0,4,0,2,2,4,2,2,13,0,0,3
KAM3413808.1,489,308,919,0,4,0,3,0,3,4,6,0,2,0,14
KAM3413809.1,878,491,1423,2,0,0,2,8,7,20,20,23,22,18,16
KAM3413810.1,518,328,653,0,8,0,8,2,0,5,2,4,4,2,2
KAM3413811.1,124,58,190,2,0,0,2,0,0,0,0,2,0,0,0
KAM3413812.1,3350,2720,5464,6,8,0,2,0,2,0,0,2,2,3,6
KAM3413813.1,893,1015,1057,8,12,24,0,9,2,2,8,6,6,12,17
KAM3413814.1,757,562,812,4,0,0,6,16,8,16,2,10,8,10,10
KAM3413815.1,97,112,146,0,0,0,0,2,5,2,3,0,0,0,0
KAM3413816.1,3071,2392,2099,6,0,12,6,2,0,6,16,18,12,10,8
KAM3413817.1,302,227,575,0,0,0,0,0,0,1,0,8,2,2,0
KAM3413818.1,601,579,868,4,4,0,3,5,0,10,9,2,4,3,4
KAM3413819.1,49872,35759,44859,22,8,0,19,56,43,15,25,51,31,19,43
KAM3413820.1,15401,19175,13500,0,2,0,1,0,0,0,0,2,7,6,9
KAM3413821.1,1758,1579,1541,22,16,24,8,12,10,2,6,22,21,12,19
KAM3413822.1,241,276,256,4,4,18,2,0,0,2,2,10,4,2,8
KAM3413823.1,108,76,182,0,0,0,4,10,39,12,20,30,34,13,44
KAM3413824.1,7318,5179,3624,27,6,18,13,29,16,16,23,30,57,33,64
KAM3413826.1,327,123,207,0,0,0,2,7,4,4,2,1,2,10,0
KAM3413827.1,50,39,114,0,0,0,0,0,0,7,2,0,0,4,2
KAM3413828.1,502,296,750,0,0,0,2,12,8,8,4,2,8,7,13
KAM3413829.1,231,147,181,0,0,0,0,0,1,0,2,1,4,2,1
KAM3413830.1,1032,1261,1033,8,24,6,6,0,2,0,0,6,6,8,8
KAM3413834.1,332,210,389,2,0,0,10,16,26,19,42,18,5,5,19
KAM3413835.1,453,284,606,0,0,0,2,0,4,4,12,6,4,4,8
KAM3413836.1,271,111,317,0,0,0,12,12,6,6,16,7,4,9,17
KAM3413837.1,791,363,899,0,0,0,18,20,40,34,56,50,9,3,21
KAM3413838.1,285,128,227,0,4,0,19,9,17,14,15,14,2,0,11
KAM3413839.1,232,179,286,0,0,0,0,4,2,6,2,17,4,2,0
KAM3413840.1,1043,1161,1196,2,4,0,6,0,0,4,2,4,8,18,18
KAM3413842.1,670,572,908,0,0,0,7,0,8,4,0,4,2,2,12
KAM3413844.1,100,59,99,2,0,0,0,0,0,0,0,0,2,6,0
KAM3413845.1,14044,9560,9301,43,28,33,30,46,58,27,47,59,98,117,139
KAM3413846.1,3752,3207,3686,31,28,33,17,11,10,18,24,33,41,60,52
KAM3413847.1,36233,25823,47043,235,176,282,56,65,56,39,55,50,320,359,594
KAM3413848.1,3500,3656,3711,5,8,6,6,7,8,6,7,8,17,17,24
KAM3413849.1,462,549,655,0,0,0,0,3,0,0,5,2,0,4,6
KAM3413850.1,13165,14006,16280,70,60,78,2,30,32,15,19,27,61,51,47
KAM3413851.1,2539,2212,2433,4,0,6,6,27,18,25,22,20,58,85,83
KAM3413852.1,117,84,108,0,4,0,4,6,0,0,0,2,0,1,0
KAM3413853.1,2910,1331,2579,4,0,0,12,2,12,9,8,10,77,45,104
KAM3413854.1,617,266,822,4,0,18,10,10,16,0,10,5,18,29,26
KAM3413855.1,2522,896,2744,8,0,0,4,7,8,4,6,6,45,61,66
KAM3413857.1,125,99,256,0,8,0,0,1,2,0,0,0,1,4,5
KAM3413860.1,413,577,663,1,8,0,7,5,4,5,0,10,2,10,10
KAM3413861.1,328,369,186,1,12,0,0,8,1,4,0,1,6,0,3
KAM3413862.1,835,631,784,4,4,0,2,10,4,4,4,6,3,10,8
KAM3413863.1,64,39,62,0,0,0,2,0,0,0,0,0,2,0,0
KAM3413864.1,216,282,251,2,0,0,0,2,4,4,2,4,2,2,2
KAM3413865.1,1823,1194,591,8,12,0,0,0,0,0,0,2,0,2,2
KAM3413866.1,531,370,501,6,8,0,4,12,20,8,3,2,32,23,26
KAM3413867.1,9,5,61,0,0,0,0,0,0,0,0,0,4,0,0
KAM3413868.1,3422,2515,3301,0,20,0,16,26,28,32,32,29,84,68,82
KAM3413869.1,2574,2695,2441,2,4,6,2,5,2,2,6,12,27,13,10
KAM3413870.1,2184,1403,1610,4,0,0,12,14,14,28,42,30,2,18,27
KAM3413871.1,82002,77979,78978,132,138,258,40,61,54,32,64,58,211,158,246
KAM3413872.1,2563,1931,2847,6,0,3,2,4,2,1,4,6,3,6,11
KAM3413873.1,2266,1734,2777,6,8,12,4,2,2,2,4,0,5,4,7
KAM3413874.1,721,647,1161,6,4,6,4,3,0,2,0,0,0,2,6
KAM3413875.1,599,484,580,2,0,0,4,7,2,4,7,8,14,8,3
KAM3413876.1,364,400,462,4,0,0,0,3,2,1,2,0,10,18,12
KAM3413877.1,66,111,48,0,0,0,0,0,0,0,0,0,0,0,2
KAM3413878.1,75,94,114,0,0,0,0,0,0,2,0,0,0,0,2
KAM3413879.1,12,5,34,0,0,0,0,2,0,0,0,2,6,0,2
KAM3413880.1,14,12,53,0,0,0,0,0,0,10,0,5,0,0,4
KAM3413881.1,155,70,54,2,0,0,0,0,0,2,4,4,12,6,18
KAM3413882.1,124,153,180,0,0,0,0,2,0,0,2,2,2,6,4
KAM3413883.1,936,918,965,4,14,33,2,4,4,2,6,4,0,4,4
KAM3413884.1,1437,757,822,6,4,0,6,0,8,2,0,12,6,4,16
KAM3413885.1,81,96,90,0,0,0,0,2,2,0,0,0,0,0,2
KAM3413886.1,2925,1958,2446,6,0,0,1,6,4,3,4,12,2,9,15
KAM3413887.1,843,621,516,0,0,0,0,1,0,8,4,2,2,0,6
KAM3413888.1,7020,5196,5617,26,22,15,2,9,2,18,7,15,36,50,50
KAM3413890.1,1290,1169,1455,2,10,0,8,12,6,3,4,3,12,21,31
KAM3413891.1,1922,1679,2038,10,4,6,8,4,17,6,10,20,4,9,4
KAM3413892.1,94,47,72,0,0,0,0,0,0,0,0,0,0,2,0
KAM3413893.1,154,177,224,0,0,0,2,0,0,0,4,2,4,4,2
KAM3413894.1,4304,3558,3081,8,12,24,14,26,6,14,10,20,16,16,25
KAM3413895.1,1234,1283,3309,2,0,0,6,5,2,10,11,4,65,37,64
KAM3413896.1,3841,5171,3097,6,4,6,0,6,4,2,4,2,8,16,15
KAM3413897.1,18126,18606,19151,38,40,30,30,30,33,40,40,38,52,67,106
KAM3413898.1,4754,3198,4543,6,0,0,2,12,8,9,20,14,41,51,85
KAM3413899.1,3466,2617,3341,18,4,0,4,16,10,17,14,32,48,49,62
KAM3413900.1,296,246,457,0,0,0,7,9,8,2,8,5,4,5,8
KAM3413901.1,4750,5185,3387,4,4,0,8,13,5,10,2,15,22,18,38
KAM3413902.1,413,510,266,0,4,0,2,10,2,11,7,10,6,0,12
KAM3413903.1,3459,4895,5684,24,28,42,14,18,7,22,47,27,22,27,18
KAM3413904.1,47,31,38,0,0,0,0,0,0,0,0,0,4,0,1
KAM3413905.1,735,1112,635,10,4,3,0,2,4,3,2,4,15,12,7
KAM3413906.1,562,426,552,0,0,0,2,10,3,3,5,7,0,0,0
KAM3413907.1,389,256,481,0,0,0,0,6,4,4,1,0,0,0,0
KAM3413908.1,44,60,43,0,0,0,0,0,4,0,0,2,0,0,0
KAM3413909.1,8687,7051,8030,18,12,6,6,29,6,8,6,15,9,8,13
KAM3413910.1,17503,12765,15729,12,20,24,73,82,79,90,123,165,111,75,105
KAM3413911.1,26,19,19,0,0,0,0,0,0,0,0,0,0,0,0
KAM3413912.1,1431,1795,1179,6,10,12,11,15,8,15,21,9,6,17,17
KAM3413913.1,534,519,582,0,0,0,1,6,4,4,4,5,4,0,9
KAM3413914.1,5493,5834,5000,10,4,24,10,19,2,3,16,11,23,24,38
KAM3413915.1,132,164,201,2,4,0,2,2,1,4,6,2,1,4,0
KAM3413916.1,1487,1641,1735,9,0,6,0,0,2,4,0,6,14,19,13
KAM3413918.1,180,149,195,2,0,0,0,4,4,0,0,2,2,0,2
KAM3413919.1,1207,1435,1635,8,24,12,10,4,8,6,6,4,14,14,11
KAM3413920.1,97,84,154,2,0,0,2,0,4,2,2,4,0,0,6
KAM3413922.1,2182,1687,2269,7,0,24,13,16,18,8,13,20,11,49,41
KAM3413923.1,268,169,284,0,0,0,4,0,0,2,10,0,0,26,9
KAM3413924.1,3388,1909,2712,2,4,0,5,19,14,30,20,24,20,20,42
KAM3413925.1,5410,4579,6405,11,20,18,55,42,44,37,49,32,73,56,92
KAM3413926.1,731,617,765,4,0,18,6,2,8,8,0,20,7,11,12
KAM3413927.1,1032,1106,1214,10,12,0,16,16,6,5,8,5,14,9,16
KAM3413928.1,74,91,136,2,0,0,0,2,0,3,4,2,0,2,0
KAM3413929.1,229,122,264,0,0,12,2,2,2,6,4,6,2,0,2
KAM3413930.1,793,726,724,0,0,6,6,11,5,0,13,4,14,6,5
KAM3413931.1,75,93,123,0,0,0,0,1,0,0,2,1,0,0,3
KAM3413932.1,125,86,78,0,0,12,0,0,0,0,0,0,2,0,2
KAM3413933.1,830,813,1001,4,12,6,4,0,7,1,8,2,7,8,10
KAM3413934.1,856,885,882,20,0,33,6,6,12,5,7,12,6,10,13
KAM3413935.1,90,147,104,0,0,0,2,4,2,8,6,9,2,6,3
KAM3413936.1,194,140,259,0,0,6,0,2,2,2,6,20,1,0,5
KAM3413937.1,24204,17785,16071,32,16,42,2,14,7,18,26,40,45,20,36
KAM3413938.1,277,282,403,0,0,0,0,0,0,2,2,0,4,0,2
KAM3413939.1,817,1024,742,2,0,18,0,2,0,6,0,2,10,6,4
KAM3413940.1,1237,699,839,0,4,0,10,22,16,25,28,17,16,14,25
KAM3413941.1,4713,3169,4646,6,4,0,18,22,26,47,14,18,20,18,29
KAM3413942.1,807,643,1048,8,4,18,2,16,4,10,2,14,14,28,14
KAM3413943.1,245,224,227,0,8,0,0,2,0,0,2,2,2,0,2
KAM3413946.1,153,79,235,0,0,0,0,0,0,4,0,0,0,0,0
KAM3413947.1,955,576,754,0,0,0,0,0,2,2,0,0,0,0,0
KAM3413948.1,240,245,281,0,0,0,2,0,2,4,0,2,4,2,6
KAM3413949.1,7995,4973,5350,6,8,3,6,10,6,6,10,9,56,34,59
KAM3413950.1,608,432,485,3,0,0,2,0,0,2,0,4,1,3,2
KAM3413951.1,6927,5768,4215,36,12,18,8,10,8,22,18,29,8,3,14
KAM3413952.1,465,465,467,0,0,6,0,4,4,7,4,6,12,12,18
KAM3413953.1,5632,2722,2604,0,0,24,0,4,4,10,4,6,15,5,15
KAM3413954.1,4142,3215,4145,10,14,6,41,33,51,26,12,26,63,71,97
KAM3413955.1,2182,2332,1838,11,4,18,10,16,14,17,16,19,36,47,29
KAM3413956.1,242,139,218,0,4,0,1,2,0,0,0,2,2,2,0
KAM3413957.1,5884,4254,4424,2,4,6,8,8,10,17,18,36,18,14,22
KAM3413959.1,1,6,18,0,0,0,0,2,0,0,0,0,0,2,0
KAM3413960.1,312,360,247,4,0,0,0,6,2,0,4,2,0,2,2
KAM3413961.1,29,15,41,0,0,0,0,0,0,0,0,0,0,0,0
KAM3413962.1,91,60,124,0,0,0,0,0,0,0,1,2,0,0,4
KAM3413963.1,230111,197467,176137,105,72,165,32,60,96,111,155,182,130,115,240
KAM3413964.1,11281,9628,7845,21,22,18,16,19,25,22,28,29,79,100,155
KAM3413965.1,28,24,62,0,0,0,0,1,0,10,5,14,12,1,3
KAM3413966.1,495,521,709,2,0,12,0,0,0,2,5,3,4,8,4
KAM3413968.1,969,764,1073,0,0,0,0,8,24,25,15,16,0,8,6
KAM3413969.1,503,312,558,0,12,0,0,4,0,4,1,5,0,0,2
KAM3413970.1,150,122,165,0,0,6,0,0,0,10,20,19,2,6,9
KAM3413971.1,2,10,8,0,0,0,0,0,0,2,0,0,4,0,0
KAM3413972.1,18865,17096,15390,72,56,78,8,19,2,6,12,13,8,4,10
KAM3413973.1,2554,2231,1201,24,12,12,4,2,2,2,4,0,8,6,14
KAM3413975.1,314,419,429,4,4,0,0,6,0,2,0,10,0,2,2
KAM3413976.1,1387,1728,1594,10,4,0,10,8,14,2,6,2,6,6,0
KAM3413977.1,14,22,11,0,0,0,0,0,0,0,0,0,0,0,0
KAM3413978.1,27,51,116,0,0,0,0,0,1,0,1,0,2,0,0
KAM3413979.1,1688,1075,1220,6,4,3,18,0,8,0,10,5,12,37,24
KAM3413980.1,2050,1205,1841,0,0,0,0,0,0,0,2,0,2,3,2
KAM3413981.1,231,206,392,2,4,0,2,4,0,0,4,0,10,0,6
KAM3413982.1,818,725,842,6,0,0,0,2,4,6,13,6,2,6,6
KAM3413985.1,2266,2411,1926,2,6,14,1,4,4,4,12,10,4,4,4
KAM3413986.1,255,183,125,0,0,0,1,0,0,0,2,0,0,2,9
KAM3413987.1,130,139,173,0,0,6,2,0,2,2,2,2,0,0,0
KAM3413988.1,1592,1780,1877,10,0,0,6,2,7,4,6,6,17,19,22
KAM3413989.1,157,133,192,0,0,0,0,0,0,0,2,2,2,4,4
KAM3413990.1,1612,1691,1254,6,0,0,0,6,6,16,22,20,25,18,19
KAM3413991.1,1083,1029,963,5,4,0,11,8,12,10,6,8,5,9,14
KAM3413992.1,439,282,481,0,4,0,2,3,2,2,3,6,4,2,7
KAM3413993.1,129,115,151,2,0,0,0,0,2,0,5,1,3,0,1
KAM3413994.1,333,250,373,1,0,0,0,4,7,2,2,0,5,0,3
KAM3413995.1,331,186,397,2,0,18,2,2,0,6,2,4,0,3,4
KAM3413996.1,668,589,826,8,0,0,4,5,2,7,7,9,8,5,2
KAM3413997.1,781,846,679,0,0,0,0,2,4,8,5,10,8,10,10
KAM3413998.1,80,97,91,0,0,0,0,2,2,2,2,2,0,0,0
KAM3413999.1,690,777,993,2,20,0,0,6,2,2,4,2,12,4,8
KAM3414000.1,6,0,5,0,0,0,0,0,0,0,0,0,0,0,0
KAM3414001.1,123,68,181,0,0,0,0,2,2,0,0,2,0,0,2
KAM3414002.1,402,351,670,0,0,0,0,0,0,0,0,0,0,0,0
KAM3414004.1,3629,3291,3623,8,8,36,30,25,28,27,25,26,47,46,70
KAM3414005.1,758,783,707,6,0,0,1,6,4,1,2,2,11,7,21
KAM3414006.1,331,255,375,0,0,0,2,4,2,0,4,0,4,5,6
KAM3414007.1,131,94,83,0,0,0,0,0,0,0,2,0,2,0,2
KAM3414008.1,817,857,960,6,0,0,6,2,0,6,12,10,4,3,14
KAM3414009.1,958,1308,1076,8,12,6,2,4,2,2,2,14,4,2,16
KAM3414010.1,210,93,460,0,0,0,4,6,2,4,8,3,8,4,9
KAM3414011.1,2119,2063,2183,0,0,0,4,6,0,0,6,6,7,13,10
KAM3414012.1,1655,1740,1274,6,0,6,4,2,6,6,6,4,2,4,6
KAM3414013.1,214,212,658,0,0,0,3,8,3,13,4,0,8,4,4
KAM3414014.1,10007,10117,8143,10,16,18,4,19,8,16,15,30,24,28,38
KAM3414015.1,2011,2136,2979,1,0,3,9,2,1,10,9,12,7,16,7
KAM3414016.1,15464,15874,15832,3,0,6,2,2,0,2,15,9,33,17,50
KAM3414017.1,1758,1314,1805,0,4,0,8,9,4,12,13,4,12,20,8
KAM3414018.1,647,749,788,2,0,6,6,6,4,6,10,10,10,4,10
KAM3414019.1,962,565,591,0,0,6,0,0,1,0,0,0,0,0,4
KAM3414020.1,286,209,547,2,4,0,5,6,2,1,6,8,7,7,10
KAM3414021.1,691,519,1013,2,0,6,5,18,14,22,22,23,26,43,19
KAM3414022.1,37,34,48,0,0,0,0,0,0,0,0,0,0,0,0
KAM3414023.1,10315,11428,12579,15,4,45,10,13,12,53,39,51,55,43,54
KAM3414024.1,124,64,128,0,4,0,0,0,2,6,0,2,2,0,2
KAM3414025.1,193,162,280,0,0,0,0,0,3,2,2,0,0,2,0
KAM3414026.1,832,762,972,10,0,0,0,6,4,2,0,6,4,2,11
KAM3414027.1,17194,16987,16100,71,36,30,32,49,26,19,21,39,69,67,72
KAM3414028.1,78050,62581,64828,197,146,225,80,154,68,124,101,183,891,770,992
KAM3414029.1,141542,135626,106891,99,90,168,11,11,11,18,20,51,229,167,218
KAM3414030.1,14,24,24,0,0,0,0,0,0,0,0,0,0,0,0
KAM3414031.1,8,9,34,0,0,0,0,0,0,0,0,0,0,0,0
KAM3414032.1,61,30,53,0,0,0,0,0,0,0,0,2,0,0,0
KAM3414033.1,6,5,16,0,0,0,0,0,0,0,0,0,0,0,0
KAM3414034.1,2,3,1,0,0,0,0,0,0,0,0,0,0,0,0
KAM3414035.1,57366,35977,42109,41,24,15,0,12,5,12,41,31,30,65,251
KAM3414036.1,342,292,380,0,4,0,4,2,2,4,2,2,6,14,8
KAM3414038.1,1686,1892,1678,16,0,18,6,8,4,10,6,6,14,8,20
KAM3414039.1,6124,5906,7001,6,2,0,4,6,12,5,2,4,27,20,28
KAM3414040.1,1862,2169,2035,0,0,3,0,8,6,0,2,4,13,6,4
KAM3414041.1,57,52,48,0,0,0,1,0,4,0,0,6,0,0,0
KAM3414042.1,458,250,500,2,8,0,1,0,4,2,4,0,2,0,4
KAM3414043.1,1312,1741,1209,10,16,30,4,8,0,4,12,2,4,6,16
KAM3414044.1,10317,10298,8022,22,40,12,11,8,5,8,7,25,30,32,37
KAM3414045.1,1841,2160,2063,6,0,0,2,4,0,6,3,2,2,5,0
KAM3414046.1,502,784,654,0,0,0,0,0,2,2,0,0,2,6,4
KAM3414047.1,1740,2339,2635,2,10,3,0,2,3,2,0,0,6,8,7
KAM3414048.1,4679,2924,4431,6,0,0,10,10,4,26,25,38,4,14,7
KAM3414049.1,857,624,602,2,0,0,1,2,0,3,1,2,0,0,1
KAM3414050.1,592,394,670,4,4,18,0,2,0,26,30,41,0,4,1
KAM3414051.1,522,507,587,0,4,0,2,6,2,14,37,36,5,2,12
KAM3414052.1,956,736,810,2,0,6,2,2,4,8,10,11,2,20,18
KAM3414053.1,20070,14743,19952,29,22,84,34,88,63,103,90,114,294,345,327
KAM3414054.1,18208,12183,17303,21,36,42,50,132,64,92,83,121,295,338,360
KAM3414055.1,642,648,588,3,2,36,0,2,0,2,6,8,2,0,5
KAM3414056.1,330,236,362,4,2,9,1,4,5,0,3,1,2,4,5
KAM3414057.1,730,860,1039,4,8,0,4,7,8,6,6,12,32,36,45
KAM3414058.1,471,524,551,6,12,0,4,2,6,2,8,0,8,7,16
KAM3414059.1,1293,736,1216,8,12,24,4,8,5,6,6,14,4,16,22
KAM3414060.1,7180,5801,6796,42,16,81,22,40,35,41,31,40,101,91,96
KAM3414061.1,355,396,353,2,0,12,4,4,2,2,6,4,12,8,6
KAM3414062.1,297,297,319,18,6,0,4,0,8,5,4,1,0,1,7
KAM3414063.1,3308,1698,1688,6,4,0,16,14,39,42,48,38,8,20,9
KAM3414064.1,44,67,43,0,0,0,2,0,0,4,0,2,4,4,2
KAM3414065.1,2093,1833,2304,12,4,18,14,10,6,8,2,10,14,40,40
KAM3414066.1,92,74,175,0,0,0,0,3,2,1,1,0,0,4,2
KAM3414067.1,144,74,82,0,0,0,2,0,4,1,0,2,0,0,2
KAM3414068.1,1424,1478,1393,0,0,15,12,5,8,4,10,13,19,15,12
KAM3414069.1,2552,2687,2519,12,8,12,9,15,8,8,5,17,25,20,21
KAM3414070.1,4560,2648,2226,4,8,0,0,4,0,4,4,0,6,7,8
KAM3414071.1,534,483,859,5,4,0,4,12,4,8,10,10,6,8,4
KAM3414072.1,7528,4912,4585,22,18,45,23,23,26,16,23,35,21,12,38
KAM3414073.1,177,80,252,0,0,0,0,0,0,0,2,0,25,10,24
KAM3414074.1,25,37,70,0,0,0,0,1,2,0,0,0,2,0,0
KAM3414075.1,38,44,96,0,0,0,1,0,0,0,0,2,0,2,2
KAM3414076.1,439,373,416,4,0,0,5,2,8,0,0,6,4,4,2
KAM3414077.1,1018,835,1048,4,4,24,4,8,10,5,6,6,8,8,2
KAM3414078.1,300,192,284,6,0,12,0,0,0,2,4,4,2,8,7
KAM3414079.1,5096,5210,6936,10,30,6,5,11,25,34,19,37,49,42,51
KAM3414080.1,2930,1643,3572,5,8,6,9,14,3,5,6,24,9,4,5
KAM3414081.1,3196,2254,3026,15,4,12,10,17,8,7,21,39,13,8,24
KAM3414082.1,84,52,49,0,0,0,0,1,0,2,2,4,0,1,1
KAM3414083.1,2,0,2,0,0,0,0,0,0,0,0,0,0,0,0
KAM3414084.1,2,5,12,0,0,0,0,0,0,0,0,0,0,0,0
KAM3414085.1,18,40,46,0,0,0,0,0,0,2,0,0,0,3,4
KAM3414086.1,10,11,12,0,0,0,0,0,0,0,0,0,0,0,2
KAM3414087.1,123,66,161,0,0,0,0,0,0,0,0,2,0,0,0
KAM3414088.1,1908,2084,1617,8,4,6,0,7,6,1,8,2,16,19,22
KAM3414089.1,6,6,1,0,0,0,0,0,0,0,0,0,0,0,0
KAM3414090.1,46,25,94,0,0,0,0,0,0,0,0,0,0,0,1
KAM3414091.1,1138,1053,1446,4,4,12,4,4,4,2,2,7,6,1,4
KAM3414092.1,1072,995,1081,4,4,18,6,2,15,5,10,7,17,18,9
KAM3414093.1,455,420,360,2,8,3,5,0,7,7,4,0,3,6,2
KAM3414094.1,509,426,739,6,0,0,0,2,6,7,8,0,4,8,8
KAM3414095.1,759,326,795,0,0,0,2,2,2,4,2,4,2,4,4
KAM3414096.1,409,399,378,3,4,0,0,0,6,2,2,4,2,2,6
KAM3414097.1,3662,3229,3082,38,40,36,7,10,12,10,16,5,34,35,54
KAM3414098.1,5017,5129,4239,8,12,6,6,8,5,14,6,4,30,22,20
KAM3414099.1,11597,10816,10458,0,2,0,3,8,4,6,7,8,9,6,18
KAM3414100.1,1483,2182,2578,2,8,6,6,2,0,4,2,6,26,18,10
KAM3414101.1,2402,2777,3823,46,44,24,2,2,4,12,4,12,24,24,15
KAM3414104.1,93,81,104,0,0,0,6,6,9,2,4,11,0,9,7
KAM3414105.1,2264,1895,2208,6,8,3,4,3,3,2,8,10,13,12,15
KAM3414106.1,2070,1762,1412,2,4,9,6,8,9,2,2,12,20,12,31
KAM3414107.1,10178,7849,8608,15,2,6,10,24,15,6,4,14,79,40,72
KAM3414108.1,84,89,194,0,0,0,0,0,0,0,1,4,0,0,0
KAM3414109.1,199,186,386,0,4,0,3,2,8,2,4,7,1,4,0
KAM3414110.1,100,87,146,0,0,0,0,2,0,0,0,1,1,1,0
KAM3414111.1,65,106,76,0,4,0,0,3,0,0,2,2,3,0,0
KAM3414112.1,6523,5980,4783,8,0,6,8,8,2,14,5,9,2,3,4
KAM3414113.1,1751,2171,1217,2,4,6,0,0,2,2,0,1,4,1,0
KAM3414114.1,743,647,1015,2,0,0,4,9,0,0,0,2,1,0,2
KAM3414115.1,95,74,113,7,4,0,0,0,0,2,0,0,0,2,0
KAM3414116.1,141,82,226,2,4,0,6,0,0,2,2,0,4,4,4
KAM3414117.1,15,18,30,0,0,0,0,0,0,0,0,0,0,1,2
KAM3414118.1,2429,2317,1687,6,8,6,3,6,13,2,12,9,8,20,19
KAM3414119.1,27084,20985,23223,32,24,75,69,94,68,58,81,72,191,212,289
KAM3414120.1,154,198,81,0,0,0,0,2,0,0,2,5,0,0,0
KAM3414121.1,3822,3501,3410,6,8,12,0,4,9,9,26,19,7,18,12
KAM3414122.1,11,2,7,0,0,0,0,0,0,3,0,2,0,0,0
KAM3414123.1,0,0,0,0,0,0,0,0,0,0,0,0,0,0,0
KAM3414124.1,12,12,8,0,0,0,0,0,0,0,0,0,0,0,2
KAM3414125.1,241,136,137,0,0,0,0,0,0,0,3,2,2,4,8
KAM3414126.1,166,110,148,0,4,0,0,2,4,0,4,2,2,0,4
KAM3414127.1,38,25,145,0,0,0,0,0,0,2,0,0,0,0,2
KAM3414128.1,98,38,118,0,0,0,0,0,0,0,0,2,3,4,0
KAM3414129.1,172,81,134,0,0,0,4,2,2,0,0,2,2,0,0
KAM3414130.1,102,72,233,0,0,0,2,8,2,5,2,0,4,2,0
KAM3414131.1,2965,1671,2050,12,4,6,15,10,14,27,9,20,8,20,21
KAM3414132.1,1039,829,864,2,8,0,10,2,12,10,8,10,6,19,10
KAM3414133.1,388,328,337,4,2,6,4,6,0,2,2,2,4,4,5
KAM3414134.1,1296,826,1183,4,6,12,6,16,6,7,12,18,9,8,17
KAM3414135.1,731,913,570,5,8,6,0,14,4,6,0,14,8,2,14
KAM3414136.1,275,272,594,4,4,6,0,3,4,6,0,2,0,2,0
KAM3414137.1,145,170,216,1,4,0,2,2,2,6,4,2,0,0,2
KAM3414138.1,174,90,219,2,4,0,0,2,2,0,0,2,4,6,4
KAM3414139.1,1202,593,785,2,4,6,2,6,10,6,7,18,14,7,19
KAM3414140.1,1742,739,1448,0,0,0,8,6,2,7,16,8,2,0,10
KAM3414141.1,1222,805,1658,2,8,18,0,2,4,0,4,2,11,8,15
KAM3414142.1,124,100,144,0,2,0,0,0,0,0,0,0,4,0,0
KAM3414143.1,1417,979,994,3,0,24,6,4,2,7,4,8,14,8,17
KAM3414144.1,4,9,16,0,0,0,0,0,0,0,0,2,0,0,0
KAM3414145.1,125,77,269,0,0,0,0,0,0,0,0,0,6,4,8
KAM3414146.1,691,328,533,0,0,0,2,6,4,12,9,2,0,4,2
KAM3414147.1,2834,3173,5436,2,10,15,8,4,10,18,16,8,13,22,17
KAM3414148.1,8530,8053,7997,24,16,18,14,36,43,10,18,32,61,44,62
KAM3414149.1,29291,27846,14433,10,32,0,4,2,8,10,13,22,13,16,30
KAM3414150.1,14264,12653,12608,9,8,0,6,5,6,9,10,12,7,8,27
KAM3414151.1,4904,3724,6429,1,0,0,0,14,6,4,14,18,1,7,9
KAM3414152.1,29,12,92,0,0,0,0,0,2,0,0,0,0,0,0
KAM3414153.1,894,603,989,2,2,0,7,7,10,6,18,16,21,18,17
KAM3414154.1,112,100,165,0,0,0,0,0,2,0,2,1,5,6,0
KAM3414155.1,19,21,31,0,0,0,0,0,0,0,0,0,0,0,0
KAM3414156.1,119,106,142,1,2,0,0,0,0,0,4,0,3,0,2
KAM3414157.1,1213,889,1214,4,20,12,11,5,10,6,8,18,13,20,28
KAM3414158.1,946,879,1090,10,16,18,4,18,6,10,6,15,14,7,16
KAM3414159.1,49,23,84,2,0,0,0,0,0,0,1,0,0,4,1
KAM3414160.1,3531,3139,3179,7,0,0,7,21,2,11,16,19,6,5,11
KAM3414161.1,260,245,246,0,0,0,0,2,0,3,2,4,0,2,0
KAM3414162.1,911,640,697,1,12,0,0,4,0,2,0,0,15,17,16
KAM3414163.1,1719,1054,1553,14,4,6,9,16,11,10,26,27,26,25,40
KAM3414164.1,778,493,843,6,0,3,14,26,16,28,19,20,41,47,87
KAM3414165.1,168,127,190,2,0,0,0,2,6,6,2,2,2,1,6
KAM3414166.1,411,340,361,2,0,0,2,4,4,0,2,0,2,2,0
KAM3414167.1,1199,1265,1222,3,8,0,2,1,0,2,2,2,0,2,0
KAM3414168.1,96,106,120,2,0,0,0,0,0,0,0,0,1,0,0
KAM3414169.1,155,130,163,2,0,0,0,4,1,0,1,2,15,12,4
KAM3414170.1,6511,4926,6596,2,0,30,12,20,14,16,38,14,46,63,65
KAM3414171.1,8228,6942,6935,14,8,12,13,26,32,21,21,31,75,86,115
KAM3414172.1,181,108,128,4,0,0,4,0,0,0,0,0,4,4,2
KAM3414173.1,132,70,72,0,0,0,0,4,0,3,2,1,0,1,1
KAM3414174.1,244,174,305,2,0,0,7,4,4,3,2,3,3,5,14
KAM3414175.1,325,352,269,7,8,18,0,4,10,4,3,3,6,4,1
KAM3414176.1,6,4,7,0,0,0,0,0,0,0,0,2,0,0,0
KAM3414177.1,53,10,39,0,0,0,0,0,0,0,0,0,0,3,0
KAM3414178.1,120,71,87,0,0,0,4,0,0,0,2,0,0,0,0
KAM3414179.1,1022,1341,1276,8,20,24,7,18,9,9,22,9,25,18,12
KAM3414180.1,2445,2783,2627,20,12,0,3,12,9,2,10,10,56,45,58
KAM3414181.1,900,641,959,10,0,6,4,2,3,12,10,0,6,2,12
KAM3414182.1,1888,1698,2429,6,0,12,4,18,6,4,11,10,29,18,26
KAM3414183.1,2326,2193,2922,2,4,6,1,4,0,11,6,12,10,15,16
KAM3414184.1,164,227,102,0,0,0,0,0,0,0,0,0,0,4,0
KAM3414185.1,4468,5490,5665,25,22,33,17,6,4,7,11,28,42,30,56
KAM3414186.1,435,436,794,0,0,0,2,2,4,0,5,0,0,2,8
KAM3414187.1,736,864,1056,0,0,6,4,10,7,6,14,14,27,33,41
KAM3414188.1,12,4,7,0,0,0,0,0,0,0,0,0,0,0,0
KAM3414189.1,4,2,17,0,0,0,0,0,0,0,0,0,0,0,0
KAM3414191.1,11,16,24,4,0,0,0,2,0,0,0,0,2,2,0
KAM3414192.1,747,598,774,2,4,0,6,8,6,10,17,22,11,19,21
KAM3414193.1,773,948,1067,4,0,6,2,2,4,0,7,4,20,26,21
KAM3414194.1,474,497,515,4,0,0,13,10,3,0,0,5,14,8,14
KAM3414195.1,547,425,634,2,4,0,4,5,2,2,4,11,10,8,15
KAM3414196.1,825,483,675,10,4,6,2,6,6,14,0,8,10,10,4
KAM3414197.1,867,616,1075,0,4,0,7,13,8,5,5,1,12,27,25
KAM3414198.1,387,312,545,0,0,0,0,2,3,8,4,10,4,8,6
KAM3414199.1,191,115,123,4,0,0,4,4,2,2,5,2,0,6,0
KAM3414200.1,1,3,1,0,0,0,0,2,2,0,3,0,0,0,0
KAM3414201.1,276,201,232,8,8,0,0,0,4,2,2,0,2,9,2
KAM3414202.1,3579,2996,3296,25,24,12,12,36,33,14,12,24,48,64,62
KAM3414203.1,48,27,50,2,0,0,0,2,0,0,0,0,3,0,1
KAM3414204.1,660,678,677,0,6,6,5,1,11,9,12,7,12,19,18
KAM3414205.1,327,564,455,6,0,0,0,5,6,4,1,4,4,7,1
KAM3414206.1,474,325,533,0,0,24,2,2,0,0,2,8,2,4,4
KAM3414207.1,10097,10279,8455,2,4,0,32,26,31,64,125,112,90,149,158
KAM3414208.1,249,238,279,8,0,0,0,0,0,0,2,6,6,0,0
KAM3414209.1,545,417,414,4,4,0,0,0,2,4,6,8,0,2,0
KAM3414210.1,3886,1380,2723,2,0,0,0,7,8,0,2,7,15,10,18
KAM3414211.1,1286,875,1094,8,4,6,4,8,12,7,19,10,6,14,24
KAM3414212.1,398,316,474,6,8,3,2,3,4,1,14,4,7,6,8
KAM3414213.1,199,232,541,0,2,0,4,0,6,0,10,1,6,0,0
KAM3414214.1,571,513,778,12,12,6,6,14,14,5,1,12,8,22,10
KAM3414215.1,750,506,770,6,4,0,2,2,5,11,6,4,29,23,29
KAM3414216.1,870,960,975,6,0,0,0,2,4,2,4,4,10,6,14
KAM3414217.1,1981,2358,2132,5,4,3,2,14,2,8,6,7,30,43,31
KAM3414219.1,928,526,864,0,0,0,2,2,2,3,2,3,2,2,4
KAM3414220.1,15211,12991,15886,48,26,48,54,64,33,30,51,64,244,209,244
KAM3414221.1,186,133,177,0,0,0,0,0,0,0,0,2,0,0,0
KAM3414222.1,15801,8244,8901,2,8,12,50,134,63,53,54,64,211,205,275
KAM3414223.1,2577,1710,1466,12,16,0,11,4,11,8,10,16,8,13,26
KAM3414224.1,2551,1600,2328,4,0,0,5,6,4,14,22,14,6,15,18
KAM3414225.1,51,36,61,0,0,0,0,2,0,0,0,0,0,0,0
KAM3414226.1,10,6,15,0,0,0,0,0,0,0,0,0,0,0,2
KAM3414227.1,3094,3148,3063,10,8,18,6,8,6,7,12,14,14,11,16
KAM3414228.1,1402,1348,1183,22,22,15,14,10,3,9,10,18,10,6,16
KAM3414229.1,1167,1253,978,16,4,12,6,12,4,0,6,8,16,16,27
KAM3414230.1,970,935,1846,35,52,15,5,18,6,22,24,26,45,38,64
KAM3414231.1,544,369,359,1,0,0,0,4,0,2,2,7,6,5,2
KAM3414232.1,1798,1369,914,9,8,18,0,1,1,8,6,4,5,5,9
KAM3414233.1,0,4,6,0,0,0,0,0,0,0,0,0,0,0,0
KAM3414234.1,67,53,98,0,0,0,0,3,2,0,2,2,0,2,0
KAM3414235.1,268,162,334,0,0,0,4,8,4,13,14,20,0,6,0
KAM3414236.1,0,2,8,0,0,0,0,0,0,0,0,0,0,0,0
KAM3414238.1,318,267,358,2,0,6,0,0,8,9,6,2,9,6,15
KAM3414239.1,664,476,585,0,0,0,2,8,9,10,2,8,6,14,11
KAM3414240.1,14132,10564,14005,37,52,66,50,89,105,37,37,57,220,279,278
KAM3414241.1,371,432,340,4,4,3,1,0,0,0,2,3,8,0,2
KAM3414242.1,4,0,2,0,0,0,0,0,0,0,0,0,0,0,0
KAM3414243.1,5808,4830,5015,15,16,21,12,24,8,29,23,40,25,22,28
KAM3414245.1,834,1092,1122,6,4,6,0,4,4,2,0,2,13,9,16
KAM3414246.1,2857,1897,1570,12,4,6,6,10,0,3,4,8,8,4,33
KAM3414247.1,3569,1516,2708,3,8,3,2,4,4,21,36,45,7,22,31
KAM3414248.1,896,593,1032,1,6,9,6,3,6,0,6,7,19,12,18
KAM3414249.1,2609,1645,2009,0,0,0,18,15,14,24,28,26,13,8,18
KAM3414250.1,8615,6141,8464,20,12,24,25,85,38,32,31,25,156,148,205
KAM3414251.1,12,8,18,0,0,0,0,0,0,0,0,0,0,1,0
KAM3414252.1,923,858,791,6,0,6,0,0,0,2,3,4,10,2,4
KAM3414253.1,529,566,579,2,0,6,0,4,4,2,2,10,8,8,14
KAM3414254.1,2134,2307,1994,2,8,12,0,2,0,2,2,2,10,4,17
KAM3414255.1,52711,54440,54431,68,64,93,25,25,18,33,32,19,80,91,122
KAM3414256.1,7965,7737,8426,19,12,6,12,25,18,10,22,32,84,91,123
KAM3414257.1,21,53,73,0,0,0,0,0,0,1,2,0,0,2,0
KAM3414258.1,19,28,19,0,0,0,0,0,0,1,0,0,0,0,0
KAM3414259.1,1115,693,849,5,0,0,3,18,1,11,7,14,6,1,8
KAM3414260.1,1779,1531,2508,2,0,0,2,7,6,6,0,9,5,15,0
KAM3414261.1,1730,1256,2350,4,4,0,8,2,6,2,6,2,0,4,14
KAM3414262.1,793,491,755,6,4,0,6,15,2,10,4,4,4,2,12
KAM3414263.1,2717,2858,1892,4,0,0,12,28,9,14,16,24,10,22,18
KAM3414264.1,5,2,6,0,0,0,0,0,0,0,0,0,0,0,0
KAM3414265.1,2466,1750,2344,0,14,12,3,14,12,5,18,6,9,16,20
KAM3414266.1,338,515,327,6,0,6,4,0,2,0,0,2,4,2,6
KAM3414267.1,265,269,373,0,4,0,7,6,2,4,0,16,0,2,13
KAM3414268.1,233,308,265,2,4,6,0,6,6,0,8,2,0,2,4
KAM3414269.1,450,412,549,0,0,6,4,2,12,4,8,14,4,4,10
KAM3414270.1,362,334,397,0,0,0,4,2,4,5,10,10,0,2,10
KAM3414272.1,26836,21808,32436,90,60,66,155,184,147,142,106,116,458,505,571
KAM3414273.1,16,15,24,0,0,0,0,0,0,0,0,0,0,2,0
KAM3414274.1,1130,1627,1724,4,6,0,24,20,30,20,27,26,56,50,50
KAM3414276.1,133,93,219,0,0,0,0,0,0,15,2,0,2,0,2
KAM3414277.1,16,13,7,0,0,0,0,0,0,0,0,0,0,0,0
KAM3414278.1,360,418,703,4,0,6,0,2,0,2,2,16,5,10,6
KAM3414279.1,269,246,432,0,0,0,0,4,3,2,2,4,2,1,0
KAM3414280.1,239,222,315,0,0,12,2,2,4,12,12,8,5,8,4
KAM3414281.1,5392,4568,3910,3,16,12,8,14,7,5,22,18,23,24,17
KAM3414282.1,525,450,540,0,8,0,0,0,0,4,4,2,0,4,4
KAM3414283.1,1290,977,1432,3,0,0,4,8,7,8,7,8,2,17,2
KAM3414284.1,4047,4007,3952,13,18,9,10,8,8,8,6,9,21,18,22
KAM3414285.1,25707,18863,27374,58,56,24,22,18,20,34,54,39,68,38,72
KAM3414286.1,2838,2521,2195,14,0,6,0,10,4,2,3,7,10,18,32
KAM3414287.1,1086,914,1176,2,0,0,2,14,6,14,10,6,8,20,10
KAM3414288.1,360,458,787,0,8,0,0,0,0,2,6,4,0,2,8
KAM3414289.1,1823,1005,2248,0,0,0,0,2,1,18,6,16,0,2,0
KAM3414290.1,11,9,33,0,0,0,0,0,0,0,0,2,0,2,2
KAM3414291.1,1071,354,1124,0,0,0,5,5,1,7,19,22,12,3,13
KAM3414292.1,25766,51405,59963,98,206,171,10,3,6,15,4,0,226,272,166
KAM3414293.1,1544,1641,1299,4,0,6,10,14,10,20,14,18,12,10,14
KAM3414294.1,11914,9189,12930,63,48,36,76,108,77,53,55,55,267,265,284
KAM3414295.1,330,167,358,4,0,0,0,0,4,0,1,2,1,8,2
KAM3414296.1,1054,531,1182,0,0,0,11,10,12,17,22,19,11,16,25
KAM3414297.1,912,910,755,6,2,3,4,5,6,10,1,20,9,4,6
KAM3414298.1,195,160,464,0,0,0,4,4,1,4,4,2,0,3,2
KAM3414299.1,723,710,1213,4,4,6,6,16,9,10,8,14,8,7,12
KAM3414300.1,69863,47311,64393,0,0,6,6,21,20,167,64,61,18,18,29
KAM3414301.1,486,350,855,0,0,0,2,0,2,2,6,2,21,6,8
KAM3414302.1,26,16,27,0,0,0,0,0,0,0,0,0,0,0,0
KAM3414303.1,42,24,38,0,0,3,0,2,2,0,2,0,2,2,0
KAM3414304.1,335,169,331,0,0,0,8,10,4,2,6,9,12,14,34
KAM3414305.1,32,17,14,0,0,0,0,0,0,0,0,3,0,0,0
KAM3414306.1,36,44,57,0,0,0,0,0,0,0,5,4,0,2,0
KAM3414307.1,372,257,256,3,0,6,0,4,2,2,2,2,6,10,4
KAM3414309.1,284,204,232,4,4,6,4,2,0,4,5,11,0,5,0
KAM3414311.1,298,403,488,2,12,6,0,1,4,0,2,2,6,6,9
KAM3414312.1,58,53,65,0,0,0,0,1,4,4,2,2,4,8,5
KAM3414313.1,156,104,180,0,0,0,0,0,0,0,2,0,0,0,0
KAM3414314.1,55,37,71,0,0,0,2,3,0,0,0,0,2,2,0
KAM3414317.1,34,28,41,0,0,0,0,0,0,0,0,0,2,0,0
KAM3414318.1,56,22,58,0,0,0,0,0,0,0,0,0,0,0,0
KAM3414319.1,60,38,179,0,0,0,0,0,0,0,0,0,2,2,2
KAM3414320.1,726,631,604,4,4,0,7,4,6,2,7,14,12,4,14
KAM3414321.1,1854,2069,1957,4,4,18,8,0,8,8,13,17,18,22,16
KAM3414322.1,93,62,123,0,0,0,2,0,0,2,4,3,0,2,2
KAM3414324.1,15,2,12,0,0,0,0,0,0,0,0,0,0,0,2
KAM3414325.1,84,112,79,0,0,0,0,5,0,0,0,0,0,0,0
KAM3414326.1,664,672,643,8,4,0,4,8,8,12,12,8,8,7,10
KAM3414327.1,505,589,688,10,12,0,0,2,1,0,4,4,2,6,8
KAM3414328.1,129,90,132,0,0,0,0,0,2,1,0,4,0,0,0
KAM3414329.1,109,85,226,0,0,0,0,1,1,1,0,2,0,0,2
KAM3414330.1,13,7,29,0,0,0,0,0,0,0,0,0,0,0,0
KAM3414331.1,143,63,94,0,0,0,0,0,0,2,2,0,0,1,0
KAM3414332.1,2118,890,2639,0,0,0,0,2,0,2,2,1,2,0,2
KAM3414333.1,116,84,43,0,0,0,0,4,8,14,8,7,6,1,12
KAM3414334.1,229,209,238,0,0,6,2,4,2,6,6,2,4,2,0
KAM3414335.1,334,167,390,0,4,0,4,0,0,0,0,2,2,0,0
KAM3414336.1,268,150,215,4,8,0,2,8,6,14,3,12,8,0,6
KAM3414337.1,64,83,110,0,4,0,8,0,2,8,2,0,10,2,0
KAM3414338.1,97,118,75,0,0,0,2,0,2,6,0,0,2,2,0
KAM3414339.1,75,47,66,2,0,0,0,1,0,2,2,0,2,0,2
KAM3414340.1,116,85,77,0,0,0,4,0,0,8,4,0,4,2,0
KAM3414341.1,19,10,33,0,0,0,0,0,0,0,2,0,0,0,0
KAM3414342.1,246,293,407,10,0,0,4,7,4,7,4,6,6,2,6
KAM3414343.1,1717,1598,2995,48,68,30,12,13,12,36,54,42,26,35,34
KAM3414345.1,841,1137,796,2,0,0,2,2,2,0,0,4,6,4,2
KAM3414346.1,4204,5743,4633,20,10,3,4,2,2,8,5,5,29,25,32
KAM3414347.1,5863,4965,4645,18,20,6,0,4,9,6,10,20,4,8,8
KAM3414348.1,1673,2074,2208,6,4,18,2,8,4,10,4,18,14,12,16
KAM3414349.1,677,591,637,12,4,42,4,12,0,0,0,9,10,10,18
KAM3414350.1,18870,17046,14321,50,56,78,89,82,98,101,86,157,153,165,199
KAM3414351.1,827,663,770,0,0,6,2,10,10,8,6,8,4,2,8
KAM3414352.1,190,184,162,0,4,0,0,4,0,0,2,0,0,2,2
KAM3414353.1,310,231,326,0,4,0,2,3,4,6,8,7,0,2,8
KAM3414355.1,371,344,504,0,0,0,6,11,4,2,2,4,5,4,16
KAM3414356.1,1061,845,1067,6,0,0,4,6,12,10,4,5,16,8,14
KAM3414357.1,1281,777,1365,2,0,0,0,6,6,2,2,8,0,0,6
KAM3414358.1,1638,1510,1723,0,4,3,12,5,2,15,20,32,5,8,19
KAM3414359.1,417,356,651,0,0,0,0,2,4,2,8,3,0,2,2
KAM3414360.1,260,221,325,0,8,0,0,0,4,0,0,2,1,0,4
KAM3414361.1,2129,1899,1909,2,0,0,6,18,8,16,10,26,6,4,22
KAM3414362.1,14,12,23,0,0,0,0,0,0,0,0,0,0,0,0
KAM3414363.1,1,0,15,0,0,0,0,0,0,0,0,0,2,0,0
KAM3414364.1,5875,4749,6972,27,18,45,41,64,67,56,32,59,206,256,235
KAM3414365.1,411,403,463,0,4,0,0,2,8,2,5,14,8,14,18
KAM3414367.1,684,696,616,0,8,0,10,10,12,10,4,15,9,22,12
KAM3414368.1,108,79,110,0,0,0,0,0,4,2,6,2,3,4,5
KAM3414369.1,70536,56108,46812,23,14,15,6,9,16,0,15,13,12,6,39
KAM3414370.1,9175,5777,7435,3,0,0,18,16,17,31,33,86,19,8,43
KAM3414371.1,1043,1053,928,14,4,0,6,4,10,12,14,18,22,18,39
KAM3414374.1,214,168,105,2,0,0,0,4,2,3,10,10,1,5,6
KAM3414375.1,662,538,679,2,0,0,0,3,2,11,10,4,5,6,8
KAM3414376.1,7415,6671,8431,2,0,9,0,5,5,7,6,7,14,4,25
KAM3414377.1,2538,1449,1037,0,0,0,0,2,1,0,0,0,2,0,3
KAM3414378.1,9891,5165,7185,6,0,0,0,0,0,4,2,0,8,4,6
KAM3414379.1,236,137,196,0,0,0,0,0,0,4,0,1,2,0,0
KAM3414380.1,260,229,326,0,8,0,0,0,0,0,2,2,0,0,2
KAM3414381.1,3315,1304,2320,0,0,0,2,0,2,0,2,2,4,4,0
KAM3414382.1,174,95,175,0,0,0,0,0,0,2,0,0,0,0,0
KAM3414383.1,7,3,10,0,0,0,0,0,0,0,0,0,0,2,0
KAM3414384.1,17,15,37,0,0,0,0,2,0,2,0,0,0,2,0
KAM3414385.1,86,68,69,0,0,0,2,4,0,0,2,2,2,4,0
KAM3414386.1,39,23,26,0,0,0,2,0,0,0,0,0,0,2,0
KAM3414387.1,18174,16308,19843,53,102,96,78,130,118,65,103,70,437,387,444
KAM3414388.1,9654,6941,9111,29,28,36,46,65,51,66,38,65,252,220,324
KAM3414389.1,13,6,7,0,0,0,0,0,2,2,0,0,0,2,1
KAM3414390.1,10,16,7,0,0,0,1,1,0,0,0,0,2,2,2
KAM3414391.1,316,312,343,3,8,0,1,2,3,0,0,4,8,8,25
KAM3414392.1,217,275,414,0,0,0,0,2,2,0,1,4,5,10,2
KAM3414393.1,966,890,1054,16,4,6,9,12,4,6,11,10,37,26,28
KAM3414397.1,134,44,141,1,0,0,0,0,2,0,4,1,0,2,0
KAM3414398.1,302,304,461,0,0,6,2,0,0,0,0,2,0,2,0
KAM3414399.1,162,118,64,2,0,0,0,4,0,4,2,0,0,0,4
KAM3414400.1,236,202,233,1,6,0,1,8,4,3,4,0,2,3,10
KAM3414401.1,58,20,51,0,0,0,0,0,0,0,2,0,0,0,0
KAM3414402.1,10,23,11,0,0,0,0,0,0,0,0,0,0,0,0
KAM3414403.1,4348,5018,4503,14,48,12,4,8,10,7,25,10,17,18,54
KAM3414404.1,2,0,0,0,0,0,0,0,0,0,0,0,0,0,0
KAM3414405.1,4,4,0,0,0,0,0,0,0,0,0,0,0,0,0
KAM3414406.1,139,132,478,0,0,0,0,0,0,0,1,2,4,2,4
KAM3414407.1,3628,3815,3302,25,8,30,12,29,28,30,25,26,22,18,21
KAM3414408.1,766,533,708,4,0,0,7,4,4,16,4,8,8,3,11
KAM3414409.1,4089,3877,3407,3,0,0,12,10,17,10,13,17,32,49,35
KAM3414410.1,3527,3212,3206,8,0,3,2,20,6,4,6,6,22,17,14
KAM3414411.1,3999,3881,2837,26,12,18,4,12,8,8,4,6,11,8,28
KAM3414412.1,140,125,135,0,0,0,0,0,0,0,1,2,2,0,1
KAM3414413.1,401,373,485,2,2,0,0,3,0,3,5,6,2,4,8
KAM3414414.1,17854,18713,22591,16,16,6,14,17,12,20,30,50,74,61,99
KAM3414415.1,1058,601,959,0,0,0,0,2,2,4,10,17,0,4,2
KAM3414416.1,126,115,110,1,0,0,1,2,0,4,3,3,0,1,2
KAM3414417.1,232,272,278,4,0,6,4,0,3,12,0,0,2,4,4
KAM3414418.1,1,5,1,0,0,0,0,0,0,0,0,0,0,0,1
KAM3414419.1,238,147,192,0,0,0,7,4,0,0,6,4,0,1,6
KAM3414420.1,117,49,132,0,0,0,2,2,0,2,13,2,5,0,9
KAM3414421.1,563,307,670,0,0,0,0,2,2,2,7,0,9,0,2
KAM3414422.1,28690,18849,26935,24,12,12,14,29,16,41,49,77,25,35,70
KAM3414424.1,7719,6626,9635,14,28,42,30,42,20,10,41,56,22,36,50
KAM3414426.1,54669,50047,45253,65,66,102,19,41,20,36,47,56,113,74,134
KAM3414427.1,51368,32185,34449,108,52,90,184,367,179,295,282,501,396,350,379
KAM3414428.1,11168,8850,12359,38,36,38,48,75,101,75,45,55,263,297,320
KAM3414429.1,707,502,685,3,12,0,0,4,10,6,4,8,15,4,6
KAM3414430.1,2312,2461,2458,3,2,6,4,1,8,11,8,21,3,9,26
KAM3414432.1,3497,2511,2977,8,12,12,6,15,7,18,27,16,24,18,25
KAM3413566.1,92,96,200,0,4,0,0,2,10,0,4,6,6,2,6
KAM3413567.1,385,433,529,0,8,0,8,6,9,9,3,2,10,18,19
KAM3413568.1,6,6,2,0,0,0,0,0,0,0,0,0,0,0,0
KAM3413569.1,30,6,34,0,0,0,0,0,0,0,0,0,0,0,0
KAM3413570.1,210,176,360,4,0,0,2,0,0,2,2,0,0,0,0
KAM3413571.1,11,12,21,0,0,3,0,0,0,0,0,0,1,2,4
KAM3413572.1,103,67,158,0,0,0,0,0,0,0,0,0,2,1,0
KAM3413573.1,326,430,424,4,4,9,0,2,4,0,0,0,6,2,2
KAM3413574.1,1919,1071,1719,0,0,0,5,13,4,15,8,12,4,7,17
KAM3413575.1,186,214,213,0,0,0,4,0,0,0,2,0,0,0,0
KAM3413577.1,2,1,0,0,0,0,0,0,0,0,0,0,0,0,0
KAM3413578.1,642,367,365,2,0,0,0,0,1,1,0,2,8,2,4
KAM3413579.1,87,61,129,0,0,0,6,6,2,4,12,2,2,0,2
KAM3413580.1,934,324,815,1,0,0,2,2,0,12,3,5,0,1,2
KAM3413581.1,122,42,122,0,0,0,0,0,0,0,0,3,2,2,0
KAM3413582.1,0,0,0,0,0,0,0,0,0,0,0,0,0,0,0
KAM3413583.1,0,0,0,0,0,0,0,0,0,0,0,0,0,0,0
KAM3413584.1,0,0,0,0,0,0,0,0,0,0,0,0,0,0,0
KAM3413585.1,0,0,0,0,0,0,0,0,0,0,0,0,0,0,0
KAM3413586.1,105,51,60,0,0,6,0,0,0,0,0,0,0,0,0
KAM3413587.1,944,1162,1122,1,4,0,10,2,10,10,8,9,22,23,20
KAM3413588.1,1990,1980,2044,4,20,3,7,10,1,6,13,12,24,19,19
KAM3413589.1,178,134,287,6,0,0,0,4,0,0,1,2,4,0,1
KAM3413590.1,200,174,266,0,0,0,4,0,0,4,0,0,2,2,6
KAM3413591.1,149,186,162,2,4,0,0,0,0,0,0,0,4,2,0
KAM3413592.1,46,20,7,0,0,0,0,0,0,0,0,2,0,0,0
KAM3413593.1,12,12,9,0,0,0,0,0,1,0,0,0,0,0,0
KAM3413594.1,109,56,116,0,0,0,0,0,0,0,0,0,0,0,2
KAM3413596.1,597,656,733,10,4,6,4,0,0,0,4,2,7,16,8
KAM3413597.1,73,136,160,1,4,0,0,0,3,0,0,3,2,4,3
KAM3413598.1,43,67,75,0,0,0,0,0,0,0,0,0,0,0,0
KAM3413599.1,95,40,60,0,0,0,0,0,0,2,1,0,0,2,0
KAM3413600.1,107,44,129,0,0,0,2,0,0,0,0,0,0,1,0
KAM3413601.1,417,214,583,0,0,0,0,0,6,4,0,0,0,4,4
KAM3413602.1,841,835,1005,7,4,0,2,6,2,4,12,12,8,6,2
KAM3413603.1,642,880,885,2,4,24,0,0,2,14,11,6,10,10,6
KAM3413604.1,236,300,212,0,6,0,0,3,1,0,0,1,0,2,2
KAM3413605.1,352,437,544,2,0,0,0,2,2,0,0,2,4,0,2
KAM3413606.1,0,6,2,0,0,0,0,0,0,0,0,0,0,0,0
KAM3413607.1,75,65,73,0,0,0,0,0,0,2,0,0,0,0,0
KAM3413608.1,1398,1478,1641,4,12,15,2,14,7,6,4,18,8,20,21
KAM3413609.1,294,258,409,0,4,0,6,2,1,4,5,4,1,5,7
KAM3413610.1,2,2,2,0,0,0,0,0,0,0,0,0,0,0,0
KAM3413611.1,5,2,2,0,0,0,4,0,0,0,0,0,0,0,0
KAM3413612.1,37,11,25,0,0,0,0,1,0,0,0,0,0,0,2
KAM3413613.1,61,28,49,0,0,0,0,0,0,0,0,0,0,0,0
KAM3413614.1,784,964,929,10,4,0,10,8,12,2,6,14,6,6,4
KAM3413616.1,31,43,22,0,0,0,0,0,0,0,0,0,0,0,0
KAM3413617.1,10,6,2,0,0,0,0,0,0,0,0,0,0,0,0
KAM3413618.1,22,22,30,0,0,0,2,0,0,1,1,0,0,0,0
KAM3413619.1,1085,1073,995,12,8,18,4,2,4,2,0,2,16,21,26
KAM3413620.1,22,30,29,0,0,0,2,0,0,0,0,1,2,0,0
KAM3413621.1,4,4,8,0,0,0,0,0,0,0,0,0,0,0,0
KAM3413622.1,4,9,9,0,0,0,0,0,0,0,0,0,0,0,0
KAM3413623.1,0,0,0,0,0,0,0,0,0,0,0,0,0,0,0
KAM3413624.1,20,15,58,0,0,0,0,0,0,0,0,0,0,0,0
KAM3413625.1,28,14,42,0,0,0,0,0,0,0,0,4,0,0,0
KAM3413626.1,33,45,34,0,0,0,0,0,0,0,0,0,0,0,0
KAM3413627.1,0,0,0,0,0,0,0,0,0,0,0,0,0,0,0
KAM3413628.1,14,7,4,0,0,0,0,0,0,0,0,0,0,0,0
KAM3413629.1,16,22,20,0,0,0,0,0,0,0,0,0,0,0,0
KAM3413630.1,17,10,33,0,0,0,0,0,0,2,2,0,2,2,1
KAM3413632.1,284,324,441,0,0,6,0,1,0,2,2,4,2,1,2
KAM3413633.1,622,698,465,0,0,0,0,1,0,2,0,10,7,1,8
KAM3413511.1,70,31,222,0,0,0,1,0,0,0,0,0,4,0,0
KAM3413512.1,1283,843,1708,0,0,0,0,0,0,0,0,0,2,3,3
KAM3413513.1,8,9,18,0,0,0,1,0,0,0,0,0,0,0,0
KAM3413514.1,17,12,76,0,0,0,0,0,0,0,2,0,0,0,4
KAM3413515.1,267,199,186,2,0,18,0,2,0,5,0,2,2,2,0
KAM3413516.1,202,186,344,4,4,0,10,2,4,1,0,3,8,1,6
KAM3413517.1,195,132,137,0,0,0,0,0,0,3,4,3,0,0,1
KAM3413518.1,9,4,7,0,0,0,4,2,0,0,0,0,0,0,0
KAM3413519.1,157,37,89,2,0,0,0,0,0,0,0,2,2,0,6
KAM3413520.1,10271,10708,9586,14,10,6,14,24,24,36,46,35,24,28,38
KAM3413521.1,4866,5707,6318,10,4,24,12,5,11,6,8,17,18,16,40
KAM3413522.1,4755,3244,4811,5,4,36,18,17,13,8,16,20,20,11,34
KAM3413523.1,3789,3708,4062,14,0,9,5,9,0,8,6,9,30,22,43
KAM3413524.1,129,57,102,0,0,0,0,0,2,0,0,0,2,2,4
KAM3413525.1,4180,4776,4553,16,30,6,10,7,14,21,12,12,39,44,58
KAM3413526.1,65,68,130,2,0,0,0,0,2,0,0,0,0,2,0
KAM3413527.1,146,75,139,0,0,0,0,0,0,0,0,0,0,0,0
KAM3413528.1,580,475,546,2,0,0,4,10,8,4,0,7,6,6,8
KAM3413529.1,6,5,17,0,0,0,0,0,0,0,0,0,0,0,0
KAM3413530.1,2,1,23,0,0,0,0,0,0,0,0,0,0,2,2
KAM3413531.1,145,119,187,0,0,0,0,2,0,0,0,0,0,0,0
KAM3413532.1,2044,2347,2147,2,0,12,4,8,11,10,5,16,15,10,13
KAM3413533.1,3524,3413,3319,9,0,0,3,14,5,14,5,4,14,22,34
KAM3413534.1,4761,4785,4444,16,38,6,2,14,12,16,18,36,10,14,30
KAM3413535.1,54,35,76,0,0,0,0,0,0,0,0,2,0,0,0
KAM3413536.1,6713,4705,6958,0,0,0,6,14,8,41,51,71,8,20,18
KAM3413537.1,1556,1506,1394,10,4,12,4,2,0,0,2,5,0,9,14
KAM3413538.1,151,110,179,0,0,0,4,2,2,2,2,0,4,0,2
KAM3413539.1,566,430,390,6,4,24,7,6,3,10,5,7,8,8,6
KAM3413540.1,143,143,231,7,4,0,5,4,3,0,2,2,2,1,3
KAM3413541.1,420,354,447,2,0,0,0,5,8,4,1,2,8,15,12
KAM3413542.1,2481,2624,2423,18,0,18,10,12,20,12,12,14,17,15,22
KAM3413543.1,366,357,282,10,0,0,4,6,4,0,6,0,6,4,12
KAM3413544.1,589,325,542,0,0,0,10,6,0,8,6,4,6,8,6
KAM3413545.1,4112,4696,3659,0,4,12,2,0,4,4,14,8,6,12,14
KAM3413546.1,1540,1233,2026,2,4,6,1,8,13,8,17,14,13,13,10
KAM3413547.1,607,551,504,1,0,0,2,2,2,3,8,2,0,2,3
KAM3413548.1,6607,5524,7070,18,4,24,24,34,24,26,36,28,65,88,95
KAM3413549.1,272,88,200,0,0,0,0,0,0,0,0,0,0,2,2
KAM3413550.1,68,76,67,0,0,0,0,0,1,0,0,0,0,0,0
KAM3413551.1,1146,1055,1164,2,16,12,4,8,0,8,4,13,4,6,12
KAM3413552.1,59,16,42,0,0,0,0,0,0,0,0,2,0,0,2
KAM3413553.1,4755,5807,3513,18,36,30,5,21,11,2,4,14,24,17,19
KAM3413554.1,785,633,990,2,4,0,14,6,10,12,12,24,14,4,4
KAM3413555.1,270,221,267,0,0,0,2,3,4,0,10,0,0,2,0
KAM3413556.1,1659,1366,2083,3,4,0,4,0,2,0,4,0,4,0,0
KAM3413557.1,2149,1793,1697,3,4,36,4,12,12,8,2,8,23,17,24
KAM3413558.1,2539,3018,2359,7,8,18,2,11,6,21,10,16,5,5,8
KAM3413559.1,5067,4117,4975,16,4,6,24,24,39,20,45,35,39,66,56
KAM3413560.1,708,564,951,2,0,0,0,2,2,0,3,2,9,4,3
KAM3413561.1,3878,3116,3856,0,8,6,7,4,4,8,10,8,14,17,16
KAM3413562.1,39,37,42,0,0,0,0,3,0,0,0,0,1,0,0
KAM3413563.1,115,64,206,0,0,0,0,0,0,0,0,0,8,1,1
KAM3413564.1,0,0,0,0,0,0,0,0,0,0,0,0,0,0,0
KAM3413565.1,33,17,83,4,0,0,0,2,0,0,0,4,4,5,16
KAM3413482.1,165,105,745,0,0,6,0,2,0,8,0,8,134,49,77
KAM3413483.1,34,17,99,0,0,0,4,0,0,0,0,2,2,0,8
KAM3413484.1,249,148,303,0,0,0,0,18,0,40,48,44,8,6,12
KAM3413485.1,942,889,800,11,6,0,0,3,4,2,3,13,18,9,14
KAM3413486.1,1089,1236,1047,8,4,6,3,12,7,24,10,3,26,30,41
KAM3413487.1,373,292,652,5,4,0,1,4,2,10,5,2,6,21,10
KAM3413488.1,263,191,172,2,0,0,1,0,0,0,2,9,2,4,11
KAM3413489.1,312,248,667,0,0,0,0,2,1,0,4,4,30,10,24
KAM3413490.1,3,0,18,0,0,0,0,0,0,0,0,0,0,0,0
KAM3413491.1,0,0,0,0,0,0,0,0,0,0,0,0,0,0,0
KAM3413492.1,58,51,86,0,0,0,2,0,0,2,0,0,0,0,4
KAM3413493.1,2334,1664,2338,12,44,6,13,21,18,6,17,30,34,32,51
KAM3413494.1,566,299,398,4,0,0,4,10,1,0,6,10,4,8,2
KAM3413495.1,1715,855,1724,0,0,0,4,10,3,14,12,9,8,7,2
KAM3413496.1,2,0,0,0,0,0,0,0,0,0,0,0,0,0,0
KAM3413497.1,333,284,326,8,0,0,2,3,2,8,0,3,3,7,6
KAM3413498.1,5694,6471,7307,10,16,0,0,4,2,4,10,0,38,26,58
KAM3413499.1,1637,1462,1813,14,0,24,2,12,6,10,8,6,38,63,108
KAM3413500.1,682,676,756,8,4,0,8,2,4,6,0,7,17,6,18
KAM3413501.1,324,283,148,1,0,0,2,0,0,2,1,1,0,2,0
KAM3413502.1,4683,3590,3698,1,16,3,12,12,2,16,14,16,12,29,29
KAM3413503.1,3360,3215,2132,7,8,6,0,2,5,10,8,10,21,6,13
KAM3413504.1,509,630,612,4,16,6,2,2,10,0,5,2,4,2,22
KAM3413505.1,6372,5299,3494,4,12,18,7,2,10,22,6,14,27,26,42
KAM3413506.1,28,25,41,0,0,0,0,0,0,0,0,0,0,0,0
KAM3413507.1,304,374,329,0,0,0,0,0,0,0,0,0,2,2,8
KAM3413508.1,4,10,19,0,0,0,0,0,0,0,0,0,0,0,0
KAM3413509.1,10,6,12,0,0,0,1,1,0,0,0,0,0,0,0
KAM3413459.1,1721,1631,1637,6,8,6,12,6,9,2,8,19,17,13,20
KAM3413460.1,26055,48898,47537,50,78,54,11,15,13,12,10,9,113,95,93
KAM3413461.1,3534,3905,3352,15,0,12,4,14,8,4,7,13,39,50,44
KAM3413462.1,462,390,455,4,8,0,2,8,7,2,2,0,11,14,12
KAM3413463.1,2580,1685,2422,0,0,0,2,12,14,7,8,10,14,15,32
KAM3413464.1,32,21,22,0,0,0,2,0,0,0,0,2,0,0,2
KAM3413465.1,55,25,63,0,0,0,0,0,0,0,2,0,0,0,0
KAM3413466.1,508,537,486,0,4,6,1,7,11,7,10,1,8,8,9
KAM3413467.1,258,150,281,1,0,6,0,1,0,0,2,0,0,2,2
KAM3413468.1,232,194,204,0,2,0,3,6,0,0,8,2,1,3,6
KAM3413469.1,841,1146,1184,6,20,0,4,6,8,4,6,2,2,14,15
KAM3413470.1,7763,4528,2663,4,14,0,2,35,4,22,13,31,12,12,11
KAM3413471.1,103,112,114,0,0,0,0,2,0,1,4,1,3,5,0
KAM3413472.1,1271,1381,1509,6,12,24,5,4,12,6,2,8,14,24,18
KAM3413473.1,95,76,202,0,4,0,0,0,0,0,0,0,2,2,8
KAM3413474.1,22,9,58,2,0,0,0,0,0,0,0,0,0,0,2
KAM3413475.1,6,0,10,0,0,0,0,0,0,0,0,0,0,0,0
KAM3413476.1,4,4,6,0,0,0,0,0,0,0,0,0,0,0,0
KAM3413477.1,4,2,2,0,0,0,0,0,0,0,0,2,0,0,0
KAM3413478.1,9,8,0,0,0,0,0,0,0,0,0,0,0,0,0
KAM3413479.1,4865,3544,13000,2,0,12,2,0,0,4,14,10,338,96,252
KAM3413480.1,7708,4814,3833,69,60,42,4,11,4,4,0,10,56,53,107
KAM3413481.1,0,4,4,0,0,0,0,0,0,0,0,0,0,0,2
KAM3424010.1,413,207,948,0,0,0,2,0,0,0,0,0,4,4,6
KAM3424011.1,4402,3479,3035,8,4,12,5,12,4,23,18,20,24,22,20
KAM3424012.1,1244,1452,1495,6,4,6,11,10,13,10,2,11,16,16,12
KAM3424014.1,766,932,487,0,0,6,2,2,0,0,0,0,0,0,0
KAM3424015.1,1435,1366,1939,3,0,6,1,2,4,5,1,8,2,4,6
KAM3424018.1,110,74,145,0,0,0,0,2,0,0,0,0,0,0,4
KAM3424019.1,67,74,80,2,0,0,2,2,0,4,0,2,1,0,2
KAM3424021.1,77,58,113,0,0,0,0,0,1,0,0,0,1,1,1
KAM3424022.1,1094,1125,1304,4,4,6,4,2,3,6,2,6,4,9,2
KAM3424023.1,480,673,578,4,4,0,0,0,4,2,0,2,0,0,0
KAM3424024.1,140,161,249,0,8,6,2,1,2,4,2,1,0,0,0
KAM3424025.1,794,928,1129,4,4,12,4,4,2,2,2,0,13,6,8
KAM3424026.1,543,966,403,9,2,6,4,2,1,4,0,0,4,6,4
KAM3424027.1,745,879,822,2,0,0,0,10,2,0,4,6,10,14,4
KAM3424028.1,541,424,677,0,0,0,2,4,2,8,0,2,2,6,2
KAM3424029.1,26,15,17,0,0,0,0,0,2,1,0,0,0,0,0
KAM3424030.1,26,54,60,0,0,6,0,0,0,0,0,0,1,0,0
KAM3424031.1,15,10,8,0,0,0,0,0,0,0,0,0,4,0,0
KAM3424032.1,19,3,23,0,0,0,0,0,0,0,0,0,0,0,0
KAM3424033.1,1671,869,1245,0,8,6,0,2,2,6,4,7,13,19,15
KAM3424034.1,367,172,391,0,0,0,0,0,0,2,0,0,2,0,0
KAM3424035.1,516,519,612,3,0,0,0,0,0,8,6,14,81,13,28
KAM3424036.1,22,45,47,0,0,0,2,0,0,0,0,0,0,0,1
KAM3424037.1,83,127,197,0,0,0,4,1,0,2,0,0,0,2,2
KAM3424038.1,2545,2426,3076,11,4,0,13,9,21,5,15,19,25,35,51
KAM3424039.1,2516,2983,2765,26,20,18,10,14,25,20,16,18,30,24,34
KAM3424040.1,591,534,728,12,12,18,8,8,10,8,4,6,24,16,28
KAM3424041.1,81,117,136,0,0,0,2,2,0,0,0,2,4,0,0
KAM3424042.1,222,288,387,4,4,6,2,2,6,2,0,4,2,2,0
KAM3424043.1,124,119,268,0,0,0,0,0,0,2,4,4,2,6,6
KAM3424044.1,649,747,498,6,4,6,4,4,4,4,4,4,11,6,4
KAM3424045.1,24,36,88,0,0,0,8,12,24,34,37,67,103,75,67
KAM3424046.1,896,489,783,12,0,0,4,3,4,4,8,10,6,2,8
KAM3424047.1,58,35,67,0,0,0,0,2,0,6,0,0,0,0,0
KAM3424048.1,590,322,192,0,0,6,0,0,0,0,0,2,4,2,2
KAM3424049.1,432,790,600,4,0,0,10,8,4,4,6,2,6,6,10
KAM3424050.1,1135,1029,1270,0,0,0,2,0,0,2,0,2,0,2,2
KAM3424051.1,1031,748,1231,6,20,12,0,8,3,4,8,12,2,2,8
KAM3424052.1,5,4,10,0,0,0,0,0,0,0,0,0,0,0,0
KAM3424053.1,81,62,86,0,0,0,0,0,2,3,4,0,4,4,0
KAM3424054.1,6,6,6,0,0,0,0,0,0,0,0,2,0,0,0
KAM3424055.1,368,339,606,0,0,0,0,0,4,2,2,0,0,0,0
KAM3424056.1,210,91,226,0,0,0,0,2,0,4,0,2,0,2,0
KAM3424057.1,10353,8609,8556,34,20,12,34,26,47,31,24,26,56,78,90
KAM3424058.1,1240,1171,1229,2,16,0,0,6,4,2,0,0,4,2,13
KAM3424059.1,2071,1799,2591,8,8,6,12,14,15,2,7,9,25,29,45
KAM3424060.1,103,68,97,4,0,0,0,2,0,0,2,0,0,0,0
KAM3424061.1,3899,4391,3640,30,24,36,22,27,34,42,50,49,20,32,17
KAM3424062.1,1913,2225,2076,10,4,21,6,14,8,2,10,20,13,12,29
KAM3424063.1,2652,1507,2220,0,0,12,2,4,4,4,8,6,18,20,4
KAM3424064.1,4315,2189,2872,0,0,0,7,11,4,18,28,39,9,16,22
KAM3424065.1,4124,2133,3191,4,0,0,10,32,15,39,34,39,2,2,16
KAM3424066.1,46,33,42,2,2,0,0,2,1,0,0,0,0,0,0
KAM3424067.1,164,165,271,2,0,0,0,2,5,2,0,2,2,4,4
KAM3424068.1,136,53,150,0,0,0,0,0,0,6,2,0,10,2,4
KAM3424069.1,1330,674,1336,2,0,0,0,4,10,4,20,6,6,2,5
KAM3424070.1,3010,2661,2959,12,16,9,8,14,7,12,9,11,36,48,34
KAM3424071.1,140,50,136,0,0,0,0,0,0,4,0,0,0,0,0
KAM3424072.1,110,42,87,0,0,0,0,0,0,0,2,1,0,0,2
KAM3424073.1,67,74,48,0,4,0,0,2,2,0,0,0,0,0,0
KAM3424074.1,1312,1172,1086,8,0,0,0,5,14,4,0,8,15,10,7
KAM3424075.1,478,293,608,0,0,0,0,2,0,4,2,0,8,1,10
KAM3424076.1,2876,2096,2652,10,4,0,5,12,12,28,36,14,12,24,27
KAM3424077.1,95,86,236,0,0,0,0,0,0,0,0,0,0,1,3
KAM3424079.1,1479,2374,1894,16,12,0,1,2,2,2,2,4,4,9,5
KAM3424080.1,1370,1617,1274,2,8,6,2,1,4,6,4,4,10,2,14
KAM3424081.1,732,737,866,4,0,0,0,1,3,2,4,9,2,4,8
KAM3424082.1,1518,1620,2628,1,0,12,10,5,0,13,12,6,8,10,4
KAM3424083.1,281,149,580,0,0,0,0,4,4,12,8,4,2,5,4
KAM3424084.1,36,39,51,0,0,0,0,0,2,0,2,0,0,2,0
KAM3424085.1,29,20,13,0,0,0,0,0,0,0,1,0,0,0,0
KAM3424086.1,122,95,208,2,0,0,2,2,2,2,0,2,2,0,6
KAM3424087.1,1081,449,844,0,0,0,6,2,8,2,10,6,8,18,13
KAM3424088.1,2985,3584,2784,14,8,6,10,7,10,10,15,24,27,24,26
KAM3424089.1,3,2,7,0,0,0,0,0,0,0,0,0,0,0,0
KAM3424090.1,10,6,9,0,0,0,0,0,0,0,0,0,0,0,0
KAM3424092.1,3682,3008,2346,4,0,6,0,3,2,2,2,4,14,2,20
KAM3424093.1,1748,1741,2614,2,0,0,2,2,0,0,2,4,7,0,2
KAM3424094.1,128,77,119,0,0,0,2,0,4,0,0,2,0,1,10
KAM3424095.1,25,37,11,0,0,0,0,0,0,2,0,0,0,0,0
KAM3424096.1,404,332,538,0,4,0,8,0,2,2,8,7,2,8,5
KAM3424097.1,2850,2824,4231,10,8,12,8,4,4,6,13,13,10,10,14
KAM3424098.1,106,126,117,0,8,0,0,0,0,0,0,0,3,0,0
KAM3424099.1,9994,10992,9222,25,30,114,14,16,16,13,13,10,63,65,62
KAM3424100.1,718,793,959,8,8,6,0,2,2,0,0,0,10,8,18
KAM3424101.1,643,516,558,0,0,0,0,0,0,1,2,1,0,0,3
KAM3424102.1,17608,12397,18153,11,0,15,50,43,49,70,72,64,53,67,96
KAM3424104.1,915,551,713,0,0,0,10,0,0,0,2,13,2,8,1
KAM3424107.1,20874,16635,18886,11,10,18,15,12,16,10,22,17,35,20,48
KAM3424108.1,823,627,1068,4,0,0,0,2,0,13,12,14,4,2,0
KAM3424109.1,134,103,213,0,0,0,0,4,2,0,0,0,0,0,4
KAM3424110.1,1282,1788,1385,8,12,6,6,10,9,2,2,10,16,6,14
KAM3424111.1,657,581,996,2,0,0,8,8,1,0,12,10,4,4,3
KAM3424112.1,17210,12936,18701,34,6,6,21,19,53,67,68,62,68,70,125
KAM3424113.1,5754,3870,3947,18,12,24,12,6,12,10,20,12,17,10,40
KAM3424114.1,45,22,40,0,0,0,0,2,3,3,1,3,0,2,0
KAM3424115.1,0,0,0,0,0,0,0,0,0,0,0,0,0,0,0
KAM3424116.1,3587,2593,3138,15,10,24,3,7,10,31,14,20,13,30,45
KAM3424117.1,4,17,8,0,0,0,0,1,0,0,0,0,2,0,0
KAM3424118.1,549,575,486,0,0,0,0,3,2,6,2,2,4,5,19
KAM3424119.1,3263,3369,3339,0,0,18,6,15,17,61,63,65,14,16,15
KAM3424120.1,1708,2638,3150,8,4,18,3,4,8,4,8,8,3,8,8
KAM3424121.1,6200,6674,9196,14,46,24,19,24,18,14,15,16,75,87,91
KAM3424122.1,2831,2937,2685,11,4,30,3,7,4,11,9,12,27,40,52
KAM3424123.1,971,914,925,14,4,0,4,6,2,0,0,2,23,24,19
KAM3424124.1,12,30,13,0,0,0,0,0,2,0,0,0,0,0,0
KAM3424125.1,0,0,0,0,0,0,0,0,0,0,0,0,0,0,0
KAM3424126.1,204,137,177,0,0,0,0,0,0,0,0,0,1,6,3
KAM3424127.1,2117,2206,1805,2,4,6,6,16,7,8,4,8,16,16,10
KAM3424128.1,313,226,487,2,4,0,0,0,7,4,6,3,7,6,2
KAM3424129.1,413,422,663,8,12,0,0,0,13,6,2,9,3,2,1
KAM3424130.1,434,517,511,2,0,0,4,10,10,6,5,4,14,14,15
KAM3424131.1,0,2,2,0,0,0,0,0,0,0,0,0,0,0,0
KAM3424132.1,63,63,119,0,0,6,4,0,0,0,0,0,0,2,4
KAM3424133.1,59,62,53,2,0,0,0,0,0,0,2,0,0,0,1
KAM3424134.1,347,463,308,0,0,6,0,0,2,0,4,0,4,0,4
KAM3424135.1,643,496,402,2,0,0,0,0,0,8,0,4,0,0,8
KAM3424136.1,606,315,468,3,0,0,2,0,0,7,4,5,2,2,2
KAM3424137.1,1780,1084,2172,0,0,0,30,57,54,36,29,52,104,102,131
KAM3424138.1,30,16,30,0,0,0,0,0,0,0,0,0,0,0,0
KAM3424139.1,11,8,28,0,0,0,0,0,0,0,0,0,0,0,0
KAM3424140.1,196,94,196,0,0,0,0,2,0,2,2,3,3,0,2
KAM3424142.1,0,0,3,0,0,0,0,0,0,0,0,0,0,0,0
KAM3424143.1,39,38,46,0,0,0,0,0,0,3,6,0,2,0,0
KAM3424144.1,97,53,114,0,0,0,4,4,0,0,0,6,0,2,6
KAM3424145.1,4,0,10,0,0,0,0,0,0,0,0,0,0,0,2
KAM3424146.1,187,95,212,0,0,0,0,0,1,4,8,2,6,0,1
KAM3424148.1,65,32,62,0,0,0,0,0,0,1,0,2,0,0,0
KAM3424149.1,1,2,0,0,0,0,0,0,0,0,0,0,0,0,0
KAM3424150.1,84,46,80,0,0,0,0,0,0,0,0,0,0,0,4
KAM3424151.1,34,28,43,2,0,0,0,0,0,0,0,0,0,0,0
KAM3424152.1,556,483,692,6,0,0,0,0,0,2,2,4,6,4,2
KAM3424154.1,86,45,101,1,0,0,0,0,0,0,0,2,0,0,2
KAM3424155.1,2,0,8,0,0,0,0,0,0,0,0,0,0,0,0
KAM3424156.1,20,16,36,0,0,0,0,2,2,0,0,2,0,0,2
KAM3424157.1,1555,2066,1502,16,12,6,0,6,0,8,13,11,6,4,0
KAM3424158.1,45,38,77,0,0,6,0,0,0,0,0,0,0,0,6
KAM3424159.1,37,43,87,0,0,0,2,0,0,0,0,0,0,0,0
KAM3424160.1,41,24,32,0,0,0,0,4,0,0,0,0,0,0,0
KAM3424161.1,770,509,661,8,0,0,6,4,12,4,10,16,22,12,34
KAM3424162.1,68,34,58,0,0,0,0,0,0,0,0,0,0,0,0
KAM3424163.1,3253,1976,2129,0,0,0,19,14,6,4,13,7,4,6,20
KAM3424164.1,22,14,16,2,0,0,0,0,0,0,0,2,6,0,2
KAM3424165.1,0,2,2,0,0,0,0,0,0,0,0,0,0,2,0
KAM3424166.1,0,0,0,0,0,0,0,0,0,0,2,0,4,2,0
KAM3424167.1,6,9,12,0,0,0,4,0,0,0,2,0,0,0,0
KAM3424168.1,0,4,2,0,0,0,0,0,0,0,0,0,0,2,2
KAM3424169.1,7273,8891,3896,22,4,57,4,0,4,10,16,6,1,3,4
KAM3424170.1,743,761,497,6,0,0,2,4,0,2,2,4,2,2,0
KAM3424171.1,0,8,16,0,0,0,0,0,0,0,0,0,0,0,0
KAM3424172.1,319,226,419,2,0,0,0,2,0,2,6,6,8,2,2
KAM3424173.1,3367,3195,838,4,4,6,0,1,0,1,2,2,17,9,30
KAM3424174.1,72,66,50,0,0,0,0,2,0,4,0,0,0,0,0
KAM3424175.1,1783,1661,1563,11,12,12,20,20,25,16,13,9,23,34,43
KAM3424176.1,598,564,630,4,2,18,6,0,8,3,2,4,19,25,19
KAM3424177.1,2417,2759,2107,8,2,12,9,4,16,7,5,8,11,6,18
KAM3424178.1,11,4,15,0,0,0,0,0,0,0,0,0,0,0,0
KAM3424179.1,22,14,22,0,0,0,0,0,0,0,0,0,0,0,0
KAM3424180.1,6,2,0,0,0,0,0,0,0,0,0,0,0,0,0
KAM3424181.1,79,57,69,0,0,0,0,0,0,1,0,1,0,0,0
KAM3424182.1,203,218,170,0,0,0,0,0,0,1,0,0,2,0,2
KAM3424183.1,217,243,260,0,0,12,2,0,0,0,0,0,4,0,0
KAM3424184.1,318,197,360,4,4,0,4,0,8,4,2,10,5,11,11
KAM3424185.1,158,207,119,0,0,0,0,0,0,0,0,0,9,6,1
KAM3424187.1,219,273,283,4,0,0,0,0,0,12,2,0,11,4,2
KAM3424189.1,280,196,386,0,4,0,2,10,4,2,2,4,3,4,4
KAM3424190.1,7121,5979,8262,14,12,12,36,36,57,46,41,34,125,94,108
KAM3424191.1,3557,2183,1443,2,4,24,3,14,2,6,5,12,13,20,34
KAM3424192.1,3924,2361,2403,6,4,12,7,16,19,12,8,21,21,18,44
KAM3424193.1,743,415,717,0,0,0,0,2,0,3,4,4,0,8,1
KAM3424194.1,977,636,936,4,0,0,12,9,10,13,2,20,4,2,2
KAM3424195.1,1917,2344,1943,10,4,0,6,6,13,10,9,26,21,22,32
KAM3424196.1,1066,991,1561,2,12,6,2,2,6,2,7,2,29,41,41
KAM3424197.1,4412,5562,3730,17,18,18,9,7,12,6,4,8,8,15,21
KAM3424198.1,504,519,656,2,0,0,6,5,1,2,1,5,4,4,12
KAM3424199.1,1904,992,2303,0,0,0,2,6,4,26,24,22,2,0,8
KAM3424200.1,11,12,15,0,0,0,0,0,0,0,0,0,0,0,0
KAM3424201.1,73,6,33,0,0,0,0,0,0,1,0,0,0,0,0
KAM3424202.1,2,0,8,0,0,0,0,0,0,0,0,0,0,0,0
KAM3424203.1,38,24,66,0,4,0,0,0,0,0,2,0,0,0,4
KAM3424204.1,14,5,7,0,0,0,0,0,0,0,0,2,0,0,0
KAM3424205.1,242,234,302,0,0,0,0,0,0,0,0,2,1,1,2
KAM3424206.1,935,1321,974,4,4,0,2,6,4,6,8,6,59,43,35
KAM3424207.1,2393,1682,1961,4,4,6,7,3,5,7,6,9,7,0,12
KAM3424208.1,1884,1927,2279,14,16,12,10,12,9,4,2,5,30,35,37
KAM3424209.1,29,11,26,0,0,0,0,0,0,0,0,0,0,0,2
KAM3424210.1,186,122,217,0,0,0,0,4,0,6,0,0,0,0,4
KAM3424211.1,20,19,62,0,0,0,0,0,2,0,0,0,0,0,0
KAM3424212.1,6,10,2,0,0,0,0,0,2,0,0,0,0,0,0
KAM3424213.1,115,81,65,0,0,0,0,0,1,7,2,6,0,2,0
KAM3424214.1,363,114,497,0,0,0,4,0,3,11,6,11,5,7,8
KAM3424215.1,202,155,159,0,0,0,2,4,0,4,4,0,1,0,2
KAM3424216.1,132,141,142,0,0,0,0,4,0,0,4,1,0,0,0
KAM3424217.1,1361,1571,996,2,0,12,0,6,0,6,8,3,14,28,4
KAM3424218.1,28,42,36,0,0,0,0,4,0,0,0,0,4,4,2
KAM3424219.1,278,214,283,2,4,0,0,6,2,8,4,0,8,13,11
KAM3424220.1,334,274,318,0,0,0,0,0,0,8,0,8,12,13,7
KAM3424221.1,2286,1969,2092,4,24,18,6,10,8,17,29,20,30,20,10
KAM3424222.1,3445,4596,3586,16,12,24,6,16,13,23,6,20,6,12,15
KAM3424223.1,6118,4989,6795,22,8,6,14,28,14,24,10,30,40,96,97
KAM3424224.1,3745,2988,3902,8,12,12,10,36,22,18,30,8,44,36,69
KAM3424225.1,36,15,49,0,0,0,0,0,0,0,0,0,0,0,0
KAM3424226.1,1069,882,805,2,0,30,3,8,2,14,9,10,10,6,1
KAM3424227.1,1978,1103,1460,1,0,0,10,44,4,23,22,37,15,20,36
KAM3424228.1,640,509,827,2,10,0,3,0,4,0,5,0,3,8,13
KAM3424229.1,1169,1078,1005,6,0,12,0,6,7,0,7,4,6,4,8
KAM3424230.1,20851,15823,12342,34,56,33,33,55,30,38,42,56,96,58,107
KAM3424231.1,36724,30268,20672,77,88,96,33,61,67,89,67,78,151,103,158
KAM3424232.1,978,674,1421,3,0,6,2,5,3,0,2,2,8,10,4
KAM3424233.1,3043,2304,2101,15,8,21,14,17,15,19,16,23,25,12,36
KAM3424234.1,415,417,269,6,4,0,6,0,6,2,2,0,6,4,6
KAM3424235.1,215,213,304,1,4,0,0,0,2,0,0,2,6,0,2
KAM3424236.1,4087,2495,3437,2,0,0,4,7,8,2,6,12,16,14,28
KAM3424237.1,310,188,316,0,0,0,2,0,2,2,7,2,2,0,0
KAM3424238.1,5935,4975,8189,8,10,0,12,33,31,52,33,53,16,27,29
KAM3424239.1,220,192,219,2,4,6,4,2,0,0,6,2,2,2,0
KAM3424240.1,1306,835,1339,0,0,0,0,4,0,0,4,0,2,0,4
KAM3424241.1,770,294,1117,2,0,0,0,1,6,6,0,0,1,6,6
KAM3424242.1,66,34,73,0,0,0,2,2,0,4,0,0,2,0,0
KAM3424243.1,335,151,506,0,4,0,0,6,4,9,29,31,1,3,6
KAM3424244.1,160,54,184,0,0,6,0,0,4,0,4,2,0,0,2
KAM3424246.1,252,180,352,0,0,0,2,4,0,0,4,1,5,8,2
KAM3424247.1,46,30,55,0,0,0,0,0,0,0,0,4,0,2,2
KAM3424248.1,52,36,116,0,0,0,0,4,0,2,0,2,1,4,0
KAM3424249.1,314,332,343,0,0,0,8,2,7,3,9,11,2,2,5
KAM3424250.1,31,43,25,0,0,0,0,0,1,0,0,2,2,0,0
KAM3424251.1,432,435,525,0,8,6,4,2,2,2,0,11,0,11,0
KAM3424252.1,363,426,486,4,4,0,4,8,4,6,18,11,8,3,13
KAM3424253.1,221,204,221,2,0,0,2,2,4,2,2,1,8,8,11
KAM3424254.1,23,16,33,0,0,0,4,0,0,1,0,0,2,0,0
KAM3424255.1,2746,1592,2397,6,8,0,42,21,30,24,28,20,28,22,22
KAM3424256.1,164,112,212,0,0,0,0,0,1,6,0,6,4,2,6
KAM3424257.1,159,154,256,0,0,0,2,0,2,0,2,4,4,0,0
KAM3424258.1,27,18,57,0,0,0,0,0,0,0,0,0,0,0,0
KAM3424259.1,13,12,20,0,0,0,0,0,0,0,0,0,0,0,0
KAM3424260.1,752,707,820,8,12,18,7,15,4,6,4,16,18,25,20
KAM3424261.1,31,40,52,2,0,0,2,0,0,0,0,2,0,1,0
KAM3424262.1,45,39,50,0,4,0,0,0,2,0,0,0,0,2,0
KAM3424263.1,298,232,259,0,0,0,0,2,4,4,4,0,2,2,4
KAM3424264.1,0,0,2,0,0,0,0,0,0,0,0,0,0,0,0
KAM3424265.1,443,523,398,10,0,6,2,4,4,0,6,8,6,2,4
KAM3424266.1,1864,915,1306,0,0,0,6,0,8,10,12,8,2,0,8
KAM3424267.1,139,73,106,0,0,0,0,0,1,0,2,1,0,0,0
KAM3424268.1,59,26,19,0,0,0,0,2,0,0,0,0,0,0,0
KAM3424269.1,246,120,224,0,2,0,2,0,2,3,4,4,4,2,2
KAM3424270.1,31,24,32,0,0,0,0,0,0,0,0,2,0,0,0
KAM3424271.1,942,513,651,0,0,0,2,2,2,4,12,8,4,6,16
KAM3424272.1,3118,2058,2045,0,4,0,0,0,0,0,0,0,0,2,10
KAM3424273.1,0,0,2,0,0,0,0,0,0,0,0,0,0,0,0
KAM3424275.1,0,0,0,0,0,0,0,0,0,0,0,0,0,0,0
KAM3424276.1,0,2,2,2,0,0,0,0,0,0,0,0,0,0,0
KAM3424277.1,10173,10817,7918,20,8,18,6,4,6,4,2,2,20,22,58
KAM3424279.1,513,496,546,0,0,6,1,2,2,0,6,0,4,8,2
KAM3424280.1,800,573,537,2,0,0,0,2,0,6,2,3,0,0,6
KAM3424281.1,5321,5490,3681,15,8,36,4,4,4,2,6,4,12,5,10
KAM3424282.1,800,633,668,6,8,0,2,8,10,8,4,8,4,8,9
KAM3424283.1,120,101,82,3,0,0,4,3,0,2,0,0,6,3,3
KAM3424284.1,20,24,41,0,0,0,0,0,0,0,0,0,0,0,2
KAM3424286.1,12181,11560,9258,22,8,6,7,12,12,15,9,11,45,26,69
KAM3424287.1,1022,794,858,16,8,6,6,18,10,4,16,12,8,8,7
KAM3424288.1,5016,6300,4413,16,20,12,2,8,12,12,4,11,14,23,28
KAM3424289.1,1599,1299,1409,6,0,0,3,3,6,3,7,13,12,25,12
KAM3424290.1,5431,6017,3530,12,24,24,2,14,9,4,10,8,16,0,7
KAM3424291.1,772,728,770,0,0,0,0,6,0,0,2,4,10,6,8
KAM3424292.1,25,34,26,0,0,0,1,0,0,0,0,0,0,0,0
KAM3424293.1,72,42,63,0,0,0,0,1,0,0,0,1,0,0,0
KAM3424294.1,4026,3408,4297,6,0,0,20,34,9,10,17,32,31,22,27
KAM3424295.1,874,566,1173,2,8,0,2,2,4,6,4,8,6,4,4
KAM3424296.1,1397,1312,1634,0,0,0,2,2,4,1,0,3,2,1,7
KAM3424297.1,5088,4957,3788,10,0,6,14,17,8,25,12,26,47,27,50
KAM3424298.1,298,251,293,6,0,0,0,2,2,4,4,4,4,6,4
KAM3424299.1,759,670,741,0,8,0,10,12,10,5,6,4,12,12,20
KAM3424300.1,68,64,54,2,0,0,0,0,0,0,0,0,1,4,5
KAM3424301.1,79,90,123,0,2,0,2,4,0,0,0,2,2,3,0
KAM3424302.1,1752,1791,2015,4,28,24,4,12,6,18,16,11,22,14,20
KAM3424303.1,150,113,183,4,4,0,0,0,0,0,2,0,0,0,0
KAM3424304.1,308,233,310,6,0,0,2,6,2,0,0,0,4,2,0
KAM3424305.1,2299,3175,3489,1,4,0,2,2,8,0,4,4,35,27,24
KAM3424306.1,204,238,428,1,0,0,0,3,4,0,0,0,4,6,2
KAM3424307.1,838,885,644,2,0,6,2,1,2,2,0,0,7,10,9
KAM3424308.1,71,30,110,0,0,0,0,2,1,0,0,4,0,0,0
KAM3424309.1,91,65,101,0,0,0,2,0,0,0,0,4,0,0,0
KAM3424310.1,196,286,437,0,4,0,0,2,4,0,0,0,0,0,0
KAM3424311.1,176,131,233,0,0,0,2,0,1,8,2,4,0,0,0
KAM3424312.1,1141,911,2106,12,20,6,0,4,4,2,2,4,2,0,2
KAM3424313.1,454,231,603,2,0,0,1,4,8,0,8,4,0,2,2
KAM3424314.1,712,576,1558,4,0,0,2,0,0,0,6,0,0,0,0
KAM3424315.1,654,798,688,4,0,0,7,9,0,7,14,20,26,14,25
KAM3424316.1,2159,2604,2416,17,22,18,16,22,24,19,14,28,30,40,57
KAM3424317.1,231,242,142,4,0,6,0,0,2,0,0,2,4,2,0
KAM3424318.1,4027,3627,2729,0,0,0,2,2,0,0,0,2,0,2,0
KAM3424319.1,21,12,24,0,0,0,0,0,0,0,1,0,0,0,0
KAM3424320.1,822,603,591,0,4,0,0,0,0,3,0,2,1,0,0
KAM3424321.1,33,32,14,0,0,0,0,0,0,0,2,0,0,0,0
KAM3424322.1,124,91,80,0,0,0,0,0,0,0,2,2,0,0,2
KAM3424323.1,2,1,2,0,0,0,0,0,0,0,0,0,0,0,0
KAM3424324.1,6,0,4,0,0,0,0,0,0,0,0,0,0,0,0
KAM3424325.1,4005,2768,4079,0,2,12,5,18,12,15,20,15,20,16,27
KAM3424326.1,113,113,149,0,0,0,2,0,0,1,0,2,0,0,0
KAM3424327.1,87,104,53,1,4,0,2,1,1,1,0,0,4,3,1
KAM3424328.1,1564,1968,2158,17,16,24,12,6,18,12,2,12,31,32,56
KAM3424329.1,57,17,57,2,4,0,2,4,2,0,0,2,0,0,0
KAM3424330.1,40,31,62,0,0,0,0,0,0,2,6,2,2,0,0
KAM3424331.1,33,13,99,0,0,0,0,0,0,4,0,0,0,0,1
KAM3424332.1,57,37,141,0,0,0,0,1,0,0,0,0,0,0,0
KAM3424333.1,637,817,1113,2,8,0,3,2,2,17,9,7,6,15,18
KAM3424334.1,2143,2257,2219,20,16,24,16,20,16,5,10,22,11,36,48
KAM3424335.1,13920,12264,48319,10,8,6,28,20,17,50,52,90,350,92,227
KAM3424336.1,753,1144,1674,5,14,0,2,0,0,6,1,0,3,4,8
KAM3424337.1,6366,9732,9524,26,36,57,4,4,5,9,14,8,103,84,107
KAM3424338.1,832,745,1179,0,0,0,8,2,0,2,6,6,9,24,12
KAM3424339.1,131,88,113,0,0,0,0,0,0,2,2,2,4,0,0
KAM3424340.1,25,33,99,2,0,0,6,0,1,2,0,0,0,0,0
KAM3424341.1,36,58,50,5,0,0,0,0,0,0,0,0,2,0,0
KAM3424342.1,1096,984,1019,8,8,0,9,4,16,3,2,6,47,50,55
KAM3424343.1,700,716,511,2,0,0,2,7,4,5,3,4,2,2,3
KAM3424344.1,358,193,487,0,4,6,0,0,1,2,0,3,1,3,4
KAM3424345.1,413,381,549,0,0,0,2,5,2,2,6,8,4,4,2
KAM3424346.1,1036,743,1154,0,12,12,2,9,4,7,10,9,0,2,11
KAM3424347.1,167,99,221,0,0,0,0,0,1,0,2,0,0,0,4
KAM3424348.1,660,398,486,0,0,0,0,8,2,28,13,16,11,14,14
KAM3424349.1,43,58,69,0,4,0,0,0,0,0,4,2,2,0,0
KAM3424350.1,2232,1839,2686,4,4,0,3,8,7,20,10,14,8,6,6
KAM3424351.1,66,45,72,0,0,0,0,0,0,0,0,0,0,0,0
KAM3424352.1,1015,1108,1030,16,8,24,4,5,2,4,8,6,10,8,14
KAM3424353.1,1401,1587,1488,10,8,0,6,2,12,2,12,16,12,14,8
KAM3424354.1,95,68,82,2,0,0,0,6,6,0,20,8,2,0,0
KAM3424355.1,54,32,70,0,0,0,0,3,0,0,0,8,0,0,4
KAM3424356.1,142,130,169,0,0,0,0,0,0,0,0,0,4,0,0
KAM3424357.1,8293,8198,8098,4,6,0,12,10,18,17,14,12,43,83,85
KAM3424358.1,564,630,553,6,0,0,4,0,2,4,0,1,5,13,14
KAM3424359.1,411,373,399,2,4,12,10,4,6,4,8,2,2,4,5
KAM3424360.1,87,42,69,2,0,0,0,0,8,0,3,4,0,0,0
KAM3424361.1,131,115,195,6,4,12,6,2,4,4,6,10,12,12,17
KAM3424362.1,82,56,70,0,0,0,0,2,2,0,4,0,4,2,6
KAM3424363.1,252,172,334,6,0,0,0,8,0,0,4,0,2,2,2
KAM3424364.1,956,777,844,8,0,6,2,19,10,17,17,10,22,13,14
KAM3424365.1,118,128,169,0,6,3,4,0,2,2,6,4,0,0,1
KAM3424366.1,80,47,99,0,0,0,0,0,0,2,12,27,0,0,0
KAM3424367.1,465,517,765,0,8,6,6,6,4,12,14,14,15,12,14
KAM3424368.1,6587,6405,3443,14,4,18,4,16,19,6,21,9,17,22,23
KAM3424369.1,2,4,17,0,0,0,0,0,0,0,0,0,0,0,0
KAM3424370.1,509,410,480,0,8,0,0,6,2,0,4,3,4,5,25
KAM3424371.1,96,60,203,0,0,0,0,3,2,2,4,3,7,4,6
KAM3424372.1,114,30,70,0,0,0,2,0,0,0,2,4,2,1,1
KAM3424373.1,7526,4252,4564,6,12,6,24,28,24,25,32,31,52,68,83
KAM3424374.1,1635,1094,1868,2,8,0,8,10,16,12,10,12,21,16,32
KAM3424375.1,5,1,0,0,0,0,0,0,0,0,0,0,0,0,0
KAM3424376.1,971,726,1168,1,2,0,4,7,8,7,10,17,24,18,21
KAM3424377.1,128,96,166,2,0,6,2,5,2,0,0,0,2,4,0
KAM3424378.1,1950,1951,2205,12,2,18,8,22,10,12,10,22,36,30,42
KAM3424379.1,41,20,86,0,0,0,0,0,0,4,0,6,0,0,0
KAM3424380.1,150,94,161,0,0,0,6,2,1,2,2,6,0,0,2
KAM3424381.1,3046,2716,2222,19,16,27,2,1,8,10,0,4,4,12,9
KAM3424382.1,154,78,324,0,0,0,1,0,0,1,0,0,12,12,11
KAM3424383.1,135,51,57,0,0,0,0,4,0,0,0,0,0,0,4
KAM3424384.1,9,6,14,0,0,0,0,0,0,0,0,0,0,0,0
KAM3424385.1,78,65,79,2,0,0,0,2,4,2,0,4,0,5,0
KAM3424386.1,1666,1290,1791,8,8,0,10,14,7,12,10,3,10,18,28
KAM3424387.1,630,628,1306,0,0,6,0,2,0,1,3,4,4,0,3
KAM3424388.1,1640,1608,1727,0,0,3,3,2,2,1,0,7,2,6,7
KAM3424389.1,6395,7172,6901,5,16,6,2,1,3,6,1,6,13,9,4
KAM3424390.1,703,643,1078,1,0,0,2,0,0,0,0,1,2,2,3
KAM3424391.1,47,34,162,0,0,3,0,0,0,0,0,0,0,8,6
KAM3424392.1,1320,721,1031,2,0,0,14,26,2,6,18,10,75,84,66
KAM3424393.1,144,152,274,1,2,0,0,0,0,0,2,4,0,0,1
KAM3424394.1,2774,3038,2430,3,4,12,0,2,1,8,12,14,8,6,3
KAM3424395.1,74,47,63,0,0,0,2,4,0,0,2,4,0,0,0
KAM3424396.1,203,96,211,0,0,0,4,2,6,6,12,4,4,2,0
KAM3424397.1,78,19,58,2,0,0,0,2,0,0,2,0,0,0,0
KAM3424398.1,205,114,154,0,0,0,6,2,0,8,2,6,0,4,2
KAM3424399.1,4,6,3,0,0,0,0,0,0,0,2,0,0,0,2
KAM3424400.1,144,58,95,0,0,0,8,6,6,8,4,8,0,0,2
KAM3424401.1,804,504,617,2,0,0,10,12,12,17,23,28,0,2,13
KAM3424402.1,3151,1800,2047,0,0,0,8,31,10,50,80,84,22,28,22
KAM3424403.1,291,176,291,0,0,0,0,0,0,2,4,6,2,2,7
KAM3424405.1,928,1003,839,6,12,3,6,2,2,4,2,2,6,9,5
KAM3424407.1,82,92,112,0,0,0,0,0,0,0,0,2,12,12,8
KAM3424408.1,421,448,461,1,2,0,2,2,0,5,2,2,2,3,6
KAM3424409.1,379,210,376,2,0,0,2,4,4,8,16,10,12,6,4
KAM3424410.1,173,199,311,2,4,0,0,2,0,2,0,0,4,0,6
KAM3424411.1,60,55,94,2,0,0,6,4,2,0,8,9,0,6,0
KAM3424412.1,418,300,569,0,0,0,2,0,0,4,0,4,0,0,0
KAM3424413.1,1749,1548,1668,4,0,18,6,6,4,10,4,6,20,10,20
KAM3424414.1,447,328,417,2,0,0,0,4,4,2,2,2,13,5,6
KAM3424415.1,512,235,642,2,0,0,4,4,6,4,0,9,7,7,6
KAM3424416.1,772,442,1359,0,0,0,2,0,0,16,16,10,4,1,0
KAM3424417.1,1136,928,1118,8,0,12,6,12,4,7,8,16,4,1,4
KAM3424418.1,1823,1887,1585,4,8,18,11,13,14,22,11,28,13,20,22
KAM3424419.1,757,698,864,4,0,6,10,10,16,11,14,12,3,14,20
KAM3424420.1,467,231,661,0,0,0,0,0,2,0,0,0,8,16,10
KAM3424421.1,1546,1168,1613,0,4,0,0,10,0,28,20,20,3,4,1
KAM3424422.1,61,59,135,0,0,6,2,2,2,0,0,0,0,4,2
KAM3424423.1,8513,7387,6823,31,36,63,13,37,8,31,34,43,29,48,60
KAM3424424.1,261,233,689,6,0,0,4,5,7,2,3,10,4,2,2
KAM3424425.1,7560,9232,5521,22,20,30,4,2,0,0,5,4,30,10,18
KAM3424426.1,4147,3329,3430,1,0,6,1,9,11,22,13,18,32,28,29
KAM3424427.1,3707,2847,2857,6,4,24,6,6,7,4,20,16,10,12,28
KAM3424428.1,7338,7361,4114,12,16,18,11,20,14,12,22,32,22,16,36
KAM3424429.1,1151,1726,1269,7,12,0,0,2,2,4,4,0,15,4,8
KAM3424430.1,634,776,708,0,0,6,4,2,0,4,0,0,8,4,8
KAM3424431.1,44,81,120,2,0,0,2,0,0,2,0,2,0,0,0
KAM3424432.1,901,963,1075,4,0,3,2,8,2,14,10,6,8,19,9
KAM3424434.1,289,306,523,0,0,0,0,0,0,2,0,0,4,0,0
KAM3424435.1,129928,76172,96715,10,16,54,362,641,396,707,996,1411,462,660,789
KAM3424436.1,11102,12209,12223,11,12,21,3,8,4,5,10,16,31,29,54
KAM3424437.1,530,404,630,2,0,0,8,4,4,6,2,6,4,12,10
KAM3424438.1,204,165,131,0,0,0,0,4,2,0,0,2,6,2,10
KAM3424439.1,919,476,869,2,4,0,10,9,16,9,28,22,25,36,21
KAM3424440.1,116,100,127,0,0,0,0,0,0,1,0,2,4,0,0
KAM3424441.1,630,742,620,13,8,12,0,2,3,0,0,4,12,10,16
KAM3424442.1,1041,804,1147,5,4,6,2,2,2,3,10,6,10,9,12
KAM3424443.1,2729,1908,2437,14,0,6,14,8,4,12,6,8,72,56,82
KAM3424444.1,1245,847,1039,10,4,0,8,3,4,6,2,0,25,32,37
KAM3424445.1,841,539,892,0,4,0,1,9,8,2,2,0,6,0,7
KAM3424446.1,781,430,636,0,8,0,2,8,4,12,17,16,0,4,7
KAM3424447.1,888,872,892,8,4,0,8,12,12,19,8,2,28,28,21
KAM3424448.1,194,243,264,2,0,0,0,1,2,4,2,6,2,0,0
KAM3424449.1,364,222,459,0,0,0,0,2,2,0,0,6,0,2,2
KAM3424450.1,5439,4525,4373,14,4,6,19,55,34,23,45,26,32,36,26
KAM3424451.1,894,1267,823,8,0,0,6,0,2,5,4,4,0,6,0
KAM3424452.1,4087,4880,2775,28,16,27,4,3,12,4,12,4,13,6,11
KAM3424453.1,373,311,1056,0,0,0,2,2,0,2,6,2,56,26,34
KAM3424454.1,140,122,160,2,0,0,0,0,2,0,0,0,4,1,6
KAM3424455.1,233,106,449,0,0,0,0,0,0,2,0,1,2,0,0
KAM3424456.1,7963,7236,10401,18,8,30,21,49,21,51,55,37,124,136,127
KAM3424457.1,997,1383,1551,4,4,18,3,2,2,4,6,2,2,13,15
KAM3424458.1,3351,4323,3515,10,12,18,2,5,4,2,5,2,9,11,28
KAM3424459.1,6601,7550,5272,31,4,6,10,4,14,10,10,24,16,40,35
KAM3424460.1,3923,4124,5164,6,16,18,23,10,14,8,26,14,12,18,20
KAM3424461.1,11,17,30,0,0,0,2,0,0,0,0,0,0,0,0
KAM3424462.1,8,4,4,0,0,0,0,0,0,0,0,2,0,0,0
KAM3424463.1,12,4,27,0,0,0,0,0,0,0,0,0,0,0,0
KAM3424464.1,0,2,12,0,0,0,0,0,0,0,0,0,0,0,0
KAM3424465.1,2493,2118,3151,10,8,6,0,7,6,12,12,8,2,4,13
KAM3424466.1,204,206,386,0,0,6,0,0,2,0,0,2,0,0,2
KAM3424467.1,207,179,258,0,0,0,0,4,7,0,2,6,0,2,6
KAM3424468.1,1419,1745,1851,2,4,0,2,6,2,8,10,8,14,4,19
KAM3424469.1,2308,3958,3367,0,0,3,0,0,4,0,0,2,7,4,4
KAM3424470.1,1719,1999,2668,10,16,12,6,8,20,12,8,22,8,18,18
KAM3424471.1,489,539,510,8,4,0,4,3,2,2,0,2,1,14,9
KAM3424472.1,470,416,367,0,0,0,2,1,2,1,6,2,2,3,4
KAM3424473.1,1451,587,850,0,4,0,0,0,0,0,6,0,2,18,16
KAM3424474.1,109,57,139,1,0,0,0,0,1,0,2,1,0,4,2
KAM3424475.1,166,147,199,2,0,0,2,3,2,2,8,2,0,0,0
KAM3424476.1,161,186,225,0,0,12,0,0,2,2,6,1,0,2,6
KAM3424477.1,315,240,416,8,0,0,2,6,4,2,16,6,8,12,30
KAM3424478.1,5,6,8,0,0,0,0,0,0,0,0,0,0,0,2
KAM3424479.1,66,57,96,0,0,0,2,0,0,0,0,2,2,1,0
KAM3424480.1,160,131,201,0,0,0,4,0,0,0,0,0,0,6,5
KAM3424481.1,333,277,358,0,0,0,4,1,6,2,0,2,4,5,3
KAM3424482.1,8608,7258,8214,26,8,36,40,39,35,22,24,43,101,96,120
KAM3424483.1,230,213,236,0,4,6,2,3,2,0,0,0,2,3,2
KAM3424484.1,2140,1713,2129,17,32,18,22,23,24,8,31,14,20,18,34
KAM3424485.1,115,128,83,3,0,0,0,3,2,0,0,0,1,3,6
KAM3424486.1,3984,3743,4551,23,30,27,20,30,22,14,40,54,57,52,66
KAM3424487.1,177,228,218,2,0,0,4,4,0,4,8,4,6,4,4
KAM3424488.1,283,299,288,2,4,6,2,8,4,8,0,2,6,6,2
KAM3424489.1,188,166,179,0,0,0,2,2,3,2,0,3,3,4,4
KAM3424490.1,349,118,173,0,0,0,2,0,0,0,0,2,0,0,10
KAM3424491.1,46,18,59,0,0,0,2,0,0,0,2,0,0,2,4
KAM3424492.1,1291,689,939,0,0,0,9,13,18,14,8,18,2,6,12
KAM3424494.1,106,34,198,0,0,0,2,0,0,4,2,4,0,4,5
KAM3424495.1,12,0,2,0,0,0,0,0,0,0,0,0,0,0,0
KAM3424496.1,280,177,475,2,4,0,2,0,1,2,1,1,2,0,2
KAM3424497.1,604,664,689,6,0,0,6,6,5,4,5,9,14,4,12
KAM3424498.1,1838,1304,1973,6,16,6,8,8,8,18,22,6,13,10,24
KAM3424499.1,662,584,466,0,0,6,4,4,2,4,8,10,2,3,6
KAM3424500.1,100,82,132,0,0,0,2,0,2,3,4,1,0,0,0
KAM3424501.1,165,195,286,2,0,0,2,4,4,8,2,4,2,0,0
KAM3424502.1,217,181,238,0,0,0,0,4,4,0,0,2,9,2,2
KAM3424503.1,1560,1692,1662,4,4,0,13,11,12,21,18,22,33,22,24
KAM3424504.1,262,332,246,2,0,0,7,6,8,3,6,3,6,7,6
KAM3424505.1,958,694,2810,0,0,0,0,0,0,6,0,2,97,28,66
KAM3424506.1,249,203,240,0,0,0,4,2,2,6,8,2,2,3,10
KAM3424507.1,556,507,455,2,0,0,4,6,5,14,6,2,6,14,14
KAM3424508.1,5648,4215,4908,2,8,0,10,38,36,63,56,42,23,44,54
KAM3424509.1,1788,2024,1546,6,24,45,7,5,8,6,2,6,13,8,28
KAM3424511.1,835,686,2480,0,0,0,0,2,1,2,2,4,56,25,28
KAM3424512.1,270,336,519,0,0,0,0,8,0,2,1,4,6,1,4
KAM3424513.1,1689,1835,1576,0,18,0,4,4,10,3,12,12,6,14,16
KAM3424514.1,50,37,80,0,0,0,0,0,2,0,0,0,0,0,0
KAM3424515.1,1399,667,1099,0,0,0,10,10,10,0,6,8,28,22,27
KAM3424517.1,671,737,1063,8,8,0,4,0,2,6,2,4,4,4,7
KAM3424519.1,1638,1829,1855,2,24,12,15,6,18,11,28,6,37,35,30
KAM3424520.1,2019,1870,1978,6,0,0,4,2,6,8,6,10,4,15,12
KAM3424521.1,454,330,366,0,8,6,2,0,4,0,2,6,0,2,0
KAM3424522.1,579,321,526,2,4,0,6,4,4,2,0,8,12,16,12
KAM3424524.1,75,62,72,0,0,0,0,0,0,4,2,2,0,0,0
KAM3424525.1,92,84,101,0,0,0,2,4,2,2,0,0,2,0,2
KAM3424528.1,135,101,146,0,0,0,1,4,2,6,0,2,6,0,10
KAM3424529.1,168,145,203,0,0,0,2,2,1,0,2,0,4,0,0
KAM3424530.1,10792,7968,5473,16,12,30,2,14,2,12,10,10,22,20,30
KAM3424532.1,5082,3436,4601,6,0,6,0,17,14,16,29,28,14,27,19
KAM3424533.1,652,435,634,2,4,18,4,8,6,6,2,4,7,12,13
KAM3424534.1,10,3,4,0,0,0,0,0,0,0,0,0,2,1,0
KAM3424535.1,152,141,328,0,0,0,6,0,0,0,0,5,7,4,4
KAM3424536.1,0,0,0,0,0,0,0,0,0,0,0,0,0,0,0
KAM3424537.1,18,4,16,0,0,0,0,0,0,0,0,0,0,0,0
KAM3424539.1,16,16,22,0,0,0,0,0,0,0,0,0,0,2,0
KAM3424540.1,4,6,13,0,0,0,0,0,0,0,0,0,2,0,0
KAM3424541.1,470,358,676,3,8,0,2,6,4,0,4,2,18,38,31
KAM3424542.1,1032,671,996,6,0,6,5,9,4,3,0,6,16,3,6
KAM3424543.1,1258,1109,1775,2,16,6,7,6,8,10,6,16,6,26,14
KAM3424544.1,2253,2388,1985,11,4,0,2,7,4,5,11,10,16,10,12
KAM3424545.1,207,127,177,4,0,18,0,6,2,0,6,0,4,3,2
KAM3424546.1,422,452,371,0,0,6,0,0,1,0,0,2,0,9,9
KAM3424547.1,4265,4631,2881,24,28,27,7,21,8,18,22,16,73,82,154
KAM3424548.1,1279,973,1145,6,8,0,0,4,0,4,6,8,16,8,13
KAM3424549.1,126,102,100,0,0,0,0,0,0,2,0,0,0,7,4
KAM3424550.1,358,296,313,4,0,12,3,0,2,4,8,5,14,14,13
KAM3424551.1,209,164,182,0,0,0,5,2,1,5,2,10,9,7,14
KAM3424552.1,307,243,550,2,0,0,0,6,0,2,6,7,2,6,10
KAM3424553.1,161,83,163,0,4,0,6,2,2,4,4,0,0,0,2
KAM3424554.1,12968,6274,5817,1,12,6,33,46,51,45,40,53,53,80,87
KAM3424555.1,105,68,159,0,0,0,2,7,2,8,0,0,0,0,0
KAM3424556.1,151,132,180,1,0,6,0,0,0,4,0,2,0,0,0
KAM3424557.1,861,1079,1395,2,0,24,4,4,2,4,14,13,7,7,4
KAM3424558.1,875,463,443,0,0,0,0,2,2,2,4,2,0,7,0
KAM3424559.1,196,293,228,3,0,6,4,2,3,4,0,1,2,3,0
KAM3424560.1,1040,818,1142,4,2,6,9,12,6,3,11,12,8,16,27
KAM3424561.1,609,324,694,0,2,0,4,7,4,4,2,6,2,6,6
KAM3424562.1,298,146,300,4,4,6,0,1,0,2,2,2,0,2,1
KAM3424563.1,1974,2615,3726,15,44,12,15,19,10,10,15,8,84,72,63
KAM3424564.1,943,619,909,2,0,0,8,10,2,6,8,8,4,0,3
KAM3424565.1,2095,1916,2058,4,0,6,2,9,5,2,12,18,20,21,19
KAM3424566.1,1039,1153,2160,0,0,0,2,0,3,2,0,5,12,6,2
KAM3424567.1,29701,38981,32064,78,68,96,14,30,16,29,67,57,100,60,76
KAM3424568.1,173131,110357,142735,20,20,30,531,929,839,889,1173,1346,353,508,640
KAM3424569.1,2255,1519,1268,0,0,0,3,1,2,4,2,8,4,4,2
KAM3424570.1,291,254,428,0,0,0,0,6,0,5,6,4,0,8,7
KAM3424571.1,699,587,777,0,0,0,0,8,4,6,6,16,0,4,0
KAM3424572.1,1840,1486,2149,4,8,0,4,12,6,8,24,11,13,2,4
KAM3424573.1,1211,1131,959,2,8,18,0,6,4,4,10,10,7,0,6
KAM3424576.1,1909,1255,1776,0,0,0,2,4,6,10,8,10,4,3,4
KAM3424577.1,0,1,6,0,0,0,0,0,0,0,0,0,0,0,0
KAM3424578.1,3990,4614,4734,10,16,24,7,18,10,0,13,17,46,53,81
KAM3424579.1,347,269,354,0,0,0,0,0,4,0,6,2,2,2,2
KAM3424581.1,179,186,219,0,0,0,2,4,2,0,2,2,3,0,2
KAM3424582.1,317,190,221,0,4,0,0,4,0,5,0,4,2,0,0
KAM3424583.1,6274,5476,5103,28,0,24,12,13,13,18,16,28,41,33,55
KAM3424584.1,47,47,67,0,0,0,2,1,2,2,4,2,0,0,2
KAM3424586.1,128,84,139,0,0,0,10,3,0,2,0,2,0,2,6
KAM3424587.1,4043,3139,5403,7,26,6,47,61,67,36,26,39,157,180,178
KAM3424588.1,1525,1666,1465,6,8,3,4,16,2,5,14,4,2,12,16
KAM3424589.1,251,156,253,0,0,0,0,0,0,0,2,0,0,3,1
KAM3424591.1,352,355,200,2,0,12,0,2,0,2,0,0,2,0,2
KAM3424592.1,90,85,149,4,0,0,0,0,0,4,0,3,2,0,0
KAM3424593.1,1373,1207,1546,18,8,0,4,10,6,4,2,2,23,12,24
KAM3424594.1,525,395,497,6,4,6,2,8,2,4,0,4,8,7,10
KAM3424595.1,1180,1082,1135,10,8,12,11,14,0,4,10,11,9,16,12
KAM3424596.1,239,225,219,0,4,9,1,3,0,4,2,2,1,0,8
KAM3424597.1,651,566,658,0,0,6,5,0,5,2,2,11,8,4,10
KAM3424599.1,511,332,543,0,4,0,2,2,5,9,8,17,0,0,0
KAM3424600.1,501,503,918,0,4,18,14,64,23,61,37,80,56,54,32
KAM3424601.1,1417,1894,1794,8,0,9,2,6,2,6,10,4,20,9,18
KAM3424602.1,19309,20241,23165,140,134,177,104,107,67,61,95,115,918,842,934
KAM3424603.1,209,133,194,0,0,0,0,2,0,1,1,0,6,1,6
KAM3424604.1,5549,2772,5005,0,0,0,4,14,6,27,38,26,9,16,24
KAM3424605.1,435,635,628,0,0,12,4,6,4,8,2,6,16,21,16
KAM3424606.1,4471,3790,3265,33,20,0,21,27,35,32,60,30,32,46,47
KAM3424607.1,130,49,99,0,0,0,0,2,0,0,0,0,2,0,4
KAM3424608.1,19006,9589,10297,2,0,0,22,6,39,10,8,8,110,197,309
KAM3424609.1,110,75,92,0,0,0,0,1,0,0,0,3,0,2,0
KAM3424610.1,207,132,160,0,4,0,0,0,6,0,2,1,2,0,0
KAM3424611.1,4264,5256,2686,4,0,6,12,8,20,16,12,28,8,36,32
KAM3424612.1,1216,789,1077,0,4,12,8,6,7,6,6,9,13,16,8
KAM3424613.1,59,54,140,0,0,0,2,0,2,6,2,11,8,0,4
KAM3424614.1,1431,1463,1642,4,8,6,12,4,20,12,8,10,6,13,12
KAM3424615.1,1649,1893,1878,12,8,12,2,8,8,8,10,14,12,35,30
KAM3424616.1,379,408,378,2,0,0,0,0,0,1,0,2,2,0,6
KAM3424617.1,3585,3574,2560,0,0,0,1,6,4,23,36,26,8,8,4
KAM3424618.1,987,881,917,0,0,0,2,0,0,4,6,8,3,2,10
KAM3424619.1,135,135,111,0,2,0,2,0,2,2,0,0,0,1,4
KAM3424621.1,143,73,82,0,2,0,0,0,0,0,0,0,0,0,2
KAM3424622.1,570,374,648,2,4,6,0,0,0,2,0,0,0,2,3
KAM3424623.1,329,404,364,0,0,0,0,3,2,4,0,6,0,4,2
KAM3424624.1,8,17,7,0,0,0,0,0,0,0,0,0,0,0,0
KAM3424625.1,2099,1799,1732,14,8,6,2,10,2,2,10,4,16,14,14
KAM3424626.1,1310,967,1581,8,4,0,4,22,11,10,16,20,9,12,8
KAM3424627.1,2,2,0,0,0,0,0,0,0,0,0,0,0,0,0
KAM3424628.1,8,0,0,0,0,0,0,0,0,0,0,0,0,0,0
KAM3424629.1,471,595,600,4,0,0,0,3,2,0,4,8,2,0,2
KAM3424630.1,107,101,131,2,0,0,0,2,0,0,0,1,3,4,2
KAM3424631.1,532,528,689,8,8,12,4,3,10,5,6,17,11,10,22
KAM3424632.1,80,100,199,0,0,0,0,0,2,2,0,2,2,6,2
KAM3424633.1,505,520,666,2,12,0,2,14,2,1,2,2,6,10,4
KAM3424634.1,581,417,539,6,4,18,6,6,2,2,0,2,36,34,53
KAM3424635.1,1607,1663,1544,17,12,24,2,2,6,3,11,10,30,27,26
KAM3424636.1,138,145,127,2,0,0,0,2,0,4,0,0,0,0,2
KAM3424638.1,78,57,109,0,0,0,2,2,0,2,2,0,0,0,2
KAM3424639.1,94,51,165,0,0,0,0,1,0,0,0,0,0,0,0
KAM3424640.1,47,22,84,0,0,0,0,0,2,0,2,8,0,6,0
KAM3424641.1,2,12,4,0,0,0,0,0,0,0,0,0,0,0,0
KAM3424642.1,55,34,51,0,0,6,0,0,0,0,0,0,0,0,0
KAM3424643.1,19,13,19,0,0,0,2,0,0,0,0,0,0,0,2
KAM3424644.1,31,24,46,0,0,0,0,0,0,2,0,2,0,0,0
KAM3424645.1,3979,2414,4820,10,12,6,46,20,50,57,38,58,30,75,102
KAM3424646.1,10,4,48,0,0,0,0,0,0,0,0,0,4,0,0
KAM3424647.1,70,83,120,0,4,0,0,2,0,2,0,4,2,2,4
KAM3424648.1,29,45,49,0,0,0,0,0,0,0,0,0,0,0,0
KAM3424649.1,1644,1953,1142,0,0,0,5,4,0,4,2,1,0,0,2
KAM3424650.1,2027,1700,1637,6,0,18,2,6,10,10,12,12,6,10,14
KAM3424651.1,898,750,849,10,4,0,2,3,4,1,4,5,8,14,11
KAM3424652.1,517,413,574,0,0,0,0,6,2,0,4,2,0,0,8
KAM3424653.1,525,538,653,4,0,6,4,4,8,1,1,0,6,8,10
KAM3424654.1,350,179,240,2,4,0,8,0,2,6,4,2,6,0,0
KAM3424655.1,1336,1279,1493,8,6,0,10,10,12,4,20,25,26,12,22
KAM3424656.1,26,48,8,0,0,0,0,0,0,0,0,2,0,0,2
KAM3424657.1,38,32,28,0,0,0,0,0,0,0,4,0,0,0,0
KAM3424658.1,44,46,62,0,0,0,0,2,0,6,6,8,6,4,0
KAM3424659.1,60,64,8,0,0,0,0,2,0,0,2,2,0,0,0
KAM3424660.1,1235,794,765,0,12,6,4,4,4,2,6,12,0,2,2
KAM3424661.1,2,0,0,0,0,0,0,0,0,0,0,0,0,0,0
KAM3424662.1,1119,589,372,0,0,0,2,0,0,0,2,0,7,6,20
KAM3424663.1,1811,1636,1695,12,20,24,2,22,5,8,3,12,14,19,23
KAM3424664.1,307,310,163,1,0,0,6,3,0,2,0,8,4,2,2
KAM3424665.1,456,487,655,1,2,3,7,9,6,11,11,9,11,25,26
KAM3424666.1,104,55,144,0,0,0,21,59,36,396,795,735,263,419,476
KAM3424668.1,11,0,13,0,0,0,0,0,0,0,0,0,0,0,0
KAM3424669.1,99,107,144,0,4,0,2,2,4,4,2,2,11,4,10
KAM3424670.1,266,159,317,2,0,0,0,6,4,4,8,10,0,5,2
KAM3424671.1,1514,1195,1582,9,12,6,14,19,9,15,22,20,23,38,45
KAM3424672.1,2072,1601,1750,16,8,12,13,16,3,12,10,8,14,14,4
KAM3424673.1,31,47,58,0,0,0,0,0,0,2,0,0,0,0,0
KAM3424674.1,1126,497,605,4,0,0,0,2,2,6,0,0,4,2,6
KAM3424675.1,2637,2899,2560,6,8,0,2,11,7,8,8,11,12,7,16
KAM3424676.1,2772,2689,2739,6,4,6,7,12,4,8,8,14,11,12,19
KAM3424677.1,437,411,448,0,0,0,4,2,2,8,0,10,2,11,19
KAM3424678.1,773,813,754,11,8,0,4,4,4,8,6,4,0,4,2
KAM3424679.1,11784,13055,9982,9,4,18,12,16,6,24,24,9,31,20,21
KAM3424680.1,4234,3988,3767,10,20,6,6,16,16,6,0,13,36,26,26
KAM3424681.1,1753,1849,2614,0,0,0,4,6,0,10,4,8,21,5,10
KAM3424682.1,76,56,118,0,0,0,1,0,0,1,1,0,0,0,4
KAM3424683.1,37,66,57,0,0,0,0,2,2,2,1,2,3,2,3
KAM3424684.1,36,43,45,0,2,0,3,2,0,0,0,0,0,7,3
KAM3424685.1,1473,1559,1223,2,8,0,6,10,8,2,4,22,15,15,10
KAM3424686.1,261,234,273,0,0,0,2,7,8,3,2,9,0,10,6
KAM3424687.1,179,154,240,0,4,24,2,2,4,0,4,7,6,8,7
KAM3424688.1,0,0,2,0,0,0,0,0,0,0,0,0,0,0,0
KAM3424689.1,0,0,4,0,0,0,0,0,0,0,2,0,0,0,0
KAM3424690.1,201,134,455,0,0,0,0,0,2,2,0,3,0,1,0
KAM3424691.1,712,395,1891,0,0,0,3,2,2,7,5,10,6,8,2
KAM3424692.1,557,603,967,2,0,12,7,0,0,10,5,11,10,16,14
KAM3424693.1,52,36,113,0,0,0,0,0,0,0,0,2,0,0,0
KAM3424694.1,68,14,67,0,0,0,0,6,0,2,2,0,0,0,0
KAM3424695.1,557,659,796,4,12,6,12,16,12,6,6,12,20,6,13
KAM3424696.1,669,549,928,16,16,24,9,24,10,4,12,20,14,8,16
KAM3424697.1,103,162,162,0,0,0,0,0,0,0,0,0,0,0,0
KAM3424698.1,1714,1989,1917,7,2,9,14,10,10,10,7,12,2,27,13
KAM3424699.1,44,48,20,0,0,0,0,0,0,0,2,0,0,0,0
KAM3424700.1,765,625,1078,0,0,0,0,2,0,6,4,8,4,4,0
KAM3424701.1,6954,5010,5259,15,0,24,22,19,27,66,68,75,2,20,20
KAM3424702.1,1753,1436,759,2,0,0,4,13,6,18,11,16,0,0,5
KAM3424703.1,12769,14579,11515,54,36,54,14,18,38,26,36,50,58,76,88
KAM3424704.1,1972,1799,2229,10,0,0,6,10,2,6,4,5,7,0,6
KAM3424705.1,2004,2001,3113,5,4,6,10,25,14,7,16,34,19,8,22
KAM3424706.1,3,4,30,0,0,0,0,2,0,0,0,0,0,2,0
KAM3424707.1,459,532,571,14,4,0,2,10,6,6,6,8,10,4,16
KAM3424708.1,11,9,3,0,0,0,0,0,0,0,0,0,0,0,0
KAM3424709.1,7236,5958,5893,20,42,42,16,20,20,15,25,19,25,13,24
KAM3424710.1,378,378,667,0,0,0,0,0,2,1,1,2,0,0,4
KAM3424711.1,2201,1294,1393,0,0,0,0,2,0,0,0,0,4,0,0
KAM3424712.1,944,1091,1192,10,0,0,2,0,2,0,6,1,7,14,18
KAM3424713.1,986,1325,1127,6,4,12,2,6,6,0,0,8,4,8,20
KAM3424714.1,13075,14652,14003,4,16,54,2,10,2,12,10,12,22,18,32
KAM3424715.1,30542,37232,43861,23,4,12,22,13,4,29,24,36,25,22,46
KAM3424716.1,1260,1262,1931,4,0,6,6,2,4,2,2,6,0,6,0
KAM3424717.1,500,479,653,6,0,0,2,4,1,0,6,3,8,4,4
KAM3424718.1,919,646,695,4,12,0,1,8,0,4,12,16,6,2,14
KAM3424719.1,1291,846,983,4,4,0,6,2,6,8,6,8,2,0,6
KAM3424720.1,78,66,177,0,4,0,0,0,0,0,2,0,6,4,4
KAM3424721.1,81,47,81,0,0,0,0,0,0,0,4,0,4,2,0
KAM3424722.1,202,289,291,2,0,0,3,2,3,0,4,2,2,3,9
KAM3424723.1,358,375,371,0,0,0,0,0,0,0,2,3,2,6,7
KAM3424724.1,2731,2317,2877,8,0,12,20,6,16,6,8,19,42,36,22
KAM3424725.1,138,154,143,2,0,0,0,4,0,2,4,2,8,0,4
KAM3424726.1,251,293,373,0,4,0,2,0,8,6,10,24,6,6,0
KAM3424727.1,2862,2031,2426,9,4,18,20,23,14,15,14,12,6,18,27
KAM3424728.1,391,484,776,0,0,0,3,6,2,0,2,7,2,7,21
KAM3424729.1,976,996,889,2,8,6,0,4,2,0,1,2,3,0,0
KAM3424730.1,1042,1057,1455,5,4,24,4,8,5,4,13,8,12,11,17
KAM3424731.1,12139,11780,7367,17,12,27,12,6,14,21,9,26,26,25,37
KAM3424732.1,463,534,573,0,0,0,0,0,0,4,0,0,0,0,2
KAM3424733.1,2740,3874,11243,4,12,6,4,44,8,10,2,23,24,8,26
KAM3424734.1,6580,6143,6677,0,0,0,2,0,0,2,11,4,6,10,10
KAM3424735.1,13398,13850,15917,7,20,15,7,22,8,9,18,14,20,15,29
KAM3424736.1,9622,9970,12363,8,8,0,2,0,3,4,2,10,5,9,13
KAM3424737.1,3863,2159,3814,10,8,6,9,12,10,13,8,2,152,362,311
KAM3424738.1,7113,7003,6342,27,36,24,10,12,16,12,18,12,53,65,83
KAM3424739.1,1223,1349,1695,16,12,12,4,10,10,8,10,4,0,0,4
KAM3424743.1,9520,11069,9089,22,30,18,43,25,25,27,18,15,33,40,44
KAM3424744.1,3522,3460,2976,20,20,30,8,12,12,12,16,10,16,12,32
KAM3424745.1,1044,850,1107,0,0,0,2,8,6,2,4,8,5,1,6
KAM3424746.1,171,104,147,2,0,0,1,4,10,10,2,17,9,6,7
KAM3424747.1,765,724,427,7,0,12,4,0,0,0,2,2,14,6,8
KAM3424748.1,48,48,80,0,0,0,0,0,0,0,0,2,2,4,0
KAM3424749.1,981,669,1001,8,2,0,24,44,52,38,25,31,14,4,24
KAM3424750.1,108,51,95,0,0,0,2,6,0,0,0,0,0,0,0
KAM3424751.1,60,23,51,0,0,0,0,0,0,0,0,0,0,2,0
KAM3424752.1,12,0,20,0,0,0,0,0,0,0,0,2,0,0,0
KAM3424753.1,31,10,44,0,0,0,0,0,0,0,0,6,0,0,2
KAM3424754.1,6,4,7,0,0,0,0,0,0,0,0,0,0,0,0
KAM3424755.1,47,70,85,0,0,0,0,0,2,0,0,0,1,0,0
KAM3424756.1,2082,2003,1483,2,4,0,2,1,0,6,0,2,9,2,4
KAM3424757.1,1868,1677,2272,1,16,0,0,6,2,2,3,2,3,2,5
KAM3424758.1,305,188,263,0,0,0,0,2,0,3,0,2,2,2,11
KAM3424759.1,773,343,289,0,0,0,0,2,2,0,0,6,1,0,4
KAM3424760.1,1494,1313,1772,4,4,0,19,16,8,26,34,45,12,12,21
KAM3424761.1,78,40,1271,4,10,15,0,0,0,3,13,0,0,4,4
KAM3424762.1,54,52,165,0,0,6,0,0,0,0,2,0,0,2,0
KAM3424763.1,83,95,92,0,4,0,0,0,0,0,0,0,0,4,2
KAM3424764.1,4,2,1,0,0,0,0,0,0,0,0,0,0,0,0
KAM3424765.1,1249,1837,1559,6,4,30,12,3,0,14,0,11,6,6,7
KAM3424766.1,166,169,187,0,0,0,1,0,0,1,0,6,0,0,0
KAM3424767.1,1998,2025,1906,23,20,18,7,7,10,6,9,18,28,31,33
KAM3424768.1,4,1,12,0,0,0,0,0,0,0,0,0,2,0,0
KAM3424769.1,29,32,80,0,2,0,0,0,0,2,2,4,4,0,2
KAM3424773.1,844,579,804,10,12,12,4,10,4,2,14,19,6,8,15
KAM3424774.1,324,152,295,2,0,0,0,4,0,2,4,6,0,4,0
KAM3424775.1,3762,3733,2873,2,12,6,2,8,6,16,7,20,4,6,4
KAM3424776.1,15,10,13,0,0,0,0,0,0,0,0,0,0,0,0
KAM3424777.1,6,4,5,0,0,0,0,0,0,0,0,0,0,1,0
KAM3424778.1,1249,895,940,4,0,6,4,5,8,4,4,8,8,7,0
KAM3424779.1,1008,481,660,2,0,0,6,6,4,11,7,14,4,6,5
KAM3424780.1,1,3,2,0,0,0,0,0,0,0,0,0,0,0,0
KAM3424781.1,0,0,0,0,0,0,0,0,0,0,0,0,0,0,0
KAM3424782.1,175,96,244,2,0,0,0,2,8,12,18,22,0,1,8
KAM3424783.1,0,0,0,0,0,0,0,0,0,0,0,0,0,0,0
KAM3424784.1,0,0,0,0,0,0,0,0,0,0,0,0,0,0,0
KAM3424785.1,310,218,306,0,0,0,0,0,2,2,10,2,2,8,2
KAM3424786.1,173,354,348,2,0,6,2,0,2,0,2,2,6,3,2
KAM3424787.1,1343,895,1047,11,20,24,2,8,7,4,0,10,31,35,36
KAM3424788.1,581,717,713,5,0,0,4,5,2,8,2,2,6,25,20
KAM3424789.1,1034,1201,954,2,20,18,4,9,2,8,12,6,26,12,11
KAM3424790.1,2347,1976,2781,10,24,24,12,14,11,4,14,16,26,40,45
KAM3424791.1,319,157,391,0,4,6,1,0,0,2,4,0,3,0,0
KAM3424792.1,139,118,165,0,0,0,0,0,0,0,1,2,0,1,2
KAM3424793.1,71,41,94,0,0,0,0,0,1,2,0,0,0,2,2
KAM3424794.1,486,247,466,6,0,0,5,0,3,1,0,2,14,1,3
KAM3424795.1,1899,2317,3171,0,0,12,3,4,3,4,6,7,2,6,4
KAM3424796.1,3135,3654,2447,3,8,0,0,2,6,6,4,7,4,4,12
KAM3424797.1,220,261,408,0,0,0,0,0,0,7,2,0,0,0,4
KAM3424798.1,2,0,0,0,0,0,0,0,0,0,0,0,0,0,0
KAM3424799.1,583,851,920,0,4,6,0,4,0,0,0,1,0,0,4
KAM3424800.1,27,39,22,0,0,0,2,0,0,0,0,0,0,0,0
KAM3424801.1,2274,2225,2436,0,0,0,8,12,8,6,4,16,6,12,14
KAM3424802.1,2473,2990,2612,4,4,9,9,5,13,12,10,11,20,13,23
KAM3424803.1,2105,2398,2471,0,2,6,8,6,7,1,5,7,12,12,20
KAM3424804.1,2422,2008,1735,31,34,18,12,8,14,14,4,20,14,12,24
KAM3424805.1,2553,2510,2231,0,4,6,2,4,0,3,4,1,4,4,10
KAM3424806.1,1681,2274,1426,6,4,24,3,5,2,10,3,4,15,5,22
KAM3424807.1,101,101,185,2,4,0,0,0,0,4,0,3,4,7,14
KAM3424808.1,304,402,246,4,0,6,0,2,2,2,2,0,2,6,0
KAM3424809.1,228,137,234,2,0,0,0,2,0,2,4,0,6,6,2
KAM3424810.1,185,103,267,0,0,0,2,2,0,0,4,5,2,0,2
KAM3424811.1,1503,889,1931,0,0,0,6,8,2,11,12,8,3,2,6
KAM3424812.1,3799,3782,3746,18,12,24,6,2,14,9,8,20,12,25,16
KAM3424813.1,5041,4715,4095,14,4,18,20,16,23,20,7,26,56,32,66
KAM3424814.1,380,324,389,0,0,6,8,0,2,0,2,4,2,8,8
KAM3424815.1,1340,930,2097,6,6,0,3,3,0,7,5,3,4,0,13
KAM3424816.1,1203,1307,1222,8,2,0,5,7,8,0,12,8,6,4,12
KAM3424817.1,123,148,150,1,0,0,0,0,0,1,0,0,3,2,0
KAM3424818.1,105,103,166,0,0,0,2,2,0,0,0,0,1,0,1
KAM3424819.1,6,9,28,0,0,0,0,0,0,0,0,0,0,0,0
KAM3424820.1,30,16,46,0,0,0,0,2,1,2,1,0,0,0,1
KAM3424821.1,5,6,19,0,0,0,0,0,0,0,0,0,0,0,0
KAM3424822.1,2077,1405,2100,4,16,12,15,14,24,24,10,14,14,20,30
KAM3424823.1,618,650,753,0,0,0,6,0,2,0,0,0,0,6,0
KAM3424824.1,546,750,627,2,4,0,0,2,4,2,2,10,2,0,2
KAM3424825.1,2572,2174,2406,13,8,6,6,14,18,12,17,20,29,36,40
KAM3424826.1,1189,1278,1312,4,12,12,4,4,0,0,8,8,6,6,2
KAM3424827.1,886,355,1234,0,0,0,0,2,0,6,14,13,2,0,2
KAM3424828.1,253,246,268,0,0,0,2,0,0,0,0,0,4,0,6
KAM3424829.1,9677,5360,13610,4,8,0,2,9,10,24,26,48,6,9,6
KAM3424831.1,141,68,220,0,0,0,2,4,2,2,2,0,0,1,0
KAM3424832.1,1116,1158,1410,2,10,0,2,4,3,2,6,9,13,8,2
KAM3424833.1,6866,4924,3939,11,2,12,4,9,3,6,0,6,16,6,20
KAM3424834.1,5118,5198,5181,3,0,6,2,0,1,4,1,0,2,2,2
KAM3424835.1,22375,22644,32120,37,20,30,102,119,145,138,122,161,132,172,134
KAM3424836.1,873,746,1067,0,0,0,2,7,2,2,2,7,0,4,0
KAM3424837.1,275,165,222,0,0,0,0,0,0,0,0,0,0,0,0
KAM3424839.1,364,287,429,0,0,0,0,2,0,0,2,0,6,4,10
KAM3424840.1,252603,182803,112285,135,150,183,16,68,22,143,211,249,367,474,1333
KAM3424841.1,121,78,108,2,4,0,0,6,0,0,1,4,2,0,0
KAM3424843.1,95,90,95,0,0,0,0,2,0,0,2,5,2,0,2
KAM3424844.1,195,121,121,0,0,0,0,0,2,4,0,2,0,0,0
KAM3424845.1,39,37,69,0,0,0,0,0,2,0,0,0,0,0,2
KAM3424846.1,304,138,263,4,0,18,0,0,2,2,0,2,0,0,2
KAM3424847.1,523,618,767,3,2,0,6,2,8,5,0,4,6,16,8
KAM3424848.1,0,0,0,0,0,0,0,0,0,0,0,0,0,0,0
KAM3424849.1,0,0,0,0,0,0,0,0,0,0,0,0,0,0,0
KAM3424850.1,95,67,216,0,0,0,0,0,0,0,0,0,0,2,2
KAM3424851.1,35,22,89,0,0,0,0,0,0,0,2,0,6,0,0
KAM3424852.1,199,97,440,0,2,0,0,0,0,0,0,0,6,2,2
KAM3424853.1,33,15,106,2,0,0,0,0,0,0,0,0,2,0,2
KAM3424854.1,1088,750,1051,4,0,0,8,2,16,0,7,8,10,6,4
KAM3424855.1,7,6,11,0,0,0,0,0,0,0,0,0,0,0,0
KAM3424856.1,6109,6701,6988,6,0,0,14,14,2,26,24,24,8,14,4
KAM3424858.1,1389,1289,1166,2,0,15,2,8,2,6,2,6,20,17,11
KAM3424859.1,22,19,36,0,0,0,0,0,0,0,0,0,0,0,0
KAM3424860.1,5159,3615,4416,12,8,6,47,38,20,30,20,16,26,16,20
KAM3424861.1,10144,5312,7327,2,0,0,2,12,11,2,14,6,8,16,24
KAM3424862.1,4637,2683,4749,4,0,0,6,15,18,13,19,11,10,8,32
KAM3424863.1,2229,1600,1264,623,544,714,20,49,77,32,6,0,1013,1707,875
KAM3424864.1,645,694,730,4,0,0,6,3,3,6,12,10,5,6,6
KAM3424865.1,44,41,46,0,0,0,0,0,0,0,0,1,1,3,2
KAM3424866.1,2470,1820,3261,2,0,18,21,22,16,8,14,26,12,13,8
KAM3424867.1,117,122,162,4,0,0,4,8,2,0,0,0,0,2,2
KAM3424868.1,530,302,508,0,4,0,4,3,2,0,0,4,8,0,12
KAM3424869.1,926,1192,1333,4,4,6,9,8,7,0,6,8,12,13,12
KAM3424870.1,532,594,707,4,0,0,0,2,0,0,4,10,2,0,4
KAM3424872.1,1307,1184,1292,6,8,18,13,24,12,12,20,20,30,38,27
KAM3424873.1,2243,2306,2668,4,4,9,7,8,9,6,8,4,74,70,65
KAM3424874.1,2487,2482,1806,16,16,42,6,16,8,12,9,18,25,20,26
KAM3424875.1,92,61,95,0,0,0,0,2,0,0,2,4,0,0,0
KAM3424876.1,24,21,28,0,0,0,0,0,0,0,0,0,0,0,0
KAM3424877.1,3088,1366,2227,0,0,0,8,12,10,18,4,20,26,42,89
KAM3424878.1,331,287,369,0,0,0,0,8,11,2,8,12,10,17,18
KAM3424879.1,206,152,285,0,0,0,2,2,0,0,2,2,0,0,0
KAM3424880.1,332,407,439,0,0,9,3,2,2,4,5,10,3,2,6
KAM3424881.1,521,564,517,0,4,0,7,10,2,4,1,0,8,7,8
KAM3424882.1,154,131,182,3,0,6,0,2,2,3,2,2,2,4,0
KAM3424883.1,315,277,432,0,4,0,2,16,13,14,13,4,6,1,6
KAM3424884.1,109,109,153,0,0,0,0,4,2,4,6,2,4,6,6
KAM3424885.1,22,60,50,1,10,0,2,0,3,0,0,0,2,6,1
KAM3424886.1,87,71,96,0,0,3,0,0,0,0,0,0,0,0,0
KAM3424887.1,2699,2957,2328,12,0,6,4,4,8,6,12,10,10,27,14
KAM3424888.1,916,609,555,0,8,6,2,2,0,2,2,0,2,14,2
KAM3424889.1,14076,13222,10776,38,36,60,15,16,28,24,41,59,161,119,258
KAM3424890.1,671,560,850,0,4,0,4,12,6,4,1,10,10,20,12
KAM3424891.1,128,168,118,2,0,0,3,0,0,2,4,2,2,0,4
KAM3424892.1,667,486,456,2,4,0,4,10,4,24,8,10,12,20,14
KAM3424894.1,1,5,2,0,0,0,0,0,0,0,2,3,0,1,0
KAM3424895.1,2768,1253,2690,4,4,0,17,8,13,33,34,31,2,7,5
KAM3424896.1,10434,7566,11945,16,40,39,64,69,40,72,69,107,83,91,161
KAM3424897.1,30,9,23,0,0,0,0,2,2,2,2,0,0,0,1
KAM3424898.1,185,249,201,0,0,0,2,2,2,4,0,3,2,1,0
KAM3424899.1,6045,3784,6618,20,12,24,16,38,24,32,22,38,38,58,70
KAM3424900.1,911,900,1206,6,12,0,0,8,12,10,6,6,10,4,14
KAM3424901.1,424,517,430,0,0,0,2,4,8,3,5,14,0,3,5
KAM3424902.1,23526,13246,12335,13,8,15,18,22,9,28,16,36,118,112,198
KAM3424904.1,1601,1385,2066,2,0,6,6,10,9,31,28,21,6,5,4
KAM3424905.1,492,536,345,2,0,0,0,2,0,4,4,0,4,2,2
KAM3424906.1,133,194,186,0,0,0,0,0,0,2,0,2,0,0,0
KAM3424907.1,88,71,133,0,0,0,0,0,0,0,0,4,0,2,0
KAM3424908.1,463,242,305,2,0,0,2,4,2,2,4,4,0,1,12
KAM3424909.1,429,247,518,8,0,6,4,0,4,8,5,4,17,10,7
KAM3424910.1,388,322,430,4,0,0,6,2,10,4,12,2,16,8,10
KAM3424911.1,7013,5556,7034,8,16,66,34,42,34,14,37,44,76,50,72
KAM3424912.1,39,45,100,0,0,0,4,0,0,1,0,0,2,0,2
KAM3424913.1,145,124,147,0,0,0,0,0,8,0,0,2,0,5,0
KAM3424914.1,36,41,99,0,0,0,0,0,1,8,2,0,0,0,0
KAM3424915.1,16,8,25,0,0,0,0,0,0,0,0,2,0,0,2
KAM3424916.1,55,36,137,0,0,0,2,0,2,2,0,0,0,3,2
KAM3424917.1,62,38,103,0,0,0,0,0,0,0,0,0,0,6,2
KAM3424918.1,368,257,331,4,8,18,6,8,6,0,6,2,4,10,4
KAM3424919.1,1621,1362,2081,4,4,0,14,18,10,11,4,10,12,11,16
KAM3424920.1,617,670,819,0,0,12,0,0,0,0,2,6,2,0,6
KAM3424921.1,2194,1637,1332,9,4,0,4,5,7,4,5,13,4,4,3
KAM3424922.1,23,19,19,0,0,0,0,0,0,0,0,0,0,0,0
KAM3424923.1,767,714,985,0,8,0,14,2,2,9,6,8,10,12,21
KAM3424924.1,831,520,957,6,4,6,4,2,4,4,2,4,4,12,4
KAM3424925.1,402,335,505,0,0,0,2,2,5,6,9,2,10,7,8
KAM3424926.1,10871,8762,11931,12,20,18,7,5,6,10,12,27,41,10,38
KAM3424928.1,493,529,653,2,0,6,16,7,14,14,10,21,10,10,22
KAM3424929.1,3157,2900,3104,6,0,42,0,9,9,4,10,14,8,10,10
KAM3424930.1,200,130,133,4,0,0,1,0,1,6,1,3,0,2,0
KAM3424931.1,360,226,519,0,0,0,6,6,2,3,1,0,2,0,1
KAM3424932.1,1955,1335,2973,4,4,0,12,29,31,47,29,69,22,40,34
KAM3424933.1,5785,5983,5570,22,24,18,12,10,16,22,31,35,24,28,54
KAM3424934.1,322,191,289,0,0,6,4,2,6,1,4,2,0,0,3
KAM3424935.1,70,38,125,0,0,0,0,2,2,4,0,0,0,2,1
KAM3424936.1,36,26,136,0,0,6,0,0,2,0,0,0,2,0,2
KAM3424937.1,1177,2422,5750,0,0,0,8,6,11,2,2,0,222,139,149
KAM3424938.1,292,181,353,0,0,0,2,10,2,2,4,4,2,6,8
KAM3424939.1,48,30,128,2,0,0,1,0,0,0,0,0,2,1,3
KAM3424940.1,3095,2736,3355,12,28,54,12,13,21,12,20,13,65,91,87
KAM3424941.1,6949,4601,7619,10,16,12,12,36,24,23,12,46,45,70,62
KAM3424943.1,42,61,117,0,0,0,0,0,0,2,1,0,0,2,0
KAM3424944.1,14150,13440,14158,30,20,12,12,32,16,13,8,25,15,22,48
KAM3424945.1,6101,5820,5482,26,16,12,2,20,20,9,8,17,35,28,35
KAM3424946.1,2465,1385,1376,8,8,18,0,6,4,10,0,10,10,12,8
KAM3424947.1,2679,2630,3245,26,12,42,4,10,12,7,26,27,36,37,39
KAM3424948.1,135,133,204,0,0,0,0,0,2,4,0,2,0,2,0
KAM3424949.1,5502,3670,5527,10,12,24,39,30,42,36,71,64,48,46,61
KAM3424950.1,413,358,554,2,0,0,0,0,2,2,4,3,0,4,5
KAM3424952.1,78,52,154,0,0,0,0,0,0,0,0,0,0,0,0
KAM3424953.1,4590,3889,6691,8,12,18,8,24,16,36,33,52,42,51,64
KAM3424954.1,29,28,43,0,0,0,0,0,0,0,0,0,0,1,1
KAM3424955.1,2974,2434,3298,18,28,0,11,30,30,18,18,12,49,46,67
KAM3424956.1,1260,1376,1372,0,0,0,0,2,0,7,4,4,4,0,8
KAM3424957.1,181,204,338,0,0,0,4,4,1,0,2,2,5,0,0
KAM3424958.1,225,161,337,0,0,0,2,0,4,2,3,4,2,4,4
KAM3424959.1,1520,1703,1607,0,0,0,7,18,8,11,12,14,47,66,91
KAM3424960.1,912,1357,1053,16,8,12,10,4,6,2,6,8,4,6,8
KAM3424961.1,1974,1569,2553,6,0,6,26,28,16,20,16,10,20,31,55
KAM3424962.1,39,42,56,0,0,0,0,0,0,0,0,2,0,0,0
KAM3424963.1,583,784,609,2,0,12,9,5,5,5,4,2,19,9,15
KAM3424964.1,523,612,559,2,4,6,0,0,0,0,4,2,12,6,4
KAM3424965.1,4198,4369,5791,31,20,24,40,46,66,56,46,68,112,150,123
KAM3424966.1,17984,11872,17145,30,28,48,68,107,76,107,163,128,188,216,193
KAM3424967.1,554,285,216,0,4,0,6,0,5,4,0,5,4,2,0
KAM3424968.1,380,446,469,0,4,12,6,2,2,4,2,4,8,10,20
KAM3424969.1,1240,932,921,0,4,0,4,4,0,8,2,2,6,8,8
KAM3424970.1,484,254,546,3,0,0,4,6,8,9,6,0,10,7,3
KAM3424971.1,10069,7341,9519,19,40,0,60,61,49,58,35,29,166,150,268
KAM3424972.1,34438,31134,28444,66,66,87,85,81,58,109,154,183,199,236,314
KAM3424973.1,829,771,1129,0,0,6,4,2,8,6,8,4,23,7,22
KAM3424974.1,2391,2550,2151,10,20,9,3,8,10,16,10,19,8,10,28
KAM3424975.1,989,628,906,0,0,0,0,2,0,6,6,7,13,27,19
KAM3424976.1,66,48,128,0,0,6,0,0,0,1,1,0,0,0,0
KAM3424978.1,2641,2535,2389,2,4,12,11,6,14,17,14,20,21,24,18
KAM3424979.1,924,1195,1209,2,4,0,3,11,6,2,12,2,14,7,14
KAM3424980.1,556,476,986,0,0,0,2,0,5,7,1,5,0,2,10
KAM3424981.1,107,80,124,0,0,0,2,0,2,4,0,0,0,0,0
KAM3424982.1,967,906,1750,2,0,0,8,26,24,12,16,10,18,25,2
KAM3424983.1,415,246,427,0,0,0,2,6,4,4,6,4,0,5,2
KAM3424984.1,6543,4626,6968,22,28,24,23,58,32,34,32,27,129,123,139
KAM3424985.1,271,300,239,4,0,0,2,3,0,2,0,5,8,4,2
KAM3424986.1,137,119,257,2,0,0,0,1,1,0,1,2,1,2,0
KAM3424987.1,520,526,1195,2,0,0,2,4,10,11,9,22,3,10,13
KAM3424988.1,346,196,345,1,0,0,2,9,11,10,22,20,3,9,24
KAM3424989.1,57,61,68,0,4,12,0,4,0,4,2,8,18,14,12
KAM3424990.1,269,265,527,1,0,0,0,2,0,0,1,2,2,4,2
KAM3424991.1,848,729,1174,10,4,0,6,10,23,9,2,4,2,6,24
KAM3424992.1,7901,3739,5173,2,0,0,12,16,26,53,32,42,12,12,38
KAM3424993.1,284,127,161,0,0,0,0,2,0,4,0,0,0,2,0
KAM3424994.1,197,154,377,0,8,0,0,2,0,2,0,6,0,4,4
KAM3424995.1,4801,5442,5315,4,4,6,36,18,30,15,20,28,8,34,46
KAM3424996.1,5661,6895,8343,16,4,6,8,12,11,33,35,39,23,23,20
KAM3424997.1,153,169,306,0,0,6,0,0,0,0,0,1,0,1,1
KAM3424998.1,0,1,0,0,0,0,0,0,0,0,0,0,0,0,0
KAM3424999.1,8740,9146,8570,6,4,6,14,12,14,6,14,9,3,6,11
KAM3425000.1,693,919,808,6,0,18,1,12,6,5,8,7,23,12,28
KAM3425001.1,206,167,159,2,4,0,0,2,0,2,2,2,1,2,0
KAM3425002.1,101,86,141,0,4,0,0,0,0,2,0,2,7,7,12
KAM3425003.1,1397,1065,1430,0,4,6,8,11,8,14,4,12,0,12,6
KAM3425004.1,938,1053,1208,8,4,0,8,4,8,2,6,10,10,25,22
KAM3425005.1,324,244,340,6,4,0,2,4,1,2,6,5,7,6,7
KAM3425006.1,12645,14822,14151,56,76,48,0,2,4,2,2,4,5,0,0
KAM3425007.1,8,11,10,0,0,0,0,0,0,0,0,0,0,0,0
KAM3425008.1,10,8,8,0,0,0,0,0,0,0,0,0,0,0,0
KAM3425009.1,503,481,536,14,4,0,6,4,0,2,4,4,10,6,12
KAM3425010.1,416,179,317,0,12,0,8,4,5,3,1,0,2,2,7
KAM3425011.1,2358,2162,2234,35,16,24,9,10,4,11,12,19,25,25,57
KAM3425012.1,581,481,484,4,16,12,5,4,10,2,4,4,10,6,19
KAM3425013.1,1498,617,1749,0,0,0,22,48,32,153,208,186,23,10,36
KAM3425014.1,345,169,310,2,4,0,2,4,0,2,10,2,2,6,4
KAM3425015.1,55,53,73,0,0,0,0,0,0,0,0,2,0,0,0
KAM3425016.1,121,64,143,2,0,0,0,0,4,0,0,0,0,0,0
KAM3425017.1,597,396,603,2,12,12,5,8,16,10,15,12,15,8,19
KAM3425018.1,18,25,57,0,0,0,0,4,2,0,2,0,1,2,0
KAM3425020.1,3628,3846,3428,10,20,0,2,9,16,13,20,13,13,6,14
KAM3425021.1,1422,1045,1100,4,12,12,6,16,6,12,11,18,19,18,16
KAM3425022.1,5930,5985,4640,35,12,21,16,24,10,13,20,28,108,103,79
KAM3425023.1,93,100,134,0,4,6,0,1,8,0,4,0,1,0,4
KAM3425024.1,106,87,106,0,0,0,0,2,0,0,0,0,0,4,0
KAM3425025.1,4811,3829,2910,14,4,6,6,6,5,2,6,22,10,0,14
KAM3425026.1,82,93,130,0,0,0,0,0,0,2,0,1,2,4,3
KAM3425027.1,29,17,24,0,0,0,0,0,0,0,0,2,0,0,0
KAM3425028.1,558,692,531,8,8,0,2,4,10,0,0,8,8,2,4
KAM3425029.1,752,724,926,19,16,12,4,6,13,15,11,22,13,2,17
KAM3425030.1,301,322,576,4,8,0,0,4,2,4,17,14,10,11,24
KAM3425031.1,1953,1449,2272,3,8,0,13,23,11,4,14,4,35,38,41
KAM3425032.1,70,62,96,0,0,0,0,2,0,0,0,4,6,6,0
KAM3425033.1,180,131,156,0,8,0,2,0,2,0,2,2,0,0,0
KAM3425034.1,834,963,952,2,0,0,8,4,0,8,10,12,6,11,14
KAM3425035.1,496,327,527,4,0,0,0,10,10,8,6,10,5,6,2
KAM3425036.1,27,26,55,0,0,0,0,1,0,0,4,0,2,0,0
KAM3425037.1,413,543,554,0,16,0,8,4,5,2,5,0,2,16,18
KAM3425038.1,1240,808,1278,8,0,0,14,22,16,34,39,73,18,26,21
KAM3425039.1,1042,1286,1037,12,4,6,4,13,4,9,11,6,14,15,17
KAM3425041.1,111,117,234,6,4,6,2,0,1,6,0,3,6,2,2
KAM3425042.1,183,102,240,0,0,0,0,8,0,6,4,2,0,2,3
KAM3425043.1,1070,471,1028,4,0,0,4,12,10,4,4,12,4,6,5
KAM3425044.1,480,190,336,0,8,0,0,6,5,10,9,8,4,8,10
KAM3425045.1,2,0,4,0,0,0,0,0,0,0,0,0,0,0,0
KAM3425046.1,278,252,349,2,0,0,0,6,3,4,0,4,0,0,6
KAM3425047.1,237,180,218,4,0,3,14,4,5,4,12,13,12,2,11
KAM3425048.1,179,99,294,0,4,0,10,2,4,6,12,10,4,0,6
KAM3425049.1,146,162,256,0,0,3,0,0,1,1,1,3,4,4,5
KAM3425050.1,315,306,300,6,16,6,3,3,0,0,2,2,2,11,3
KAM3425051.1,2225,1262,1867,10,16,6,0,4,6,2,0,2,4,0,12
KAM3425052.1,323,162,322,2,4,0,0,1,6,0,2,0,2,2,6
KAM3425053.1,1413,1287,1518,10,8,6,10,8,11,12,12,10,26,12,19
KAM3425054.1,1951,2134,1573,16,0,18,4,10,8,10,9,4,4,4,6
KAM3425055.1,18,18,40,0,0,0,0,0,0,3,2,0,0,0,0
KAM3425056.1,1473,1351,1701,8,16,0,10,8,2,14,8,18,21,24,30
KAM3425057.1,27,23,51,0,0,0,0,0,1,2,0,0,0,4,0
KAM3425058.1,10228,6133,6764,2,4,0,14,17,9,14,2,17,12,21,58
KAM3425059.1,24783,18815,11971,19,4,21,9,21,8,21,14,18,68,70,74
KAM3425061.1,10807,7165,8741,9,16,6,3,2,3,5,4,7,17,32,43
KAM3425062.1,100501,75512,53337,44,40,81,31,31,60,35,38,53,85,58,129
KAM3425063.1,601,359,360,2,0,0,0,3,0,1,4,8,2,2,2
KAM3425064.1,3546,2535,3130,1,16,24,4,8,6,2,6,6,8,16,28
KAM3425065.1,675,455,556,6,0,12,2,10,2,8,2,4,12,6,4
KAM3425066.1,9651,7011,7212,16,16,18,18,40,8,38,35,91,100,110,102
KAM3425067.1,927,881,843,4,0,0,2,2,0,0,0,0,4,2,10
KAM3425068.1,20559,13400,15421,26,10,6,10,22,5,18,14,18,73,80,149
KAM3425069.1,254,359,509,0,0,0,0,4,10,4,12,14,4,8,13
KAM3425070.1,0,2,0,0,0,0,0,0,0,0,0,0,0,0,0
KAM3425071.1,47,65,77,0,0,0,0,0,1,0,0,0,2,0,0
KAM3425072.1,13825,14146,16390,4,8,12,8,0,2,2,1,3,46,35,70
KAM3425073.1,9479,8072,10205,0,0,0,2,2,0,2,7,5,9,16,10
KAM3425074.1,14083,13564,14229,12,16,6,15,19,13,22,26,45,37,46,52
KAM3425075.1,7458,5446,7384,14,0,24,0,22,2,16,6,27,10,14,30
KAM3425076.1,1054,1147,857,2,0,0,0,6,2,10,2,3,0,4,8
KAM3425077.1,934,1034,1310,6,0,24,4,22,16,6,8,14,14,18,26
KAM3425078.1,375,470,417,1,0,6,0,3,3,1,8,8,9,6,4
KAM3425079.1,184,123,200,0,0,0,0,4,0,5,1,2,1,1,4
KAM3425080.1,378,319,491,0,0,6,8,4,0,0,2,6,4,1,3
KAM3425081.1,168,94,219,2,0,0,4,2,2,2,0,4,0,3,0
KAM3425083.1,1499,1394,2240,0,4,12,8,4,6,1,12,12,12,10,21
KAM3425084.1,1209,1193,1130,16,4,0,6,4,4,10,7,8,8,12,24
KAM3425085.1,9194,10287,12221,20,12,51,22,29,12,99,111,110,113,145,376
KAM3425086.1,195,204,201,0,0,3,3,7,6,2,2,2,2,4,13
KAM3425087.1,182,109,200,3,4,0,3,6,2,0,1,1,11,6,0
KAM3425088.1,322,240,450,0,0,0,15,6,10,14,0,7,3,0,3
KAM3425089.1,12020,8947,10496,4,0,12,8,17,11,25,45,42,11,14,18
KAM3425090.1,1491,1073,1945,0,0,0,0,7,7,10,2,4,4,13,32
KAM3425091.1,2500,2071,2738,14,10,0,0,6,3,15,20,20,24,6,13
KAM3425092.1,151,60,162,0,0,0,0,0,0,6,6,2,2,0,0
KAM3425093.1,427,361,646,0,0,0,0,0,0,0,2,0,0,0,2
KAM3425094.1,137249,142853,140867,108,114,114,68,134,67,278,299,362,276,211,299
KAM3425095.1,3165,1742,2542,14,4,0,20,33,18,16,22,25,4,12,12
KAM3425096.1,1240,1392,972,4,16,6,6,10,20,14,0,6,12,8,8
KAM3425099.1,6401,6418,4373,24,12,12,16,10,22,12,10,18,6,24,28
KAM3425100.1,55,43,61,0,0,0,0,0,0,0,0,0,0,0,2
KAM3425101.1,43,41,114,0,0,0,0,3,0,4,2,3,1,3,0
KAM3425102.1,7395,4499,4896,0,8,0,4,10,1,4,6,6,11,12,26
KAM3425103.1,227,179,308,0,0,0,0,0,4,8,4,2,0,8,0
KAM3425104.1,44,16,30,0,0,0,0,0,0,0,0,0,0,0,2
KAM3425105.1,1271,678,719,1,0,0,0,0,2,5,4,0,6,4,0
KAM3425106.1,102,74,58,0,0,0,0,0,0,0,0,0,2,2,1
KAM3425107.1,5986,4956,4656,3,8,21,15,35,10,5,17,26,25,29,15
KAM3425108.1,14125,22077,24574,82,64,42,20,20,26,12,18,28,108,110,129
KAM3425110.1,910,780,810,2,0,3,2,4,6,4,2,1,4,4,6
KAM3425111.1,32042,29944,23163,34,56,18,14,38,10,56,48,52,91,63,112
KAM3425112.1,1744,1678,1632,2,0,0,22,20,14,43,41,61,28,26,18
KAM3425113.1,1425,1350,1347,2,4,0,0,0,6,10,2,3,6,1,2
KAM3425115.1,178,100,114,0,4,0,0,2,0,2,2,2,0,1,4
KAM3425116.1,60,35,58,0,0,0,0,0,0,0,0,0,1,1,0
KAM3425117.1,4204,1972,3108,0,4,0,10,24,17,18,32,36,80,152,151
KAM3425118.1,254,252,268,0,0,0,4,0,2,0,4,1,1,5,13
KAM3425119.1,1847,2273,1806,8,12,6,7,7,7,3,2,4,19,25,8
KAM3425120.1,7282,4920,3614,12,12,3,11,21,20,32,22,23,25,19,22
KAM3425121.1,20,20,27,0,0,0,0,0,0,0,0,0,0,0,0
KAM3425122.1,5208,2679,3296,8,8,0,16,8,9,22,3,18,6,12,32
KAM3425123.1,5135,3247,4825,0,0,0,5,18,12,16,15,31,42,61,84
KAM3425124.1,76,77,132,0,4,0,0,1,0,3,0,0,0,0,0
KAM3425125.1,230,188,272,4,0,6,0,4,0,0,0,6,2,2,0
KAM3425126.1,95,80,125,0,0,0,1,0,0,0,0,0,0,0,0
KAM3425129.1,623,430,575,0,0,12,0,5,3,5,8,9,2,2,3
KAM3425130.1,1028,811,879,0,4,6,6,8,8,4,4,12,6,2,6
KAM3425131.1,18387,18485,15978,20,8,18,24,16,24,18,38,29,90,72,113
KAM3425132.1,614,555,669,0,0,0,0,0,0,7,6,2,4,0,0
KAM3425133.1,5640,8026,6434,0,8,12,0,6,2,8,8,6,2,0,0
KAM3425134.1,160208,138204,113925,7,16,18,12,9,3,25,31,46,12,10,32
KAM3425135.1,15,20,26,0,0,0,0,0,0,2,0,0,4,0,0
KAM3425136.1,40,16,52,0,0,0,0,0,0,0,0,2,12,8,8
KAM3425137.1,22,12,3,0,0,0,0,0,0,0,0,2,8,6,4
KAM3425138.1,469,286,582,0,0,0,2,10,2,7,0,0,6,4,0
KAM3425139.1,126,145,121,2,4,0,0,2,0,0,0,1,4,2,0
KAM3425140.1,1486,1247,1270,4,8,6,4,2,2,2,1,3,6,4,8
KAM3425141.1,160,122,303,0,0,0,0,0,0,0,0,0,0,0,0
KAM3425142.1,808,892,735,12,4,12,0,2,2,2,6,4,20,10,10
KAM3425144.1,418,304,412,0,0,0,1,1,2,2,0,2,0,0,2
KAM3425145.1,297,184,401,0,0,0,0,0,2,6,6,8,12,10,8
KAM3425146.1,5174,3997,4134,30,12,0,16,29,27,37,18,24,48,83,106
KAM3425147.1,534,385,620,0,4,0,5,2,10,2,7,4,12,13,32
KAM3425149.1,1181,1002,1174,0,0,18,19,10,12,13,16,10,8,24,19
KAM3425150.1,4706,5172,5021,0,0,0,28,12,0,21,15,16,41,55,98
KAM3425151.1,2270,1899,2239,10,8,0,8,14,11,12,10,12,10,7,13
KAM3425152.1,212,196,515,0,12,18,0,0,2,4,0,4,0,2,2
KAM3425153.1,435,507,322,2,0,0,0,6,0,0,2,6,4,2,1
KAM3425154.1,5404,5364,4412,18,0,6,6,13,22,24,12,16,7,10,22
KAM3425155.1,4022,1797,2690,6,0,0,0,4,2,2,4,10,2,0,4
KAM3425156.1,17016,18162,16363,36,40,96,34,50,39,64,68,73,101,79,140
KAM3425157.1,845,1113,1295,2,12,18,2,15,4,5,5,12,18,14,18
KAM3425158.1,10040,12770,6918,27,40,57,14,7,20,17,16,22,11,4,41
KAM3425159.1,51,50,110,0,0,0,0,0,0,0,0,1,2,0,0
KAM3425160.1,58,50,62,0,0,0,0,2,2,6,6,0,2,2,2
KAM3425161.1,346,403,385,0,0,18,4,6,4,12,2,6,1,4,9
KAM3425162.1,21,14,32,0,0,0,0,0,0,2,2,3,0,1,0
KAM3425163.1,287,241,314,4,0,6,1,6,0,4,4,4,4,2,6
KAM3425164.1,1145,1210,1260,4,8,6,18,6,16,6,8,14,21,29,34
KAM3425165.1,6897,6537,8363,52,24,30,66,115,116,58,39,51,194,228,208
KAM3425166.1,1591,1613,1668,12,4,0,10,14,2,18,16,14,10,10,14
KAM3425167.1,1573,1869,2497,6,0,6,6,4,8,14,8,19,14,23,17
KAM3425168.1,13193,12223,16007,40,4,30,11,35,18,23,53,52,51,81,61
KAM3425169.1,428,353,726,0,4,0,4,6,2,4,2,2,2,5,8
KAM3425170.1,3065,1974,3234,4,0,6,18,18,11,12,20,10,20,35,22
KAM3425171.1,1683,2187,2380,2,4,6,4,0,8,4,6,4,12,7,34
KAM3425172.1,1312,1191,1590,22,12,24,0,6,0,2,8,6,24,22,40
KAM3425173.1,136,221,162,0,0,0,0,0,2,0,2,0,10,6,8
KAM3425174.1,1800,1369,1897,6,0,0,3,10,5,11,14,12,11,21,33
KAM3425175.1,25,28,23,1,0,0,2,0,2,2,2,2,0,0,0
KAM3425176.1,361,326,393,0,0,0,0,6,4,7,4,8,2,8,6
KAM3425177.1,113,134,328,2,0,0,2,0,0,2,1,4,0,0,1
KAM3425178.1,55,41,150,1,0,0,0,0,0,0,1,0,1,2,0
KAM3425179.1,4672,5286,6269,10,14,6,5,15,9,17,16,37,20,12,17
KAM3425180.1,1297,1165,2127,18,16,0,3,6,0,8,4,2,20,20,12
KAM3425181.1,4644,5220,5678,26,8,12,6,6,10,8,10,15,23,11,13
KAM3425182.1,2332,2587,2709,16,8,21,6,12,6,14,6,10,19,10,12
KAM3425183.1,9598,7734,9877,13,14,30,51,58,75,51,51,29,147,150,162
KAM3425184.1,1361,885,976,0,4,0,3,16,4,7,14,18,11,10,4
KAM3425185.1,871,512,902,0,4,0,2,7,3,10,12,5,2,13,14
KAM3425186.1,259,253,247,4,0,0,0,5,3,3,2,2,7,4,7
KAM3425187.1,189,122,223,2,0,0,4,0,4,2,6,2,2,5,2
KAM3425188.1,250,212,352,0,2,0,0,2,0,3,6,6,2,7,3
KAM3425189.1,22,29,27,0,0,0,2,0,0,0,0,0,2,0,0
KAM3425190.1,105,61,120,2,0,0,0,1,0,0,2,2,0,2,0
KAM3425191.1,615,664,676,4,20,33,8,4,2,2,6,10,22,17,16
KAM3425193.1,82,91,103,2,0,0,4,0,0,2,2,3,3,2,0
KAM3425194.1,103,65,149,2,0,0,4,0,4,3,6,1,3,2,0
KAM3425195.1,82,45,105,4,0,6,2,1,0,0,0,3,1,0,0
KAM3425196.1,83,36,65,0,0,0,1,2,2,1,5,1,2,4,1
KAM3425197.1,552,221,365,2,2,0,2,20,9,25,27,18,4,8,18
KAM3425198.1,360,238,203,0,0,3,0,8,2,3,2,8,0,0,6
KAM3425199.1,557,346,475,0,0,0,2,4,4,17,20,22,2,14,10
KAM3425201.1,893,817,1183,0,0,0,2,8,8,18,8,16,0,10,4
KAM3425202.1,1500,2295,3561,4,4,30,2,2,2,0,0,0,6,10,8
KAM3425203.1,3889,4056,3141,6,0,0,5,11,10,12,10,12,12,6,14
KAM3425206.1,613,671,789,8,4,6,4,19,14,8,7,8,9,9,20
KAM3425207.1,1626,1220,1879,2,14,0,5,0,5,4,7,5,13,13,13
KAM3425208.1,14547,13456,13500,34,36,6,36,70,59,66,44,79,128,134,188
KAM3425209.1,5726,5193,6659,11,16,6,19,31,18,36,23,33,25,38,68
KAM3425210.1,60,62,119,0,4,12,0,0,0,0,0,0,0,0,0
KAM3425211.1,1800,2290,1725,10,16,21,16,16,13,11,15,29,7,18,20
KAM3425212.1,18,12,13,0,0,0,0,0,0,0,0,2,0,2,0
KAM3425213.1,52,35,79,0,0,0,0,0,0,4,0,2,0,4,0
KAM3425214.1,140,124,235,0,0,0,0,0,0,4,0,0,2,0,2
KAM3425215.1,810,611,902,0,0,0,0,2,2,3,10,10,2,2,0
KAM3425216.1,1889,882,2433,0,0,0,8,6,2,11,1,10,2,2,6
KAM3425217.1,824,655,1289,5,0,0,2,9,0,1,8,4,2,21,12
KAM3425218.1,614,299,221,0,0,0,0,6,3,3,2,0,2,3,2
KAM3425219.1,303,146,126,2,0,0,0,0,0,2,4,12,0,0,6
KAM3425220.1,3350,3171,3729,33,32,60,75,59,125,36,13,12,131,137,54
KAM3425221.1,822,580,1154,1,8,0,2,8,8,24,10,16,12,28,14
KAM3425222.1,224,154,308,0,0,0,0,4,0,4,8,10,6,2,6
KAM3425223.1,18,44,44,0,4,0,0,2,0,0,0,0,0,8,2
KAM3425225.1,824,712,716,2,4,0,8,6,2,0,0,2,8,10,17
KAM3425226.1,307,234,479,0,0,0,0,4,1,0,0,0,3,1,7
KAM3425227.1,506,374,625,8,4,0,6,2,6,10,6,4,7,3,8
KAM3425228.1,132,132,157,2,0,0,0,10,2,2,2,6,6,2,10
KAM3425229.1,636,538,712,8,8,0,6,12,11,8,4,24,32,24,36
KAM3425230.1,190,90,142,0,0,0,0,0,2,2,0,2,4,2,3
KAM3425231.1,121,44,87,2,0,0,0,0,0,4,0,0,0,0,4
KAM3425233.1,145,103,178,0,0,0,0,0,0,2,1,2,0,2,0
KAM3425235.1,5734,5583,3952,10,12,12,2,2,0,8,10,6,8,0,8
KAM3425236.1,316,297,253,0,0,0,6,0,4,1,4,7,8,10,6
KAM3425237.1,247,236,358,0,0,6,0,2,4,4,2,2,10,2,10
KAM3425238.1,149,150,206,0,0,0,2,1,2,0,0,2,1,2,6
KAM3425239.1,208,189,302,0,0,0,0,4,0,0,0,2,4,0,6
KAM3425240.1,22,29,19,0,0,0,0,0,0,0,0,0,0,0,0
KAM3425241.1,433,262,340,0,0,0,6,0,2,0,0,0,0,2,0
KAM3425242.1,5260,5861,5963,26,32,30,14,6,2,20,22,16,18,12,25
KAM3425243.1,97,118,204,4,0,0,3,0,1,0,0,1,1,2,13
KAM3425244.1,74,111,80,0,0,0,0,0,5,2,0,0,4,4,4
KAM3425245.1,186,174,156,0,0,0,4,1,6,6,0,8,10,1,8
KAM3425246.1,152,133,229,2,0,6,3,3,6,4,2,7,0,3,4
KAM3425247.1,19882,24378,15232,27,36,30,2,6,2,6,2,4,16,10,21
KAM3425248.1,14186,13913,11288,17,6,30,18,7,8,20,20,21,123,109,191
KAM3425249.1,150,169,298,0,0,0,0,2,0,5,0,0,2,1,2
KAM3425250.1,4087,4581,4827,8,12,6,7,8,1,11,7,13,25,41,44
KAM3425251.1,7346,6602,6054,2,2,0,9,16,14,13,10,25,14,26,20
KAM3425252.1,702,395,466,0,0,0,0,3,0,3,2,0,3,9,15
KAM3425253.1,233,192,326,6,4,6,2,5,4,2,1,6,2,4,2
KAM3425255.1,423,384,491,0,4,6,5,2,0,0,10,8,8,13,16
KAM3425256.1,983,840,1205,4,0,6,8,21,16,10,14,10,14,28,24
KAM3425258.1,33,20,66,0,0,0,0,0,2,0,0,0,4,0,0
KAM3425259.1,741,488,605,0,0,0,0,4,0,0,2,3,2,3,8
KAM3425260.1,286,232,330,0,4,0,8,4,2,2,6,2,4,4,6
KAM3425263.1,40,23,50,0,4,0,2,0,0,2,0,0,0,2,2
KAM3425264.1,36,9,40,0,0,0,0,0,0,0,0,0,1,0,0
KAM3425265.1,748,998,936,8,2,0,0,6,6,0,4,4,28,25,30
KAM3425266.1,1055,1277,1672,8,12,21,2,4,12,19,12,14,16,31,17
KAM3425267.1,1536,1382,946,6,4,0,16,16,11,0,12,14,4,4,2
KAM3425268.1,180,223,166,2,0,0,2,0,0,3,0,2,0,2,3
KAM3425269.1,114,90,121,4,8,0,0,6,6,4,0,0,0,0,3
KAM3425270.1,424,307,375,4,4,0,2,2,0,0,2,0,0,0,2
KAM3425271.1,1500,1241,1279,0,0,0,0,13,4,6,2,11,2,4,4
KAM3425272.1,12271,11807,11075,6,6,6,2,3,2,5,7,4,48,48,89
KAM3425273.1,983,935,1730,0,0,0,0,0,0,0,4,0,3,0,4
KAM3425274.1,13803,4799,10465,0,0,0,4,4,10,20,34,44,8,10,6
KAM3425275.1,704,342,684,0,0,6,4,2,7,8,4,16,0,0,0
KAM3425276.1,737,239,595,0,0,0,3,4,4,0,12,6,0,0,2
KAM3425277.1,8453,6558,6352,6,8,6,12,8,16,16,38,39,18,14,18
KAM3425278.1,124,61,239,0,0,0,0,2,0,2,0,0,0,2,2
KAM3425279.1,807,501,854,2,4,0,0,2,0,4,5,7,7,9,10
KAM3425280.1,694,724,948,2,0,18,1,2,4,0,1,4,15,10,13
KAM3425281.1,6060,5120,7332,12,20,12,30,30,23,20,40,49,41,44,34
KAM3425282.1,448,400,544,4,4,0,6,10,0,0,6,8,2,4,2
KAM3425283.1,3750,2396,2581,52,58,48,13,7,5,4,16,20,17,18,32
KAM3425284.1,239,122,201,4,0,0,2,0,4,6,2,6,0,2,2
KAM3425285.1,87,42,56,0,0,0,0,0,0,0,4,4,0,0,2
KAM3425286.1,0,4,0,0,0,0,0,0,0,0,0,0,0,0,0
KAM3425287.1,0,0,0,0,0,0,0,0,0,0,0,0,0,0,0
KAM3425288.1,1376,1003,1338,15,0,9,14,25,0,6,14,21,12,14,18
KAM3425290.1,1151,819,979,8,4,0,2,2,0,6,10,8,2,0,4
KAM3425291.1,826,836,822,12,4,12,8,4,6,4,4,6,15,12,28
KAM3425292.1,1842,2368,2649,4,4,0,4,8,0,14,26,30,18,12,10
KAM3425293.1,557,593,597,6,0,0,0,2,4,0,8,7,6,5,2
KAM3425294.1,3690,4126,3308,14,4,36,8,6,8,2,8,8,17,17,39
KAM3425295.1,1544,1990,1446,4,8,6,6,8,12,10,12,6,20,6,22
KAM3425296.1,4292,3180,5042,6,0,6,12,29,12,10,20,18,24,4,34
KAM3425297.1,597,757,653,2,4,6,6,8,7,4,9,6,23,14,24
KAM3425298.1,651,926,985,0,4,6,14,10,6,20,13,7,26,39,56
KAM3425299.1,3262,2786,3163,6,8,0,4,12,2,4,8,8,22,20,12
KAM3425300.1,44862,54538,31137,96,64,102,6,17,10,12,20,26,235,124,162
KAM3425301.1,678,653,956,2,4,0,6,4,3,14,9,13,2,2,9
KAM3425302.1,70,50,51,0,0,6,0,0,0,0,0,2,0,0,0
KAM3425303.1,24,15,35,0,0,0,0,0,0,0,0,2,2,0,0
KAM3425304.1,23,16,4,0,0,0,2,0,0,0,0,0,0,0,0
KAM3425305.1,218,199,293,0,0,0,0,2,6,4,5,8,4,15,17
KAM3425306.1,5943,5450,6390,24,16,24,22,37,23,16,19,32,90,84,87
KAM3425307.1,34,38,102,0,0,0,0,0,0,0,0,1,0,0,0
KAM3425308.1,32,28,33,0,0,0,0,0,0,0,2,0,0,0,0
KAM3425309.1,953,947,1782,0,0,0,4,6,8,15,15,20,0,6,3
KAM3425310.1,368,357,474,0,0,0,1,1,2,3,8,4,1,7,4
KAM3425311.1,275,373,396,0,8,0,0,0,2,0,2,8,10,2,5
KAM3425312.1,378,277,353,0,0,0,0,2,2,10,4,2,8,10,14
KAM3425313.1,2397,1695,2572,10,4,18,14,10,22,2,10,18,53,48,48
KAM3425314.1,694,819,1150,0,2,6,6,11,5,3,4,3,13,16,18
KAM3425315.1,456,269,508,0,6,0,2,4,0,0,0,2,10,6,6
KAM3425316.1,693,753,992,8,4,0,6,5,7,6,1,0,4,2,2
KAM3425317.1,204,203,230,0,0,0,4,0,4,0,2,1,2,0,2
KAM3425318.1,544,633,615,6,0,12,4,4,12,4,6,5,2,2,6
KAM3425319.1,520,314,779,0,0,0,2,8,9,10,12,13,6,18,13
KAM3425320.1,1563,1075,1487,2,8,0,7,10,18,8,4,24,12,18,14
KAM3425321.1,440,185,182,0,0,0,2,1,0,2,2,4,0,0,0
KAM3425322.1,347,254,452,0,0,0,4,2,0,0,2,3,2,0,2
KAM3425323.1,55,36,124,0,0,0,1,2,2,0,0,0,1,2,0
KAM3425324.1,71,98,126,4,0,0,2,0,2,2,0,2,0,6,0
KAM3425325.1,300,264,298,0,0,12,0,0,1,0,0,0,5,1,0
KAM3425326.1,221,135,159,1,0,0,0,0,9,1,0,2,2,0,1
KAM3425327.1,426,398,483,4,4,6,6,9,0,1,6,6,15,14,20
KAM3425328.1,4031,2406,3379,6,20,0,10,8,7,10,5,3,15,21,24
KAM3425329.1,2499,3065,2540,2,0,3,4,15,13,21,9,15,6,14,24
KAM3425330.1,950,595,1070,5,4,0,2,8,4,10,10,8,0,10,11
KAM3425331.1,483,466,663,2,4,0,6,2,1,4,2,4,2,9,10
KAM3425332.1,392,461,388,0,0,0,0,0,1,0,4,1,6,5,6
KAM3425333.1,2217,2892,2774,5,20,12,4,4,3,1,10,6,19,16,20
KAM3425334.1,187,136,219,0,0,0,0,0,4,2,2,2,0,0,0
KAM3425335.1,178,96,190,0,0,0,1,0,2,4,4,4,2,0,0
KAM3425336.1,18,5,9,0,0,0,0,0,0,1,0,0,0,0,0
KAM3425337.1,3737,4358,2887,2,4,6,4,2,4,4,2,5,2,7,12
KAM3425338.1,17106,16185,19788,42,78,72,23,52,43,46,53,73,74,65,115
KAM3425339.1,4701,5089,4909,6,0,6,4,8,5,17,25,32,32,20,37
KAM3425340.1,486,280,381,0,0,0,0,2,1,0,5,0,5,1,4
KAM3425341.1,22,6,0,0,0,0,0,0,0,0,0,0,0,0,0
KAM3425342.1,2552,2800,2112,24,28,6,1,2,2,4,6,10,24,11,37
KAM3425343.1,132,96,256,2,0,0,0,0,0,0,2,0,0,0,2
KAM3425344.1,2329,2533,2138,23,36,24,6,7,6,5,13,12,7,9,23
KAM3425345.1,5727,4114,4967,6,4,18,12,26,16,18,16,21,46,59,103
KAM3425346.1,12,17,15,0,0,0,0,0,0,0,0,0,0,0,0
KAM3425347.1,46,4,110,0,0,0,0,4,0,6,0,0,0,0,0
KAM3425348.1,644,485,633,1,4,6,6,12,4,6,12,10,17,13,14
KAM3425349.1,4447,5369,4717,24,16,12,4,16,16,10,24,22,22,32,40
KAM3425350.1,1770,1705,1522,13,8,15,0,6,11,4,14,13,17,9,18
KAM3425351.1,10056,7695,9898,19,16,18,23,48,55,35,63,60,54,49,68
KAM3425352.1,242,194,466,0,0,6,4,20,4,13,4,9,12,7,24
KAM3425353.1,65,68,135,2,0,0,1,7,0,0,2,0,2,0,2
KAM3425354.1,3813,3156,2385,2,4,6,2,14,12,4,12,14,14,19,12
KAM3425355.1,1782,611,1612,2,0,0,4,0,2,0,5,0,53,93,132
KAM3425356.1,2945,3022,3410,12,0,0,12,15,10,17,10,22,8,8,29
KAM3425357.1,5628,4122,3695,12,8,12,12,15,24,12,12,21,10,5,15
KAM3425358.1,259,175,343,1,0,0,0,0,0,0,0,1,0,1,0
KAM3425359.1,537,408,661,0,0,0,1,4,0,0,2,0,4,6,6
KAM3425360.1,908,743,1089,2,8,6,2,5,4,4,2,10,6,12,13
KAM3425361.1,8487,8639,6245,12,8,6,3,19,19,8,25,18,35,39,30
KAM3425362.1,5319,4315,4287,10,0,6,2,6,4,7,4,8,15,4,11
KAM3425363.1,1601,522,2145,1,0,6,0,0,0,9,9,17,29,34,45
KAM3425364.1,718,986,878,7,12,6,4,6,8,8,6,12,10,17,18
KAM3425365.1,182,126,175,3,0,6,1,2,0,0,0,0,1,4,1
KAM3425367.1,358,369,392,0,0,0,2,0,2,0,2,3,3,4,10
KAM3425368.1,2095,1679,1533,10,4,6,2,8,12,6,8,18,6,12,10
KAM3425369.1,26,22,15,0,0,0,0,0,0,0,0,0,0,0,2
KAM3425370.1,74,48,68,0,0,0,0,2,0,0,0,0,0,1,0
KAM3425371.1,71,44,61,1,0,0,0,0,0,4,0,4,0,0,0
KAM3425372.1,975,758,989,0,0,0,9,8,1,3,8,13,6,10,12
KAM3425373.1,97,81,63,0,0,0,6,2,0,0,0,3,2,0,8
KAM3425374.1,439,278,576,0,0,6,0,2,0,5,6,0,2,0,0
KAM3425375.1,43,96,96,0,0,6,3,0,2,0,2,0,0,0,0
KAM3425376.1,26,34,67,0,0,0,0,0,0,0,2,2,0,0,0
KAM3425377.1,2010,2096,2477,12,30,33,29,11,6,23,8,8,17,39,37
KAM3425378.1,318,402,384,0,0,0,2,5,0,2,0,0,8,2,2
KAM3425379.1,1200,1182,1273,0,4,6,10,6,0,10,15,4,18,26,25
KAM3425380.1,420,77,316,0,0,0,0,0,0,0,0,2,0,0,0
KAM3425381.1,2772,1987,2670,0,8,0,0,4,6,8,11,8,8,4,8
KAM3425382.1,98,192,98,1,0,3,1,2,0,1,0,0,0,0,7
KAM3425383.1,161,207,414,6,0,3,0,5,6,2,2,2,8,4,7
KAM3425384.1,417,327,502,8,0,0,2,2,1,0,0,5,3,3,6
KAM3425385.1,812,478,827,0,4,0,1,4,3,0,0,11,9,10,2
KAM3425386.1,689,441,664,1,0,0,4,1,0,6,10,17,11,4,5
KAM3425387.1,388,199,294,0,0,0,6,2,8,15,18,24,0,0,0
KAM3425388.1,435,272,384,0,0,0,0,7,6,8,3,0,0,8,2
KAM3425389.1,92,113,74,0,0,0,0,0,0,1,4,2,1,4,2
KAM3425390.1,2469,2350,2319,26,18,18,12,20,11,20,26,17,37,33,30
KAM3425391.1,1644,1136,4540,0,2,0,0,2,0,7,4,3,66,14,21
KAM3425392.1,14,6,11,0,0,0,0,0,0,0,0,0,0,0,0
KAM3425393.1,120,190,245,0,0,0,2,8,4,6,6,9,8,4,8
KAM3425394.1,142,73,207,0,0,0,2,0,2,2,4,3,0,3,4
KAM3425395.1,478,300,505,0,0,0,0,2,0,0,6,6,32,17,40
KAM3425396.1,11395,10001,17285,12,0,0,0,4,0,30,31,33,3,4,3
KAM3425397.1,871,590,879,0,0,0,1,0,3,6,4,0,3,2,5
KAM3425398.1,995,1022,1093,4,0,0,0,4,0,5,4,2,2,0,3
KAM3425399.1,352,355,375,0,0,0,0,2,0,0,2,2,13,2,8
KAM3425400.1,1861,1828,1927,0,0,0,0,0,2,0,2,2,3,2,2
KAM3425401.1,1892,1556,1612,4,0,12,4,6,7,7,14,12,20,12,14
KAM3425402.1,1620,1515,1515,4,0,0,16,10,14,0,2,4,12,12,21
KAM3425403.1,87,100,144,0,0,0,0,0,0,1,0,0,3,2,1
KAM3425404.1,1332,611,1019,0,0,0,4,3,2,7,4,12,0,8,3
KAM3425405.1,163,112,102,0,4,0,0,1,0,2,0,3,0,0,1
KAM3425406.1,2366,2114,2700,2,6,12,9,10,13,10,16,10,44,25,43
KAM3425407.1,54,54,45,0,0,0,0,1,2,0,0,0,2,0,4
KAM3425408.1,1286,1276,1199,2,8,6,3,4,3,4,2,10,4,2,24
KAM3425409.1,137,92,203,0,0,0,0,0,0,0,0,4,0,2,0
KAM3425410.1,2,8,0,0,0,0,0,0,0,0,0,0,0,0,0
KAM3425411.1,713,647,801,6,8,6,4,6,10,8,8,8,0,9,4
KAM3425412.1,17,23,19,0,0,0,0,0,0,0,0,0,0,0,4
KAM3425413.1,2685,1789,2067,10,4,42,6,4,2,6,4,12,2,18,3
KAM3425414.1,569,530,458,8,0,0,4,2,2,1,6,2,2,12,16
KAM3425415.1,184,173,239,0,0,0,2,7,2,2,2,4,6,9,11
KAM3425416.1,303,279,430,0,0,0,6,6,4,2,2,4,6,4,0
KAM3425417.1,1869,1600,2210,6,4,18,6,4,9,11,5,11,22,15,30
KAM3425418.1,2434,2931,2476,6,8,24,10,8,10,15,8,14,11,34,27
KAM3425419.1,5050,2957,3615,12,8,12,6,6,10,17,11,14,16,30,28
KAM3425420.1,54,32,40,0,0,0,6,0,0,1,0,0,0,4,2
KAM3425421.1,5496,3325,6891,2,4,18,30,29,45,34,50,19,68,153,152
KAM3425422.1,114,80,181,0,0,0,1,0,0,4,2,2,2,0,0
KAM3425423.1,3972,3304,4641,0,4,0,25,38,54,17,19,15,14,19,27
KAM3425424.1,12523,10778,11657,24,20,9,20,14,19,16,12,31,42,35,39
KAM3425425.1,5883,4331,4441,5,0,12,2,2,0,0,3,0,0,4,6
KAM3425426.1,9,10,43,0,0,0,0,0,0,0,0,0,0,0,0
KAM3425427.1,3947,4167,4151,2,10,6,0,5,4,5,8,6,10,8,6
KAM3425428.1,73,62,110,0,0,0,0,0,0,2,0,4,2,6,2
KAM3425429.1,178,152,197,0,0,0,4,2,0,0,6,0,0,0,0
KAM3425430.1,1730,1741,1781,4,4,12,6,6,4,8,2,15,2,12,8
KAM3425431.1,6,2,15,0,0,0,0,0,0,0,0,0,0,0,0
KAM3425432.1,3363,2831,3098,2,0,6,6,23,27,29,37,54,12,14,14
KAM3425433.1,22,27,45,0,0,0,0,0,0,1,1,0,0,0,0
KAM3425434.1,8262,7989,8977,8,8,12,11,11,12,17,11,16,17,13,28
KAM3425435.1,57,27,137,0,0,0,0,0,0,0,0,2,0,0,0
KAM3425436.1,224,168,135,0,0,0,2,2,0,0,5,2,2,2,9
KAM3425437.1,9806,7364,10906,28,20,36,63,102,61,44,50,38,228,208,246
KAM3425438.1,204,113,204,0,0,0,4,4,4,8,10,6,0,4,2
KAM3425439.1,190,138,233,2,0,0,6,2,3,9,7,11,1,0,7
KAM3425440.1,46,52,67,0,0,0,0,1,0,5,2,3,2,0,0
KAM3425441.1,85,70,87,0,0,0,0,2,2,2,4,2,0,4,0
KAM3425442.1,1893,1573,1520,6,4,12,2,6,0,4,4,15,19,12,17
KAM3425443.1,17699,13900,9204,6,4,6,3,2,10,12,16,23,17,7,16
KAM3425444.1,1719,1677,1463,4,16,0,8,14,11,12,10,6,48,45,45
KAM3425445.1,42,22,56,0,0,0,0,0,0,0,0,3,2,2,0
KAM3425446.1,701,432,566,0,0,0,2,4,2,7,10,28,4,3,12
KAM3425447.1,417,270,249,0,0,0,8,4,6,0,4,2,2,2,6
KAM3425448.1,2860,1918,2695,8,4,30,6,16,19,4,10,2,18,27,28
KAM3425449.1,89,82,118,2,0,6,0,0,1,2,2,0,3,10,6
KAM3425450.1,102,102,154,0,4,0,0,1,2,0,0,6,4,2,2
KAM3425451.1,182,183,200,0,0,12,2,4,0,0,4,6,0,2,7
KAM3425452.1,13246,9772,7655,14,12,6,6,17,18,62,50,83,71,82,65
KAM3425453.1,17,9,8,1,0,0,0,0,0,0,0,0,0,0,0
KAM3425454.1,1417,1894,1276,4,4,0,6,9,6,4,2,2,12,11,13
KAM3425455.1,220,249,285,0,0,0,2,3,2,2,2,11,5,6,3
KAM3425456.1,1396,788,526,2,10,6,2,6,0,6,4,8,14,5,14
KAM3425457.1,361,173,302,4,0,6,5,0,0,2,0,4,2,2,6
KAM3425458.1,229,305,215,6,0,0,4,5,2,0,0,2,5,5,8
KAM3425459.1,491,642,509,0,0,0,2,1,2,2,8,2,3,7,14
KAM3425460.1,88,95,104,0,0,0,0,0,0,0,0,0,1,0,2
KAM3425461.1,101,84,112,0,0,0,0,0,0,0,0,0,0,0,0
KAM3425462.1,52,104,153,0,0,0,0,0,0,0,2,0,0,0,3
KAM3425463.1,10,14,53,0,0,0,0,2,0,0,0,0,4,0,2
KAM3425464.1,19,31,69,0,0,0,0,0,2,1,0,0,0,2,4
KAM3425465.1,32990,35223,23351,66,64,87,4,26,9,6,7,30,89,60,51
KAM3425466.1,1566,1822,1313,2,0,0,0,16,2,3,2,4,14,38,13
KAM3425467.1,615,723,570,2,0,6,3,4,0,0,0,4,0,2,14
KAM3425468.1,262,246,318,0,2,0,4,2,2,4,0,2,6,0,3
KAM3425469.1,862,697,1046,0,14,6,6,8,10,0,12,2,12,8,10
KAM3425470.1,744,878,738,2,4,9,12,2,4,6,16,4,13,22,21
KAM3425471.1,1605,1920,1897,10,0,9,0,0,5,0,4,6,12,20,16
KAM3425472.1,1268,1333,1329,4,4,12,4,2,4,4,18,26,8,0,16
KAM3425473.1,1761,1749,2065,6,0,0,10,14,4,4,6,8,7,5,13
KAM3425474.1,125,119,83,0,0,0,1,0,0,0,0,0,2,0,3
KAM3425475.1,643,603,1225,2,6,3,6,16,0,6,6,20,6,6,8
KAM3425476.1,520,559,505,8,0,0,2,6,3,2,2,1,7,13,6
KAM3425477.1,2838,2840,2495,14,4,6,20,14,14,12,10,12,36,28,30
KAM3425478.1,28866,32384,26834,64,42,36,30,37,19,50,71,93,63,70,55
KAM3425479.1,66,52,65,0,0,0,0,0,0,0,2,0,0,2,0
KAM3425480.1,293,172,272,0,0,0,0,10,2,2,1,6,0,2,8
KAM3425481.1,705,988,923,2,8,3,10,5,6,3,14,11,19,14,11
KAM3425482.1,1930,1750,1794,0,4,12,4,2,4,13,2,4,15,9,1
KAM3425483.1,1312,1541,1275,5,0,0,0,6,2,8,6,11,2,2,7
KAM3425484.1,120,164,215,2,0,0,0,2,0,1,0,0,0,1,6
KAM3425485.1,5891,4067,5320,28,16,30,29,36,37,19,18,28,43,66,86
KAM3425486.1,44,16,44,0,0,0,2,0,0,0,0,0,0,0,2
KAM3425487.1,2460,1818,2717,4,8,0,14,14,16,14,6,20,22,29,30
KAM3425488.1,468,369,552,0,4,6,0,4,8,0,0,5,6,4,20
KAM3425489.1,5225,4054,4840,11,12,60,6,14,3,15,8,20,56,81,80
KAM3425490.1,885,1078,920,10,4,6,0,8,6,6,2,13,7,4,2
KAM3425491.1,1078,836,614,2,0,0,3,9,3,12,19,20,25,15,47
KAM3425492.1,228,162,297,0,4,3,2,2,8,4,6,12,10,2,4
KAM3425493.1,1228,1005,1460,4,24,0,12,4,16,24,24,22,14,6,18
KAM3425494.1,289,274,413,2,0,0,0,0,2,0,0,2,12,13,18
KAM3425495.1,98657,87034,89057,182,206,246,63,92,71,93,79,123,234,212,337
KAM3425496.1,1329,1381,1790,14,4,6,4,2,2,2,8,8,4,4,18
KAM3425497.1,110,69,124,0,0,0,6,0,0,0,6,9,20,8,33
KAM3425498.1,2490,2189,1861,4,16,6,0,4,0,0,8,5,8,0,2
KAM3425499.1,415,413,270,0,0,0,0,0,0,2,2,1,2,2,2
KAM3425500.1,12393,9817,12385,8,0,0,8,30,10,40,65,74,71,26,47
KAM3425501.1,142,111,186,2,4,12,4,2,3,0,8,8,1,1,2
KAM3425502.1,1,4,3,0,0,0,0,0,0,0,0,0,0,0,0
KAM3425503.1,433,441,491,4,0,0,7,4,10,6,2,5,7,6,2
KAM3425504.1,108,107,70,0,0,0,1,2,0,1,0,2,3,2,0
KAM3425505.1,7406,6032,7190,66,52,45,32,57,25,47,45,34,157,82,168
KAM3425506.1,1294,1126,995,0,0,15,2,4,0,0,0,0,8,2,8
KAM3425507.1,6478,5842,3931,18,24,12,15,22,30,19,23,41,29,32,58
KAM3425508.1,4299,3061,4019,14,24,12,8,13,8,22,9,6,93,83,108
KAM3425509.1,6832,4630,4389,23,32,30,13,10,12,22,19,47,31,16,33
KAM3425510.1,276,284,345,0,0,0,3,2,4,5,2,7,3,2,11
KAM3425511.1,642,732,704,0,0,0,3,0,0,0,3,2,9,12,13
KAM3425512.1,367,407,452,0,0,0,0,0,0,2,4,8,6,8,9
KAM3425513.1,820,843,899,0,4,0,6,0,3,7,2,6,9,8,10
KAM3425514.1,5088,5118,4412,14,4,12,26,16,14,20,31,18,81,60,123
KAM3425515.1,10004,9922,11473,45,34,48,20,61,57,41,38,41,152,175,190
KAM3425516.1,33,27,108,0,0,0,0,0,1,0,0,0,2,0,0
KAM3425517.1,105,90,98,0,0,0,0,0,1,0,0,0,0,1,3
KAM3425518.1,33,34,90,0,0,0,0,0,0,0,0,2,0,0,2
KAM3425519.1,172,166,732,0,0,0,0,0,0,0,2,2,2,0,2
KAM3425520.1,982,758,614,18,4,3,0,6,0,4,4,6,4,5,6
KAM3425521.1,18,13,20,0,0,0,3,0,1,1,0,0,0,0,0
KAM3425522.1,37845,16950,14525,7,32,24,4,27,16,25,19,41,42,66,125
KAM3425523.1,677,798,1181,9,0,6,0,14,2,0,2,1,6,12,6
KAM3425524.1,7645,10603,12266,16,20,18,0,17,13,9,17,11,188,166,190
KAM3425525.1,1931,2059,2290,0,0,0,0,2,2,9,6,5,13,17,15
KAM3425526.1,2944,3435,2928,5,6,12,11,6,6,2,10,9,22,27,34
KAM3425527.1,433,400,317,2,0,0,0,0,4,3,0,0,0,2,1
KAM3425528.1,624,623,842,2,6,0,8,0,3,2,8,6,6,10,7
KAM3425529.1,221,209,295,2,4,0,0,0,0,2,0,4,0,4,4
KAM3425530.1,51,23,70,0,0,0,0,0,0,0,0,1,1,0,2
KAM3425531.1,48,29,13,0,8,0,0,0,4,0,1,0,0,0,0
KAM3425532.1,52,44,68,0,0,0,0,2,0,2,0,0,0,2,2
KAM3425533.1,113,107,187,0,0,6,2,0,0,0,2,2,0,0,0
KAM3425534.1,11,7,4,0,0,0,0,0,0,0,0,0,0,0,0
KAM3425535.1,1,1,1,0,0,0,0,0,0,0,0,0,0,0,0
KAM3425536.1,64,52,123,0,0,0,0,2,0,0,2,0,0,1,2
KAM3425537.1,561,691,650,4,0,6,2,4,2,1,6,14,15,8,10
KAM3425538.1,820,637,889,2,0,0,6,5,9,8,0,10,16,10,16
KAM3425539.1,323,220,327,0,4,6,2,1,11,8,2,10,8,13,12
KAM3425540.1,4180,3432,2696,23,4,0,2,4,6,12,17,22,5,9,24
KAM3425541.1,7255,5258,6314,6,4,0,12,14,5,14,7,14,7,5,26
KAM3425542.1,3278,2447,3315,14,32,30,53,32,30,28,38,37,35,67,51
KAM3425543.1,1053,815,855,0,4,0,8,9,2,9,4,20,19,14,21
KAM3425544.1,508,506,577,4,12,18,0,6,0,6,2,2,1,2,4
KAM3425545.1,1429,802,1085,8,6,12,22,27,30,26,61,42,23,27,20
KAM3425546.1,199,160,355,0,0,0,2,0,2,5,0,10,0,0,2
KAM3425547.1,1523,1416,1765,0,0,6,7,9,2,6,13,11,16,10,15
KAM3425548.1,17,31,17,0,0,0,0,0,0,0,0,0,0,0,0
KAM3425549.1,1246,1231,970,11,0,36,5,11,4,18,8,22,4,14,16
KAM3425550.1,2370,3169,3348,15,14,6,2,0,2,1,6,8,6,23,14
KAM3425551.1,4325,2970,3010,9,6,18,4,14,13,2,6,6,9,9,14
KAM3425552.1,2474,2818,2328,10,12,24,8,18,6,14,5,12,14,8,8
KAM3425553.1,129,124,137,0,0,0,0,4,1,0,5,2,4,0,0
KAM3425554.1,59,38,77,0,0,0,0,0,0,0,0,2,0,0,0
KAM3425555.1,416,253,446,4,0,0,0,2,6,2,4,2,1,7,8
KAM3425556.1,663,563,695,2,4,6,4,0,0,4,2,2,12,12,8
KAM3425557.1,1987,921,2669,0,0,0,0,0,0,0,2,1,0,2,2
KAM3425558.1,172,112,163,2,0,0,6,2,0,6,4,22,2,2,8
KAM3425559.1,729,607,909,0,0,0,0,6,4,10,10,13,37,43,52
KAM3425560.1,56,29,63,0,0,0,0,0,0,0,3,2,2,1,0
KAM3425561.1,197,120,236,0,4,0,0,4,0,2,6,4,2,6,6
KAM3425562.1,299,269,401,0,0,0,16,24,12,14,16,54,30,12,39
KAM3425563.1,1301,765,1188,0,0,0,2,5,0,0,0,7,5,5,11
KAM3425564.1,1933,1314,2388,2,4,6,2,3,0,4,6,6,7,16,18
KAM3425565.1,23211,21474,19096,18,24,36,14,21,16,64,83,74,64,66,86
KAM3425566.1,5085,6075,6458,16,24,15,8,13,7,5,5,14,36,48,49
KAM3425567.1,147,197,339,0,0,0,4,2,0,0,0,0,0,0,0
KAM3425568.1,453,357,516,3,0,6,4,6,0,0,4,4,6,0,4
KAM3425569.1,298,129,352,6,0,0,2,2,0,4,0,2,2,0,1
KAM3425570.1,2193,1156,4208,2,0,0,11,42,13,26,8,26,22,18,39
KAM3425571.1,26,27,20,2,0,0,0,0,0,0,0,0,0,0,0
KAM3425572.1,1,0,0,0,0,0,0,0,0,0,0,0,0,0,0
KAM3425573.1,87,92,109,0,0,0,3,4,6,4,2,5,8,6,5
KAM3425574.1,2356,1816,2833,1,0,0,10,8,6,15,10,10,11,26,30
KAM3425575.1,36265,37197,44035,48,48,75,55,105,56,163,217,207,115,143,154
KAM3425576.1,3677,4233,2987,7,4,18,7,4,1,13,8,16,1,4,9
KAM3425577.1,1997,1046,651,4,0,0,0,0,4,1,2,8,0,2,13
KAM3425578.1,236,241,218,1,0,0,4,9,0,2,0,0,2,3,13
KAM3425579.1,1571,2448,1863,2,4,0,6,4,6,8,2,10,8,7,22
KAM3425580.1,248,119,496,0,0,0,0,0,2,2,1,4,0,2,0
KAM3425581.1,1132,1140,1190,8,0,12,2,6,12,8,10,8,22,6,22
KAM3425582.1,193,128,303,2,0,0,1,0,0,0,0,0,1,2,0
KAM3425583.1,11635,8640,7011,19,24,24,16,43,32,53,64,89,27,36,69
KAM3425584.1,707,599,499,3,0,0,0,0,0,1,0,2,2,0,2
KAM3425585.1,12498,9110,9482,10,6,12,23,14,6,29,16,22,61,41,79
KAM3425586.1,406,304,316,0,4,6,2,1,7,4,6,4,4,2,10
KAM3425587.1,1141,623,922,0,0,0,2,4,4,4,10,1,0,3,7
KAM3425588.1,1243,1754,1376,1,0,0,3,2,6,10,8,4,8,9,16
KAM3425589.1,4159,3115,3478,8,16,24,12,8,10,20,10,11,24,18,40
KAM3425590.1,1322,1267,1587,0,4,6,19,49,12,33,36,47,27,28,26
KAM3425591.1,422,385,310,0,4,0,0,2,6,2,2,2,0,4,2
KAM3425592.1,6603,5415,6484,4,4,0,12,4,6,2,10,28,23,16,18
KAM3425593.1,82,63,96,2,0,0,0,2,0,2,4,0,2,0,0
KAM3425594.1,1983,1830,958,22,20,12,6,0,8,6,8,15,57,34,50
KAM3425595.1,1403,1001,886,2,4,0,0,2,0,0,2,2,4,3,8
KAM3425596.1,522,396,232,2,0,0,2,8,6,8,2,4,6,1,0
KAM3425597.1,150,123,108,0,0,0,0,0,0,2,2,2,0,1,0
KAM3425598.1,2403,2316,2853,2,4,0,10,29,22,25,34,23,19,18,11
KAM3425599.1,4968,6732,5541,16,4,0,17,21,20,10,18,18,33,34,64
KAM3425600.1,27,46,36,0,0,0,0,0,0,0,0,0,0,0,0
KAM3425601.1,246,293,491,8,4,0,4,2,0,4,6,12,4,6,5
KAM3425602.1,130,151,184,0,0,6,0,0,0,0,0,0,4,7,3
KAM3425603.1,534,443,503,1,0,0,0,2,5,2,1,2,24,36,52
KAM3425604.1,480,533,508,0,4,0,4,2,0,4,5,4,8,1,6
KAM3425605.1,229,289,197,0,0,0,0,0,0,0,6,2,2,2,6
KAM3425606.1,64,40,52,0,2,0,0,2,0,0,0,0,0,0,2
KAM3425607.1,14,9,18,0,0,0,0,0,0,0,0,0,0,0,0
KAM3425608.1,4,0,1,0,0,0,0,0,0,0,0,1,0,0,1
KAM3425609.1,37,24,42,0,0,0,0,0,4,2,0,0,0,4,1
KAM3425610.1,53,77,99,0,0,0,0,2,0,0,0,0,2,3,10
KAM3425611.1,180,253,132,4,0,6,0,1,0,0,2,1,2,0,2
KAM3425612.1,376,362,381,4,0,0,0,4,6,0,0,7,6,8,6
KAM3425613.1,1007,732,992,0,8,0,2,4,4,6,2,6,21,5,16
KAM3425614.1,6008,3917,5371,10,4,6,18,30,16,16,14,20,66,93,70
KAM3425615.1,2625,3019,2108,24,20,21,8,8,7,16,11,11,24,42,36
KAM3425616.1,1109,580,1060,0,0,0,7,12,4,12,13,16,10,8,4
KAM3425617.1,28,52,71,0,0,0,0,0,0,0,0,0,0,2,0
KAM3425618.1,756,1090,922,4,8,0,4,4,6,0,4,3,8,3,10
KAM3425619.1,2157,1854,1986,8,12,24,4,8,12,10,14,11,8,6,13
KAM3425620.1,158,154,188,0,8,6,4,4,5,0,0,4,2,2,4
KAM3425622.1,94,92,181,0,0,0,0,2,0,0,0,4,0,0,2
KAM3425623.1,8112,10553,5455,16,24,12,8,0,6,2,2,20,12,12,4
KAM3425625.1,4192,4761,4152,28,4,12,4,8,10,12,18,15,18,14,18
KAM3425626.1,695,489,658,2,12,0,1,8,5,11,2,4,7,10,18
KAM3425627.1,253,217,251,4,0,0,0,2,2,2,0,4,7,0,2
KAM3425628.1,1,4,8,0,0,0,0,0,0,0,0,0,0,0,0
KAM3425629.1,350,277,388,0,0,0,4,2,2,0,2,0,0,0,3
KAM3425630.1,232,212,183,4,0,0,4,2,8,3,2,8,16,8,6
KAM3425631.1,1590,1464,1299,2,12,12,4,4,8,11,7,18,90,113,156
KAM3425632.1,1435,1427,870,6,4,0,6,6,6,16,14,14,22,10,22
KAM3425633.1,221,134,112,0,0,0,0,10,2,6,3,9,0,0,0
KAM3425634.1,3552,3390,3325,10,8,18,12,4,17,17,18,15,14,22,22
KAM3425635.1,769,818,1031,0,0,12,12,16,16,6,12,20,4,2,19
KAM3425636.1,331,285,622,2,0,0,2,8,0,14,7,10,10,6,14
KAM3425637.1,1185,676,1295,0,8,6,0,4,0,2,9,7,6,4,8
KAM3425638.1,12411,9994,13820,10,12,9,16,40,13,22,25,51,63,52,90
KAM3425639.1,31547,26534,27734,72,86,120,51,90,68,147,137,199,199,135,239
KAM3425640.1,1075,952,973,12,0,0,4,4,0,0,0,4,7,0,11
KAM3425641.1,324,319,355,2,8,0,2,4,6,2,4,3,12,0,2
KAM3425642.1,727,765,528,2,16,12,0,0,2,0,0,2,2,0,8
KAM3425643.1,58,52,55,0,0,0,0,1,0,2,0,0,0,0,0
KAM3425644.1,177,109,227,2,0,0,0,0,0,2,2,2,0,0,2
KAM3425645.1,95,60,83,0,0,0,0,0,0,2,0,3,0,0,0
KAM3425646.1,37,33,55,0,0,0,2,4,0,0,0,1,0,0,2
KAM3425647.1,226,165,193,0,0,0,0,4,2,0,2,0,4,2,2
KAM3425648.1,1279,1214,818,2,2,18,0,2,4,7,0,7,9,22,14
KAM3425649.1,901,610,1089,2,8,0,0,2,0,0,4,2,2,4,8
KAM3425650.1,42,32,41,0,0,0,0,0,0,0,0,0,0,0,0
KAM3425651.1,231,207,350,0,0,0,3,0,4,4,0,2,0,0,0
KAM3425652.1,233,248,234,6,0,0,3,8,4,2,8,0,4,4,2
KAM3425653.1,110,46,67,0,4,0,0,0,0,0,0,0,4,0,8
KAM3425654.1,2,1,9,0,0,0,0,0,0,4,0,0,0,0,0
KAM3425655.1,2291,1105,1416,0,0,3,4,4,2,10,6,6,2,2,4
KAM3425656.1,173,152,287,0,8,0,0,0,0,0,0,0,1,0,1
KAM3425657.1,396,322,507,0,0,0,3,1,0,3,6,6,1,0,1
KAM3425658.1,2443,2368,2863,10,6,0,2,9,18,8,9,12,28,30,25
KAM3425659.1,1548,1340,1148,5,12,0,0,2,7,6,8,10,5,3,2
KAM3425661.1,21392,23013,15699,4,4,0,2,4,8,5,11,9,5,16,16
KAM3425662.1,281,496,391,0,4,0,0,0,0,2,2,0,0,0,2
KAM3425663.1,474,306,954,3,0,0,6,13,4,11,20,10,29,26,51
KAM3425664.1,994,846,1184,17,36,78,4,11,1,8,8,7,7,12,14
KAM3425665.1,8319,8879,6367,0,0,0,4,0,2,2,0,10,10,6,4
KAM3425667.1,42,29,31,0,0,0,0,0,0,0,0,2,0,0,0
KAM3425668.1,2,6,11,0,0,0,0,0,0,0,0,1,0,0,0
KAM3425669.1,83,75,138,2,8,0,0,0,0,0,0,9,3,0,0
KAM3425671.1,697,472,698,0,0,18,0,4,0,4,2,2,2,0,0
KAM3425672.1,528,495,473,4,0,0,4,10,7,2,2,9,11,8,12
KAM3425673.1,278,306,312,0,0,0,2,0,2,0,0,0,0,2,0
KAM3425674.1,366,426,337,0,0,6,0,0,0,0,0,2,0,4,0
KAM3425676.1,4105,4857,2973,8,8,0,7,4,5,2,4,9,6,2,6
KAM3425678.1,4521,5277,6780,6,24,60,5,16,8,18,8,15,6,8,11
KAM3425679.1,390,239,165,0,0,0,2,0,0,2,3,1,2,6,0
KAM3425680.1,2675,2615,2406,12,8,15,3,6,6,5,14,4,7,14,6
KAM3425681.1,58780,37210,19890,8,16,26,6,16,2,30,28,41,16,10,59
KAM3425682.1,238,175,219,4,8,6,2,6,0,2,0,4,2,2,4
KAM3425686.1,192,152,246,2,0,0,2,0,2,2,1,1,1,1,1
KAM3425687.1,98,45,109,0,0,0,1,2,6,0,0,0,0,0,0
KAM3425688.1,2361,1149,2191,28,8,24,24,60,56,28,18,27,67,127,85
KAM3425689.1,7806,7805,3819,27,32,24,2,10,0,2,0,3,32,36,43
KAM3425690.1,253,239,334,2,0,12,0,0,3,4,2,11,0,0,0
KAM3425691.1,1765,2085,1964,22,20,12,4,6,8,8,10,14,20,30,33
KAM3425692.1,875,800,758,2,0,0,0,6,2,0,2,2,8,0,8
KAM3425693.1,6729,5555,7891,0,0,18,19,26,25,15,7,13,12,13,7
KAM3425694.1,210,204,177,4,4,0,2,0,2,0,0,6,0,0,0
KAM3425695.1,5599,4948,4271,16,8,15,17,21,14,26,26,38,40,46,37
KAM3425696.1,17162,14681,17028,38,34,84,61,105,83,105,95,84,184,225,295
KAM3425697.1,1334,1476,1218,0,0,0,5,2,2,9,7,10,0,1,5
KAM3425698.1,238,208,239,4,8,0,6,17,6,2,13,6,4,2,7
KAM3425699.1,2958,3120,4737,6,0,0,0,2,2,0,10,8,0,2,10
KAM3425700.1,4953,5843,5636,3,0,0,4,4,0,5,0,6,12,11,28
KAM3425701.1,13296,12678,14491,7,4,12,5,12,10,17,24,13,35,20,49
KAM3425702.1,1704,1579,2071,0,0,6,0,4,2,0,4,1,0,2,4
KAM3425703.1,2829,2197,2581,0,8,6,2,15,4,12,15,23,14,9,17
KAM3425704.1,5578,3501,5026,4,4,6,10,14,18,12,12,10,47,60,79
KAM3425705.1,72,61,88,0,0,0,0,1,0,0,2,0,2,2,0
KAM3425706.1,2257,2423,3105,2,8,27,6,18,12,20,21,21,8,12,20
KAM3425708.1,160,110,185,0,0,0,0,0,0,4,3,6,42,69,98
KAM3425709.1,2996,1192,2842,0,0,0,6,2,2,28,10,13,0,1,8
KAM3425710.1,1133,1144,936,14,24,12,9,15,9,7,6,9,16,12,29
KAM3425711.1,2443,2966,2270,12,12,27,4,0,14,4,14,18,12,16,36
KAM3425712.1,322,298,650,2,6,3,2,0,0,4,6,0,39,46,32
KAM3425713.1,138,132,157,0,0,0,0,1,0,0,0,3,4,4,2
KAM3425715.1,2687,2380,2808,14,4,24,7,8,5,7,8,13,10,23,18
KAM3425716.1,42,38,148,0,0,0,0,0,0,0,0,0,1,0,0
KAM3425717.1,2200,1595,957,0,0,0,0,1,0,0,0,2,0,0,0
KAM3425718.1,2101,1488,2148,12,0,0,22,21,17,14,6,20,48,46,42
KAM3425719.1,294,327,399,0,0,0,4,4,2,2,2,0,1,2,6
KAM3425720.1,350,249,355,2,0,6,0,2,4,0,6,4,2,0,0
KAM3425721.1,5964,5625,5089,9,12,24,4,4,8,6,14,11,30,17,16
KAM3425722.1,28386,30972,14565,47,14,12,26,28,36,52,55,29,341,311,258
KAM3425723.1,4863,4595,2506,6,2,18,4,4,0,6,6,0,6,7,14
KAM3425724.1,1883,1500,1847,2,8,12,0,0,0,1,1,3,1,1,2
KAM3425725.1,1187,800,1742,2,0,3,0,2,0,2,0,1,0,3,1
KAM3425727.1,20028,17642,19369,21,22,48,7,19,22,29,46,37,32,46,81
KAM3425728.1,3254,1925,2978,1,2,9,2,4,8,8,8,15,4,7,13
KAM3425729.1,343,308,541,0,2,0,2,0,0,0,0,0,1,0,1
KAM3425730.1,261382,191168,169918,124,38,78,4,22,14,9,11,7,168,136,252
KAM3425732.1,3055,4421,3934,16,12,24,6,0,4,0,4,8,18,8,16
KAM3425733.1,1175,1400,1245,11,8,0,6,0,6,4,16,12,2,13,13
KAM3425734.1,158,195,345,0,0,0,0,0,0,1,1,0,4,0,4
KAM3425735.1,21,22,10,0,0,0,0,0,0,0,0,0,0,0,0
KAM3425736.1,207,119,105,0,0,0,0,0,0,0,0,4,4,0,4
KAM3425737.1,52,48,71,0,0,0,0,0,0,0,0,2,2,0,0
KAM3425738.1,308,357,335,4,0,6,0,6,0,2,4,10,6,8,10
KAM3425740.1,174,132,91,0,0,0,0,0,3,2,7,4,0,2,0
KAM3425741.1,2,4,4,0,0,0,0,0,0,0,0,4,0,0,0
KAM3425742.1,997,450,727,4,0,0,6,8,6,12,10,15,6,10,10
KAM3425743.1,332,163,280,0,0,0,0,0,0,2,0,6,0,0,2
KAM3425744.1,40901,32381,75366,25,12,24,0,0,1,9,21,6,15,8,50
KAM3425745.1,314,257,569,6,0,0,0,0,2,0,0,0,2,0,0
KAM3425746.1,462,510,454,4,0,0,2,4,0,2,8,4,16,23,12
KAM3425747.1,1598,1225,933,27,0,18,6,2,4,8,6,9,14,8,8
KAM3425748.1,287,216,401,2,0,0,0,2,0,3,0,4,1,2,2
KAM3425750.1,3648,2105,2610,2,0,0,2,4,0,0,12,14,6,12,7
KAM3425751.1,83,52,49,0,0,0,0,0,0,0,0,0,0,0,0
KAM3425752.1,30,57,74,0,0,0,0,0,0,0,0,0,0,2,0
KAM3425753.1,969,1119,1061,5,8,12,2,6,2,6,12,6,5,6,20
KAM3425754.1,3231,2290,2922,6,4,0,12,14,6,24,8,22,21,28,29
KAM3425755.1,1709,1151,1692,0,12,0,6,12,6,2,8,6,20,27,30
KAM3425756.1,5,6,7,0,0,0,0,0,0,0,0,0,0,1,0
KAM3425757.1,262,258,414,2,0,0,0,0,4,0,2,0,6,2,13
KAM3425758.1,1689,1264,1609,10,8,12,0,6,2,6,6,2,6,14,16
KAM3425759.1,699,732,1039,4,0,6,2,2,6,8,8,13,7,2,2
KAM3425760.1,379,441,343,0,0,0,0,4,8,5,1,3,1,0,9
KAM3425761.1,621,710,781,6,0,0,4,0,0,0,2,2,2,6,10
KAM3425762.1,3124,2824,2517,10,4,24,10,5,6,6,4,4,4,10,10
KAM3425763.1,137,175,258,0,0,0,0,0,0,0,0,2,0,2,2
KAM3425764.1,383,478,305,2,8,0,0,0,0,0,0,0,0,0,2
KAM3425766.1,1693,2074,1763,10,4,6,4,16,4,6,8,5,8,8,2
KAM3425767.1,9,1,4,0,0,0,0,0,0,0,0,0,0,0,0
KAM3425768.1,2,0,0,0,0,0,0,2,0,0,0,0,0,0,0
KAM3425769.1,3,3,0,0,0,0,0,0,0,0,0,0,0,0,0
KAM3425770.1,0,0,3,0,0,0,0,0,0,0,0,2,0,0,0
KAM3425771.1,2310,1659,3363,2,0,0,2,3,3,1,2,6,0,8,0
KAM3425772.1,408,414,471,2,0,12,2,4,0,4,4,4,0,4,12
KAM3425773.1,24061,15664,20831,62,24,24,78,104,103,59,76,93,265,348,391
KAM3425774.1,2081,1672,1285,4,0,6,0,6,6,4,4,4,7,8,16
KAM3425775.1,2642,1705,1415,0,0,6,6,8,0,16,6,20,5,8,2
KAM3425776.1,844,704,542,4,0,0,6,10,8,10,8,12,5,8,4
KAM3425777.1,10115,7260,13610,16,10,12,104,107,109,87,81,54,144,182,278
KAM3425778.1,1560,1523,1767,12,4,12,10,10,23,10,8,20,23,32,44
KAM3425779.1,11261,8192,11133,23,30,3,61,77,68,55,36,34,259,248,388
KAM3425780.1,68,24,46,0,0,0,0,0,0,0,0,2,0,0,2
KAM3425783.1,312,255,285,2,0,0,4,1,0,0,2,2,0,4,0
KAM3425784.1,255,368,176,4,8,6,4,0,2,2,2,2,6,2,2
KAM3425785.1,90,78,74,2,0,0,0,0,2,0,0,0,4,0,0
KAM3425786.1,473,331,572,0,4,6,2,2,0,2,2,8,0,0,4
KAM3425787.1,993,536,612,0,0,0,0,4,0,4,5,6,0,0,6
KAM3425788.1,3346,2543,2660,6,0,0,14,14,12,10,17,10,66,102,171
KAM3425789.1,964,756,1060,0,8,18,6,0,2,2,3,8,4,3,8
KAM3425790.1,8544,9005,5715,10,12,60,4,4,2,8,4,9,19,14,38
KAM3425791.1,118,82,163,0,0,0,0,0,0,0,2,2,2,0,2
KAM3425792.1,32,30,17,0,0,3,0,0,0,0,0,0,0,0,0
KAM3425793.1,473,326,479,4,0,3,4,2,4,6,6,11,2,6,4
KAM3425794.1,951,663,295,0,0,0,0,0,0,8,2,4,2,6,14
KAM3425795.1,2,2,18,0,0,0,0,0,0,0,0,0,0,0,0
KAM3425796.1,2,0,6,0,0,0,0,0,0,0,0,0,0,0,0
KAM3425797.1,12,4,2,0,0,0,0,0,0,0,0,0,0,0,0
